{
    "I_fc": [
        1.1,
        1.0913261714459257,
        1.0654414772414942,
        1.0227541344770765,
        0.96393734804825,
        0.8899186938124423,
        0.8018654901635528,
        0.7011663887235586,
        0.5894094744768963,
        0.46835722072158,
        0.3399186938124422,
        0.206119446044297,
        0.06906957148224464,
        -0.06906957148224475,
        -0.20611944604429733,
        -0.33991869381244233,
        -0.46835722072158004,
        -0.5894094744768966,
        -0.7011663887235587,
        -0.8018654901635529,
        -0.8899186938124422,
        -0.96393734804825,
        -1.0227541344770767,
        -1.0654414772414942,
        -1.0913261714459257,
        -1.1,
        -1.0913261714459257,
        -1.0654414772414942,
        -1.0227541344770765,
        -0.9639373480482499,
        -0.889918693812442,
        -0.8018654901635528,
        -0.7011663887235585,
        -0.589409474476896,
        -0.4683572207215794,
        -0.33991869381244233,
        -0.2061194460442971,
        -0.06906957148224453,
        0.0690695714822451,
        0.20611944604429766,
        0.339918693812442,
        0.4683572207215799,
        0.5894094744768965,
        0.7011663887235591,
        0.8018654901635531,
        0.8899186938124426,
        0.96393734804825,
        1.0227541344770767,
        1.0654414772414944,
        1.0913261714459257,
        1.1,
        1.0913261714459257,
        1.0654414772414942,
        1.0227541344770765,
        0.9639373480482498,
        0.8899186938124418,
        0.8018654901635521,
        0.7011663887235586,
        0.5894094744768962,
        0.46835722072157954,
        0.33991869381244155,
        0.20611944604429627,
        0.06906957148224466,
        -0.06906957148224496,
        -0.20611944604429752,
        -0.33991869381244183,
        -0.4683572207215807,
        -0.5894094744768964,
        -0.7011663887235596,
        -0.801865490163553,
        -0.889918693812442,
        -0.9639373480482504,
        -1.0227541344770767,
        -1.0654414772414946,
        -1.0913261714459257,
        -1.1
    ],
    "args": {
        "I_fc": [
            1.1
        ],
        "current_units": "mA",
        "cycles": 1.5,
        "d": 0.2,
        "directory": "/scratch/users/lbvh/py-tdgl/results/17223196/44",
        "dt_init": 1e-06,
        "fc_center": [
            0,
            0,
            1
        ],
        "fc_radius": 2.4,
        "field_units": "mT",
        "film_points": 4000,
        "film_radius": 15.0,
        "film_shape": "box",
        "film_smooth": 100,
        "gamma": 1.0,
        "index": 44,
        "lam": 1.35,
        "max_edge_length": 0.5,
        "pl_center": null,
        "pl_radius": 0.8,
        "points_per_cycle": 51.0,
        "save_every": 500,
        "screening": false,
        "seed_solutions": true,
        "slot_radius": 0.1,
        "slot_size": [
            2.0,
            50.0
        ],
        "slot_top_center_x": [
            -10.0,
            10.0,
            101.0
        ],
        "slot_top_center_y": [
            -1.0,
            -1.0,
            101.0
        ],
        "solve_time": [
            10000.0,
            2000.0
        ],
        "squid_angle": 180.0,
        "squid_iterations": 5,
        "squid_points": 4000,
        "squid_position": [
            0.0,
            0.0,
            0.5
        ],
        "squid_smooth": 100,
        "squid_type": "hypres-small",
        "xi": 0.9
    },
    "film_fluxoid": [
        0.9994510676692162,
        0.999455442469835,
        -0.0005296626395914155,
        -0.0005080416275392311,
        -0.0004785505321206216,
        -0.0004415958981879531,
        -0.00039774624710028943,
        -0.00034768445912123085,
        -0.00029219177989888296,
        -0.00023213458764234055,
        -0.00016845073573082948,
        -0.00010213493798781719,
        -3.422323665748726e-05,
        3.422323665748726e-05,
        0.00010213493798767583,
        0.00016845073573090017,
        0.00023213458764218152,
        0.0002921917798989448,
        0.0003476844591213722,
        0.0003977462471002497,
        0.00044159589818737,
        0.00047855053212051557,
        0.0005080416275392134,
        0.0005296626395912564,
        -0.9994554424698345,
        -0.9994510676692162,
        -0.9994554424698345,
        0.000529662639591378,
        0.0005080416275391604,
        0.0004785505321205509,
        0.00044159589818776313,
        0.00039774624710028943,
        0.00034768445912144286,
        0.0002921917798990155,
        0.00023213458764216385,
        0.00016845073573097083,
        0.00010213493798774651,
        3.422323665748726e-05,
        -3.422323665748726e-05,
        -0.00010213493798767583,
        -0.00016845073573093551,
        -0.00023213458764211083,
        -0.0002921917798990155,
        -0.00034768445912123085,
        -0.0003977462471001834,
        -0.0004415958981876527,
        -0.00047855053212060393,
        -0.0005080416275390897,
        -0.0005296626395913271,
        0.9994554424698348,
        0.999451067669216,
        0.9994554424698348,
        -0.0005296626395914332,
        -0.0005080416275390897,
        -0.00047855053212051557,
        -0.0004415958981876704,
        -0.00039774624710021874,
        -0.00034768445912133683,
        -0.0002921917798989227,
        -0.00023213458764234055,
        -0.00016845073573075882,
        -0.00010213493798774651,
        -3.422323665748726e-05,
        3.422323665748726e-05,
        0.00010213493798774651,
        0.00016845073573093551,
        0.00023213458764214618,
        0.0002921917798989448,
        0.00034768445912123085,
        0.00039774624710034245,
        0.0004415958981876527,
        0.00047855053212058626,
        0.0005080416275393371,
        0.0005296626395913978,
        -0.9994554424698346,
        -0.999451067669216
    ],