{
    "I_fc": [
        1.1,
        1.0913261714459257,
        1.0654414772414942,
        1.0227541344770765,
        0.96393734804825,
        0.8899186938124423,
        0.8018654901635528,
        0.7011663887235586,
        0.5894094744768963,
        0.46835722072158,
        0.3399186938124422,
        0.206119446044297,
        0.06906957148224464,
        -0.06906957148224475,
        -0.20611944604429733,
        -0.33991869381244233,
        -0.46835722072158004,
        -0.5894094744768966,
        -0.7011663887235587,
        -0.8018654901635529,
        -0.8899186938124422,
        -0.96393734804825,
        -1.0227541344770767,
        -1.0654414772414942,
        -1.0913261714459257,
        -1.1,
        -1.0913261714459257,
        -1.0654414772414942,
        -1.0227541344770765,
        -0.9639373480482499,
        -0.889918693812442,
        -0.8018654901635528,
        -0.7011663887235585,
        -0.589409474476896,
        -0.4683572207215794,
        -0.33991869381244233,
        -0.2061194460442971,
        -0.06906957148224453,
        0.0690695714822451,
        0.20611944604429766,
        0.339918693812442,
        0.4683572207215799,
        0.5894094744768965,
        0.7011663887235591,
        0.8018654901635531,
        0.8899186938124426,
        0.96393734804825,
        1.0227541344770767,
        1.0654414772414944,
        1.0913261714459257,
        1.1,
        1.0913261714459257,
        1.0654414772414942,
        1.0227541344770765,
        0.9639373480482498,
        0.8899186938124418,
        0.8018654901635521,
        0.7011663887235586,
        0.5894094744768962,
        0.46835722072157954,
        0.33991869381244155,
        0.20611944604429627,
        0.06906957148224466,
        -0.06906957148224496,
        -0.20611944604429752,
        -0.33991869381244183,
        -0.4683572207215807,
        -0.5894094744768964,
        -0.7011663887235596,
        -0.801865490163553,
        -0.889918693812442,
        -0.9639373480482504,
        -1.0227541344770767,
        -1.0654414772414946,
        -1.0913261714459257,
        -1.1
    ],
    "args": {
        "I_fc": [
            1.1
        ],
        "current_units": "mA",
        "cycles": 1.5,
        "d": 0.2,
        "directory": "/scratch/users/lbvh/py-tdgl/results/17223927/84",
        "dt_init": 1e-06,
        "fc_center": [
            0,
            0,
            1
        ],
        "fc_radius": 2.4,
        "field_units": "mT",
        "film_points": 4000,
        "film_radius": 15.0,
        "film_shape": "box",
        "film_smooth": 100,
        "gamma": 1.0,
        "index": 84,
        "lam": 1.35,
        "max_edge_length": 0.5,
        "pl_center": null,
        "pl_radius": 0.8,
        "points_per_cycle": 51.0,
        "save_every": 500,
        "screening": false,
        "seed_solutions": true,
        "slot_radius": 0.1,
        "slot_size": [
            2.0,
            50.0
        ],
        "slot_top_center_x": [
            -10.0,
            10.0,
            101.0
        ],
        "slot_top_center_y": [
            5.0,
            5.0,
            101.0
        ],
        "solve_time": [
            10000.0,
            2000.0
        ],
        "squid_angle": 180.0,
        "squid_iterations": 5,
        "squid_points": 4000,
        "squid_position": [
            0.0,
            0.0,
            0.5
        ],
        "squid_smooth": 100,
        "squid_type": "hypres-small",
        "xi": 0.9
    },
    "film_fluxoid": [
        -0.0009280100542764607,
        -0.0009206722423787597,
        -0.0008987793496541914,
        -0.0008626891947332186,
        -0.0008129867558321962,
        -0.0007504704775393244,
        -0.0006761369618987214,
        -0.0005911644936614702,
        -0.0004968949577899157,
        -0.0003948136520258517,
        -0.00028652682727221,
        -0.00017373712838868535,
        -5.821730880997174e-05,
        5.8217308810537175e-05,
        0.00017373712837228782,
        0.0002865268272668384,
        0.0003948136520261344,
        0.0004968949578908453,
        0.0005911644936181351,
        0.0006761369619335308,
        0.0007504704775933938,
        0.0008129867558171063,
        0.000862689194645347,
        0.0008987793498643553,
        0.0009206722421884918,
        0.0009280100541764146,
        0.0009206722421781373,
        0.0008987793498367906,
        0.0008626891946691481,
        0.0008129867556598278,
        0.0007504704775505624,
        0.0006761369618332373,
        0.0005911644935858613,
        0.0004968949578381895,
        0.00039481365202966837,
        0.00028652682732557263,
        0.00017373712838780186,
        5.821730881926603e-05,
        -5.821730881389443e-05,
        -0.00017373712834136578,
        -0.00028652682728443746,
        -0.0003948136520517909,
        -0.000496894957861973,
        -0.000591164493675712,
        -0.0006761369618728175,
        -0.0007504704775256126,
        -0.000812986755669988,
        -0.0008626891946109794,
        -0.0008987793497218665,
        -0.0009206722421665107,
        -0.0009280100541654858,
        -0.0009206722421429746,
        -0.0008987793496982598,
        -0.0008626891945059857,
        -0.0008129867557017228,
        -0.0007504704774862445,
        -0.0006761369618974492,
        -0.0005911644935530663,
        -0.0004968949578082922,
        -0.0003948136520952585,
        -0.00028652682726606094,
        -0.0001737371283877312,
        -5.821730881442452e-05,
        5.821730880855816e-05,
        0.0001737371283973082,
        0.00028652682731334516,
        0.0003948136519861301,
        0.0004968949578269162,
        0.0005911644936771963,
        0.0006761369618740192,
        0.0007504704774984719,
        0.0008129867557019702,
        0.0008626891947413468,
        0.0008987793498085896,
        0.0009206722421266124,
        0.0009280100542039794
    ],