{
    "I_fc": [
        1.0,
        0.9921147013144779,
        0.9685831611286311,
        0.9297764858882513,
        0.8763066800438636,
        0.8090169943749475,
        0.7289686274214116,
        0.6374239897486896,
        0.5358267949789965,
        0.42577929156507266,
        0.30901699437494745,
        0.18738131458572452,
        0.0627905195293133,
        -0.0627905195293134,
        -0.18738131458572482,
        -0.30901699437494756,
        -0.4257792915650727,
        -0.5358267949789969,
        -0.6374239897486897,
        -0.7289686274214117,
        -0.8090169943749473,
        -0.8763066800438636,
        -0.9297764858882515,
        -0.9685831611286311,
        -0.9921147013144779,
        -1.0,
        -0.9921147013144779,
        -0.9685831611286311,
        -0.9297764858882512,
        -0.8763066800438635,
        -0.8090169943749472,
        -0.7289686274214116,
        -0.6374239897486895,
        -0.5358267949789963,
        -0.42577929156507216,
        -0.30901699437494756,
        -0.18738131458572463,
        -0.06279051952931321,
        0.06279051952931372,
        0.18738131458572513,
        0.30901699437494723,
        0.4257792915650726,
        0.5358267949789968,
        0.63742398974869,
        0.7289686274214119,
        0.8090169943749478,
        0.8763066800438636,
        0.9297764858882515,
        0.9685831611286312,
        0.9921147013144779,
        1.0,
        0.9921147013144779,
        0.9685831611286311,
        0.9297764858882513,
        0.8763066800438634,
        0.809016994374947,
        0.728968627421411,
        0.6374239897486896,
        0.5358267949789964,
        0.42577929156507227,
        0.30901699437494684,
        0.18738131458572388,
        0.06279051952931332,
        -0.0627905195293136,
        -0.18738131458572502,
        -0.3090169943749471,
        -0.4257792915650733,
        -0.5358267949789967,
        -0.6374239897486905,
        -0.7289686274214118,
        -0.8090169943749472,
        -0.8763066800438639,
        -0.9297764858882515,
        -0.9685831611286314,
        -0.9921147013144779,
        -1.0
    ],
    "args": {
        "I_fc": [
            1.0
        ],
        "current_units": "mA",
        "cycles": 1.5,
        "d": 0.2,
        "directory": "/scratch/users/lbvh/py-tdgl/results/17223926/50",
        "dt_init": 1e-06,
        "fc_center": [
            0,
            0,
            1
        ],
        "fc_radius": 2.4,
        "field_units": "mT",
        "film_points": 4000,
        "film_radius": 15.0,
        "film_shape": "box",
        "film_smooth": 100,
        "gamma": 1.0,
        "index": 50,
        "lam": 1.35,
        "max_edge_length": 0.5,
        "pl_center": null,
        "pl_radius": 0.8,
        "points_per_cycle": 51.0,
        "save_every": 500,
        "screening": false,
        "seed_solutions": true,
        "slot_radius": 0.1,
        "slot_size": [
            2.0,
            50.0
        ],
        "slot_top_center_x": [
            -10.0,
            10.0,
            101.0
        ],
        "slot_top_center_y": [
            5.0,
            5.0,
            101.0
        ],
        "solve_time": [
            10000.0,
            2000.0
        ],
        "squid_angle": 180.0,
        "squid_iterations": 5,
        "squid_points": 4000,
        "squid_position": [
            0.0,
            0.0,
            0.5
        ],
        "squid_smooth": 100,
        "squid_type": "hypres-small",
        "xi": 0.9
    },
    "film_fluxoid": [
        -0.0005632508762259905,
        -0.0005588078423816038,
        -0.0005455490666293886,
        -0.0005236843697324122,
        -0.0004935596278639835,
        -0.0004556511356358484,
        -0.00041055790050881566,
        -0.00035899202646494404,
        -0.0003017673631174709,
        -0.00023978660941927733,
        -0.00017402707336447613,
        -0.00010552530273038226,
        -3.536081676732913e-05,
        3.536081676732913e-05,
        0.00010552530273038226,
        0.00017402707336445846,
        0.00023978660941927733,
        0.0003017673631175151,
        0.0003589920264649043,
        0.00041055790050881566,
        0.00045565113563568937,
        0.0004935596278642662,
        0.0005236843697323061,
        0.0005455490666291767,
        0.0005588078423814625,
        0.0005632508762257431,
        0.0005588078423816038,
        0.0005455490666293313,
        0.0005236843697325182,
        0.0004935596278640498,
        0.0004556511356358131,
        0.000410557900508798,
        0.00035899202646501473,
        0.0003017673631174444,
        0.0002397866094192243,
        0.00017402707336451145,
        0.00010552530273034692,
        3.536081676732913e-05,
        -3.536081676732913e-05,
        -0.00010552530273038005,
        -0.00017402707336451145,
        -0.00023978660941924198,
        -0.0003017673631174621,
        -0.0003589920264649087,
        -0.00041055790050881566,
        -0.0004556511356358484,
        -0.0004935596278640542,
        -0.0005236843697325182,
        -0.0005455490666293533,
        -0.0005588078423816038,
        -0.0005632508762256195,
        -0.0005588078423817452,
        -0.0005455490666293886,
        -0.0005236843697323415,
        -0.0004935596278641248,
        -0.00045565113563591906,
        -0.00041055790050881566,
        -0.00035899202646494404,
        -0.00030176736311748306,
        -0.00023978660941927733,
        -0.00017402707336447613,
        -0.00010552530273052362,
        -3.536081676732913e-05,
        3.5360816767258455e-05,
        0.00010552530273038226,
        0.0001740270733644938,
        0.00023978660941927733,
        0.0003017673631175151,
        0.00035899202646491753,
        0.00041055790050881566,
        0.0004556511356357954,
        0.0004935596278640542,
        0.0005236843697322885,
        0.0005455490666293886,
        0.0005588078423815685,
        0.0005632508762258491
    ],