{
    "I_fc": [
        1.75,
        1.736200727300336,
        1.6950205319751048,
        1.6271088503044397,
        1.533536690076761,
        1.4157797401561583,
        1.2756950979874704,
        1.115491982060207,
        0.937696891213244,
        0.7451137602388771,
        0.5407797401561582,
        0.3279173005250179,
        0.10988340917629826,
        -0.10988340917629845,
        -0.3279173005250185,
        -0.5407797401561584,
        -0.7451137602388773,
        -0.9376968912132444,
        -1.115491982060207,
        -1.2756950979874704,
        -1.415779740156158,
        -1.5335366900767613,
        -1.62710885030444,
        -1.6950205319751048,
        -1.736200727300336,
        -1.75,
        -1.736200727300336,
        -1.6950205319751046,
        -1.6271088503044397,
        -1.533536690076761,
        -1.4157797401561578,
        -1.2756950979874704,
        -1.1154919820602067,
        -0.9376968912132434,
        -0.7451137602388763,
        -0.5407797401561584,
        -0.32791730052501816,
        -0.10988340917629809,
        0.10988340917629902,
        0.327917300525019,
        0.5407797401561577,
        0.7451137602388771,
        0.9376968912132442,
        1.1154919820602072,
        1.2756950979874708,
        1.4157797401561587,
        1.533536690076761,
        1.62710885030444,
        1.6950205319751048,
        1.736200727300336,
        1.75,
        1.736200727300336,
        1.6950205319751046,
        1.6271088503044397,
        1.5335366900767606,
        1.4157797401561574,
        1.2756950979874695,
        1.115491982060207,
        0.9376968912132435,
        0.7451137602388764,
        0.5407797401561572,
        0.32791730052501683,
        0.10988340917629831,
        -0.1098834091762988,
        -0.32791730052501883,
        -0.5407797401561575,
        -0.7451137602388782,
        -0.937696891213244,
        -1.1154919820602085,
        -1.2756950979874708,
        -1.4157797401561578,
        -1.5335366900767617,
        -1.62710885030444,
        -1.6950205319751053,
        -1.736200727300336,
        -1.75
    ],
    "args": {
        "I_fc": [
            1.75
        ],
        "current_units": "mA",
        "cycles": 1.5,
        "d": 0.2,
        "directory": "/scratch/users/lbvh/py-tdgl/results/17224036/0",
        "dt_init": 1e-06,
        "fc_center": [
            0,
            0,
            1
        ],
        "fc_radius": 2.4,
        "field_units": "mT",
        "film_points": 4000,
        "film_radius": 15.0,
        "film_shape": "box",
        "film_smooth": 100,
        "gamma": 1.0,
        "index": 0,
        "lam": 1.35,
        "max_edge_length": 0.5,
        "pl_center": null,
        "pl_radius": 0.8,
        "points_per_cycle": 51.0,
        "save_every": 500,
        "screening": false,
        "seed_solutions": true,
        "slot_radius": 0.1,
        "slot_size": [
            2.0,
            50.0
        ],
        "slot_top_center_x": [
            -10.0,
            10.0,
            101.0
        ],
        "slot_top_center_y": [
            5.0,
            5.0,
            101.0
        ],
        "solve_time": [
            10000.0,
            2000.0
        ],
        "squid_angle": 180.0,
        "squid_iterations": 5,
        "squid_points": 4000,
        "squid_position": [
            0.0,
            0.0,
            0.5
        ],
        "squid_smooth": 100,
        "squid_type": "hypres-small",
        "xi": 0.9
    },
    "film_fluxoid": [
        -0.0007598633327332564,
        -0.0007538715838167606,
        -0.000735990830481784,
        -0.0007065030627424437,
        -0.0006658733200638852,
        -0.0006147423574425432,
        -0.0005539165403659091,
        -0.00048435512799835075,
        -0.0004071551451382321,
        -0.00032353408151609416,
        -0.00023481069127174876,
        -0.0001423841954124573,
        -4.7712215240676444e-05,
        4.771221524065877e-05,
        0.00014238419541238661,
        0.00023481069127172225,
        0.00032353408151609416,
        0.0004071551451382321,
        0.00048435512799836175,
        0.0005539165403659091,
        0.0006147423574426314,
        0.0006658733200638918,
        0.0007065030627423995,
        0.0007359908304816426,
        0.0007538715838167606,
        0.0007598633327331503,
        0.0007538715838167252,
        0.000735990830481678,
        0.0007065030627422935,
        0.0006658733200638829,
        0.0006147423574425432,
        0.0005539165403659159,
        0.0004843551279983861,
        0.0004071551451382321,
        0.0003235340815160588,
        0.00023481069127181945,
        0.0001423841954124573,
        4.7712215240588096e-05,
        -4.771221524060577e-05,
        -0.00014238419541246614,
        -0.00023481069127173108,
        -0.0003235340815160588,
        -0.0004071551451382321,
        -0.0004843551279983596,
        -0.0005539165403658915,
        -0.0006147423574425785,
        -0.0006658733200639095,
        -0.0007065030627424701,
        -0.0007359908304816426,
        -0.0007538715838166899,
        -0.0007598633327331503,
        -0.0007538715838167606,
        -0.0007359908304816073,
        -0.0007065030627424486,
        -0.0006658733200640332,
        -0.0006147423574426139,
        -0.0005539165403657679,
        -0.00048435512799829773,
        -0.0004071551451382674,
        -0.0003235340815160235,
        -0.00023481069127174876,
        -0.00014238419541245508,
        -4.7712215240641106e-05,
        4.7712215240676444e-05,
        0.00014238419541242196,
        0.00023481069127173108,
        0.0003235340815160235,
        0.0004071551451382321,
        0.00048435512799835075,
        0.0005539165403659091,
        0.0006147423574425785,
        0.0006658733200638388,
        0.0007065030627423995,
        0.000735990830481784,
        0.0007538715838167606,
        0.0007598633327331857
    ],