{
    "I_fc": [
        1.75,
        1.7362007273003364,
        1.6950205319751044,
        1.62710885030444,
        1.5335366900767613,
        1.415779740156158,
        1.2756950979874702,
        1.115491982060207,
        0.937696891213244,
        0.7451137602388771,
        0.540779740156158,
        0.3279173005250179,
        0.10988340917629828,
        -0.10988340917629845,
        -0.32791730052501844,
        -0.5407797401561583,
        -0.7451137602388772,
        -0.9376968912132445,
        -1.115491982060207,
        -1.2756950979874704,
        -1.4157797401561578,
        -1.5335366900767613,
        -1.62710885030444,
        -1.6950205319751044,
        -1.7362007273003364,
        -1.75,
        -1.7362007273003364,
        -1.6950205319751044,
        -1.6271088503044397,
        -1.533536690076761,
        -1.4157797401561576,
        -1.2756950979874702,
        -1.1154919820602067,
        -0.9376968912132435,
        -0.7451137602388763,
        -0.5407797401561583,
        -0.3279173005250181,
        -0.10988340917629812,
        0.10988340917629902,
        0.327917300525019,
        0.5407797401561576,
        0.7451137602388771,
        0.9376968912132444,
        1.1154919820602074,
        1.2756950979874708,
        1.4157797401561587,
        1.5335366900767613,
        1.62710885030444,
        1.6950205319751046,
        1.7362007273003364,
        1.75,
        1.7362007273003364,
        1.6950205319751044,
        1.62710885030444,
        1.5335366900767609,
        1.4157797401561574,
        1.2756950979874693,
        1.115491982060207,
        0.9376968912132437,
        0.7451137602388764,
        0.5407797401561569,
        0.3279173005250168,
        0.10988340917629831,
        -0.1098834091762988,
        -0.3279173005250188,
        -0.5407797401561575,
        -0.7451137602388783,
        -0.9376968912132442,
        -1.1154919820602085,
        -1.2756950979874706,
        -1.4157797401561576,
        -1.5335366900767617,
        -1.62710885030444,
        -1.695020531975105,
        -1.7362007273003364,
        -1.75
    ],
    "args": {
        "I_fc": [
            1.75
        ],
        "current_units": "mA",
        "cycles": 1.5,
        "d": 0.2,
        "directory": "/scratch/users/lbvh/py-tdgl/results/17223199/77",
        "dt_init": 1e-06,
        "fc_center": [
            0,
            0,
            1
        ],
        "fc_radius": 2.4,
        "field_units": "mT",
        "film_points": 4000,
        "film_radius": 15.0,
        "film_shape": "box",
        "film_smooth": 100,
        "gamma": 1.0,
        "index": 77,
        "lam": 1.35,
        "max_edge_length": 0.5,
        "pl_center": null,
        "pl_radius": 0.8,
        "points_per_cycle": 51.0,
        "save_every": 500,
        "screening": false,
        "seed_solutions": true,
        "slot_radius": 0.1,
        "slot_size": [
            2.0,
            50.0
        ],
        "slot_top_center_x": [
            -10.0,
            10.0,
            101.0
        ],
        "slot_top_center_y": [
            -1.0,
            -1.0,
            101.0
        ],
        "solve_time": [
            10000.0,
            2000.0
        ],
        "squid_angle": 180.0,
        "squid_iterations": 5,
        "squid_points": 4000,
        "squid_position": [
            0.0,
            0.0,
            0.5
        ],
        "squid_smooth": 100,
        "squid_type": "hypres-small",
        "xi": 0.9
    },
    "film_fluxoid": [
        0.9982819325266625,
        0.9982950716942959,
        0.9983342746795224,
        0.9983989060898887,
        0.9984879297964141,
        0.9985999334451299,
        0.9987331541677222,
        0.9988855072253573,
        0.9990546218683676,
        0.9992378953177024,
        0.9994326397447354,
        -0.0003119279169375913,
        -0.0001045169583243076,
        0.00010451695816591598,
        0.0003119279170978206,
        0.0005145003531542132,
        0.0007091125126163745,
        0.0008928128167987049,
        0.0010629502250105488,
        0.0012177274856417977,
        -0.9985999334449345,
        -0.9984879297955023,
        -0.9983989060900108,
        -0.9983342746794664,
        -0.9982950716940947,
        -0.9982819325265699,
        -0.998295071694458,
        -0.9983342746796862,
        -0.998398906090514,
        -0.9984879297946649,
        -0.9985999334451953,
        -0.9987331541683221,
        -0.998885507225399,
        -0.9990546218688936,
        -0.9992378953172454,
        -0.999432639745044,
        0.0003119279171099067,
        0.00010451695821100918,
        -0.00010451695817065148,
        -0.0003119279169697503,
        -0.0005145003533767814,
        -0.0007091125124628597,
        -0.000892812816883131,
        -0.001062950224893469,
        -0.0012177274857420382,
        0.9985999334453385,
        0.9984879297957402,
        0.998398906089875,
        0.9983342746802629,
        0.9982950716945418,
        0.9982819325263047,
        0.9982950716944934,
        0.9983342746798682,
        0.9983989060896312,
        0.998487929794942,
        0.998599933445557,
        0.9987331541675147,
        0.9988855072250872,
        0.9990546218684705,
        0.999237895317543,
        0.9994326397448422,
        -0.00031192791698522894,
        -0.00010451695816732956,
        0.00010451695818952276,
        0.0003119279169322197,
        0.0005145003534430783,
        0.0007091125123089209,
        0.0008928128171794527,
        0.0010629502248969325,
        0.001217727485548095,
        -0.9985999334455782,
        -0.9984879297961203,
        -0.9983989060899334,
        -0.9983342746799075,
        -0.9982950716942383,
        -0.998281932525653
    ],