{
    "I_fc": [
        6.0575,
        6.00973480321245,
        5.867192498536683,
        5.632121063268083,
        5.308227714365704,
        4.900620443426244,
        4.415727460605201,
        3.8611958179026877,
        3.2457708105852716,
        2.5791580586554277,
        1.8718704434262443,
        1.1350623131030262,
        0.38035357204881537,
        -0.3803535720488159,
        -1.1350623131030282,
        -1.871870443426245,
        -2.579158058655428,
        -3.245770810585274,
        -3.861195817902688,
        -4.4157274606052015,
        -4.900620443426243,
        -5.308227714365704,
        -5.632121063268083,
        -5.867192498536683,
        -6.00973480321245,
        -6.0575,
        -6.00973480321245,
        -5.867192498536683,
        -5.632121063268082,
        -5.308227714365703,
        -4.900620443426243,
        -4.415727460605201,
        -3.861195817902687,
        -3.2457708105852703,
        -2.5791580586554246,
        -1.871870443426245,
        -1.1350623131030269,
        -0.38035357204881476,
        0.38035357204881787,
        1.13506231310303,
        1.871870443426243,
        2.5791580586554272,
        3.245770810585273,
        3.8611958179026895,
        4.415727460605202,
        4.900620443426246,
        5.308227714365704,
        5.632121063268083,
        5.867192498536683,
        6.00973480321245,
        6.0575,
        6.00973480321245,
        5.867192498536683,
        5.632121063268083,
        5.308227714365702,
        4.9006204434262415,
        4.415727460605197,
        3.8611958179026877,
        3.245770810585271,
        2.5791580586554255,
        1.8718704434262405,
        1.1350623131030224,
        0.3803535720488154,
        -0.3803535720488171,
        -1.1350623131030293,
        -1.871870443426242,
        -2.5791580586554317,
        -3.2457708105852725,
        -3.861195817902693,
        -4.4157274606052015,
        -4.900620443426243,
        -5.308227714365706,
        -5.632121063268083,
        -5.867192498536685,
        -6.00973480321245,
        -6.0575
    ],
    "args": {
        "I_fc": [
            0.5,
            10.0,
            201.0
        ],
        "current_units": "mA",
        "cycles": 1.5,
        "d": 0.2,
        "directory": "/scratch/users/lbvh/py-tdgl/results/14122470/117",
        "dt_init": 1e-06,
        "fc_center": [
            0,
            0,
            1
        ],
        "fc_radius": 2.4,
        "field_units": "mT",
        "film_points": 4000,
        "film_radius": 15.0,
        "film_shape": "box",
        "film_smooth": 100,
        "gamma": 1.0,
        "index": 117,
        "lam": 1.35,
        "max_edge_length": 0.5,
        "pl_center": null,
        "pl_radius": 0.8,
        "points_per_cycle": 51.0,
        "save_every": 500,
        "screening": false,
        "seed_solutions": true,
        "slot_radius": 0,
        "slot_size": null,
        "slot_top_center_x": null,
        "slot_top_center_y": null,
        "solve_time": [
            20000.0,
            2000.0
        ],
        "squid_angle": 0,
        "squid_iterations": 5,
        "squid_points": 4000,
        "squid_position": [
            0.0,
            0.0,
            0.5
        ],
        "squid_smooth": 100,
        "squid_type": "hypres-small",
        "xi": 0.9
    },
    "film_fluxoid": [
        2.9973556915384814,
        2.997375743314222,
        2.997435592621939,
        2.997534373482654,
        2.997670850660795,
        2.997845581469901,
        2.9980501036583234,
        2.9982999814316837,
        2.9985512871476674,
        2.9988218639448307,
        2.9991047795442514,
        1.9994497168781427,
        0.9998034085815033,
        0.0001548904330468062,
        0.0004625178676796306,
        0.0007641704900018275,
        -0.9989066212629687,
        -1.998592921442513,
        -1.9983386557645795,
        -2.9980717650529516,
        -2.9978686701923287,
        -2.997685447593677,
        -2.9975398099295916,
        -2.9974414742924242,
        -2.9973817938386764,
        -2.997361799163358,
        -2.99738180559134,
        -2.99744147956896,
        -2.9975398086639795,
        -2.9976751699794826,
        -2.997845579581038,
        -2.998050103656113,
        -2.9982999814296822,
        -2.998551287146233,
        -2.9988218639420663,
        -2.9991047795435044,
        -1.9994497168797032,
        -0.9998034085816724,
        -0.00015489043320127515,
        -0.0004625178677358999,
        -0.000764170492464213,
        0.9989066212625821,
        1.9985929214427844,
        1.998338655765286,
        2.9980717650541293,
        2.9978686701965738,
        2.9976854476005927,
        2.997539809927406,
        2.9974414742911835,
        2.9973817938384606,
        2.997361799163111,
        2.997381805590569,
        2.9974414795711466,
        2.9975398086603207,
        2.997675169979627,
        2.997845579582109,
        2.998050103656987,
        2.9982999814278415,
        2.9985512871482056,
        2.9988218639451514,
        2.9991047795408137,
        1.9994497168807563,
        0.9998034085837393,
        0.00015489043330215176,
        0.00046251786781036466,
        0.0007641704918765879,
        -0.9989066212632506,
        -1.9985929214432987,
        -1.998338655764868,
        -2.998071765053856,
        -2.997868670193808,
        -2.9976854475900203,
        -2.997539809930283,
        -2.997441474292343,
        -2.9973817938382212,
        -2.9973617991611903
    ],
    "flux": [
        -0.00625895120463711,
        -0.005923507269226918,
        -0.004914416553264908,
        -0.003265508745884835,
        -0.0011963110519115677,
        -0.0032409450351788553,
        -0.00039599013773640907,
        -0.00708123980971194,
        -0.0005155296974064067,
        0.006950143462225235,
        0.013003813241816377,
        0.010266891649078421,
        0.012051872001446789,
        0.006177643051236971,
        0.016937520396244334,
        0.023187785425599787,
        0.016571178866864055,
        0.01177646885688693,
        0.01572862962644127,
        0.011538191295667431,
        0.01324617786206946,
        0.011536721245901086,
        0.008747160623993198,
        0.010230815283274013,
        0.010987944915047744,
        0.011206927103912122,
        0.010986395303130283,
        0.010229962025314213,
        0.008748563677460503,
        0.006393938120854465,
        0.003241390514570728,
        0.0003959916285938397,
        0.007081239805067015,
        0.0005155296947027788,
        -0.006950143469755505,
        -0.01300381324315566,
        -0.010266891645482168,
        -0.012051872002231933,
        -0.006177643043902234,
        -0.016937520394976306,
        -0.02318778544263616,
        -0.016571178866163404,
        -0.011776468864862439,
        -0.01572862962680428,
        -0.011538191297881929,
        -0.013246177867846914,
        -0.011536720605243385,
        -0.008747160716520723,
        -0.010230815267087344,
        -0.01098794498220177,
        -0.011206927116200626,
        -0.010986395296235373,
        -0.01022996198136699,
        -0.0087485637038019,
        -0.006393938053872567,
        -0.003241390516899526,
        -0.00039599161327909303,
        -0.00708123981049892,
        -0.000515529774385798,
        0.006950143451177946,
        0.013003813168096734,
        0.010266891643341105,
        0.012051871956173152,
        0.006177643050601225,
        0.01693752039506113,
        0.023187785444111167,
        0.016571178867352033,
        0.011776468839208286,
        0.015728629646523308,
        0.011538191353617416,
        0.01324617786308853,
        0.011536721597107667,
        0.008747160693477368,
        0.010230815278153442,
        0.010987944853855413,
        0.01120692705710859
    ],
    "timing": {
        "end_time": "2023-03-29T14:57:46.187933",
        "start_time": "2023-03-29T09:48:27.736650",