{
    "I_fc": [
        1.75,
        1.736200727300336,
        1.6950205319751048,
        1.6271088503044397,
        1.533536690076761,
        1.4157797401561583,
        1.2756950979874704,
        1.115491982060207,
        0.937696891213244,
        0.7451137602388771,
        0.5407797401561582,
        0.3279173005250179,
        0.10988340917629826,
        -0.10988340917629845,
        -0.3279173005250185,
        -0.5407797401561584,
        -0.7451137602388773,
        -0.9376968912132444,
        -1.115491982060207,
        -1.2756950979874704,
        -1.415779740156158,
        -1.5335366900767613,
        -1.62710885030444,
        -1.6950205319751048,
        -1.736200727300336,
        -1.75,
        -1.736200727300336,
        -1.6950205319751046,
        -1.6271088503044397,
        -1.533536690076761,
        -1.4157797401561578,
        -1.2756950979874704,
        -1.1154919820602067,
        -0.9376968912132434,
        -0.7451137602388763,
        -0.5407797401561584,
        -0.32791730052501816,
        -0.10988340917629809,
        0.10988340917629902,
        0.327917300525019,
        0.5407797401561577,
        0.7451137602388771,
        0.9376968912132442,
        1.1154919820602072,
        1.2756950979874708,
        1.4157797401561587,
        1.533536690076761,
        1.62710885030444,
        1.6950205319751048,
        1.736200727300336,
        1.75,
        1.736200727300336,
        1.6950205319751046,
        1.6271088503044397,
        1.5335366900767606,
        1.4157797401561574,
        1.2756950979874695,
        1.115491982060207,
        0.9376968912132435,
        0.7451137602388764,
        0.5407797401561572,
        0.32791730052501683,
        0.10988340917629831,
        -0.1098834091762988,
        -0.32791730052501883,
        -0.5407797401561575,
        -0.7451137602388782,
        -0.937696891213244,
        -1.1154919820602085,
        -1.2756950979874708,
        -1.4157797401561578,
        -1.5335366900767617,
        -1.62710885030444,
        -1.6950205319751053,
        -1.736200727300336,
        -1.75
    ],
    "args": {
        "I_fc": [
            1.75
        ],
        "current_units": "mA",
        "cycles": 1.5,
        "d": 0.2,
        "directory": "/scratch/users/lbvh/py-tdgl/results/17223199/36",
        "dt_init": 1e-06,
        "fc_center": [
            0,
            0,
            1
        ],
        "fc_radius": 2.4,
        "field_units": "mT",
        "film_points": 4000,
        "film_radius": 15.0,
        "film_shape": "box",
        "film_smooth": 100,
        "gamma": 1.0,
        "index": 36,
        "lam": 1.35,
        "max_edge_length": 0.5,
        "pl_center": null,
        "pl_radius": 0.8,
        "points_per_cycle": 51.0,
        "save_every": 500,
        "screening": false,
        "seed_solutions": true,
        "slot_radius": 0.1,
        "slot_size": [
            2.0,
            50.0
        ],
        "slot_top_center_x": [
            -10.0,
            10.0,
            101.0
        ],
        "slot_top_center_y": [
            -1.0,
            -1.0,
            101.0
        ],
        "solve_time": [
            10000.0,
            2000.0
        ],
        "squid_angle": 180.0,
        "squid_iterations": 5,
        "squid_points": 4000,
        "squid_position": [
            0.0,
            0.0,
            0.5
        ],
        "squid_smooth": 100,
        "squid_type": "hypres-small",
        "xi": 0.9
    },
    "film_fluxoid": [
        0.9985958808470623,
        0.9986069733659835,
        0.9986400473165368,
        0.9986945357145455,
        0.9987695527688489,
        0.9988639060351321,
        0.9989761095610402,
        0.9991044076970726,
        0.9992468231526179,
        -0.0005967894167517127,
        -0.0004330160313928208,
        -0.00026253619920247657,
        -8.796926179591711e-05,
        8.796926179597013e-05,
        0.00026253619920266213,
        0.0004330160313929445,
        0.0005967894167510766,
        -0.9992468231526216,
        -0.9991044076970764,
        -0.9989761095610437,
        -0.9988639060351299,
        -0.998769552768844,
        -0.9986945357145417,
        -0.998640047316537,
        -0.9986069733659768,
        -0.9985958808470555,
        -0.9986069733659815,
        -0.9986400473165372,
        -0.9986945357145476,
        -0.9987695527688499,
        -0.9988639060351355,
        -0.9989761095610353,
        -0.9991044076970742,
        -0.9992468231526239,
        0.0005967894167518364,
        0.0004330160313935099,
        0.0002625361992027284,
        8.796926179574041e-05,
        -8.796926179602313e-05,
        -0.00026253619920378856,
        -0.0004330160313936336,
        -0.0005967894167520838,
        0.9992468231526246,
        0.9991044076970755,
        0.9989761095610322,
        0.9988639060351366,
        0.9987695527688477,
        0.9986945357145476,
        0.9986400473165351,
        0.9986069733659741,
        0.9985958808470606,
        0.998606973365977,
        0.9986400473165347,
        0.9986945357145391,
        0.9987695527688507,
        0.9988639060351259,
        0.9989761095610479,
        0.9991044076970786,
        0.9992468231526287,
        -0.0005967894167520661,
        -0.0004330160313928915,
        -0.0002625361992045307,
        -8.796926179623517e-05,
        8.796926179598779e-05,
        0.00026253619920304643,
        0.0004330160313949235,
        0.0005967894167528436,
        -0.9992468231526224,
        -0.9991044076970774,
        -0.9989761095610349,
        -0.9988639060351308,
        -0.998769552768852,
        -0.9986945357145424,
        -0.9986400473165342,
        -0.9986069733659864,
        -0.9985958808470586
    ],