{
    "I_fc": [
        1.1,
        1.0913261714459257,
        1.0654414772414942,
        1.0227541344770765,
        0.96393734804825,
        0.8899186938124423,
        0.8018654901635528,
        0.7011663887235586,
        0.5894094744768963,
        0.46835722072158,
        0.3399186938124422,
        0.206119446044297,
        0.06906957148224464,
        -0.06906957148224475,
        -0.20611944604429733,
        -0.33991869381244233,
        -0.46835722072158004,
        -0.5894094744768966,
        -0.7011663887235587,
        -0.8018654901635529,
        -0.8899186938124422,
        -0.96393734804825,
        -1.0227541344770767,
        -1.0654414772414942,
        -1.0913261714459257,
        -1.1,
        -1.0913261714459257,
        -1.0654414772414942,
        -1.0227541344770765,
        -0.9639373480482499,
        -0.889918693812442,
        -0.8018654901635528,
        -0.7011663887235585,
        -0.589409474476896,
        -0.4683572207215794,
        -0.33991869381244233,
        -0.2061194460442971,
        -0.06906957148224453,
        0.0690695714822451,
        0.20611944604429766,
        0.339918693812442,
        0.4683572207215799,
        0.5894094744768965,
        0.7011663887235591,
        0.8018654901635531,
        0.8899186938124426,
        0.96393734804825,
        1.0227541344770767,
        1.0654414772414944,
        1.0913261714459257,
        1.1,
        1.0913261714459257,
        1.0654414772414942,
        1.0227541344770765,
        0.9639373480482498,
        0.8899186938124418,
        0.8018654901635521,
        0.7011663887235586,
        0.5894094744768962,
        0.46835722072157954,
        0.33991869381244155,
        0.20611944604429627,
        0.06906957148224466,
        -0.06906957148224496,
        -0.20611944604429752,
        -0.33991869381244183,
        -0.4683572207215807,
        -0.5894094744768964,
        -0.7011663887235596,
        -0.801865490163553,
        -0.889918693812442,
        -0.9639373480482504,
        -1.0227541344770767,
        -1.0654414772414946,
        -1.0913261714459257,
        -1.1
    ],
    "args": {
        "I_fc": [
            1.1
        ],
        "current_units": "mA",
        "cycles": 1.5,
        "d": 0.2,
        "directory": "/scratch/users/lbvh/py-tdgl/results/17223196/41",
        "dt_init": 1e-06,
        "fc_center": [
            0,
            0,
            1
        ],
        "fc_radius": 2.4,
        "field_units": "mT",
        "film_points": 4000,
        "film_radius": 15.0,
        "film_shape": "box",
        "film_smooth": 100,
        "gamma": 1.0,
        "index": 41,
        "lam": 1.35,
        "max_edge_length": 0.5,
        "pl_center": null,
        "pl_radius": 0.8,
        "points_per_cycle": 51.0,
        "save_every": 500,
        "screening": false,
        "seed_solutions": true,
        "slot_radius": 0.1,
        "slot_size": [
            2.0,
            50.0
        ],
        "slot_top_center_x": [
            -10.0,
            10.0,
            101.0
        ],
        "slot_top_center_y": [
            -1.0,
            -1.0,
            101.0
        ],
        "solve_time": [
            10000.0,
            2000.0
        ],
        "squid_angle": 180.0,
        "squid_iterations": 5,
        "squid_points": 4000,
        "squid_position": [
            0.0,
            0.0,
            0.5
        ],
        "squid_smooth": 100,
        "squid_type": "hypres-small",
        "xi": 0.9
    },
    "film_fluxoid": [
        0.9988730904297295,
        0.9988819681446561,
        0.9989084699958065,
        0.9989522257289395,
        -0.0009856132994933656,
        -0.0009096690484362578,
        -0.0008194956646183474,
        -0.0007164709318394666,
        -0.0006022017142179693,
        -0.00047847803151062967,
        -0.0003472408348966845,
        -0.00021055027097190244,
        -7.055280407233809e-05,
        7.055280402947128e-05,
        0.00021055027111690038,
        0.00034724083491333824,
        0.00047847803142846536,
        0.0006022017142074381,
        0.0007164709318726504,
        0.0008194956646183827,
        0.0009096690484349767,
        0.000985613298598742,
        -0.9989522257289435,
        -0.9989084699957493,
        -0.9988819681445225,
        -0.9988730904297292,
        -0.9988819681445238,
        -0.9989084699957439,
        -0.9989522257289469,
        0.0009856132995264744,
        0.0009096690484330684,
        0.0008194956646027626,
        0.0007164709316551712,
        0.0006022017142170151,
        0.000478478031426451,
        0.0003472408348970379,
        0.0002105502711225547,
        7.055280407233809e-05,
        -7.055280409297636e-05,
        -0.00021055027111683856,
        -0.00034724083489647245,
        -0.0004784780315508107,
        -0.0006022017142065016,
        -0.0007164709318717139,
        -0.0008194956646237366,
        -0.0009096690484390938,
        -0.000985613299412478,
        0.9989522257289415,
        0.998908469995762,
        0.998881968144524,
        0.9988730904297238,
        0.9988819681445227,
        0.998908469995783,
        0.9989522257289428,
        -0.0009856133011262934,
        -0.0009096690484593742,
        -0.0008194956646994515,
        -0.0007164709318500331,
        -0.0006022017141393036,
        -0.00047847803139616503,
        -0.00034724083462972993,
        -0.0002105502711145945,
        -7.055280407230414e-05,
        7.055280407242644e-05,
        0.00021055027111690038,
        0.00034724083489614556,
        0.0004784780314283593,
        0.0006022017140992992,
        0.0007164709318732865,
        0.0008194956645561852,
        0.0009096690484303826,
        0.0009856132995438615,
        -0.9989522257289434,
        -0.9989084699957663,
        -0.9988819681446836,
        -0.9988730904297328
    ],