{
    "I_fc": [
        1.1,
        1.0913261714459257,
        1.0654414772414942,
        1.0227541344770765,
        0.96393734804825,
        0.8899186938124423,
        0.8018654901635528,
        0.7011663887235586,
        0.5894094744768963,
        0.46835722072158,
        0.3399186938124422,
        0.206119446044297,
        0.06906957148224464,
        -0.06906957148224475,
        -0.20611944604429733,
        -0.33991869381244233,
        -0.46835722072158004,
        -0.5894094744768966,
        -0.7011663887235587,
        -0.8018654901635529,
        -0.8899186938124422,
        -0.96393734804825,
        -1.0227541344770767,
        -1.0654414772414942,
        -1.0913261714459257,
        -1.1,
        -1.0913261714459257,
        -1.0654414772414942,
        -1.0227541344770765,
        -0.9639373480482499,
        -0.889918693812442,
        -0.8018654901635528,
        -0.7011663887235585,
        -0.589409474476896,
        -0.4683572207215794,
        -0.33991869381244233,
        -0.2061194460442971,
        -0.06906957148224453,
        0.0690695714822451,
        0.20611944604429766,
        0.339918693812442,
        0.4683572207215799,
        0.5894094744768965,
        0.7011663887235591,
        0.8018654901635531,
        0.8899186938124426,
        0.96393734804825,
        1.0227541344770767,
        1.0654414772414944,
        1.0913261714459257,
        1.1,
        1.0913261714459257,
        1.0654414772414942,
        1.0227541344770765,
        0.9639373480482498,
        0.8899186938124418,
        0.8018654901635521,
        0.7011663887235586,
        0.5894094744768962,
        0.46835722072157954,
        0.33991869381244155,
        0.20611944604429627,
        0.06906957148224466,
        -0.06906957148224496,
        -0.20611944604429752,
        -0.33991869381244183,
        -0.4683572207215807,
        -0.5894094744768964,
        -0.7011663887235596,
        -0.801865490163553,
        -0.889918693812442,
        -0.9639373480482504,
        -1.0227541344770767,
        -1.0654414772414946,
        -1.0913261714459257,
        -1.1
    ],
    "args": {
        "I_fc": [
            1.1
        ],
        "current_units": "mA",
        "cycles": 1.5,
        "d": 0.2,
        "directory": "/scratch/users/lbvh/py-tdgl/results/17223196/8",
        "dt_init": 1e-06,
        "fc_center": [
            0,
            0,
            1
        ],
        "fc_radius": 2.4,
        "field_units": "mT",
        "film_points": 4000,
        "film_radius": 15.0,
        "film_shape": "box",
        "film_smooth": 100,
        "gamma": 1.0,
        "index": 8,
        "lam": 1.35,
        "max_edge_length": 0.5,
        "pl_center": null,
        "pl_radius": 0.8,
        "points_per_cycle": 51.0,
        "save_every": 500,
        "screening": false,
        "seed_solutions": true,
        "slot_radius": 0.1,
        "slot_size": [
            2.0,
            50.0
        ],
        "slot_top_center_x": [
            -10.0,
            10.0,
            101.0
        ],
        "slot_top_center_y": [
            -1.0,
            -1.0,
            101.0
        ],
        "solve_time": [
            10000.0,
            2000.0
        ],
        "squid_angle": 180.0,
        "squid_iterations": 5,
        "squid_points": 4000,
        "squid_position": [
            0.0,
            0.0,
            0.5
        ],
        "squid_smooth": 100,
        "squid_type": "hypres-small",
        "xi": 0.9
    },
    "film_fluxoid": [
        -0.0002032238688780318,
        -0.00020162136604831004,
        -0.00019683913391308112,
        -0.00018895260193414068,
        -0.00017808616058532424,
        -0.00016441119647816498,
        -0.00014814338662663692,
        -0.0001295392950853945,
        -0.00010889232576748193,
        -8.652809512215403e-05,
        -6.279929740276476e-05,
        -3.8080143260629984e-05,
        -1.2760459194648382e-05,
        1.276045919478974e-05,
        3.80801432605593e-05,
        6.279929740271174e-05,
        8.652809512197733e-05,
        0.00010889232576748193,
        0.0001295392950852885,
        0.0001481433866263542,
        0.00016441119647827099,
        0.00017808616058553629,
        0.00018895260193396398,
        0.00019683913391265704,
        0.00020162136604861042,
        0.0002032238688782438,
        0.000201621366048204,
        0.0001968391339129221,
        0.00018895260193399932,
        0.0001780861605856423,
        0.00016441119647830633,
        0.00014814338662628353,
        0.00012953929508542985,
        0.00010889232576748193,
        8.652809512218938e-05,
        6.279929740251737e-05,
        3.80801432605593e-05,
        1.2760459194560033e-05,
        -1.2760459194649485e-05,
        -3.80801432605593e-05,
        -6.279929740276476e-05,
        -8.652809512215403e-05,
        -0.00010889232576755262,
        -0.0001295392950853415,
        -0.00014814338662628353,
        -0.00016441119647820474,
        -0.00017808616058539493,
        -0.00018895260193396398,
        -0.00019683913391286908,
        -0.00020162136604831004,
        -0.00020322386887819082,
        -0.0002016213660484514,
        -0.00019683913391290442,
        -0.00018895260193407882,
        -0.00017808616058539493,
        -0.00016441119647812963,
        -0.00014814338662646023,
        -0.0001295392950852885,
        -0.00010889232576748193,
        -8.652809512217723e-05,
        -6.279929740265874e-05,
        -3.8080143260629984e-05,
        -1.2760459194648382e-05,
        1.2760459194577702e-05,
        3.808014326052396e-05,
        6.279929740269407e-05,
        8.652809512204802e-05,
        0.0001088923257674996,
        0.0001295392950852885,
        0.00014814338662619516,
        0.00016441119647795293,
        0.00017808616058539493,
        0.0001889526019338657,
        0.0001968391339127984,
        0.0002016213660483807,
        0.00020322386887787274
    ],