{
    "I_fc": [
        1.1,
        1.0913261714459257,
        1.0654414772414942,
        1.0227541344770765,
        0.96393734804825,
        0.8899186938124423,
        0.8018654901635528,
        0.7011663887235586,
        0.5894094744768963,
        0.46835722072158,
        0.3399186938124422,
        0.206119446044297,
        0.06906957148224464,
        -0.06906957148224475,
        -0.20611944604429733,
        -0.33991869381244233,
        -0.46835722072158004,
        -0.5894094744768966,
        -0.7011663887235587,
        -0.8018654901635529,
        -0.8899186938124422,
        -0.96393734804825,
        -1.0227541344770767,
        -1.0654414772414942,
        -1.0913261714459257,
        -1.1,
        -1.0913261714459257,
        -1.0654414772414942,
        -1.0227541344770765,
        -0.9639373480482499,
        -0.889918693812442,
        -0.8018654901635528,
        -0.7011663887235585,
        -0.589409474476896,
        -0.4683572207215794,
        -0.33991869381244233,
        -0.2061194460442971,
        -0.06906957148224453,
        0.0690695714822451,
        0.20611944604429766,
        0.339918693812442,
        0.4683572207215799,
        0.5894094744768965,
        0.7011663887235591,
        0.8018654901635531,
        0.8899186938124426,
        0.96393734804825,
        1.0227541344770767,
        1.0654414772414944,
        1.0913261714459257,
        1.1,
        1.0913261714459257,
        1.0654414772414942,
        1.0227541344770765,
        0.9639373480482498,
        0.8899186938124418,
        0.8018654901635521,
        0.7011663887235586,
        0.5894094744768962,
        0.46835722072157954,
        0.33991869381244155,
        0.20611944604429627,
        0.06906957148224466,
        -0.06906957148224496,
        -0.20611944604429752,
        -0.33991869381244183,
        -0.4683572207215807,
        -0.5894094744768964,
        -0.7011663887235596,
        -0.801865490163553,
        -0.889918693812442,
        -0.9639373480482504,
        -1.0227541344770767,
        -1.0654414772414946,
        -1.0913261714459257,
        -1.1
    ],
    "args": {
        "I_fc": [
            1.1
        ],
        "current_units": "mA",
        "cycles": 1.5,
        "d": 0.2,
        "directory": "/scratch/users/lbvh/py-tdgl/results/17223927/98",
        "dt_init": 1e-06,
        "fc_center": [
            0,
            0,
            1
        ],
        "fc_radius": 2.4,
        "field_units": "mT",
        "film_points": 4000,
        "film_radius": 15.0,
        "film_shape": "box",
        "film_smooth": 100,
        "gamma": 1.0,
        "index": 98,
        "lam": 1.35,
        "max_edge_length": 0.5,
        "pl_center": null,
        "pl_radius": 0.8,
        "points_per_cycle": 51.0,
        "save_every": 500,
        "screening": false,
        "seed_solutions": true,
        "slot_radius": 0.1,
        "slot_size": [
            2.0,
            50.0
        ],
        "slot_top_center_x": [
            -10.0,
            10.0,
            101.0
        ],
        "slot_top_center_y": [
            5.0,
            5.0,
            101.0
        ],
        "solve_time": [
            10000.0,
            2000.0
        ],
        "squid_angle": 180.0,
        "squid_iterations": 5,
        "squid_points": 4000,
        "squid_position": [
            0.0,
            0.0,
            0.5
        ],
        "squid_smooth": 100,
        "squid_type": "hypres-small",
        "xi": 0.9
    },
    "film_fluxoid": [
        -0.0007091886590228683,
        -0.0007036046697334368,
        -0.0006869393193683426,
        -0.0006594514269095413,
        -0.0006215688234281757,
        -0.0005738827754662208,
        -0.0005171397776313887,
        -0.00045223059134446,
        -0.00038017659993613227,
        -0.000302113733652637,
        -0.00021927433321836904,
        -0.00013296736259428435,
        -4.455737667084599e-05,
        4.455737667548651e-05,
        0.0001329673625797046,
        0.00021927433320444528,
        0.00030211373368348843,
        0.00038017659996558776,
        0.00045223059133683554,
        0.0005171397776793091,
        0.0005738827755207143,
        0.0006215688234101525,
        0.0006594514267787144,
        0.0006869393193394171,
        0.0007036046697509961,
        0.0007091886590107116,
        0.0007036046698226956,
        0.0006869393193784849,
        0.000659451426841548,
        0.0006215688234271155,
        0.0005738827754952346,
        0.0005171397775882127,
        0.00045223059129440165,
        0.00038017659995274187,
        0.00030211373368861264,
        0.0002192743331947269,
        0.00013296736259582826,
        4.455737667244952e-05,
        -4.455737667135841e-05,
        -0.00013296736259108392,
        -0.0002192743331866695,
        -0.00030211373367528964,
        -0.0003801765999618594,
        -0.00045223059132696696,
        -0.000517139777594291,
        -0.000573882775505271,
        -0.0006215688233889489,
        -0.0006594514269387317,
        -0.0006869393193941911,
        -0.0007036046697958066,
        -0.0007091886591117472,
        -0.0007036046697232414,
        -0.0006869393193190439,
        -0.0006594514269412761,
        -0.0006215688234647521,
        -0.0005738827754921865,
        -0.000517139777648493,
        -0.00045223059131880357,
        -0.0003801765999514696,
        -0.00030211373367765743,
        -0.00021927433321621332,
        -0.00013296736259288898,
        -4.4557376671482105e-05,
        4.4557376670826115e-05,
        0.00013296736259186138,
        0.00021927433316719743,
        0.0003021137336486437,
        0.00038017659996039286,
        0.00045223059140826657,
        0.0005171397775732949,
        0.0005738827755183819,
        0.0006215688233881714,
        0.0006594514267592777,
        0.0006869393193927091,
        0.0007036046697691606,
        0.0007091886590162952
    ],