{
    "I_fc": [
        1.1,
        1.0913261714459255,
        1.0654414772414944,
        1.0227541344770765,
        0.9639373480482499,
        0.8899186938124424,
        0.8018654901635529,
        0.7011663887235586,
        0.5894094744768963,
        0.46835722072158,
        0.3399186938124423,
        0.206119446044297,
        0.06906957148224463,
        -0.06906957148224475,
        -0.20611944604429736,
        -0.3399186938124424,
        -0.4683572207215801,
        -0.5894094744768965,
        -0.7011663887235586,
        -0.8018654901635529,
        -0.8899186938124423,
        -0.96393734804825,
        -1.0227541344770767,
        -1.0654414772414944,
        -1.0913261714459255,
        -1.1,
        -1.0913261714459255,
        -1.0654414772414944,
        -1.0227541344770765,
        -0.9639373480482499,
        -0.8899186938124422,
        -0.8018654901635529,
        -0.7011663887235585,
        -0.5894094744768958,
        -0.4683572207215794,
        -0.3399186938124424,
        -0.20611944604429713,
        -0.06906957148224452,
        0.0690695714822451,
        0.2061194460442977,
        0.33991869381244205,
        0.46835722072158,
        0.5894094744768964,
        0.7011663887235589,
        0.8018654901635531,
        0.8899186938124427,
        0.9639373480482499,
        1.0227541344770765,
        1.0654414772414944,
        1.0913261714459255,
        1.1,
        1.0913261714459255,
        1.0654414772414944,
        1.0227541344770765,
        0.9639373480482497,
        0.8899186938124419,
        0.8018654901635522,
        0.7011663887235586,
        0.589409474476896,
        0.46835722072157954,
        0.33991869381244166,
        0.2061194460442963,
        0.06906957148224466,
        -0.06906957148224496,
        -0.20611944604429758,
        -0.33991869381244183,
        -0.46835722072158065,
        -0.5894094744768963,
        -0.7011663887235596,
        -0.8018654901635531,
        -0.8899186938124422,
        -0.9639373480482504,
        -1.0227541344770765,
        -1.0654414772414948,
        -1.0913261714459255,
        -1.1
    ],
    "args": {
        "I_fc": [
            1.1
        ],
        "current_units": "mA",
        "cycles": 1.5,
        "d": 0.2,
        "directory": "/scratch/users/lbvh/py-tdgl/results/17223196/72",
        "dt_init": 1e-06,
        "fc_center": [
            0,
            0,
            1
        ],
        "fc_radius": 2.4,
        "field_units": "mT",
        "film_points": 4000,
        "film_radius": 15.0,
        "film_shape": "box",
        "film_smooth": 100,
        "gamma": 1.0,
        "index": 72,
        "lam": 1.35,
        "max_edge_length": 0.5,
        "pl_center": null,
        "pl_radius": 0.8,
        "points_per_cycle": 51.0,
        "save_every": 500,
        "screening": false,
        "seed_solutions": true,
        "slot_radius": 0.1,
        "slot_size": [
            2.0,
            50.0
        ],
        "slot_top_center_x": [
            -10.0,
            10.0,
            101.0
        ],
        "slot_top_center_y": [
            -1.0,
            -1.0,
            101.0
        ],
        "solve_time": [
            10000.0,
            2000.0
        ],
        "squid_angle": 180.0,
        "squid_iterations": 5,
        "squid_points": 4000,
        "squid_position": [
            0.0,
            0.0,
            0.5
        ],
        "squid_smooth": 100,
        "squid_type": "hypres-small",
        "xi": 0.9
    },
    "film_fluxoid": [
        -0.0009689572609816907,
        -0.0009610014851751577,
        -0.0009375279643044978,
        -0.000899242060107435,
        -0.0008468911262585333,
        -0.0007813449087448451,
        -0.0007036416962634355,
        -0.0006149945763959545,
        -0.0005167816234111568,
        -0.0004105285048773831,
        -0.00029788652065712026,
        -0.0001806075153799642,
        -6.051659882872126e-05,
        6.051659882780243e-05,
        0.00018060751538448766,
        0.0002978865206510154,
        0.0004105285048678591,
        0.0005167816234485461,
        0.0006149945764107618,
        0.0007036416963045532,
        0.0007813449087772161,
        0.0008468911262860627,
        0.0008992420600726829,
        0.0009375279643514286,
        0.0009610014851623648,
        0.0009689572609854721,
        0.0009610014851747514,
        0.0009375279643263729,
        0.0008992420600965724,
        0.0008468911262786778,
        0.0007813449087667556,
        0.0007036416962671639,
        0.0006149945764171936,
        0.0005167816234247979,
        0.0004105285048651733,
        0.00029788652065818044,
        0.00018060751538837502,
        6.0516598833174035e-05,
        -6.051659882789078e-05,
        -0.00018060751538625464,
        -0.00029788652065478787,
        -0.00041052850486452395,
        -0.0005167816234169879,
        -0.0006149945763928137,
        -0.0007036416962611562,
        -0.0007813449087614548,
        -0.00084689112628813,
        -0.0008992420600781959,
        -0.000937527964315559,
        -0.0009610014851581065,
        -0.0009689572609723964,
        -0.0009610014851528231,
        -0.0009375279643137567,
        -0.0008992420601011577,
        -0.0008468911262716088,
        -0.0007813449087584509,
        -0.0007036416962685775,
        -0.000614994576396732,
        -0.0005167816234172706,
        -0.00041052850489024665,
        -0.0002978865206439033,
        -0.00018060751537678368,
        -6.051659882709564e-05,
        6.051659883091231e-05,
        0.0001806075153783386,
        0.00029788652064437156,
        0.00041052850486835384,
        0.0005167816234372727,
        0.0006149945764064857,
        0.0007036416962662274,
        0.0007813449087789125,
        0.0008468911262527729,
        0.0008992420600721573,
        0.000937527964305982,
        0.0009610014852040655,
        0.0009689572610284095
    ],