{
    "I_fc": [
        1.5,
        1.4881720519717165,
        1.452874741692947,
        1.3946647288323768,
        1.3144600200657952,
        1.2135254915624214,
        1.0934529411321174,
        0.9561359846230344,
        0.8037401924684948,
        0.638668937347609,
        0.4635254915624213,
        0.2810719718785868,
        0.09418577929396993,
        -0.0941857792939701,
        -0.2810719718785873,
        -0.4635254915624214,
        -0.6386689373476091,
        -0.8037401924684952,
        -0.9561359846230344,
        -1.0934529411321174,
        -1.2135254915624212,
        -1.3144600200657954,
        -1.3946647288323772,
        -1.452874741692947,
        -1.4881720519717165,
        -1.5,
        -1.4881720519717165,
        -1.4528747416929468,
        -1.3946647288323768,
        -1.3144600200657952,
        -1.213525491562421,
        -1.0934529411321174,
        -0.9561359846230343,
        -0.8037401924684944,
        -0.6386689373476082,
        -0.4635254915624214,
        -0.281071971878587,
        -0.09418577929396979,
        0.09418577929397058,
        0.28107197187858773,
        0.46352549156242095,
        0.638668937347609,
        0.803740192468495,
        0.9561359846230348,
        1.0934529411321179,
        1.2135254915624218,
        1.3144600200657952,
        1.394664728832377,
        1.452874741692947,
        1.4881720519717165,
        1.5,
        1.4881720519717165,
        1.4528747416929468,
        1.3946647288323768,
        1.3144600200657948,
        1.2135254915624207,
        1.0934529411321168,
        0.9561359846230344,
        0.8037401924684945,
        0.6386689373476084,
        0.4635254915624204,
        0.28107197187858585,
        0.09418577929396998,
        -0.0941857792939704,
        -0.28107197187858757,
        -0.4635254915624207,
        -0.6386689373476099,
        -0.8037401924684948,
        -0.9561359846230357,
        -1.0934529411321179,
        -1.213525491562421,
        -1.3144600200657959,
        -1.394664728832377,
        -1.4528747416929473,
        -1.4881720519717165,
        -1.5
    ],
    "args": {
        "I_fc": [
            1.5
        ],
        "current_units": "mA",
        "cycles": 1.5,
        "d": 0.2,
        "directory": "/scratch/users/lbvh/py-tdgl/results/17223933/21",
        "dt_init": 1e-06,
        "fc_center": [
            0,
            0,
            1
        ],
        "fc_radius": 2.4,
        "field_units": "mT",
        "film_points": 4000,
        "film_radius": 15.0,
        "film_shape": "box",
        "film_smooth": 100,
        "gamma": 1.0,
        "index": 21,
        "lam": 1.35,
        "max_edge_length": 0.5,
        "pl_center": null,
        "pl_radius": 0.8,
        "points_per_cycle": 51.0,
        "save_every": 500,
        "screening": false,
        "seed_solutions": true,
        "slot_radius": 0.1,
        "slot_size": [
            2.0,
            50.0
        ],
        "slot_top_center_x": [
            -10.0,
            10.0,
            101.0
        ],
        "slot_top_center_y": [
            5.0,
            5.0,
            101.0
        ],
        "solve_time": [
            10000.0,
            2000.0
        ],
        "squid_angle": 180.0,
        "squid_iterations": 5,
        "squid_points": 4000,
        "squid_position": [
            0.0,
            0.0,
            0.5
        ],
        "squid_smooth": 100,
        "squid_type": "hypres-small",
        "xi": 0.9
    },
    "film_fluxoid": [
        0.9998941456240272,
        0.9998949801903702,
        0.9998974707288475,
        0.9999015779665732,
        0.999907237140337,
        0.99991435902024,
        0.9999228313183264,
        0.999932520462239,
        0.9999432737152188,
        0.9999549216681246,
        -3.270741666643236e-05,
        -1.983306925852468e-05,
        -6.645958503076049e-06,
        6.645958503040709e-06,
        1.983306925852965e-05,
        3.270741666636168e-05,
        4.506598395340704e-05,
        5.671390315182145e-05,
        6.746754287509379e-05,
        7.715747455158553e-05,
        -0.9999143590202398,
        -0.999907237140337,
        -0.9999015779665732,
        -0.9998974707288475,
        -0.9998949801903704,
        -0.9998941456240272,
        -0.9998949801903702,
        -0.9998974707288476,
        -0.9999015779665734,
        -0.999907237140337,
        -0.9999143590202398,
        -0.9999228313183262,
        -0.9999325204622388,
        -0.9999432737152187,
        -0.9999549216681246,
        3.270741666643236e-05,
        1.983306925852468e-05,
        6.645958503093718e-06,
        -6.645958503093718e-06,
        -1.983306925856002e-05,
        -3.270741666643236e-05,
        -4.5065983953424716e-05,
        -5.671390315182145e-05,
        -6.746754287515233e-05,
        -7.715747455144417e-05,
        0.9999143590202402,
        0.999907237140337,
        0.9999015779665734,
        0.9998974707288475,
        0.9998949801903705,
        0.9998941456240271,
        0.9998949801903704,
        0.9998974707288475,
        0.9999015779665732,
        0.9999072371403371,
        0.99991435902024,
        0.9999228313183264,
        0.9999325204622389,
        0.999943273715219,
        0.9999549216681245,
        -3.270741666650304e-05,
        -1.983306925856002e-05,
        -6.645958503083779e-06,
        6.645958503093718e-06,
        1.983306925854235e-05,
        3.270741666650304e-05,
        4.506598395340704e-05,
        5.6713903151892124e-05,
        6.746754287508165e-05,
        7.715747455158553e-05,
        -0.9999143590202402,
        -0.999907237140337,
        -0.9999015779665732,
        -0.9998974707288476,
        -0.9998949801903704,
        -0.9998941456240272
    ],