{
    "I_fc": [
        1.0,
        0.9921147013144777,
        0.9685831611286313,
        0.9297764858882512,
        0.8763066800438635,
        0.8090169943749476,
        0.7289686274214117,
        0.6374239897486896,
        0.5358267949789965,
        0.42577929156507266,
        0.3090169943749475,
        0.18738131458572452,
        0.06279051952931329,
        -0.0627905195293134,
        -0.18738131458572485,
        -0.3090169943749476,
        -0.42577929156507277,
        -0.5358267949789968,
        -0.6374239897486896,
        -0.7289686274214117,
        -0.8090169943749475,
        -0.8763066800438636,
        -0.9297764858882515,
        -0.9685831611286313,
        -0.9921147013144777,
        -1.0,
        -0.9921147013144777,
        -0.9685831611286312,
        -0.9297764858882512,
        -0.8763066800438635,
        -0.8090169943749473,
        -0.7289686274214117,
        -0.6374239897486895,
        -0.5358267949789962,
        -0.42577929156507216,
        -0.3090169943749476,
        -0.18738131458572466,
        -0.0627905195293132,
        0.06279051952931372,
        0.18738131458572516,
        0.3090169943749473,
        0.42577929156507266,
        0.5358267949789967,
        0.6374239897486899,
        0.7289686274214119,
        0.8090169943749479,
        0.8763066800438635,
        0.9297764858882513,
        0.9685831611286313,
        0.9921147013144777,
        1.0,
        0.9921147013144777,
        0.9685831611286312,
        0.9297764858882512,
        0.8763066800438633,
        0.8090169943749471,
        0.7289686274214111,
        0.6374239897486896,
        0.5358267949789963,
        0.42577929156507227,
        0.30901699437494695,
        0.1873813145857239,
        0.06279051952931332,
        -0.0627905195293136,
        -0.18738131458572505,
        -0.3090169943749471,
        -0.42577929156507327,
        -0.5358267949789965,
        -0.6374239897486905,
        -0.7289686274214119,
        -0.8090169943749473,
        -0.8763066800438639,
        -0.9297764858882513,
        -0.9685831611286315,
        -0.9921147013144777,
        -1.0
    ],
    "args": {
        "I_fc": [
            1.0
        ],
        "current_units": "mA",
        "cycles": 1.5,
        "d": 0.2,
        "directory": "/scratch/users/lbvh/py-tdgl/results/17223170/36",
        "dt_init": 1e-06,
        "fc_center": [
            0,
            0,
            1
        ],
        "fc_radius": 2.4,
        "field_units": "mT",
        "film_points": 4000,
        "film_radius": 15.0,
        "film_shape": "box",
        "film_smooth": 100,
        "gamma": 1.0,
        "index": 36,
        "lam": 1.35,
        "max_edge_length": 0.5,
        "pl_center": null,
        "pl_radius": 0.8,
        "points_per_cycle": 51.0,
        "save_every": 500,
        "screening": false,
        "seed_solutions": true,
        "slot_radius": 0.1,
        "slot_size": [
            2.0,
            50.0
        ],
        "slot_top_center_x": [
            -10.0,
            10.0,
            101.0
        ],
        "slot_top_center_y": [
            -1.0,
            -1.0,
            101.0
        ],
        "solve_time": [
            10000.0,
            2000.0
        ],
        "squid_angle": 180.0,
        "squid_iterations": 5,
        "squid_points": 4000,
        "squid_position": [
            0.0,
            0.0,
            0.5
        ],
        "squid_smooth": 100,
        "squid_type": "hypres-small",
        "xi": 0.9
    },
    "film_fluxoid": [
        0.9991969080632588,
        0.9992032246079933,
        0.9992220759471642,
        0.9992531702129783,
        0.9992960352538974,
        -0.0006480656342697045,
        -0.0005838409042964684,
        -0.0005104529036986461,
        -0.0004290482237220118,
        -0.000340903401110812,
        -0.00024740234191876845,
        -0.00015001378544874673,
        -5.026790533768597e-05,
        5.0267905337641794e-05,
        0.00015001378544885716,
        0.00024740234191905115,
        0.0003409034011114481,
        0.00042904822371907865,
        0.0005104529036974092,
        0.0005838409042947721,
        0.0006480656342696692,
        0.0007021404475861375,
        -0.999253170212984,
        -0.9992220759471696,
        -0.999203224607989,
        -0.9991969080632491,
        -0.9992032246079829,
        -0.9992220759471583,
        -0.9992531702129798,
        -0.999296035253895,
        0.0006480656342708355,
        0.0005838409042964684,
        0.0005104529036984695,
        0.0004290482237215877,
        0.0003409034011115541,
        0.0002474023419195459,
        0.0001500137854484331,
        5.026790533779198e-05,
        -5.0267905338039364e-05,
        -0.00015001378544991735,
        -0.0002474023419202174,
        -0.0003409034011114481,
        -0.0004290482237209243,
        -0.0005104529036991409,
        -0.0005838409042949134,
        -0.0006480656342697045,
        -0.0007021404475854307,
        0.9992531702129794,
        0.9992220759471662,
        0.999203224607988,
        0.9991969080632508,
        0.999203224607991,
        0.999222075947166,
        0.9992531702129794,
        0.9992960352538991,
        -0.0006480656342703406,
        -0.0005838409042957263,
        -0.0005104529036993352,
        -0.000429048223719326,
        -0.0003409034011116601,
        -0.0002474023419196166,
        -0.0001500137854494767,
        -5.0267905338039364e-05,
        5.026790533753577e-05,
        0.00015001378544899851,
        0.00024740234191975794,
        0.00034090340111127135,
        0.00042904822372112834,
        0.0005104529036971972,
        0.0005838409042962563,
        0.0006480656342709767,
        0.0007021404475855721,
        -0.9992531702129815,
        -0.9992220759471668,
        -0.9992032246079935,
        -0.9991969080632487
    ],