{
    "I_fc": [
        0.5,
        0.49605735065723894,
        0.48429158056431554,
        0.4648882429441257,
        0.4381533400219318,
        0.4045084971874737,
        0.3644843137107058,
        0.3187119948743448,
        0.2679133974894983,
        0.21288964578253633,
        0.15450849718747373,
        0.09369065729286226,
        0.03139525976465665,
        -0.0313952597646567,
        -0.09369065729286241,
        -0.15450849718747378,
        -0.21288964578253636,
        -0.26791339748949844,
        -0.3187119948743449,
        -0.36448431371070583,
        -0.40450849718747367,
        -0.4381533400219318,
        -0.46488824294412573,
        -0.48429158056431554,
        -0.49605735065723894,
        -0.5,
        -0.49605735065723894,
        -0.48429158056431554,
        -0.4648882429441256,
        -0.43815334002193174,
        -0.4045084971874736,
        -0.3644843137107058,
        -0.31871199487434476,
        -0.26791339748949816,
        -0.21288964578253608,
        -0.15450849718747378,
        -0.09369065729286231,
        -0.031395259764656604,
        0.03139525976465686,
        0.09369065729286256,
        0.15450849718747361,
        0.2128896457825363,
        0.2679133974894984,
        0.318711994874345,
        0.36448431371070594,
        0.4045084971874739,
        0.4381533400219318,
        0.46488824294412573,
        0.4842915805643156,
        0.49605735065723894,
        0.5,
        0.49605735065723894,
        0.48429158056431554,
        0.4648882429441257,
        0.4381533400219317,
        0.4045084971874735,
        0.3644843137107055,
        0.3187119948743448,
        0.2679133974894982,
        0.21288964578253614,
        0.15450849718747342,
        0.09369065729286194,
        0.03139525976465666,
        -0.0313952597646568,
        -0.09369065729286251,
        -0.15450849718747356,
        -0.21288964578253666,
        -0.26791339748949833,
        -0.31871199487434526,
        -0.3644843137107059,
        -0.4045084971874736,
        -0.43815334002193196,
        -0.46488824294412573,
        -0.4842915805643157,
        -0.49605735065723894,
        -0.5
    ],
    "args": {
        "I_fc": [
            0.5,
            10.0,
            201.0
        ],
        "current_units": "mA",
        "cycles": 1.5,
        "d": 0.2,
        "directory": "/scratch/users/lbvh/py-tdgl/results/14122470/0",
        "dt_init": 1e-06,
        "fc_center": [
            0,
            0,
            1
        ],
        "fc_radius": 2.4,
        "field_units": "mT",
        "film_points": 4000,
        "film_radius": 15.0,
        "film_shape": "box",
        "film_smooth": 100,
        "gamma": 1.0,
        "index": 0,
        "lam": 1.35,
        "max_edge_length": 0.5,
        "pl_center": null,
        "pl_radius": 0.8,
        "points_per_cycle": 51.0,
        "save_every": 500,
        "screening": false,
        "seed_solutions": true,
        "slot_radius": 0,
        "slot_size": null,
        "slot_top_center_x": null,
        "slot_top_center_y": null,
        "solve_time": [
            20000.0,
            2000.0
        ],
        "squid_angle": 0,
        "squid_iterations": 5,
        "squid_points": 4000,
        "squid_position": [
            0.0,
            0.0,
            0.5
        ],
        "squid_smooth": 100,
        "squid_type": "hypres-small",
        "xi": 0.9
    },
    "film_fluxoid": [
        -0.00020362422634869184,
        -0.00020201819657211028,
        -0.0001972254934476071,
        -0.00018932186059426995,
        -0.0001784321877287855,
        -0.0001647284951382724,
        -0.0001484271878133336,
        -0.00012978559671050606,
        -0.00010909788741749264,
        -8.669039655713667e-05,
        -6.291647962112635e-05,
        -3.8150940182723306e-05,
        -1.2784138046826054e-05,
        1.2784137949642439e-05,
        3.81509400683647e-05,
        6.291647995115307e-05,
        8.669039661844186e-05,
        0.00010909788736231002,
        0.0001297855968980881,
        0.0001484271879111533,
        0.00016472849522619707,
        0.00017843218705343003,
        0.0001893218609910265,
        0.00019722549310188082,
        0.0002020181965428315,
        0.00020362422654694642,
        0.00020201819626817295,
        0.0001972254933319056,
        0.00018932186058935778,
        0.00017843218747610809,
        0.0001647284952038625,
        0.00014842718815893507,
        0.00012978559648376783,
        0.00010909788689088115,
        8.669039668012695e-05,
        6.291647981941626e-05,
        3.815094041773096e-05,
        1.2784138141500566e-05,
        -1.2784138034174514e-05,
        -3.815094000822129e-05,
        -6.291647965554702e-05,
        -8.669039659200792e-05,
        -0.00010909788698785272,
        -0.00012978559699576315,
        -0.00014842718816658718,
        -0.00016472849550795888,
        -0.0001784321877873077,
        -0.00018932186065922396,
        -0.00019722549343502625,
        -0.00020201819610384428,
        -0.00020362422606689468,
        -0.0002020181967483837,
        -0.00019722549308855784,
        -0.00018932186155263292,
        -0.000178432187372422,
        -0.00016472849512067333,
        -0.0001484271879998201,
        -0.00012978559657466103,
        -0.00010909788692722782,
        -8.669039662151639e-05,
        -6.291647967272201e-05,
        -3.815094025375569e-05,
        -1.27841380843566e-05,
        1.2784138029863096e-05,
        3.815094018724676e-05,
        6.291647969855519e-05,
        8.66903965796921e-05,
        0.00010909788710037367,
        0.00012978559662964927,
        0.000148427187817645,
        0.00016472849499606627,
        0.0001784321871930652,
        0.00018932186144733005,
        0.0001972254935537316,
        0.00020201819677826324,
        0.00020362422573376693
    ],