{
    "I_fc": [
        1.2,
        1.1905376415773734,
        1.1622997933543573,
        1.1157317830659015,
        1.0515680160526362,
        0.9708203932499369,
        0.8747623529056938,
        0.7649087876984275,
        0.6429921539747958,
        0.5109351498780872,
        0.37082039324993693,
        0.22485757750286942,
        0.07534862343517597,
        -0.07534862343517608,
        -0.22485757750286978,
        -0.37082039324993704,
        -0.5109351498780872,
        -0.6429921539747963,
        -0.7649087876984276,
        -0.8747623529056939,
        -0.9708203932499367,
        -1.0515680160526362,
        -1.1157317830659017,
        -1.1622997933543573,
        -1.1905376415773734,
        -1.2,
        -1.1905376415773734,
        -1.1622997933543573,
        -1.1157317830659015,
        -1.0515680160526362,
        -0.9708203932499366,
        -0.8747623529056938,
        -0.7649087876984274,
        -0.6429921539747956,
        -0.5109351498780865,
        -0.37082039324993704,
        -0.22485757750286955,
        -0.07534862343517584,
        0.07534862343517647,
        0.22485757750287014,
        0.37082039324993665,
        0.5109351498780871,
        0.6429921539747961,
        0.764908787698428,
        0.8747623529056943,
        0.9708203932499373,
        1.0515680160526362,
        1.1157317830659017,
        1.1622997933543573,
        1.1905376415773734,
        1.2,
        1.1905376415773734,
        1.1622997933543573,
        1.1157317830659015,
        1.051568016052636,
        0.9708203932499364,
        0.8747623529056932,
        0.7649087876984275,
        0.6429921539747957,
        0.5109351498780867,
        0.3708203932499362,
        0.22485757750286864,
        0.07534862343517598,
        -0.07534862343517632,
        -0.22485757750287003,
        -0.37082039324993654,
        -0.510935149878088,
        -0.6429921539747959,
        -0.7649087876984286,
        -0.8747623529056942,
        -0.9708203932499366,
        -1.0515680160526366,
        -1.1157317830659017,
        -1.1622997933543577,
        -1.1905376415773734,
        -1.2
    ],
    "args": {
        "I_fc": [
            1.2
        ],
        "current_units": "mA",
        "cycles": 1.5,
        "d": 0.2,
        "directory": "/scratch/users/lbvh/py-tdgl/results/17298299/93",
        "dt_init": 1e-06,
        "fc_center": [
            0,
            0,
            1
        ],
        "fc_radius": 2.4,
        "field_units": "mT",
        "film_points": 4000,
        "film_radius": 15.0,
        "film_shape": "box",
        "film_smooth": 100,
        "gamma": 1.0,
        "index": 93,
        "lam": 1.35,
        "max_edge_length": 0.5,
        "pl_center": null,
        "pl_radius": 0.8,
        "points_per_cycle": 51.0,
        "save_every": 500,
        "screening": false,
        "seed_solutions": true,
        "slot_radius": 0.1,
        "slot_size": [
            2.0,
            50.0
        ],
        "slot_top_center_x": [
            -10.0,
            10.0,
            101.0
        ],
        "slot_top_center_y": [
            -1.0,
            -1.0,
            101.0
        ],
        "solve_time": [
            10000.0,
            2000.0
        ],
        "squid_angle": 180.0,
        "squid_iterations": 5,
        "squid_points": 4000,
        "squid_position": [
            0.0,
            0.0,
            0.5
        ],
        "squid_smooth": 100,
        "squid_type": "hypres-small",
        "xi": 0.9
    },
    "film_fluxoid": [
        -0.0006726119571042331,
        -0.0006673226184546704,
        -0.0006515352994918992,
        -0.0006254915241930098,
        -0.0005895916803671248,
        -0.0005443910310699752,
        -0.0004905930241027892,
        -0.0004290395251291518,
        -0.00036069801970379714,
        -0.00028664617361120364,
        -0.00020805427903691453,
        -0.00012616611989226572,
        -4.227871077131104e-05,
        4.227871077468596e-05,
        0.00012616611987593005,
        0.00020805427910460734,
        0.0002866461735486704,
        0.00036069801974111565,
        0.00042903952505426735,
        0.0004905930242332307,
        0.0005443910311571357,
        0.0005895916803324215,
        0.0006254915244017601,
        0.0006515352996369326,
        0.0006673226183778777,
        0.0006726119572322329,
        0.0006673226184145247,
        0.0006515352995155768,
        0.0006254915240635965,
        0.0005895916803164127,
        0.0005443910310071637,
        0.0004905930242977219,
        0.00042903952512681934,
        0.00036069801967524283,
        0.0002866461734843878,
        0.00020805427907546992,
        0.00012616611988070086,
        4.227871079159591e-05,
        -4.2278710775887505e-05,
        -0.00012616611987282015,
        -0.00020805427903048274,
        -0.0002866461735549608,
        -0.0003606980196770098,
        -0.00042903952515689327,
        -0.0004905930243397626,
        -0.0005443910310808024,
        -0.0005895916804377332,
        -0.0006254915244932894,
        -0.000651535299425143,
        -0.0006673226184926957,
        -0.0006726119571866802,
        -0.0006673226184937559,
        -0.0006515352995422404,
        -0.0006254915240717246,
        -0.0005895916805322664,
        -0.0005443910312837748,
        -0.0004905930243357118,
        -0.000429039525118974,
        -0.00036069801972238573,
        -0.0002866461735497659,
        -0.00020805427902942256,
        -0.00012616611989162079,
        -4.22787107659041e-05,
        4.227871077890903e-05,
        0.0001261661199585891,
        0.00020805427908858086,
        0.00028664617354379353,
        0.0003606980197449323,
        0.00042903952520096164,
        0.0004905930241425815,
        0.000544391031156747,
        0.0005895916804897176,
        0.0006254915242402233,
        0.0006515352994854322,
        0.0006673226187134262,
        0.0006726119572716717
    ],