{
    "I_fc": [
        1.2,
        1.1905376415773734,
        1.1622997933543573,
        1.1157317830659015,
        1.0515680160526362,
        0.9708203932499369,
        0.8747623529056938,
        0.7649087876984275,
        0.6429921539747958,
        0.5109351498780872,
        0.37082039324993693,
        0.22485757750286942,
        0.07534862343517597,
        -0.07534862343517608,
        -0.22485757750286978,
        -0.37082039324993704,
        -0.5109351498780872,
        -0.6429921539747963,
        -0.7649087876984276,
        -0.8747623529056939,
        -0.9708203932499367,
        -1.0515680160526362,
        -1.1157317830659017,
        -1.1622997933543573,
        -1.1905376415773734,
        -1.2,
        -1.1905376415773734,
        -1.1622997933543573,
        -1.1157317830659015,
        -1.0515680160526362,
        -0.9708203932499366,
        -0.8747623529056938,
        -0.7649087876984274,
        -0.6429921539747956,
        -0.5109351498780865,
        -0.37082039324993704,
        -0.22485757750286955,
        -0.07534862343517584,
        0.07534862343517647,
        0.22485757750287014,
        0.37082039324993665,
        0.5109351498780871,
        0.6429921539747961,
        0.764908787698428,
        0.8747623529056943,
        0.9708203932499373,
        1.0515680160526362,
        1.1157317830659017,
        1.1622997933543573,
        1.1905376415773734,
        1.2,
        1.1905376415773734,
        1.1622997933543573,
        1.1157317830659015,
        1.051568016052636,
        0.9708203932499364,
        0.8747623529056932,
        0.7649087876984275,
        0.6429921539747957,
        0.5109351498780867,
        0.3708203932499362,
        0.22485757750286864,
        0.07534862343517598,
        -0.07534862343517632,
        -0.22485757750287003,
        -0.37082039324993654,
        -0.510935149878088,
        -0.6429921539747959,
        -0.7649087876984286,
        -0.8747623529056942,
        -0.9708203932499366,
        -1.0515680160526366,
        -1.1157317830659017,
        -1.1622997933543577,
        -1.1905376415773734,
        -1.2
    ],
    "args": {
        "I_fc": [
            1.2
        ],
        "current_units": "mA",
        "cycles": 1.5,
        "d": 0.2,
        "directory": "/scratch/users/lbvh/py-tdgl/results/17298299/8",
        "dt_init": 1e-06,
        "fc_center": [
            0,
            0,
            1
        ],
        "fc_radius": 2.4,
        "field_units": "mT",
        "film_points": 4000,
        "film_radius": 15.0,
        "film_shape": "box",
        "film_smooth": 100,
        "gamma": 1.0,
        "index": 8,
        "lam": 1.35,
        "max_edge_length": 0.5,
        "pl_center": null,
        "pl_radius": 0.8,
        "points_per_cycle": 51.0,
        "save_every": 500,
        "screening": false,
        "seed_solutions": true,
        "slot_radius": 0.1,
        "slot_size": [
            2.0,
            50.0
        ],
        "slot_top_center_x": [
            -10.0,
            10.0,
            101.0
        ],
        "slot_top_center_y": [
            -1.0,
            -1.0,
            101.0
        ],
        "solve_time": [
            10000.0,
            2000.0
        ],
        "squid_angle": 180.0,
        "squid_iterations": 5,
        "squid_points": 4000,
        "squid_position": [
            0.0,
            0.0,
            0.5
        ],
        "squid_smooth": 100,
        "squid_type": "hypres-small",
        "xi": 0.9
    },
    "film_fluxoid": [
        -0.0002216990719439238,
        -0.00021995087746978008,
        -0.00021473387005358638,
        -0.0002061303411377257,
        -0.00019427599559598103,
        -0.0001793578066170445,
        -0.0001616110629047888,
        -0.00014131565548324972,
        -0.00011879166264132673,
        -9.439430225223231e-05,
        -6.850833061816943e-05,
        -4.1541975815095354e-05,
        -1.39205009897728e-05,
        1.3920500989843478e-05,
        4.154197581516604e-05,
        6.85083306182401e-05,
        9.439430225207328e-05,
        0.00011879166264118978,
        0.00014131565548335573,
        0.00016161106290500085,
        0.00017935780661714168,
        0.00019427599559605172,
        0.00020613034113761084,
        0.00021473387005340968,
        0.00021995087746999213,
        0.0002216990719432347,
        0.00021995087746953272,
        0.000214733870053339,
        0.00020613034113786704,
        0.00019427599559630792,
        0.00017935780661735372,
        0.00016161106290536308,
        0.00014131565548335573,
        0.00011879166264130906,
        9.439430225214396e-05,
        6.850833061818709e-05,
        4.154197581511303e-05,
        1.3920500989843478e-05,
        -1.3920500989845135e-05,
        -4.1541975815201376e-05,
        -6.85083306182401e-05,
        -9.439430225213182e-05,
        -0.00011879166264139741,
        -0.00014131565548336898,
        -0.00016161106290528356,
        -0.00017935780661714168,
        -0.00019427599559608706,
        -0.0002061303411380084,
        -0.0002147338700534362,
        -0.00021995087746999213,
        -0.00022169907194362343,
        -0.00021995087746970942,
        -0.00021473387005319764,
        -0.00020613034113784053,
        -0.00019427599559633442,
        -0.0001793578066173714,
        -0.00016161106290500085,
        -0.00014131565548328507,
        -0.00011879166264139741,
        -9.439430225189658e-05,
        -6.85083306182401e-05,
        -4.154197581516604e-05,
        -1.3920500989914158e-05,
        1.39205009897728e-05,
        4.1541975815236714e-05,
        6.850833061815838e-05,
        9.439430225221464e-05,
        0.0001187916626411942,
        0.00014131565548328507,
        0.00016161106290498318,
        0.00017935780661745973,
        0.00019427599559608706,
        0.00020613034113779635,
        0.0002147338700529856,
        0.00021995087747011583,
        0.00022169907194330538
    ],