{
    "I_fc": [
        1.75,
        1.7362007273003364,
        1.6950205319751044,
        1.62710885030444,
        1.5335366900767613,
        1.415779740156158,
        1.2756950979874702,
        1.115491982060207,
        0.937696891213244,
        0.7451137602388771,
        0.540779740156158,
        0.3279173005250179,
        0.10988340917629828,
        -0.10988340917629845,
        -0.32791730052501844,
        -0.5407797401561583,
        -0.7451137602388772,
        -0.9376968912132445,
        -1.115491982060207,
        -1.2756950979874704,
        -1.4157797401561578,
        -1.5335366900767613,
        -1.62710885030444,
        -1.6950205319751044,
        -1.7362007273003364,
        -1.75,
        -1.7362007273003364,
        -1.6950205319751044,
        -1.6271088503044397,
        -1.533536690076761,
        -1.4157797401561576,
        -1.2756950979874702,
        -1.1154919820602067,
        -0.9376968912132435,
        -0.7451137602388763,
        -0.5407797401561583,
        -0.3279173005250181,
        -0.10988340917629812,
        0.10988340917629902,
        0.327917300525019,
        0.5407797401561576,
        0.7451137602388771,
        0.9376968912132444,
        1.1154919820602074,
        1.2756950979874708,
        1.4157797401561587,
        1.5335366900767613,
        1.62710885030444,
        1.6950205319751046,
        1.7362007273003364,
        1.75,
        1.7362007273003364,
        1.6950205319751044,
        1.62710885030444,
        1.5335366900767609,
        1.4157797401561574,
        1.2756950979874693,
        1.115491982060207,
        0.9376968912132437,
        0.7451137602388764,
        0.5407797401561569,
        0.3279173005250168,
        0.10988340917629831,
        -0.1098834091762988,
        -0.3279173005250188,
        -0.5407797401561575,
        -0.7451137602388783,
        -0.9376968912132442,
        -1.1154919820602085,
        -1.2756950979874706,
        -1.4157797401561576,
        -1.5335366900767617,
        -1.62710885030444,
        -1.695020531975105,
        -1.7362007273003364,
        -1.75
    ],
    "args": {
        "I_fc": [
            1.75
        ],
        "current_units": "mA",
        "cycles": 1.5,
        "d": 0.2,
        "directory": "/scratch/users/lbvh/py-tdgl/results/17223199/78",
        "dt_init": 1e-06,
        "fc_center": [
            0,
            0,
            1
        ],
        "fc_radius": 2.4,
        "field_units": "mT",
        "film_points": 4000,
        "film_radius": 15.0,
        "film_shape": "box",
        "film_smooth": 100,
        "gamma": 1.0,
        "index": 78,
        "lam": 1.35,
        "max_edge_length": 0.5,
        "pl_center": null,
        "pl_radius": 0.8,
        "points_per_cycle": 51.0,
        "save_every": 500,
        "screening": false,
        "seed_solutions": true,
        "slot_radius": 0.1,
        "slot_size": [
            2.0,
            50.0
        ],
        "slot_top_center_x": [
            -10.0,
            10.0,
            101.0
        ],
        "slot_top_center_y": [
            -1.0,
            -1.0,
            101.0
        ],
        "solve_time": [
            10000.0,
            2000.0
        ],
        "squid_angle": 180.0,
        "squid_iterations": 5,
        "squid_points": 4000,
        "squid_position": [
            0.0,
            0.0,
            0.5
        ],
        "squid_smooth": 100,
        "squid_type": "hypres-small",
        "xi": 0.9
    },
    "film_fluxoid": [
        0.9984731699653926,
        0.9984848138538371,
        0.9985195571328092,
        0.9985768408439359,
        0.9986557511638997,
        0.9987550394538796,
        0.9988731443251591,
        0.9990082167956359,
        0.9991581513717597,
        0.9993206304327943,
        0.9994932316635239,
        0.9996752933752895,
        -9.267077788402331e-05,
        9.267077787843967e-05,
        0.00027657048517010626,
        0.00045617085836102054,
        0.0006286948591858861,
        0.0007915083096924079,
        0.000942213388736656,
        0.001078923829462205,
        -0.9987550394536605,
        -0.9986557511637879,
        -0.9985768408438767,
        -0.9985195571328149,
        -0.9984848138538203,
        -0.9984731699654837,
        -0.9984848138538984,
        -0.9985195571327834,
        -0.9985768408437549,
        -0.9986557511639029,
        -0.9987550394537961,
        -0.9988731443254248,
        -0.9990082167955657,
        -0.9991581513717405,
        -0.9993206304324724,
        -0.9994932316637697,
        -0.99967529337501,
        9.267077786154298e-05,
        -9.267077788183228e-05,
        -0.00027657048519813933,
        -0.0004561708583218291,
        -0.0006286948592772034,
        -0.0007915083097377485,
        -0.0009422133887234743,
        -0.0010789238293496663,
        0.9987550394539845,
        0.9986557511638819,
        0.9985768408438438,
        0.9985195571326775,
        0.9984848138539061,
        0.9984731699654004,
        0.998484813853914,
        0.9985195571328229,
        0.9985768408438461,
        0.998655751163819,
        0.9987550394537658,
        0.9988731443251536,
        0.9990082167956017,
        0.9991581513716394,
        0.9993206304327471,
        0.9994932316636032,
        0.9996752933752497,
        -9.267077787540048e-05,
        9.26707778733508e-05,
        0.00027657048517827854,
        0.0004561708583205568,
        0.0006286948592619721,
        0.000791508309822899,
        0.0009422133886022245,
        0.0010789238294032057,
        -0.998755039453886,
        -0.9986557511637674,
        -0.9985768408437362,
        -0.9985195571328634,
        -0.9984848138538847,
        -0.9984731699653723
    ],