{
    "I_fc": [
        1.5,
        1.4881720519717168,
        1.4528747416929466,
        1.394664728832377,
        1.3144600200657954,
        1.2135254915624212,
        1.0934529411321172,
        0.9561359846230344,
        0.8037401924684948,
        0.638668937347609,
        0.4635254915624212,
        0.2810719718785868,
        0.09418577929396996,
        -0.0941857792939701,
        -0.28107197187858723,
        -0.46352549156242134,
        -0.6386689373476091,
        -0.8037401924684953,
        -0.9561359846230346,
        -1.0934529411321174,
        -1.213525491562421,
        -1.3144600200657954,
        -1.3946647288323772,
        -1.4528747416929466,
        -1.4881720519717168,
        -1.5,
        -1.4881720519717168,
        -1.4528747416929466,
        -1.3946647288323768,
        -1.3144600200657952,
        -1.2135254915624207,
        -1.0934529411321172,
        -0.9561359846230343,
        -0.8037401924684945,
        -0.6386689373476082,
        -0.46352549156242134,
        -0.28107197187858696,
        -0.09418577929396982,
        0.09418577929397058,
        0.2810719718785877,
        0.46352549156242084,
        0.6386689373476089,
        0.8037401924684952,
        0.956135984623035,
        1.0934529411321179,
        1.2135254915624216,
        1.3144600200657954,
        1.3946647288323772,
        1.4528747416929468,
        1.4881720519717168,
        1.5,
        1.4881720519717168,
        1.4528747416929466,
        1.394664728832377,
        1.314460020065795,
        1.2135254915624205,
        1.0934529411321166,
        0.9561359846230344,
        0.8037401924684946,
        0.6386689373476084,
        0.4635254915624203,
        0.2810719718785858,
        0.09418577929396998,
        -0.0941857792939704,
        -0.2810719718785875,
        -0.4635254915624207,
        -0.63866893734761,
        -0.803740192468495,
        -0.9561359846230357,
        -1.0934529411321177,
        -1.2135254915624207,
        -1.3144600200657959,
        -1.3946647288323772,
        -1.452874741692947,
        -1.4881720519717168,
        -1.5
    ],
    "args": {
        "I_fc": [
            1.5
        ],
        "current_units": "mA",
        "cycles": 1.5,
        "d": 0.2,
        "directory": "/scratch/users/lbvh/py-tdgl/results/17223198/21",
        "dt_init": 1e-06,
        "fc_center": [
            0,
            0,
            1
        ],
        "fc_radius": 2.4,
        "field_units": "mT",
        "film_points": 4000,
        "film_radius": 15.0,
        "film_shape": "box",
        "film_smooth": 100,
        "gamma": 1.0,
        "index": 21,
        "lam": 1.35,
        "max_edge_length": 0.5,
        "pl_center": null,
        "pl_radius": 0.8,
        "points_per_cycle": 51.0,
        "save_every": 500,
        "screening": false,
        "seed_solutions": true,
        "slot_radius": 0.1,
        "slot_size": [
            2.0,
            50.0
        ],
        "slot_top_center_x": [
            -10.0,
            10.0,
            101.0
        ],
        "slot_top_center_y": [
            -1.0,
            -1.0,
            101.0
        ],
        "solve_time": [
            10000.0,
            2000.0
        ],
        "squid_angle": 180.0,
        "squid_iterations": 5,
        "squid_points": 4000,
        "squid_position": [
            0.0,
            0.0,
            0.5
        ],
        "squid_smooth": 100,
        "squid_type": "hypres-small",
        "xi": 0.9
    },
    "film_fluxoid": [
        0.9998532945569533,
        0.9998544456615897,
        0.9998578806502632,
        0.9998635448986543,
        0.9998713484964231,
        0.999881167829979,
        0.999892847646839,
        0.9999062035342463,
        0.9999210247331922,
        0.9999370770922297,
        0.9999541060374791,
        -2.7345011940138148e-05,
        -9.162879780180366e-06,
        9.162879778285286e-06,
        2.7345011943800204e-05,
        4.509858401677555e-05,
        6.214562815137805e-05,
        7.821983032805701e-05,
        9.30716234831392e-05,
        0.00010647634941694164,
        -0.999881167829985,
        -0.999871348496408,
        -0.9998635448986445,
        -0.9998578806502849,
        -0.9998544456616058,
        -0.999853294556963,
        -0.9998544456616059,
        -0.9998578806502748,
        -0.999863544898659,
        -0.9998713484964108,
        -0.9998811678299925,
        -0.9998928476468324,
        -0.9999062035342481,
        -0.999921024733192,
        -0.9999370770922249,
        -0.9999541060374717,
        2.7345011945072427e-05,
        9.162879778166015e-06,
        -9.162879779685613e-06,
        -2.734501193839326e-05,
        -4.509858402652925e-05,
        -6.214562812434333e-05,
        -7.8219830324152e-05,
        -9.30716234892441e-05,
        -0.00010647634939338788,
        0.9998811678299871,
        0.9998713484964251,
        0.999863544898643,
        0.9998578806502798,
        0.9998544456615911,
        0.9998532945569495,
        0.9998544456616156,
        0.9998578806502761,
        0.9998635448986573,
        0.9998713484964163,
        0.9998811678299885,
        0.9998928476468325,
        0.9999062035342449,
        0.9999210247331926,
        0.9999370770922291,
        0.999954106037483,
        -2.7345011939096738e-05,
        -9.16287977777728e-06,
        9.162879780692789e-06,
        2.7345011945920574e-05,
        4.5098584014920226e-05,
        6.214562814388608e-05,
        7.821983033788138e-05,
        9.30716234760713e-05,
        0.00010647634938838734,
        -0.9998811678299833,
        -0.999871348496406,
        -0.9998635448986549,
        -0.9998578806502739,
        -0.9998544456616055,
        -0.9998532945569752
    ],