{
    "I_fc": [
        1.5,
        1.4881720519717168,
        1.4528747416929466,
        1.394664728832377,
        1.3144600200657954,
        1.2135254915624212,
        1.0934529411321172,
        0.9561359846230344,
        0.8037401924684948,
        0.638668937347609,
        0.4635254915624212,
        0.2810719718785868,
        0.09418577929396996,
        -0.0941857792939701,
        -0.28107197187858723,
        -0.46352549156242134,
        -0.6386689373476091,
        -0.8037401924684953,
        -0.9561359846230346,
        -1.0934529411321174,
        -1.213525491562421,
        -1.3144600200657954,
        -1.3946647288323772,
        -1.4528747416929466,
        -1.4881720519717168,
        -1.5,
        -1.4881720519717168,
        -1.4528747416929466,
        -1.3946647288323768,
        -1.3144600200657952,
        -1.2135254915624207,
        -1.0934529411321172,
        -0.9561359846230343,
        -0.8037401924684945,
        -0.6386689373476082,
        -0.46352549156242134,
        -0.28107197187858696,
        -0.09418577929396982,
        0.09418577929397058,
        0.2810719718785877,
        0.46352549156242084,
        0.6386689373476089,
        0.8037401924684952,
        0.956135984623035,
        1.0934529411321179,
        1.2135254915624216,
        1.3144600200657954,
        1.3946647288323772,
        1.4528747416929468,
        1.4881720519717168,
        1.5,
        1.4881720519717168,
        1.4528747416929466,
        1.394664728832377,
        1.314460020065795,
        1.2135254915624205,
        1.0934529411321166,
        0.9561359846230344,
        0.8037401924684946,
        0.6386689373476084,
        0.4635254915624203,
        0.2810719718785858,
        0.09418577929396998,
        -0.0941857792939704,
        -0.2810719718785875,
        -0.4635254915624207,
        -0.63866893734761,
        -0.803740192468495,
        -0.9561359846230357,
        -1.0934529411321177,
        -1.2135254915624207,
        -1.3144600200657959,
        -1.3946647288323772,
        -1.452874741692947,
        -1.4881720519717168,
        -1.5
    ],
    "args": {
        "I_fc": [
            1.5
        ],
        "current_units": "mA",
        "cycles": 1.5,
        "d": 0.2,
        "directory": "/scratch/users/lbvh/py-tdgl/results/17223198/4",
        "dt_init": 1e-06,
        "fc_center": [
            0,
            0,
            1
        ],
        "fc_radius": 2.4,
        "field_units": "mT",
        "film_points": 4000,
        "film_radius": 15.0,
        "film_shape": "box",
        "film_smooth": 100,
        "gamma": 1.0,
        "index": 4,
        "lam": 1.35,
        "max_edge_length": 0.5,
        "pl_center": null,
        "pl_radius": 0.8,
        "points_per_cycle": 51.0,
        "save_every": 500,
        "screening": false,
        "seed_solutions": true,
        "slot_radius": 0.1,
        "slot_size": [
            2.0,
            50.0
        ],
        "slot_top_center_x": [
            -10.0,
            10.0,
            101.0
        ],
        "slot_top_center_y": [
            -1.0,
            -1.0,
            101.0
        ],
        "solve_time": [
            10000.0,
            2000.0
        ],
        "squid_angle": 180.0,
        "squid_iterations": 5,
        "squid_points": 4000,
        "squid_position": [
            0.0,
            0.0,
            0.5
        ],
        "squid_smooth": 100,
        "squid_type": "hypres-small",
        "xi": 0.9
    },
    "film_fluxoid": [
        0.00026595875902361615,
        0.00026386161301891113,
        0.00025760324420950404,
        0.0002472823401880775,
        0.00023306165403958165,
        0.0002151654411541441,
        0.00019387592498887733,
        0.00016952884729395346,
        0.00014250817328374788,
        0.00011324003571279456,
        8.218601373890644e-05,
        4.983585279903986e-05,
        1.6699740394239022e-05,
        -1.6699740394239022e-05,
        -4.9835852798969185e-05,
        -8.218601373894178e-05,
        -0.00011324003571279456,
        -0.00014250817328374788,
        -0.0001695288472939137,
        -0.00019387592498891268,
        -0.0002151654411541441,
        -0.00023306165403951096,
        -0.0002472823401881217,
        -0.00025760324420956145,
        -0.0002638616130189288,
        -0.00026595875902368684,
        -0.00026386161301884044,
        -0.00025760324420966304,
        -0.00024728234018798036,
        -0.00023306165403960374,
        -0.0002151654411541441,
        -0.000193875924988842,
        -0.0001695288472939181,
        -0.00014250817328378322,
        -0.00011324003571279456,
        -8.218601373890644e-05,
        -4.9835852798933846e-05,
        -1.6699740394203684e-05,
        1.6699740394239022e-05,
        4.9835852798969185e-05,
        8.218601373895061e-05,
        0.00011324003571279456,
        0.00014250817328394225,
        0.0001695288472939181,
        0.00019387592498891268,
        0.0002151654411541441,
        0.00023306165403958165,
        0.0002472823401881217,
        0.00025760324420959235,
        0.00026386161301884044,
        0.00026595875902354546,
        0.00026386161301891113,
        0.00025760324420961,
        0.0002472823401881305,
        0.00023306165403958165,
        0.0002151654411541441,
        0.00019387592498887733,
        0.00016952884729393579,
        0.00014250817328381857,
        0.00011324003571277689,
        8.218601373890644e-05,
        4.983585279889851e-05,
        1.6699740394168345e-05,
        -1.6699740394097666e-05,
        -4.9835852798969185e-05,
        -8.218601373894178e-05,
        -0.00011324003571282989,
        -0.00014250817328381857,
        -0.00016952884729392695,
        -0.00019387592498887733,
        -0.00021516544115428546,
        -0.00023306165403958165,
        -0.0002472823401881217,
        -0.0002576032442095659,
        -0.00026386161301891113,
        -0.00026595875902354546
    ],