{
    "I_fc": [
        1.0,
        0.9921147013144777,
        0.9685831611286313,
        0.9297764858882512,
        0.8763066800438635,
        0.8090169943749476,
        0.7289686274214117,
        0.6374239897486896,
        0.5358267949789965,
        0.42577929156507266,
        0.3090169943749475,
        0.18738131458572452,
        0.06279051952931329,
        -0.0627905195293134,
        -0.18738131458572485,
        -0.3090169943749476,
        -0.42577929156507277,
        -0.5358267949789968,
        -0.6374239897486896,
        -0.7289686274214117,
        -0.8090169943749475,
        -0.8763066800438636,
        -0.9297764858882515,
        -0.9685831611286313,
        -0.9921147013144777,
        -1.0,
        -0.9921147013144777,
        -0.9685831611286312,
        -0.9297764858882512,
        -0.8763066800438635,
        -0.8090169943749473,
        -0.7289686274214117,
        -0.6374239897486895,
        -0.5358267949789962,
        -0.42577929156507216,
        -0.3090169943749476,
        -0.18738131458572466,
        -0.0627905195293132,
        0.06279051952931372,
        0.18738131458572516,
        0.3090169943749473,
        0.42577929156507266,
        0.5358267949789967,
        0.6374239897486899,
        0.7289686274214119,
        0.8090169943749479,
        0.8763066800438635,
        0.9297764858882513,
        0.9685831611286313,
        0.9921147013144777,
        1.0,
        0.9921147013144777,
        0.9685831611286312,
        0.9297764858882512,
        0.8763066800438633,
        0.8090169943749471,
        0.7289686274214111,
        0.6374239897486896,
        0.5358267949789963,
        0.42577929156507227,
        0.30901699437494695,
        0.1873813145857239,
        0.06279051952931332,
        -0.0627905195293136,
        -0.18738131458572505,
        -0.3090169943749471,
        -0.42577929156507327,
        -0.5358267949789965,
        -0.6374239897486905,
        -0.7289686274214119,
        -0.8090169943749473,
        -0.8763066800438639,
        -0.9297764858882513,
        -0.9685831611286315,
        -0.9921147013144777,
        -1.0
    ],
    "args": {
        "I_fc": [
            1.0
        ],
        "current_units": "mA",
        "cycles": 1.5,
        "d": 0.2,
        "directory": "/scratch/users/lbvh/py-tdgl/results/17223926/0",
        "dt_init": 1e-06,
        "fc_center": [
            0,
            0,
            1
        ],
        "fc_radius": 2.4,
        "field_units": "mT",
        "film_points": 4000,
        "film_radius": 15.0,
        "film_shape": "box",
        "film_smooth": 100,
        "gamma": 1.0,
        "index": 0,
        "lam": 1.35,
        "max_edge_length": 0.5,
        "pl_center": null,
        "pl_radius": 0.8,
        "points_per_cycle": 51.0,
        "save_every": 500,
        "screening": false,
        "seed_solutions": true,
        "slot_radius": 0.1,
        "slot_size": [
            2.0,
            50.0
        ],
        "slot_top_center_x": [
            -10.0,
            10.0,
            101.0
        ],
        "slot_top_center_y": [
            5.0,
            5.0,
            101.0
        ],
        "solve_time": [
            10000.0,
            2000.0
        ],
        "squid_angle": 180.0,
        "squid_iterations": 5,
        "squid_points": 4000,
        "squid_position": [
            0.0,
            0.0,
            0.5
        ],
        "squid_smooth": 100,
        "squid_type": "hypres-small",
        "xi": 0.9
    },
    "film_fluxoid": [
        -0.0004342076297075591,
        -0.000430783772941075,
        -0.0004205661988964686,
        -0.00040371604478593276,
        -0.0003804990475541595,
        -0.00035128135305481455,
        -0.00031652374172016985,
        -0.000276774361787753,
        -0.00023266008468284275,
        -0.0001848766188875952,
        -0.00013417753820600903,
        -8.136239745367248e-05,
        -2.7264122997466597e-05,
        2.7264122997448928e-05,
        8.13623974536283e-05,
        0.00013417753820598252,
        0.00018487661888764818,
        0.00023266008468284275,
        0.00027677436178761167,
        0.00031652374172022287,
        0.0003512813530548366,
        0.0003804990475542302,
        0.0004037160447859416,
        0.0004205661988964686,
        0.000430783772941075,
        0.0004342076297075127,
        0.000430783772941075,
        0.0004205661988963979,
        0.0004037160447859681,
        0.0003804990475542302,
        0.00035128135305481455,
        0.0003165237417201522,
        0.00027677436178761167,
        0.0002326600846828074,
        0.00018487661888764157,
        0.0001341775382059472,
        8.13623974536283e-05,
        2.7264122997484266e-05,
        -2.7264122997519608e-05,
        -8.136239745364046e-05,
        -0.00013417753820601787,
        -0.00018487661888766586,
        -0.0002326600846828074,
        -0.0002767743617877353,
        -0.0003165237417201522,
        -0.0003512813530547792,
        -0.00038049904755421254,
        -0.00040371604478595043,
        -0.0004205661988964686,
        -0.000430783772941075,
        -0.0004342076297074884,
        -0.000430783772941075,
        -0.0004205661988964686,
        -0.00040371604478593276,
        -0.0003804990475541595,
        -0.0003512813530547792,
        -0.00031652374172022287,
        -0.00027677436178771765,
        -0.0002326600846828074,
        -0.0001848766188875952,
        -0.0001341775382060002,
        -8.13623974536283e-05,
        -2.7264122997448928e-05,
        2.7264122997484266e-05,
        8.136239745361064e-05,
        0.00013417753820596487,
        0.00018487661888763715,
        0.0002326600846828074,
        0.0002767743617878237,
        0.0003165237417201875,
        0.0003512813530549559,
        0.00038049904755414185,
        0.0004037160447859681,
        0.0004205661988964686,
        0.000430783772941075,
        0.0004342076297074884
    ],