{
    "I_fc": [
        1.0,
        0.9921147013144779,
        0.9685831611286311,
        0.9297764858882513,
        0.8763066800438636,
        0.8090169943749475,
        0.7289686274214116,
        0.6374239897486896,
        0.5358267949789965,
        0.42577929156507266,
        0.30901699437494745,
        0.18738131458572452,
        0.0627905195293133,
        -0.0627905195293134,
        -0.18738131458572482,
        -0.30901699437494756,
        -0.4257792915650727,
        -0.5358267949789969,
        -0.6374239897486897,
        -0.7289686274214117,
        -0.8090169943749473,
        -0.8763066800438636,
        -0.9297764858882515,
        -0.9685831611286311,
        -0.9921147013144779,
        -1.0,
        -0.9921147013144779,
        -0.9685831611286311,
        -0.9297764858882512,
        -0.8763066800438635,
        -0.8090169943749472,
        -0.7289686274214116,
        -0.6374239897486895,
        -0.5358267949789963,
        -0.42577929156507216,
        -0.30901699437494756,
        -0.18738131458572463,
        -0.06279051952931321,
        0.06279051952931372,
        0.18738131458572513,
        0.30901699437494723,
        0.4257792915650726,
        0.5358267949789968,
        0.63742398974869,
        0.7289686274214119,
        0.8090169943749478,
        0.8763066800438636,
        0.9297764858882515,
        0.9685831611286312,
        0.9921147013144779,
        1.0,
        0.9921147013144779,
        0.9685831611286311,
        0.9297764858882513,
        0.8763066800438634,
        0.809016994374947,
        0.728968627421411,
        0.6374239897486896,
        0.5358267949789964,
        0.42577929156507227,
        0.30901699437494684,
        0.18738131458572388,
        0.06279051952931332,
        -0.0627905195293136,
        -0.18738131458572502,
        -0.3090169943749471,
        -0.4257792915650733,
        -0.5358267949789967,
        -0.6374239897486905,
        -0.7289686274214118,
        -0.8090169943749472,
        -0.8763066800438639,
        -0.9297764858882515,
        -0.9685831611286314,
        -0.9921147013144779,
        -1.0
    ],
    "args": {
        "I_fc": [
            1.0
        ],
        "current_units": "mA",
        "cycles": 1.5,
        "d": 0.2,
        "directory": "/scratch/users/lbvh/py-tdgl/results/17223170/79",
        "dt_init": 1e-06,
        "fc_center": [
            0,
            0,
            1
        ],
        "fc_radius": 2.4,
        "field_units": "mT",
        "film_points": 4000,
        "film_radius": 15.0,
        "film_shape": "box",
        "film_smooth": 100,
        "gamma": 1.0,
        "index": 79,
        "lam": 1.35,
        "max_edge_length": 0.5,
        "pl_center": null,
        "pl_radius": 0.8,
        "points_per_cycle": 51.0,
        "save_every": 500,
        "screening": false,
        "seed_solutions": true,
        "slot_radius": 0.1,
        "slot_size": [
            2.0,
            50.0
        ],
        "slot_top_center_x": [
            -10.0,
            10.0,
            101.0
        ],
        "slot_top_center_y": [
            -1.0,
            -1.0,
            101.0
        ],
        "solve_time": [
            10000.0,
            2000.0
        ],
        "squid_angle": 180.0,
        "squid_iterations": 5,
        "squid_points": 4000,
        "squid_position": [
            0.0,
            0.0,
            0.5
        ],
        "squid_smooth": 100,
        "squid_type": "hypres-small",
        "xi": 0.9
    },
    "film_fluxoid": [
        -0.0007424451270146376,
        -0.0007365756481445776,
        -0.0007190633210436768,
        -0.0006901935880962558,
        -0.0006504334901841735,
        -0.0006004210269062673,
        -0.0005409530479163228,
        -0.0004729720602877822,
        -0.00039755167435125295,
        -0.00031588035007697554,
        -0.00022924338373431026,
        -0.00013900322063617953,
        -4.6578414179749396e-05,
        4.6578413968171835e-05,
        0.000139003220220163,
        0.00022924338401462315,
        0.00031588035070789154,
        0.00039755167394552016,
        0.00047297206136341044,
        0.0005409530463290316,
        0.0006004210262593779,
        0.0006504334898970754,
        0.0006901935881925559,
        0.0007190633212695581,
        0.0007365756477201944,
        0.0007424451280863079,
        0.0007365756479773952,
        0.0007190633208260385,
        0.0006901935880444835,
        0.0006504334902847078,
        0.0006004210258384491,
        0.0005409530474644871,
        0.0004729720613939084,
        0.00039755167484653597,
        0.000315880350790692,
        0.0002292433834916781,
        0.00013900322050605952,
        4.6578414202013285e-05,
        -4.657841410249726e-05,
        -0.0001390032205390136,
        -0.00022924338363839887,
        -0.0003158803508594627,
        -0.00039755167412946227,
        -0.00047297206111013225,
        -0.0005409530470654183,
        -0.0006004210263332374,
        -0.0006504334905432581,
        -0.0006901935874716656,
        -0.0007190633205378097,
        -0.0007365756480816645,
        -0.000742445127185376,
        -0.0007365756487811568,
        -0.0007190633206757043,
        -0.0006901935878530494,
        -0.0006504334902684317,
        -0.0006004210264179461,
        -0.0005409530468952322,
        -0.0004729720608583737,
        -0.0003975516741046186,
        -0.0003158803508485074,
        -0.00022924338394777848,
        -0.0001390032205952564,
        -4.657841428499042e-05,
        4.657841403422135e-05,
        0.00013900322062570137,
        0.0002292433837570689,
        0.00031588034971340276,
        0.0003975516744904552,
        0.00047297206164172666,
        0.0005409530470008178,
        0.000600421026027427,
        0.0006504334905683845,
        0.0006901935881720238,
        0.0007190633205283033,
        0.0007365756472394888,
        0.0007424451273813203
    ],