{
    "I_fc": [
        1.75,
        1.7362007273003364,
        1.6950205319751044,
        1.62710885030444,
        1.5335366900767613,
        1.415779740156158,
        1.2756950979874702,
        1.115491982060207,
        0.937696891213244,
        0.7451137602388771,
        0.540779740156158,
        0.3279173005250179,
        0.10988340917629828,
        -0.10988340917629845,
        -0.32791730052501844,
        -0.5407797401561583,
        -0.7451137602388772,
        -0.9376968912132445,
        -1.115491982060207,
        -1.2756950979874704,
        -1.4157797401561578,
        -1.5335366900767613,
        -1.62710885030444,
        -1.6950205319751044,
        -1.7362007273003364,
        -1.75,
        -1.7362007273003364,
        -1.6950205319751044,
        -1.6271088503044397,
        -1.533536690076761,
        -1.4157797401561576,
        -1.2756950979874702,
        -1.1154919820602067,
        -0.9376968912132435,
        -0.7451137602388763,
        -0.5407797401561583,
        -0.3279173005250181,
        -0.10988340917629812,
        0.10988340917629902,
        0.327917300525019,
        0.5407797401561576,
        0.7451137602388771,
        0.9376968912132444,
        1.1154919820602074,
        1.2756950979874708,
        1.4157797401561587,
        1.5335366900767613,
        1.62710885030444,
        1.6950205319751046,
        1.7362007273003364,
        1.75,
        1.7362007273003364,
        1.6950205319751044,
        1.62710885030444,
        1.5335366900767609,
        1.4157797401561574,
        1.2756950979874693,
        1.115491982060207,
        0.9376968912132437,
        0.7451137602388764,
        0.5407797401561569,
        0.3279173005250168,
        0.10988340917629831,
        -0.1098834091762988,
        -0.3279173005250188,
        -0.5407797401561575,
        -0.7451137602388783,
        -0.9376968912132442,
        -1.1154919820602085,
        -1.2756950979874706,
        -1.4157797401561576,
        -1.5335366900767617,
        -1.62710885030444,
        -1.695020531975105,
        -1.7362007273003364,
        -1.75
    ],
    "args": {
        "I_fc": [
            1.75
        ],
        "current_units": "mA",
        "cycles": 1.5,
        "d": 0.2,
        "directory": "/scratch/users/lbvh/py-tdgl/results/17224036/54",
        "dt_init": 1e-06,
        "fc_center": [
            0,
            0,
            1
        ],
        "fc_radius": 2.4,
        "field_units": "mT",
        "film_points": 4000,
        "film_radius": 15.0,
        "film_shape": "box",
        "film_smooth": 100,
        "gamma": 1.0,
        "index": 54,
        "lam": 1.35,
        "max_edge_length": 0.5,
        "pl_center": null,
        "pl_radius": 0.8,
        "points_per_cycle": 51.0,
        "save_every": 500,
        "screening": false,
        "seed_solutions": true,
        "slot_radius": 0.1,
        "slot_size": [
            2.0,
            50.0
        ],
        "slot_top_center_x": [
            -10.0,
            10.0,
            101.0
        ],
        "slot_top_center_y": [
            5.0,
            5.0,
            101.0
        ],
        "solve_time": [
            10000.0,
            2000.0
        ],
        "squid_angle": 180.0,
        "squid_iterations": 5,
        "squid_points": 4000,
        "squid_position": [
            0.0,
            0.0,
            0.5
        ],
        "squid_smooth": 100,
        "squid_type": "hypres-small",
        "xi": 0.9
    },
    "film_fluxoid": [
        0.9983691375010587,
        0.998382054378203,
        0.9984207565593431,
        -0.0015077332639244813,
        -0.0014204258878230734,
        -0.0013108689891226063,
        -0.0011807857661162112,
        -0.0010322202711010565,
        -0.000867502844611078,
        -0.0006892136949285767,
        -0.0005001433474290555,
        -0.00030324984146035746,
        -0.00010161306829087472,
        0.00010161306831284706,
        0.00030324984143074296,
        0.0005001433474643949,
        0.0006892136954792899,
        0.0008675028455727364,
        0.0010322202712017565,
        0.0011807857661506143,
        0.0013108689896158044,
        0.0014204258882244065,
        0.0015077332635274597,
        0.0015714275433235834,
        0.0016106208702937573,
        -0.9983691375010584,
        -0.9983820543782026,
        -0.9984207565593431,
        0.0015077332634995768,
        0.0014204258887394973,
        0.001310868989468898,
        0.0011807857658097912,
        0.0010322202715194054,
        0.000867502845220649,
        0.0006892136952254992,
        0.0005001433474487748,
        0.0003032498415113877,
        0.00010161306835066915,
        -0.00010161306831081172,
        -0.0003032498414529715,
        -0.0005001433472509443,
        -0.0006892136951276088,
        -0.0008675028455451717,
        -0.0010322202713838255,
        -0.0011807857656808065,
        -0.00131086898941133,
        -0.0014204258881854624,
        -0.0015077332634996828,
        -0.00157142754329722,
        -0.0016106208702601496,
        0.9983691375010586,
        0.9983820543782025,
        0.9984207565593427,
        -0.0015077332640717055,
        -0.001420425888206931,
        -0.0013108689887210436,
        -0.0011807857655145386,
        -0.0010322202715915953,
        -0.0008675028455178896,
        -0.0006892136955176861,
        -0.0005001433472418267,
        -0.00030324984147558876,
        -0.00010161306827663291,
        0.00010161306832330755,
        0.00030324984124139394,
        0.0005001433471567292,
        0.0006892136953154206,
        0.000867502844633554,
        0.0010322202712867126,
        0.0011807857660980467,
        0.0013108689893141464,
        0.00142042588796975,
        0.0015077332634996828,
        0.0015714275432986335,
        0.0016106208702408187,
        -0.9983691375010583
    ],