{
    "I_fc": [
        1.75,
        1.7362007273003364,
        1.6950205319751044,
        1.62710885030444,
        1.5335366900767613,
        1.415779740156158,
        1.2756950979874702,
        1.115491982060207,
        0.937696891213244,
        0.7451137602388771,
        0.540779740156158,
        0.3279173005250179,
        0.10988340917629828,
        -0.10988340917629845,
        -0.32791730052501844,
        -0.5407797401561583,
        -0.7451137602388772,
        -0.9376968912132445,
        -1.115491982060207,
        -1.2756950979874704,
        -1.4157797401561578,
        -1.5335366900767613,
        -1.62710885030444,
        -1.6950205319751044,
        -1.7362007273003364,
        -1.75,
        -1.7362007273003364,
        -1.6950205319751044,
        -1.6271088503044397,
        -1.533536690076761,
        -1.4157797401561576,
        -1.2756950979874702,
        -1.1154919820602067,
        -0.9376968912132435,
        -0.7451137602388763,
        -0.5407797401561583,
        -0.3279173005250181,
        -0.10988340917629812,
        0.10988340917629902,
        0.327917300525019,
        0.5407797401561576,
        0.7451137602388771,
        0.9376968912132444,
        1.1154919820602074,
        1.2756950979874708,
        1.4157797401561587,
        1.5335366900767613,
        1.62710885030444,
        1.6950205319751046,
        1.7362007273003364,
        1.75,
        1.7362007273003364,
        1.6950205319751044,
        1.62710885030444,
        1.5335366900767609,
        1.4157797401561574,
        1.2756950979874693,
        1.115491982060207,
        0.9376968912132437,
        0.7451137602388764,
        0.5407797401561569,
        0.3279173005250168,
        0.10988340917629831,
        -0.1098834091762988,
        -0.3279173005250188,
        -0.5407797401561575,
        -0.7451137602388783,
        -0.9376968912132442,
        -1.1154919820602085,
        -1.2756950979874706,
        -1.4157797401561576,
        -1.5335366900767617,
        -1.62710885030444,
        -1.695020531975105,
        -1.7362007273003364,
        -1.75
    ],
    "args": {
        "I_fc": [
            1.75
        ],
        "current_units": "mA",
        "cycles": 1.5,
        "d": 0.2,
        "directory": "/scratch/users/lbvh/py-tdgl/results/17224036/48",
        "dt_init": 1e-06,
        "fc_center": [
            0,
            0,
            1
        ],
        "fc_radius": 2.4,
        "field_units": "mT",
        "film_points": 4000,
        "film_radius": 15.0,
        "film_shape": "box",
        "film_smooth": 100,
        "gamma": 1.0,
        "index": 48,
        "lam": 1.35,
        "max_edge_length": 0.5,
        "pl_center": null,
        "pl_radius": 0.8,
        "points_per_cycle": 51.0,
        "save_every": 500,
        "screening": false,
        "seed_solutions": true,
        "slot_radius": 0.1,
        "slot_size": [
            2.0,
            50.0
        ],
        "slot_top_center_x": [
            -10.0,
            10.0,
            101.0
        ],
        "slot_top_center_y": [
            5.0,
            5.0,
            101.0
        ],
        "solve_time": [
            10000.0,
            2000.0
        ],
        "squid_angle": 180.0,
        "squid_iterations": 5,
        "squid_points": 4000,
        "squid_position": [
            0.0,
            0.0,
            0.5
        ],
        "squid_smooth": 100,
        "squid_type": "hypres-small",
        "xi": 0.9
    },
    "film_fluxoid": [
        -0.0015683043828924592,
        -0.0015559342403600842,
        -0.001519019609808528,
        -0.0014581445559061104,
        -0.0013742717305048162,
        -0.0012687265896237057,
        -0.0011431759340761675,
        -0.0009996013393613846,
        -0.0008402677712464594,
        -0.0006676879565534655,
        -0.0004845829206653116,
        -0.00029383925954951323,
        -9.846378182391765e-05,
        9.846378072064508e-05,
        0.00029383925871329244,
        0.00048458292025300575,
        0.0006676879582818849,
        0.0008402677731473709,
        0.000999601339147192,
        0.0011431759394215735,
        0.0012687265868210626,
        0.0013742717334482958,
        0.0014581445583416025,
        0.0015190196092541221,
        0.0015559342485162986,
        0.0015683043849954949,
        0.0015559342467960425,
        0.0015190196121610785,
        0.0014581445589589835,
        0.00137427172996262,
        0.0012687265890388634,
        0.0011431759357691063,
        0.00099960134291622,
        0.0008402677702983006,
        0.0006676879579033459,
        0.00048458292184252327,
        0.0002938392591019739,
        9.846378189417257e-05,
        -9.846378144525495e-05,
        -0.0002938392590354296,
        -0.00048458292123346473,
        -0.0006676879578458661,
        -0.0008402677712433622,
        -0.000999601341422066,
        -0.001143175934719912,
        -0.001268726587907929,
        -0.001374271731382172,
        -0.0014581445540863735,
        -0.0015190196143734546,
        -0.0015559342448175609,
        -0.0015683043827929431,
        -0.0015559342458708546,
        -0.0015190196104302206,
        -0.0014581445539436728,
        -0.001374271734221692,
        -0.0012687265924968597,
        -0.0011431759368671574,
        -0.00099960134139906,
        -0.0008402677729781653,
        -0.0006676879583325263,
        -0.00048458292225166626,
        -0.00029383925874094556,
        -9.846378166538468e-05,
        9.846378128037852e-05,
        0.00029383925923547765,
        0.00048458292203860443,
        0.0006676879571366731,
        0.0008402677703344176,
        0.000999601338618796,
        0.001143175932321968,
        0.001268726587191456,
        0.0013742717341620123,
        0.0014581445537677528,
        0.001519019608689609,
        0.001555934245175983,
        0.0015683043858034972
    ],