{
    "I_fc": [
        1.0,
        0.9921147013144779,
        0.9685831611286311,
        0.9297764858882513,
        0.8763066800438636,
        0.8090169943749475,
        0.7289686274214116,
        0.6374239897486896,
        0.5358267949789965,
        0.42577929156507266,
        0.30901699437494745,
        0.18738131458572452,
        0.0627905195293133,
        -0.0627905195293134,
        -0.18738131458572482,
        -0.30901699437494756,
        -0.4257792915650727,
        -0.5358267949789969,
        -0.6374239897486897,
        -0.7289686274214117,
        -0.8090169943749473,
        -0.8763066800438636,
        -0.9297764858882515,
        -0.9685831611286311,
        -0.9921147013144779,
        -1.0,
        -0.9921147013144779,
        -0.9685831611286311,
        -0.9297764858882512,
        -0.8763066800438635,
        -0.8090169943749472,
        -0.7289686274214116,
        -0.6374239897486895,
        -0.5358267949789963,
        -0.42577929156507216,
        -0.30901699437494756,
        -0.18738131458572463,
        -0.06279051952931321,
        0.06279051952931372,
        0.18738131458572513,
        0.30901699437494723,
        0.4257792915650726,
        0.5358267949789968,
        0.63742398974869,
        0.7289686274214119,
        0.8090169943749478,
        0.8763066800438636,
        0.9297764858882515,
        0.9685831611286312,
        0.9921147013144779,
        1.0,
        0.9921147013144779,
        0.9685831611286311,
        0.9297764858882513,
        0.8763066800438634,
        0.809016994374947,
        0.728968627421411,
        0.6374239897486896,
        0.5358267949789964,
        0.42577929156507227,
        0.30901699437494684,
        0.18738131458572388,
        0.06279051952931332,
        -0.0627905195293136,
        -0.18738131458572502,
        -0.3090169943749471,
        -0.4257792915650733,
        -0.5358267949789967,
        -0.6374239897486905,
        -0.7289686274214118,
        -0.8090169943749472,
        -0.8763066800438639,
        -0.9297764858882515,
        -0.9685831611286314,
        -0.9921147013144779,
        -1.0
    ],
    "args": {
        "I_fc": [
            1.0
        ],
        "current_units": "mA",
        "cycles": 1.5,
        "d": 0.2,
        "directory": "/scratch/users/lbvh/py-tdgl/results/17223926/66",
        "dt_init": 1e-06,
        "fc_center": [
            0,
            0,
            1
        ],
        "fc_radius": 2.4,
        "field_units": "mT",
        "film_points": 4000,
        "film_radius": 15.0,
        "film_shape": "box",
        "film_smooth": 100,
        "gamma": 1.0,
        "index": 66,
        "lam": 1.35,
        "max_edge_length": 0.5,
        "pl_center": null,
        "pl_radius": 0.8,
        "points_per_cycle": 51.0,
        "save_every": 500,
        "screening": false,
        "seed_solutions": true,
        "slot_radius": 0.1,
        "slot_size": [
            2.0,
            50.0
        ],
        "slot_top_center_x": [
            -10.0,
            10.0,
            101.0
        ],
        "slot_top_center_y": [
            5.0,
            5.0,
            101.0
        ],
        "solve_time": [
            10000.0,
            2000.0
        ],
        "squid_angle": 180.0,
        "squid_iterations": 5,
        "squid_points": 4000,
        "squid_position": [
            0.0,
            0.0,
            0.5
        ],
        "squid_smooth": 100,
        "squid_type": "hypres-small",
        "xi": 0.9
    },
    "film_fluxoid": [
        -0.0009347778530794603,
        -0.0009271300990853922,
        -0.0009045407413280418,
        -0.0008676380711795837,
        -0.0008171230786833203,
        -0.0007538436714590733,
        -0.0006788205295812688,
        -0.0005932427161300548,
        -0.000498453567659769,
        -0.0003959324368334065,
        -0.00028727373129914705,
        -0.00017416377335621784,
        -5.835588103797877e-05,
        5.8355881037969935e-05,
        0.00017416377335624877,
        0.00028727373129914705,
        0.0003959324368334772,
        0.000498453567659769,
        0.0005932427161300901,
        0.0006788205295813218,
        0.0007538436714591218,
        0.0008171230786834263,
        0.0008676380711795837,
        0.0009045407413280242,
        0.0009271300990854275,
        0.0009347778530794162,
        0.0009271300990853569,
        0.0009045407413280595,
        0.0008676380711795837,
        0.0008171230786834263,
        0.000753843671459082,
        0.0006788205295813042,
        0.0005932427161300725,
        0.000498453567659769,
        0.0003959324368335302,
        0.0002872737312992177,
        0.00017416377335617808,
        5.835588103801411e-05,
        -5.835588103801411e-05,
        -0.00017416377335624877,
        -0.00028727373129919123,
        -0.00039593243683351255,
        -0.0004984535676599103,
        -0.0005932427161298958,
        -0.0006788205295812688,
        -0.0007538436714591438,
        -0.000817123078683391,
        -0.0008676380711795837,
        -0.0009045407413280242,
        -0.0009271300990853569,
        -0.0009347778530794867,
        -0.0009271300990853922,
        -0.0009045407413279888,
        -0.0008676380711795837,
        -0.0008171230786834418,
        -0.0007538436714590733,
        -0.0006788205295813571,
        -0.0005932427161300371,
        -0.000498453567659769,
        -0.0003959324368335181,
        -0.00028727373129907636,
        -0.00017416377335617808,
        -5.835588103797877e-05,
        5.835588103801411e-05,
        0.00017416377335617808,
        0.00028727373129914705,
        0.0003959324368335479,
        0.000498453567659769,
        0.0005932427161300371,
        0.0006788205295813747,
        0.0007538436714591086,
        0.0008171230786836384,
        0.0008676380711795484,
        0.0009045407413281655,
        0.0009271300990853569,
        0.0009347778530794867
    ],