{
    "I_fc": [
        1.5,
        1.4881720519717165,
        1.452874741692947,
        1.3946647288323768,
        1.3144600200657952,
        1.2135254915624214,
        1.0934529411321174,
        0.9561359846230344,
        0.8037401924684948,
        0.638668937347609,
        0.4635254915624213,
        0.2810719718785868,
        0.09418577929396993,
        -0.0941857792939701,
        -0.2810719718785873,
        -0.4635254915624214,
        -0.6386689373476091,
        -0.8037401924684952,
        -0.9561359846230344,
        -1.0934529411321174,
        -1.2135254915624212,
        -1.3144600200657954,
        -1.3946647288323772,
        -1.452874741692947,
        -1.4881720519717165,
        -1.5,
        -1.4881720519717165,
        -1.4528747416929468,
        -1.3946647288323768,
        -1.3144600200657952,
        -1.213525491562421,
        -1.0934529411321174,
        -0.9561359846230343,
        -0.8037401924684944,
        -0.6386689373476082,
        -0.4635254915624214,
        -0.281071971878587,
        -0.09418577929396979,
        0.09418577929397058,
        0.28107197187858773,
        0.46352549156242095,
        0.638668937347609,
        0.803740192468495,
        0.9561359846230348,
        1.0934529411321179,
        1.2135254915624218,
        1.3144600200657952,
        1.394664728832377,
        1.452874741692947,
        1.4881720519717165,
        1.5,
        1.4881720519717165,
        1.4528747416929468,
        1.3946647288323768,
        1.3144600200657948,
        1.2135254915624207,
        1.0934529411321168,
        0.9561359846230344,
        0.8037401924684945,
        0.6386689373476084,
        0.4635254915624204,
        0.28107197187858585,
        0.09418577929396998,
        -0.0941857792939704,
        -0.28107197187858757,
        -0.4635254915624207,
        -0.6386689373476099,
        -0.8037401924684948,
        -0.9561359846230357,
        -1.0934529411321179,
        -1.213525491562421,
        -1.3144600200657959,
        -1.394664728832377,
        -1.4528747416929473,
        -1.4881720519717165,
        -1.5
    ],
    "args": {
        "I_fc": [
            1.5
        ],
        "current_units": "mA",
        "cycles": 1.5,
        "d": 0.2,
        "directory": "/scratch/users/lbvh/py-tdgl/results/17223198/98",
        "dt_init": 1e-06,
        "fc_center": [
            0,
            0,
            1
        ],
        "fc_radius": 2.4,
        "field_units": "mT",
        "film_points": 4000,
        "film_radius": 15.0,
        "film_shape": "box",
        "film_smooth": 100,
        "gamma": 1.0,
        "index": 98,
        "lam": 1.35,
        "max_edge_length": 0.5,
        "pl_center": null,
        "pl_radius": 0.8,
        "points_per_cycle": 51.0,
        "save_every": 500,
        "screening": false,
        "seed_solutions": true,
        "slot_radius": 0.1,
        "slot_size": [
            2.0,
            50.0
        ],
        "slot_top_center_x": [
            -10.0,
            10.0,
            101.0
        ],
        "slot_top_center_y": [
            -1.0,
            -1.0,
            101.0
        ],
        "solve_time": [
            10000.0,
            2000.0
        ],
        "squid_angle": 180.0,
        "squid_iterations": 5,
        "squid_points": 4000,
        "squid_position": [
            0.0,
            0.0,
            0.5
        ],
        "squid_smooth": 100,
        "squid_type": "hypres-small",
        "xi": 0.9
    },
    "film_fluxoid": [
        -0.000903367934338879,
        -0.0008962837342842615,
        -0.0008751336463422994,
        -0.0008402270731034096,
        -0.0007920837356569343,
        -0.0007314341189660794,
        -0.0006592135488536972,
        -0.0005765492520524213,
        -0.000484741694511572,
        -0.00038524199995572806,
        -0.00027962689913793804,
        -0.00016957212893382515,
        -5.682481561652833e-05,
        5.682481561624562e-05,
        0.00016957212893456728,
        0.0002796268991436807,
        0.00038524199996011014,
        0.00048474169451659025,
        0.0005765492520484103,
        0.0006592135488478352,
        0.000731434118961556,
        0.0007920837356535417,
        0.0008402270731088166,
        0.0008751336463424672,
        0.0008962837342736243,
        0.0009033679343418762,
        0.0008962837342573682,
        0.0008751336463454093,
        0.0008402270731244366,
        0.0007920837356483468,
        0.0007314341189682704,
        0.0006592135488558573,
        0.0005765492520345043,
        0.00048474169449757757,
        0.0003852419999554807,
        0.00027962689913931183,
        0.00016957212893644027,
        5.682481561730581e-05,
        -5.682481561553883e-05,
        -0.00016957212893689967,
        -0.00027962689914230244,
        -0.00038524199995454417,
        -0.0004847416945169083,
        -0.0005765492520434628,
        -0.0006592135488556806,
        -0.000731434118956255,
        -0.0007920837356579238,
        -0.000840227073120726,
        -0.0008751336463612414,
        -0.000896283734281028,
        -0.0009033679343213705,
        -0.0008962837342664505,
        -0.0008751336463423701,
        -0.0008402270731043991,
        -0.0007920837356502198,
        -0.000731434118969684,
        -0.000659213548850203,
        -0.0005765492520518559,
        -0.0004847416945086333,
        -0.00038524199994613336,
        -0.0002796268991457127,
        -0.00016957212893446125,
        -5.682481561681105e-05,
        5.682481561532679e-05,
        0.00016957212893679366,
        0.000279626899136096,
        0.000385241999949632,
        0.0004847416945112893,
        0.0005765492520423496,
        0.0006592135488447254,
        0.0007314341189575272,
        0.0007920837356556621,
        0.0008402270730990982,
        0.0008751336463379173,
        0.0008962837342541699,
        0.0009033679343335537
    ],