{
    "I_fc": [
        8.48,
        8.413132667146773,
        8.213585206370793,
        7.884504600332372,
        7.431080646771964,
        6.860464112299555,
        6.18165396053357,
        5.405355433068888,
        4.543811221421891,
        3.6106083924718164,
        2.6204641122995547,
        1.588993547686944,
        0.5324636056085769,
        -0.5324636056085776,
        -1.5889935476869466,
        -2.6204641122995556,
        -3.610608392471817,
        -4.543811221421894,
        -5.405355433068889,
        -6.181653960533572,
        -6.860464112299554,
        -7.431080646771964,
        -7.884504600332373,
        -8.213585206370793,
        -8.413132667146773,
        -8.48,
        -8.413132667146773,
        -8.213585206370793,
        -7.884504600332371,
        -7.431080646771963,
        -6.860464112299553,
        -6.18165396053357,
        -5.4053554330688875,
        -4.543811221421889,
        -3.610608392471812,
        -2.6204641122995556,
        -1.588993547686945,
        -0.532463605608576,
        0.5324636056085804,
        1.5889935476869492,
        2.6204641122995525,
        3.610608392471816,
        4.543811221421893,
        5.405355433068891,
        6.181653960533573,
        6.8604641122995575,
        7.431080646771964,
        7.884504600332373,
        8.213585206370793,
        8.413132667146773,
        8.48,
        8.413132667146773,
        8.213585206370793,
        7.884504600332372,
        7.431080646771962,
        6.860464112299551,
        6.181653960533565,
        5.405355433068888,
        4.54381122142189,
        3.610608392471813,
        2.6204641122995493,
        1.5889935476869386,
        0.532463605608577,
        -0.5324636056085793,
        -1.5889935476869481,
        -2.6204641122995516,
        -3.610608392471822,
        -4.543811221421892,
        -5.4053554330688955,
        -6.1816539605335725,
        -6.860464112299553,
        -7.431080646771966,
        -7.884504600332373,
        -8.213585206370794,
        -8.413132667146773,
        -8.48
    ],
    "args": {
        "I_fc": [
            0.5,
            10.0,
            201.0
        ],
        "current_units": "mA",
        "cycles": 1.5,
        "d": 0.2,
        "directory": "/scratch/users/lbvh/py-tdgl/results/14122470/168",
        "dt_init": 1e-06,
        "fc_center": [
            0,
            0,
            1
        ],
        "fc_radius": 2.4,
        "field_units": "mT",
        "film_points": 4000,
        "film_radius": 15.0,
        "film_shape": "box",
        "film_smooth": 100,
        "gamma": 1.0,
        "index": 168,
        "lam": 1.35,
        "max_edge_length": 0.5,
        "pl_center": null,
        "pl_radius": 0.8,
        "points_per_cycle": 51.0,
        "save_every": 500,
        "screening": false,
        "seed_solutions": true,
        "slot_radius": 0,
        "slot_size": null,
        "slot_top_center_x": null,
        "slot_top_center_y": null,
        "solve_time": [
            20000.0,
            2000.0
        ],
        "squid_angle": 0,
        "squid_iterations": 5,
        "squid_points": 4000,
        "squid_position": [
            0.0,
            0.0,
            0.5
        ],
        "squid_smooth": 100,
        "squid_type": "hypres-small",
        "xi": 0.9
    },
    "film_fluxoid": [
        3.996319457873748,
        3.9963475897498357,
        3.9964315745053773,
        3.996570154156055,
        3.99676122495311,
        3.9969882229056113,
        3.997274030353097,
        3.9976037880547795,
        3.997979620379429,
        3.9983599233535654,
        3.9987540863718913,
        1.999267551011488,
        0.9997416021444305,
        0.0002168485803506018,
        0.000648067153079964,
        -0.9988896404986722,
        -1.9984427137024574,
        -1.9980227356176896,
        -2.9976345682964074,
        -2.997309854178775,
        -2.997018216493224,
        -2.9967779695434444,
        -3.996559303733105,
        -3.9964215762281587,
        -3.996337814174804,
        -3.99630974441532,
        -3.996337875756679,
        -3.9964217003586247,
        -3.9965597678131117,
        -3.9967496067784483,
        -3.9969882355820165,
        -3.9972740303530463,
        -3.997603788054651,
        -3.997979620377838,
        -3.9983599233507143,
        -3.9987540863724726,
        -1.9992675510149975,
        -0.9997416021452428,
        -0.0002168485801782511,
        -0.0006480671535379815,
        0.9988896404990901,
        1.998442713703045,
        1.9980227356175608,
        2.9976345682975927,
        2.997309854183957,
        2.9970182164992196,
        2.996777969518911,
        3.99655930372464,
        3.9964215762320636,
        3.996337814175377,
        3.996309744414929,
        3.9963378757606156,
        3.9964217003615614,
        3.996559767814943,
        3.9967496067705452,
        3.9969882355820374,
        3.99727403035519,
        3.9976037880516464,
        3.997979620377289,
        3.998359923350223,
        3.9987540863741167,
        1.9992675510133764,
        0.9997416021427605,
        0.0002168485806584795,
        0.0006480671540033585,
        -0.9988896404990494,
        -1.9984427137025647,
        -1.99802273561829,
        -2.9976345682982415,
        -2.9973098541882455,
        -2.997018216500291,
        -2.996777969512922,
        -3.996559303730483,
        -3.9964215762291517,
        -3.9963378141744017,
        -3.9963097444139093
    ],
    "flux": [
        -0.005513365639332176,
        -0.005118931219600003,
        -0.003926510877063272,
        -0.0019973667829907404,
        0.0002599408974515279,
        -0.0007124646864266832,
        -0.0006336428206409276,
        3.4039360326697947e-06,
        -0.003519282285030689,
        0.006298885886814942,
        0.014608260933898184,
        0.006589244921119612,
        0.010095759158053084,
        0.008562564965581618,
        0.02146067478568203,
        0.01689831553444576,
        0.014532490394399446,
        0.007921900405074817,
        0.00713022192390352,
        0.011586376409616258,
        0.011062677071040446,
        0.009531928310162481,
        0.006847158561347575,
        0.00866078848253075,
        0.009578353474189834,
        0.009842329550778328,
        0.009576118845966711,
        0.008656863576288514,
        0.006834706675269392,
        0.004019066353331681,
        0.0007114619918985435,
        0.0006336424362380019,
        -3.4039345171877528e-06,
        0.003519282282783367,
        -0.006298885894558684,
        -0.01460826094037167,
        -0.006589244912743702,
        -0.010095759153983178,
        -0.008562564965747716,
        -0.021460674791715754,
        -0.0168983155355407,
        -0.014532490376174358,
        -0.00792190038212512,
        -0.007130222016921105,
        -0.011586374174055506,
        -0.01106267657074822,
        -0.009531933788658142,
        -0.006847158807592445,
        -0.008660788231368014,
        -0.0095783535055339,
        -0.009842329515738256,
        -0.009576118784271321,
        -0.00865686353464568,
        -0.006834706659443006,
        -0.004019066504042226,
        -0.0007114620542474434,
        -0.0006336424380449612,
        3.40395287215843e-06,
        -0.0035192822828158045,
        0.006298885895589286,
        0.014608260937239027,
        0.006589244917108501,
        0.010095759119519635,
        0.008562564964697834,
        0.02146067479128748,
        0.016898315530171577,
        0.014532490375457473,
        0.007921900399422902,
        0.007130221773072719,
        0.011586372326391882,
        0.011062676497539751,
        0.009531935260686625,
        0.006847158640461291,
        0.008660788307747806,
        0.00957835351029355,
        0.009842329567792529
    ],
    "timing": {
        "end_time": "2023-03-29T17:45:20.371630",
        "start_time": "2023-03-29T09:48:30.826701",
        "total_seconds": 28609.544929
    }
}