{
    "I_fc": [
        0.9,
        0.8929032311830299,
        0.8717248450157682,
        0.8367988372994262,
        0.7886760120394771,
        0.7281152949374529,
        0.6560717646792705,
        0.5736815907738206,
        0.4822441154810969,
        0.3832013624085654,
        0.27811529493745274,
        0.16864318312715207,
        0.056511467576381966,
        -0.05651146757638206,
        -0.16864318312715237,
        -0.27811529493745285,
        -0.3832013624085655,
        -0.4822441154810971,
        -0.5736815907738206,
        -0.6560717646792705,
        -0.7281152949374528,
        -0.7886760120394772,
        -0.8367988372994263,
        -0.8717248450157682,
        -0.8929032311830299,
        -0.9,
        -0.8929032311830299,
        -0.8717248450157681,
        -0.8367988372994262,
        -0.7886760120394771,
        -0.7281152949374526,
        -0.6560717646792705,
        -0.5736815907738206,
        -0.4822441154810966,
        -0.38320136240856495,
        -0.27811529493745285,
        -0.1686431831271522,
        -0.056511467576381876,
        0.05651146757638235,
        0.16864318312715265,
        0.2781152949374526,
        0.3832013624085654,
        0.482244115481097,
        0.5736815907738209,
        0.6560717646792708,
        0.7281152949374531,
        0.7886760120394771,
        0.8367988372994263,
        0.8717248450157682,
        0.8929032311830299,
        0.9,
        0.8929032311830299,
        0.8717248450157681,
        0.8367988372994262,
        0.7886760120394769,
        0.7281152949374524,
        0.65607176467927,
        0.5736815907738206,
        0.4822441154810967,
        0.38320136240856506,
        0.27811529493745224,
        0.1686431831271515,
        0.05651146757638199,
        -0.056511467576382236,
        -0.16864318312715254,
        -0.2781152949374524,
        -0.38320136240856595,
        -0.4822441154810969,
        -0.5736815907738215,
        -0.6560717646792708,
        -0.7281152949374526,
        -0.7886760120394776,
        -0.8367988372994263,
        -0.8717248450157684,
        -0.8929032311830299,
        -0.9
    ],
    "args": {
        "I_fc": [
            0.9
        ],
        "current_units": "mA",
        "cycles": 1.5,
        "d": 0.2,
        "directory": "/scratch/users/lbvh/py-tdgl/results/17289540/23",
        "dt_init": 1e-06,
        "fc_center": [
            0,
            0,
            1
        ],
        "fc_radius": 2.4,
        "field_units": "mT",
        "film_points": 4000,
        "film_radius": 15.0,
        "film_shape": "box",
        "film_smooth": 100,
        "gamma": 1.0,
        "index": 23,
        "lam": 1.35,
        "max_edge_length": 0.5,
        "pl_center": null,
        "pl_radius": 0.8,
        "points_per_cycle": 51.0,
        "save_every": 500,
        "screening": false,
        "seed_solutions": true,
        "slot_radius": 0.1,
        "slot_size": [
            2.0,
            50.0
        ],
        "slot_top_center_x": [
            -10.0,
            10.0,
            101.0
        ],
        "slot_top_center_y": [
            -1.0,
            -1.0,
            101.0
        ],
        "solve_time": [
            10000.0,
            2000.0
        ],
        "squid_angle": 180.0,
        "squid_iterations": 5,
        "squid_points": 4000,
        "squid_position": [
            0.0,
            0.0,
            0.5
        ],
        "squid_smooth": 100,
        "squid_type": "hypres-small",
        "xi": 0.9
    },
    "film_fluxoid": [
        0.0002395332562123914,
        0.00023764628530408788,
        0.00023201467383017656,
        0.00022272607495227504,
        0.00020992556700220863,
        0.0001938137584190101,
        0.00017464382113534005,
        0.00015271753745783022,
        0.00012838050177608717,
        0.00010201660576449603,
        7.404191858321561e-05,
        4.489806659444361e-05,
        1.5045218061406216e-05,
        -1.5045218061406216e-05,
        -4.4898066593206734e-05,
        -7.404191858254417e-05,
        -0.00010201660576470807,
        -0.00012838050177702587,
        -0.00015271753745986225,
        -0.00017464382113348474,
        -0.00019381375842038393,
        -0.00020992556700008826,
        -0.0002227260749526461,
        -0.00023201467383451448,
        -0.0002376462853081166,
        -0.0002395332562117553,
        -0.00023764628530472399,
        -0.0002320146738303886,
        -0.00022272607495236338,
        -0.0002099255669989044,
        -0.00019381375842112607,
        -0.00017464382113284863,
        -0.00015271753745874905,
        -0.00012838050177541572,
        -0.000102016605766263,
        -7.404191858321561e-05,
        -4.489806659239392e-05,
        -1.5045218061052822e-05,
        1.5045218060204675e-05,
        4.4898066592818e-05,
        7.404191858335697e-05,
        0.00010201660576513214,
        0.00012838050177591047,
        0.00015271753745908477,
        0.0001746438211323892,
        0.00019381375841904104,
        0.0002099255670003003,
        0.00022272607495121485,
        0.00023201467382897502,
        0.00023764628530402603,
        0.00023953325621200265,
        0.00023764628530147276,
        0.0002320146738297525,
        0.00022272607495199233,
        0.00020992556699840962,
        0.00019381375842127848,
        0.0001746438211318591,
        0.0001527175374582543,
        0.00012838050177767745,
        0.000102016605766263,
        7.404191858321561e-05,
        4.4898066592464605e-05,
        1.5045218061547574e-05,
        -1.5045218062183686e-05,
        -4.489806659221723e-05,
        -7.404191858183738e-05,
        -0.00010201660576628068,
        -0.00012838050177720533,
        -0.00015271753745722946,
        -0.00017464382113458027,
        -0.0001938137584232818,
        -0.00020992556700213794,
        -0.0002227260749510028,
        -0.00023201467383233228,
        -0.00023764628530422924,
        -0.00023953325621281545
    ],