{
    "I_fc": [
        1.75,
        1.7362007273003364,
        1.6950205319751044,
        1.62710885030444,
        1.5335366900767613,
        1.415779740156158,
        1.2756950979874702,
        1.115491982060207,
        0.937696891213244,
        0.7451137602388771,
        0.540779740156158,
        0.3279173005250179,
        0.10988340917629828,
        -0.10988340917629845,
        -0.32791730052501844,
        -0.5407797401561583,
        -0.7451137602388772,
        -0.9376968912132445,
        -1.115491982060207,
        -1.2756950979874704,
        -1.4157797401561578,
        -1.5335366900767613,
        -1.62710885030444,
        -1.6950205319751044,
        -1.7362007273003364,
        -1.75,
        -1.7362007273003364,
        -1.6950205319751044,
        -1.6271088503044397,
        -1.533536690076761,
        -1.4157797401561576,
        -1.2756950979874702,
        -1.1154919820602067,
        -0.9376968912132435,
        -0.7451137602388763,
        -0.5407797401561583,
        -0.3279173005250181,
        -0.10988340917629812,
        0.10988340917629902,
        0.327917300525019,
        0.5407797401561576,
        0.7451137602388771,
        0.9376968912132444,
        1.1154919820602074,
        1.2756950979874708,
        1.4157797401561587,
        1.5335366900767613,
        1.62710885030444,
        1.6950205319751046,
        1.7362007273003364,
        1.75,
        1.7362007273003364,
        1.6950205319751044,
        1.62710885030444,
        1.5335366900767609,
        1.4157797401561574,
        1.2756950979874693,
        1.115491982060207,
        0.9376968912132437,
        0.7451137602388764,
        0.5407797401561569,
        0.3279173005250168,
        0.10988340917629831,
        -0.1098834091762988,
        -0.3279173005250188,
        -0.5407797401561575,
        -0.7451137602388783,
        -0.9376968912132442,
        -1.1154919820602085,
        -1.2756950979874706,
        -1.4157797401561576,
        -1.5335366900767617,
        -1.62710885030444,
        -1.695020531975105,
        -1.7362007273003364,
        -1.75
    ],
    "args": {
        "I_fc": [
            1.75
        ],
        "current_units": "mA",
        "cycles": 1.5,
        "d": 0.2,
        "directory": "/scratch/users/lbvh/py-tdgl/results/17223199/31",
        "dt_init": 1e-06,
        "fc_center": [
            0,
            0,
            1
        ],
        "fc_radius": 2.4,
        "field_units": "mT",
        "film_points": 4000,
        "film_radius": 15.0,
        "film_shape": "box",
        "film_smooth": 100,
        "gamma": 1.0,
        "index": 31,
        "lam": 1.35,
        "max_edge_length": 0.5,
        "pl_center": null,
        "pl_radius": 0.8,
        "points_per_cycle": 51.0,
        "save_every": 500,
        "screening": false,
        "seed_solutions": true,
        "slot_radius": 0.1,
        "slot_size": [
            2.0,
            50.0
        ],
        "slot_top_center_x": [
            -10.0,
            10.0,
            101.0
        ],
        "slot_top_center_y": [
            -1.0,
            -1.0,
            101.0
        ],
        "solve_time": [
            10000.0,
            2000.0
        ],
        "squid_angle": 180.0,
        "squid_iterations": 5,
        "squid_points": 4000,
        "squid_position": [
            0.0,
            0.0,
            0.5
        ],
        "squid_smooth": 100,
        "squid_type": "hypres-small",
        "xi": 0.9
    },
    "film_fluxoid": [
        0.9990142847754381,
        0.9990220722055859,
        0.9990452878997096,
        0.9990835353014977,
        0.9991361976872303,
        0.9992024404474695,
        0.9992812193253863,
        0.9993712955172124,
        0.9994712563950454,
        0.999579551029748,
        -0.0003040700440023591,
        -0.0001843638240230234,
        -6.177673092449991e-05,
        6.17767309137567e-05,
        0.0001843638240077921,
        0.00030407004395427087,
        0.00041904206653842294,
        -0.99947125639507,
        -0.9993712955172714,
        -0.9992812193253849,
        -0.9992024404474933,
        -0.9991361976872205,
        -0.9990835353015091,
        -0.9990452878997543,
        -0.9990220722055947,
        -0.999014284775453,
        -0.9990220722055767,
        -0.9990452878997703,
        -0.9990835353015401,
        -0.9991361976871818,
        -0.9992024404474695,
        -0.9992812193253662,
        -0.9993712955172112,
        -0.999471256395062,
        -0.9995795510297368,
        0.00030407004396215155,
        0.0001843638240163089,
        6.177673092676163e-05,
        -6.177673091439281e-05,
        -0.0001843638240112907,
        -0.00030407004401092005,
        -0.00041904206652801547,
        0.9994712563950513,
        0.9993712955172411,
        0.9992812193254226,
        0.9992024404474832,
        0.9991361976872304,
        0.999083535301566,
        0.9990452878997261,
        0.9990220722055688,
        0.9990142847753851,
        0.9990220722055886,
        0.9990452878997538,
        0.9990835353015093,
        0.9991361976872128,
        0.9992024404474896,
        0.999281219325393,
        0.99937129551726,
        0.9994712563950541,
        0.9995795510297237,
        -0.00030407004400164346,
        -0.00018436382400977108,
        -6.17767309256661e-05,
        6.17767309177854e-05,
        0.000184363823997685,
        0.0003040700439962188,
        0.0004190420664750239,
        -0.9994712563950519,
        -0.9993712955172567,
        -0.999281219325361,
        -0.9992024404474287,
        -0.9991361976872368,
        -0.999083535301554,
        -0.9990452878997199,
        -0.9990220722056351,
        -0.9990142847754722
    ],