{
    "I_fc": [
        1.0,
        0.9921147013144777,
        0.9685831611286313,
        0.9297764858882512,
        0.8763066800438635,
        0.8090169943749476,
        0.7289686274214117,
        0.6374239897486896,
        0.5358267949789965,
        0.42577929156507266,
        0.3090169943749475,
        0.18738131458572452,
        0.06279051952931329,
        -0.0627905195293134,
        -0.18738131458572485,
        -0.3090169943749476,
        -0.42577929156507277,
        -0.5358267949789968,
        -0.6374239897486896,
        -0.7289686274214117,
        -0.8090169943749475,
        -0.8763066800438636,
        -0.9297764858882515,
        -0.9685831611286313,
        -0.9921147013144777,
        -1.0,
        -0.9921147013144777,
        -0.9685831611286312,
        -0.9297764858882512,
        -0.8763066800438635,
        -0.8090169943749473,
        -0.7289686274214117,
        -0.6374239897486895,
        -0.5358267949789962,
        -0.42577929156507216,
        -0.3090169943749476,
        -0.18738131458572466,
        -0.0627905195293132,
        0.06279051952931372,
        0.18738131458572516,
        0.3090169943749473,
        0.42577929156507266,
        0.5358267949789967,
        0.6374239897486899,
        0.7289686274214119,
        0.8090169943749479,
        0.8763066800438635,
        0.9297764858882513,
        0.9685831611286313,
        0.9921147013144777,
        1.0,
        0.9921147013144777,
        0.9685831611286312,
        0.9297764858882512,
        0.8763066800438633,
        0.8090169943749471,
        0.7289686274214111,
        0.6374239897486896,
        0.5358267949789963,
        0.42577929156507227,
        0.30901699437494695,
        0.1873813145857239,
        0.06279051952931332,
        -0.0627905195293136,
        -0.18738131458572505,
        -0.3090169943749471,
        -0.42577929156507327,
        -0.5358267949789965,
        -0.6374239897486905,
        -0.7289686274214119,
        -0.8090169943749473,
        -0.8763066800438639,
        -0.9297764858882513,
        -0.9685831611286315,
        -0.9921147013144777,
        -1.0
    ],
    "args": {
        "I_fc": [
            1.0
        ],
        "current_units": "mA",
        "cycles": 1.5,
        "d": 0.2,
        "directory": "/scratch/users/lbvh/py-tdgl/results/17223170/25",
        "dt_init": 1e-06,
        "fc_center": [
            0,
            0,
            1
        ],
        "fc_radius": 2.4,
        "field_units": "mT",
        "film_points": 4000,
        "film_radius": 15.0,
        "film_shape": "box",
        "film_smooth": 100,
        "gamma": 1.0,
        "index": 25,
        "lam": 1.35,
        "max_edge_length": 0.5,
        "pl_center": null,
        "pl_radius": 0.8,
        "points_per_cycle": 51.0,
        "save_every": 500,
        "screening": false,
        "seed_solutions": true,
        "slot_radius": 0.1,
        "slot_size": [
            2.0,
            50.0
        ],
        "slot_top_center_x": [
            -10.0,
            10.0,
            101.0
        ],
        "slot_top_center_y": [
            -1.0,
            -1.0,
            101.0
        ],
        "solve_time": [
            10000.0,
            2000.0
        ],
        "squid_angle": 180.0,
        "squid_iterations": 5,
        "squid_points": 4000,
        "squid_position": [
            0.0,
            0.0,
            0.5
        ],
        "squid_smooth": 100,
        "squid_type": "hypres-small",
        "xi": 0.9
    },
    "film_fluxoid": [
        -0.000506929054415011,
        -0.0005029249624205232,
        -0.0004909796112677407,
        -0.000471288022552362,
        -0.0004441653394510295,
        -0.0004100416364692709,
        -0.0003694560386259397,
        -0.00032304881219587435,
        -0.00027155157385358214,
        -0.0002157759168769542,
        -0.00015660071002940844,
        -9.495830281190123e-05,
        -3.181986948345853e-05,
        3.181986948359989e-05,
        9.495830281190123e-05,
        0.00015660071002940844,
        0.00021577591687684818,
        0.00027155157385347616,
        0.000323048812195733,
        0.000369456038625869,
        0.00041004163646920903,
        0.00044416533945099417,
        0.00047128802255239733,
        0.0004909796112677055,
        0.0005029249624203465,
        0.0005069290544148696,
        0.0005029249624204879,
        0.0004909796112677761,
        0.00047128802255232664,
        0.0004441653394509765,
        0.0004100416364692797,
        0.00036945603862600153,
        0.00032304881219594504,
        0.0002715515738533348,
        0.0002157759168769542,
        0.0001566007100295189,
        9.495830281185705e-05,
        3.1819869483467364e-05,
        -3.181986948354798e-05,
        -9.495830281190123e-05,
        -0.00015660071002940844,
        -0.00021577591687702488,
        -0.000271551573853549,
        -0.00032304881219566233,
        -0.000369456038625975,
        -0.0004100416364691737,
        -0.00044416533945088813,
        -0.000471288022552468,
        -0.0004909796112677407,
        -0.0005029249624205232,
        -0.0005069290544148343,
        -0.0005029249624202758,
        -0.0004909796112676702,
        -0.0004712880225522913,
        -0.0004441653394510295,
        -0.00041004163646935035,
        -0.00036945603862608106,
        -0.00032304881219587435,
        -0.00027155157385358214,
        -0.0002157759168769542,
        -0.00015660071002954982,
        -9.49583028119719e-05,
        -3.1819869483529204e-05,
        3.1819869483529204e-05,
        9.495830281183055e-05,
        0.00015660071002944378,
        0.00021577591687686585,
        0.00027155157385354685,
        0.0003230488121956977,
        0.00036945603862590434,
        0.000410041636469315,
        0.0004441653394509588,
        0.0004712880225522913,
        0.0004909796112677055,
        0.0005029249624206646,
        0.000506929054414799
    ],