{
    "I_fc": [
        1.75,
        1.7362007273003364,
        1.6950205319751044,
        1.62710885030444,
        1.5335366900767613,
        1.415779740156158,
        1.2756950979874702,
        1.115491982060207,
        0.937696891213244,
        0.7451137602388771,
        0.540779740156158,
        0.3279173005250179,
        0.10988340917629828,
        -0.10988340917629845,
        -0.32791730052501844,
        -0.5407797401561583,
        -0.7451137602388772,
        -0.9376968912132445,
        -1.115491982060207,
        -1.2756950979874704,
        -1.4157797401561578,
        -1.5335366900767613,
        -1.62710885030444,
        -1.6950205319751044,
        -1.7362007273003364,
        -1.75,
        -1.7362007273003364,
        -1.6950205319751044,
        -1.6271088503044397,
        -1.533536690076761,
        -1.4157797401561576,
        -1.2756950979874702,
        -1.1154919820602067,
        -0.9376968912132435,
        -0.7451137602388763,
        -0.5407797401561583,
        -0.3279173005250181,
        -0.10988340917629812,
        0.10988340917629902,
        0.327917300525019,
        0.5407797401561576,
        0.7451137602388771,
        0.9376968912132444,
        1.1154919820602074,
        1.2756950979874708,
        1.4157797401561587,
        1.5335366900767613,
        1.62710885030444,
        1.6950205319751046,
        1.7362007273003364,
        1.75,
        1.7362007273003364,
        1.6950205319751044,
        1.62710885030444,
        1.5335366900767609,
        1.4157797401561574,
        1.2756950979874693,
        1.115491982060207,
        0.9376968912132437,
        0.7451137602388764,
        0.5407797401561569,
        0.3279173005250168,
        0.10988340917629831,
        -0.1098834091762988,
        -0.3279173005250188,
        -0.5407797401561575,
        -0.7451137602388783,
        -0.9376968912132442,
        -1.1154919820602085,
        -1.2756950979874706,
        -1.4157797401561576,
        -1.5335366900767617,
        -1.62710885030444,
        -1.695020531975105,
        -1.7362007273003364,
        -1.75
    ],
    "args": {
        "I_fc": [
            1.75
        ],
        "current_units": "mA",
        "cycles": 1.5,
        "d": 0.2,
        "directory": "/scratch/users/lbvh/py-tdgl/results/17223199/85",
        "dt_init": 1e-06,
        "fc_center": [
            0,
            0,
            1
        ],
        "fc_radius": 2.4,
        "field_units": "mT",
        "film_points": 4000,
        "film_radius": 15.0,
        "film_shape": "box",
        "film_smooth": 100,
        "gamma": 1.0,
        "index": 85,
        "lam": 1.35,
        "max_edge_length": 0.5,
        "pl_center": null,
        "pl_radius": 0.8,
        "points_per_cycle": 51.0,
        "save_every": 500,
        "screening": false,
        "seed_solutions": true,
        "slot_radius": 0.1,
        "slot_size": [
            2.0,
            50.0
        ],
        "slot_top_center_x": [
            -10.0,
            10.0,
            101.0
        ],
        "slot_top_center_y": [
            -1.0,
            -1.0,
            101.0
        ],
        "solve_time": [
            10000.0,
            2000.0
        ],
        "squid_angle": 180.0,
        "squid_iterations": 5,
        "squid_points": 4000,
        "squid_position": [
            0.0,
            0.0,
            0.5
        ],
        "squid_smooth": 100,
        "squid_type": "hypres-small",
        "xi": 0.9
    },
    "film_fluxoid": [
        0.9986939070101604,
        0.9987038024627672,
        0.9987333349592716,
        0.9987820449363772,
        0.9988491732045599,
        0.998933671221562,
        0.9990342157915161,
        0.9991492281824049,
        0.9992768968608625,
        0.9994152012514084,
        0.9995619282063157,
        0.999714655295609,
        -7.893404010005965e-05,
        7.89340398614783e-05,
        0.00023555718140589585,
        0.0003884654734636281,
        0.0005352489177890974,
        0.0006735975380787524,
        0.0008013422937018939,
        0.0009164987219625446,
        0.001017319658068981,
        0.0011023912273769518,
        -0.9987820449369476,
        -0.9987333349599246,
        -0.9987038024630025,
        -0.9986939070105776,
        -0.998703802462767,
        -0.9987333349598344,
        -0.9987820449372777,
        -0.998849173204533,
        -0.9989336712208543,
        -0.9990342157898107,
        -0.9991492281817478,
        -0.9992768968610171,
        -0.9994152012513962,
        -0.9995619282059782,
        -0.9997146552953056,
        7.893403982830335e-05,
        -7.893403984406034e-05,
        -0.00023555718081901282,
        -0.0003884654722755849,
        -0.0005352489184264452,
        -0.0006735975384976491,
        -0.0008013422944846638,
        -0.0009164987229607794,
        -0.001017319658568677,
        -0.0011023912272956002,
        0.9987820449373056,
        0.9987333349589523,
        0.9987038024627092,
        0.9986939070103448,
        0.9987038024630249,
        0.9987333349597349,
        0.998782044937492,
        0.9988491732056614,
        0.9989336712219132,
        0.9990342157914773,
        0.9991492281826301,
        0.9992768968613114,
        0.9994152012513419,
        0.9995619282062035,
        0.9997146552942132,
        -7.893403983902889e-05,
        7.89340398615048e-05,
        0.00023555718063775655,
        0.0003884654730452791,
        0.000535248918283391,
        0.000673597539045376,
        0.0008013422948466109,
        0.0009164987220823101,
        0.0010173196578727231,
        0.001102391227312846,
        -0.9987820449373056,
        -0.9987333349596611,
        -0.9987038024628322,
        -0.9986939070100667
    ],