{
    "I_fc": [
        1.2,
        1.1905376415773734,
        1.1622997933543573,
        1.1157317830659015,
        1.0515680160526362,
        0.9708203932499369,
        0.8747623529056938,
        0.7649087876984275,
        0.6429921539747958,
        0.5109351498780872,
        0.37082039324993693,
        0.22485757750286942,
        0.07534862343517597,
        -0.07534862343517608,
        -0.22485757750286978,
        -0.37082039324993704,
        -0.5109351498780872,
        -0.6429921539747963,
        -0.7649087876984276,
        -0.8747623529056939,
        -0.9708203932499367,
        -1.0515680160526362,
        -1.1157317830659017,
        -1.1622997933543573,
        -1.1905376415773734,
        -1.2,
        -1.1905376415773734,
        -1.1622997933543573,
        -1.1157317830659015,
        -1.0515680160526362,
        -0.9708203932499366,
        -0.8747623529056938,
        -0.7649087876984274,
        -0.6429921539747956,
        -0.5109351498780865,
        -0.37082039324993704,
        -0.22485757750286955,
        -0.07534862343517584,
        0.07534862343517647,
        0.22485757750287014,
        0.37082039324993665,
        0.5109351498780871,
        0.6429921539747961,
        0.764908787698428,
        0.8747623529056943,
        0.9708203932499373,
        1.0515680160526362,
        1.1157317830659017,
        1.1622997933543573,
        1.1905376415773734,
        1.2,
        1.1905376415773734,
        1.1622997933543573,
        1.1157317830659015,
        1.051568016052636,
        0.9708203932499364,
        0.8747623529056932,
        0.7649087876984275,
        0.6429921539747957,
        0.5109351498780867,
        0.3708203932499362,
        0.22485757750286864,
        0.07534862343517598,
        -0.07534862343517632,
        -0.22485757750287003,
        -0.37082039324993654,
        -0.510935149878088,
        -0.6429921539747959,
        -0.7649087876984286,
        -0.8747623529056942,
        -0.9708203932499366,
        -1.0515680160526366,
        -1.1157317830659017,
        -1.1622997933543577,
        -1.1905376415773734,
        -1.2
    ],
    "args": {
        "I_fc": [
            1.2
        ],
        "current_units": "mA",
        "cycles": 1.5,
        "d": 0.2,
        "directory": "/scratch/users/lbvh/py-tdgl/results/17298304/82",
        "dt_init": 1e-06,
        "fc_center": [
            0,
            0,
            1
        ],
        "fc_radius": 2.4,
        "field_units": "mT",
        "film_points": 4000,
        "film_radius": 15.0,
        "film_shape": "box",
        "film_smooth": 100,
        "gamma": 1.0,
        "index": 82,
        "lam": 1.35,
        "max_edge_length": 0.5,
        "pl_center": null,
        "pl_radius": 0.8,
        "points_per_cycle": 51.0,
        "save_every": 500,
        "screening": false,
        "seed_solutions": true,
        "slot_radius": 0.1,
        "slot_size": [
            2.0,
            50.0
        ],
        "slot_top_center_x": [
            -10.0,
            10.0,
            101.0
        ],
        "slot_top_center_y": [
            5.0,
            5.0,
            101.0
        ],
        "solve_time": [
            10000.0,
            2000.0
        ],
        "squid_angle": 180.0,
        "squid_iterations": 5,
        "squid_points": 4000,
        "squid_position": [
            0.0,
            0.0,
            0.5
        ],
        "squid_smooth": 100,
        "squid_type": "hypres-small",
        "xi": 0.9
    },
    "film_fluxoid": [
        -0.0006196156894987939,
        -0.0006146666924097137,
        -0.0005999158895684442,
        -0.0005756408472867055,
        -0.0005422761345363358,
        -0.0005003903340631983,
        -0.0004506706961263553,
        -0.00039391315682455976,
        -0.000331013507524971,
        -0.00026295707839779024,
        -0.00019080607822170823,
        -0.00011568472839499075,
        -3.8762686875044905e-05,
        3.8762686868825156e-05,
        0.00011568472838279863,
        0.0001908060782615712,
        0.00026295707831556407,
        0.0003310135075526772,
        0.00039391315672271133,
        0.0004506706961521885,
        0.0005003903340327357,
        0.0005422761345904844,
        0.0005756408473458638,
        0.0005999158897023367,
        0.0006146666926348264,
        0.0006196156896265308,
        0.0006146666924602139,
        0.0005999158894833732,
        0.0005756408473201013,
        0.0005422761344280379,
        0.0005003903341450136,
        0.00045067069608439864,
        0.0003939131569351547,
        0.00033101350756052254,
        0.00026295707831152656,
        0.00019080607821517044,
        0.00011568472838019557,
        3.876268687083951e-05,
        -3.876268685971198e-05,
        -0.00011568472838205649,
        -0.00019080607824711735,
        -0.00026295707836771637,
        -0.00033101350755186437,
        -0.0003939131568560119,
        -0.00045067069605747866,
        -0.0005003903341181865,
        -0.0005422761345495528,
        -0.0005756408473401741,
        -0.0005999158895667214,
        -0.0006146666923953659,
        -0.0006196156895244505,
        -0.0006146666923732081,
        -0.0005999158894176837,
        -0.0005756408472475493,
        -0.000542276134529904,
        -0.0005003903340983258,
        -0.0004506706961751945,
        -0.00039391315686357456,
        -0.00033101350750496883,
        -0.0002629570783169688,
        -0.0001908060782054874,
        -0.00011568472837187872,
        -3.876268686776497e-05,
        3.876268687200571e-05,
        0.00011568472835565789,
        0.00019080607825983957,
        0.00026295707831185344,
        0.00033101350750825543,
        0.0003939131568267508,
        0.0004506706960561004,
        0.0005003903341515117,
        0.0005422761345290945,
        0.0005756408473109837,
        0.0005999158894342513,
        0.000614666692680697,
        0.000619615689498096
    ],