{
    "I_fc": [
        1.1,
        1.0913261714459255,
        1.0654414772414944,
        1.0227541344770765,
        0.9639373480482499,
        0.8899186938124424,
        0.8018654901635529,
        0.7011663887235586,
        0.5894094744768963,
        0.46835722072158,
        0.3399186938124423,
        0.206119446044297,
        0.06906957148224463,
        -0.06906957148224475,
        -0.20611944604429736,
        -0.3399186938124424,
        -0.4683572207215801,
        -0.5894094744768965,
        -0.7011663887235586,
        -0.8018654901635529,
        -0.8899186938124423,
        -0.96393734804825,
        -1.0227541344770767,
        -1.0654414772414944,
        -1.0913261714459255,
        -1.1,
        -1.0913261714459255,
        -1.0654414772414944,
        -1.0227541344770765,
        -0.9639373480482499,
        -0.8899186938124422,
        -0.8018654901635529,
        -0.7011663887235585,
        -0.5894094744768958,
        -0.4683572207215794,
        -0.3399186938124424,
        -0.20611944604429713,
        -0.06906957148224452,
        0.0690695714822451,
        0.2061194460442977,
        0.33991869381244205,
        0.46835722072158,
        0.5894094744768964,
        0.7011663887235589,
        0.8018654901635531,
        0.8899186938124427,
        0.9639373480482499,
        1.0227541344770765,
        1.0654414772414944,
        1.0913261714459255,
        1.1,
        1.0913261714459255,
        1.0654414772414944,
        1.0227541344770765,
        0.9639373480482497,
        0.8899186938124419,
        0.8018654901635522,
        0.7011663887235586,
        0.589409474476896,
        0.46835722072157954,
        0.33991869381244166,
        0.2061194460442963,
        0.06906957148224466,
        -0.06906957148224496,
        -0.20611944604429758,
        -0.33991869381244183,
        -0.46835722072158065,
        -0.5894094744768963,
        -0.7011663887235596,
        -0.8018654901635531,
        -0.8899186938124422,
        -0.9639373480482504,
        -1.0227541344770765,
        -1.0654414772414948,
        -1.0913261714459255,
        -1.1
    ],
    "args": {
        "I_fc": [
            1.1
        ],
        "current_units": "mA",
        "cycles": 1.5,
        "d": 0.2,
        "directory": "/scratch/users/lbvh/py-tdgl/results/17223927/6",
        "dt_init": 1e-06,
        "fc_center": [
            0,
            0,
            1
        ],
        "fc_radius": 2.4,
        "field_units": "mT",
        "film_points": 4000,
        "film_radius": 15.0,
        "film_shape": "box",
        "film_smooth": 100,
        "gamma": 1.0,
        "index": 6,
        "lam": 1.35,
        "max_edge_length": 0.5,
        "pl_center": null,
        "pl_radius": 0.8,
        "points_per_cycle": 51.0,
        "save_every": 500,
        "screening": false,
        "seed_solutions": true,
        "slot_radius": 0.1,
        "slot_size": [
            2.0,
            50.0
        ],
        "slot_top_center_x": [
            -10.0,
            10.0,
            101.0
        ],
        "slot_top_center_y": [
            5.0,
            5.0,
            101.0
        ],
        "solve_time": [
            10000.0,
            2000.0
        ],
        "squid_angle": 180.0,
        "squid_iterations": 5,
        "squid_points": 4000,
        "squid_position": [
            0.0,
            0.0,
            0.5
        ],
        "squid_smooth": 100,
        "squid_type": "hypres-small",
        "xi": 0.9
    },
    "film_fluxoid": [
        -0.0005342234840534035,
        -0.0005300109725591149,
        -0.0005174398718744024,
        -0.0004967084356913339,
        -0.0004681436110164164,
        -0.00043219588202740523,
        -0.00038943216568584514,
        -0.0003405268711478861,
        -0.0002862512639603619,
        -0.00022746130277526838,
        -0.0001650841403893938,
        -0.00010010350199697597,
        -3.354417124460642e-05,
        3.3544171244622984e-05,
        0.00010010350199688597,
        0.00016508414038938495,
        0.00022746130277528605,
        0.0002862512639603972,
        0.0003405268711478154,
        0.0003894321656860218,
        0.00043219588202738756,
        0.0004681436110164871,
        0.0004967084356913516,
        0.0005174398718743803,
        0.0005300109725591149,
        0.0005342234840534388,
        0.0005300109725591502,
        0.0005174398718743803,
        0.0004967084356913339,
        0.00046814361101645176,
        0.0004321958820273699,
        0.00038943216568591583,
        0.0003405268711478154,
        0.0002862512639603972,
        0.00022746130277528605,
        0.00016508414038938495,
        0.00010010350199697432,
        3.3544171244592063e-05,
        -3.35441712446274e-05,
        -0.00010010350199693897,
        -0.0001650841403893496,
        -0.00022746130277528605,
        -0.0002862512639603972,
        -0.0003405268711478154,
        -0.00038943216568597763,
        -0.00043219588202738756,
        -0.00046814361101645176,
        -0.0004967084356913163,
        -0.000517439871874451,
        -0.0005300109725591149,
        -0.0005342234840534035,
        -0.0005300109725591325,
        -0.0005174398718744112,
        -0.0004967084356913163,
        -0.0004681436110164164,
        -0.00043219588202740523,
        -0.00038943216568591583,
        -0.0003405268711479568,
        -0.0002862512639603972,
        -0.00022746130277528605,
        -0.00016508414038940262,
        -0.00010010350199699198,
        -3.354417124458323e-05,
        3.35441712446274e-05,
        0.00010010350199697432,
        0.00016508414038938495,
        0.00022746130277528605,
        0.0002862512639603972,
        0.00034052687114785075,
        0.0003894321656859688,
        0.0004321958820273699,
        0.00046814361101652245,
        0.0004967084356913163,
        0.000517439871874451,
        0.0005300109725593269,
        0.0005342234840534035
    ],