{
    "I_fc": [
        1.5,
        1.4881720519717168,
        1.4528747416929466,
        1.394664728832377,
        1.3144600200657954,
        1.2135254915624212,
        1.0934529411321172,
        0.9561359846230344,
        0.8037401924684948,
        0.638668937347609,
        0.4635254915624212,
        0.2810719718785868,
        0.09418577929396996,
        -0.0941857792939701,
        -0.28107197187858723,
        -0.46352549156242134,
        -0.6386689373476091,
        -0.8037401924684953,
        -0.9561359846230346,
        -1.0934529411321174,
        -1.213525491562421,
        -1.3144600200657954,
        -1.3946647288323772,
        -1.4528747416929466,
        -1.4881720519717168,
        -1.5,
        -1.4881720519717168,
        -1.4528747416929466,
        -1.3946647288323768,
        -1.3144600200657952,
        -1.2135254915624207,
        -1.0934529411321172,
        -0.9561359846230343,
        -0.8037401924684945,
        -0.6386689373476082,
        -0.46352549156242134,
        -0.28107197187858696,
        -0.09418577929396982,
        0.09418577929397058,
        0.2810719718785877,
        0.46352549156242084,
        0.6386689373476089,
        0.8037401924684952,
        0.956135984623035,
        1.0934529411321179,
        1.2135254915624216,
        1.3144600200657954,
        1.3946647288323772,
        1.4528747416929468,
        1.4881720519717168,
        1.5,
        1.4881720519717168,
        1.4528747416929466,
        1.394664728832377,
        1.314460020065795,
        1.2135254915624205,
        1.0934529411321166,
        0.9561359846230344,
        0.8037401924684946,
        0.6386689373476084,
        0.4635254915624203,
        0.2810719718785858,
        0.09418577929396998,
        -0.0941857792939704,
        -0.2810719718785875,
        -0.4635254915624207,
        -0.63866893734761,
        -0.803740192468495,
        -0.9561359846230357,
        -1.0934529411321177,
        -1.2135254915624207,
        -1.3144600200657959,
        -1.3946647288323772,
        -1.452874741692947,
        -1.4881720519717168,
        -1.5
    ],
    "args": {
        "I_fc": [
            1.5
        ],
        "current_units": "mA",
        "cycles": 1.5,
        "d": 0.2,
        "directory": "/scratch/users/lbvh/py-tdgl/results/17223198/57",
        "dt_init": 1e-06,
        "fc_center": [
            0,
            0,
            1
        ],
        "fc_radius": 2.4,
        "field_units": "mT",
        "film_points": 4000,
        "film_radius": 15.0,
        "film_shape": "box",
        "film_smooth": 100,
        "gamma": 1.0,
        "index": 57,
        "lam": 1.35,
        "max_edge_length": 0.5,
        "pl_center": null,
        "pl_radius": 0.8,
        "points_per_cycle": 51.0,
        "save_every": 500,
        "screening": false,
        "seed_solutions": true,
        "slot_radius": 0.1,
        "slot_size": [
            2.0,
            50.0
        ],
        "slot_top_center_x": [
            -10.0,
            10.0,
            101.0
        ],
        "slot_top_center_y": [
            -1.0,
            -1.0,
            101.0
        ],
        "solve_time": [
            10000.0,
            2000.0
        ],
        "squid_angle": 180.0,
        "squid_iterations": 5,
        "squid_points": 4000,
        "squid_position": [
            0.0,
            0.0,
            0.5
        ],
        "squid_smooth": 100,
        "squid_type": "hypres-small",
        "xi": 0.9
    },
    "film_fluxoid": [
        0.9993124563681705,
        0.9993177637838705,
        0.9993335962682722,
        0.9993596919815044,
        0.9993956371659698,
        0.9994408984025525,
        0.999494889197953,
        0.999557281015348,
        -0.0003586176434224402,
        -0.00028438642103962214,
        -0.00020614959473189826,
        -0.0001249162809531435,
        -4.184496087305413e-05,
        4.184496087422917e-05,
        0.00012491628095866086,
        0.00020614959472288558,
        0.0002843864210392334,
        0.00035861764338888534,
        0.00042850205946486027,
        -0.9994948891981547,
        -0.9994408984026274,
        -0.9993956371658552,
        -0.9993596919813007,
        -0.9993335962682127,
        -0.9993177637840036,
        -0.9993124563685634,
        -0.9993177637841099,
        -0.9993335962684342,
        -0.9993596919814984,
        -0.999395637165986,
        -0.9994408984028267,
        -0.9994948891979417,
        -0.9995572810150175,
        0.0003586176434601828,
        0.0002843864210615591,
        0.00020614959474613012,
        0.00012491628094102867,
        4.184496090627989e-05,
        -4.184496091197175e-05,
        -0.0001249162809455499,
        -0.00020614959473949513,
        -0.0002843864210395161,
        -0.00035861764343465,
        -0.000428502059415597,
        0.9994948891979633,
        0.9994408984025939,
        0.9993956371660704,
        0.9993596919814143,
        0.999333596268244,
        0.9993177637839022,
        0.9993124563683674,
        0.9993177637839534,
        0.9993335962682557,
        0.9993596919811967,
        0.9993956371660786,
        0.9994408984027205,
        0.9994948891979881,
        0.9995572810153714,
        -0.00035861764342526737,
        -0.0002843864210178619,
        -0.00020614959473154763,
        -0.00012491628094252395,
        -4.184496089362503e-05,
        4.184496088445995e-05,
        0.00012491628092865762,
        0.0002061495947604868,
        0.0002843864210402936,
        0.00035861764343233523,
        0.00042850205946157367,
        -0.9994948891979604,
        -0.9994408984027745,
        -0.9993956371661242,
        -0.9993596919813938,
        -0.9993335962683249,
        -0.9993177637840948,
        -0.9993124563685583
    ],