{
    "I_fc": [
        1.75,
        1.7362007273003364,
        1.6950205319751044,
        1.62710885030444,
        1.5335366900767613,
        1.415779740156158,
        1.2756950979874702,
        1.115491982060207,
        0.937696891213244,
        0.7451137602388771,
        0.540779740156158,
        0.3279173005250179,
        0.10988340917629828,
        -0.10988340917629845,
        -0.32791730052501844,
        -0.5407797401561583,
        -0.7451137602388772,
        -0.9376968912132445,
        -1.115491982060207,
        -1.2756950979874704,
        -1.4157797401561578,
        -1.5335366900767613,
        -1.62710885030444,
        -1.6950205319751044,
        -1.7362007273003364,
        -1.75,
        -1.7362007273003364,
        -1.6950205319751044,
        -1.6271088503044397,
        -1.533536690076761,
        -1.4157797401561576,
        -1.2756950979874702,
        -1.1154919820602067,
        -0.9376968912132435,
        -0.7451137602388763,
        -0.5407797401561583,
        -0.3279173005250181,
        -0.10988340917629812,
        0.10988340917629902,
        0.327917300525019,
        0.5407797401561576,
        0.7451137602388771,
        0.9376968912132444,
        1.1154919820602074,
        1.2756950979874708,
        1.4157797401561587,
        1.5335366900767613,
        1.62710885030444,
        1.6950205319751046,
        1.7362007273003364,
        1.75,
        1.7362007273003364,
        1.6950205319751044,
        1.62710885030444,
        1.5335366900767609,
        1.4157797401561574,
        1.2756950979874693,
        1.115491982060207,
        0.9376968912132437,
        0.7451137602388764,
        0.5407797401561569,
        0.3279173005250168,
        0.10988340917629831,
        -0.1098834091762988,
        -0.3279173005250188,
        -0.5407797401561575,
        -0.7451137602388783,
        -0.9376968912132442,
        -1.1154919820602085,
        -1.2756950979874706,
        -1.4157797401561576,
        -1.5335366900767617,
        -1.62710885030444,
        -1.695020531975105,
        -1.7362007273003364,
        -1.75
    ],
    "args": {
        "I_fc": [
            1.75
        ],
        "current_units": "mA",
        "cycles": 1.5,
        "d": 0.2,
        "directory": "/scratch/users/lbvh/py-tdgl/results/17224036/77",
        "dt_init": 1e-06,
        "fc_center": [
            0,
            0,
            1
        ],
        "fc_radius": 2.4,
        "field_units": "mT",
        "film_points": 4000,
        "film_radius": 15.0,
        "film_shape": "box",
        "film_smooth": 100,
        "gamma": 1.0,
        "index": 77,
        "lam": 1.35,
        "max_edge_length": 0.5,
        "pl_center": null,
        "pl_radius": 0.8,
        "points_per_cycle": 51.0,
        "save_every": 500,
        "screening": false,
        "seed_solutions": true,
        "slot_radius": 0.1,
        "slot_size": [
            2.0,
            50.0
        ],
        "slot_top_center_x": [
            -10.0,
            10.0,
            101.0
        ],
        "slot_top_center_y": [
            5.0,
            5.0,
            101.0
        ],
        "solve_time": [
            10000.0,
            2000.0
        ],
        "squid_angle": 180.0,
        "squid_iterations": 5,
        "squid_points": 4000,
        "squid_position": [
            0.0,
            0.0,
            0.5
        ],
        "squid_smooth": 100,
        "squid_type": "hypres-small",
        "xi": 0.9
    },
    "film_fluxoid": [
        0.9982212812965924,
        0.9982349532157644,
        0.9982757359750586,
        0.9983429451429093,
        0.9984354786606674,
        0.9985518534083699,
        0.9986902387370166,
        0.9988484925311196,
        0.999024213629675,
        0.9992148537282359,
        0.9994181850664785,
        -0.0003236813005537497,
        -0.0001084484461510385,
        0.0001084484461510385,
        0.00032368130055371433,
        0.0005339551688982716,
        0.0007360783040419315,
        0.000927050652683482,
        0.0011042378415772242,
        0.001266724013545986,
        -0.9985518534083699,
        -0.9984354786606674,
        -0.9983429451429092,
        -0.9982757359750585,
        -0.9982349532157645,
        -0.9982212812965923,
        -0.9982349532157648,
        -0.9982757359750586,
        -0.9983429451429093,
        -0.9984354786606672,
        -0.9985518534083697,
        -0.9986902387370168,
        -0.9988484925311196,
        -0.999024213629675,
        -0.999214853728236,
        -0.9994181850664787,
        0.0003236813005537011,
        0.0001084484461510363,
        -0.00010844844615105618,
        -0.00032368130055371433,
        -0.0005339551688982186,
        -0.0007360783040419629,
        -0.0009270506526834687,
        -0.001104237841577189,
        -0.0012667240135458093,
        0.9985518534083697,
        0.9984354786606672,
        0.9983429451429092,
        0.9982757359750587,
        0.9982349532157647,
        0.9982212812965924,
        0.9982349532157644,
        0.9982757359750586,
        0.9983429451429092,
        0.9984354786606674,
        0.9985518534083699,
        0.9986902387370166,
        0.9988484925311196,
        0.999024213629675,
        0.999214853728236,
        0.9994181850664785,
        -0.0003236813005537497,
        -0.0001084484461510385,
        0.0001084484461510385,
        0.00032368130055371433,
        0.0005339551688982716,
        0.0007360783040419315,
        0.0009270506526834776,
        0.0011042378415772242,
        0.0012667240135459507,
        -0.9985518534083697,
        -0.9984354786606674,
        -0.9983429451429092,
        -0.9982757359750586,
        -0.9982349532157647,
        -0.9982212812965924
    ],