{
    "I_fc": [
        1.1,
        1.0913261714459257,
        1.0654414772414942,
        1.0227541344770765,
        0.96393734804825,
        0.8899186938124423,
        0.8018654901635528,
        0.7011663887235586,
        0.5894094744768963,
        0.46835722072158,
        0.3399186938124422,
        0.206119446044297,
        0.06906957148224464,
        -0.06906957148224475,
        -0.20611944604429733,
        -0.33991869381244233,
        -0.46835722072158004,
        -0.5894094744768966,
        -0.7011663887235587,
        -0.8018654901635529,
        -0.8899186938124422,
        -0.96393734804825,
        -1.0227541344770767,
        -1.0654414772414942,
        -1.0913261714459257,
        -1.1,
        -1.0913261714459257,
        -1.0654414772414942,
        -1.0227541344770765,
        -0.9639373480482499,
        -0.889918693812442,
        -0.8018654901635528,
        -0.7011663887235585,
        -0.589409474476896,
        -0.4683572207215794,
        -0.33991869381244233,
        -0.2061194460442971,
        -0.06906957148224453,
        0.0690695714822451,
        0.20611944604429766,
        0.339918693812442,
        0.4683572207215799,
        0.5894094744768965,
        0.7011663887235591,
        0.8018654901635531,
        0.8899186938124426,
        0.96393734804825,
        1.0227541344770767,
        1.0654414772414944,
        1.0913261714459257,
        1.1,
        1.0913261714459257,
        1.0654414772414942,
        1.0227541344770765,
        0.9639373480482498,
        0.8899186938124418,
        0.8018654901635521,
        0.7011663887235586,
        0.5894094744768962,
        0.46835722072157954,
        0.33991869381244155,
        0.20611944604429627,
        0.06906957148224466,
        -0.06906957148224496,
        -0.20611944604429752,
        -0.33991869381244183,
        -0.4683572207215807,
        -0.5894094744768964,
        -0.7011663887235596,
        -0.801865490163553,
        -0.889918693812442,
        -0.9639373480482504,
        -1.0227541344770767,
        -1.0654414772414946,
        -1.0913261714459257,
        -1.1
    ],
    "args": {
        "I_fc": [
            1.1
        ],
        "current_units": "mA",
        "cycles": 1.5,
        "d": 0.2,
        "directory": "/scratch/users/lbvh/py-tdgl/results/17223927/54",
        "dt_init": 1e-06,
        "fc_center": [
            0,
            0,
            1
        ],
        "fc_radius": 2.4,
        "field_units": "mT",
        "film_points": 4000,
        "film_radius": 15.0,
        "film_shape": "box",
        "film_smooth": 100,
        "gamma": 1.0,
        "index": 54,
        "lam": 1.35,
        "max_edge_length": 0.5,
        "pl_center": null,
        "pl_radius": 0.8,
        "points_per_cycle": 51.0,
        "save_every": 500,
        "screening": false,
        "seed_solutions": true,
        "slot_radius": 0.1,
        "slot_size": [
            2.0,
            50.0
        ],
        "slot_top_center_x": [
            -10.0,
            10.0,
            101.0
        ],
        "slot_top_center_y": [
            5.0,
            5.0,
            101.0
        ],
        "solve_time": [
            10000.0,
            2000.0
        ],
        "squid_angle": 180.0,
        "squid_iterations": 5,
        "squid_points": 4000,
        "squid_position": [
            0.0,
            0.0,
            0.5
        ],
        "squid_smooth": 100,
        "squid_type": "hypres-small",
        "xi": 0.9
    },
    "film_fluxoid": [
        -0.0010178619710513887,
        -0.0010098234262295445,
        -0.0009858367980169014,
        -0.0009462865084861284,
        -0.0008918048785279547,
        -0.0008232603481290003,
        -0.0007417421621932229,
        -0.0006485420774807111,
        -0.0005451334292525339,
        -0.00043314781146850566,
        -0.0003143495930947982,
        -0.0001906085375144286,
        -6.387086257871978e-05,
        6.387086258783736e-05,
        0.00019060853741431183,
        0.00031434959325501424,
        0.0004331478113659858,
        0.0005451334292676592,
        0.0006485420783946612,
        0.0007417421616653569,
        0.0008232603474318227,
        0.0008918048786249836,
        0.0009462865088798457,
        0.0009858367976936068,
        0.001009823426018179,
        0.001017861971189027,
        0.0010098234261188257,
        0.0009858367976804871,
        0.0009462865088269071,
        0.0008918048784868063,
        0.0008232603471053564,
        0.0007417421617537056,
        0.0006485420778573418,
        0.0005451334287635546,
        0.00043314781151009143,
        0.0003143495931301642,
        0.0001906085375648669,
        6.38708626102912e-05,
        -6.387086265583055e-05,
        -0.00019060853767335033,
        -0.00031434959302659296,
        -0.00043314781138566985,
        -0.0005451334289590217,
        -0.0006485420780092132,
        -0.0007417421624820173,
        -0.0008232603475450858,
        -0.000891804878552626,
        -0.0009462865082010447,
        -0.0009858367981551495,
        -0.0010098234264966758,
        -0.001017861971160084,
        -0.0010098234263421714,
        -0.0009858367981890755,
        -0.0009462865083152266,
        -0.0008918048788457456,
        -0.0008232603477375801,
        -0.0007417421623389277,
        -0.0006485420773756115,
        -0.0005451334291960613,
        -0.00043314781139012267,
        -0.0003143495930769164,
        -0.0001906085376224261,
        -6.387086257879046e-05,
        6.38708626291139e-05,
        0.0001906085377201045,
        0.0003143495931298815,
        0.0004331478119074045,
        0.0005451334289879118,
        0.0006485420776834891,
        0.0007417421624128225,
        0.0008232603475038093,
        0.000891804879013082,
        0.0009462865095221764,
        0.00098583679813217,
        0.001009823426017967,
        0.0010178619710713465
    ],