{
    "I_fc": [
        1.1,
        1.0913261714459257,
        1.0654414772414942,
        1.0227541344770765,
        0.96393734804825,
        0.8899186938124423,
        0.8018654901635528,
        0.7011663887235586,
        0.5894094744768963,
        0.46835722072158,
        0.3399186938124422,
        0.206119446044297,
        0.06906957148224464,
        -0.06906957148224475,
        -0.20611944604429733,
        -0.33991869381244233,
        -0.46835722072158004,
        -0.5894094744768966,
        -0.7011663887235587,
        -0.8018654901635529,
        -0.8899186938124422,
        -0.96393734804825,
        -1.0227541344770767,
        -1.0654414772414942,
        -1.0913261714459257,
        -1.1,
        -1.0913261714459257,
        -1.0654414772414942,
        -1.0227541344770765,
        -0.9639373480482499,
        -0.889918693812442,
        -0.8018654901635528,
        -0.7011663887235585,
        -0.589409474476896,
        -0.4683572207215794,
        -0.33991869381244233,
        -0.2061194460442971,
        -0.06906957148224453,
        0.0690695714822451,
        0.20611944604429766,
        0.339918693812442,
        0.4683572207215799,
        0.5894094744768965,
        0.7011663887235591,
        0.8018654901635531,
        0.8899186938124426,
        0.96393734804825,
        1.0227541344770767,
        1.0654414772414944,
        1.0913261714459257,
        1.1,
        1.0913261714459257,
        1.0654414772414942,
        1.0227541344770765,
        0.9639373480482498,
        0.8899186938124418,
        0.8018654901635521,
        0.7011663887235586,
        0.5894094744768962,
        0.46835722072157954,
        0.33991869381244155,
        0.20611944604429627,
        0.06906957148224466,
        -0.06906957148224496,
        -0.20611944604429752,
        -0.33991869381244183,
        -0.4683572207215807,
        -0.5894094744768964,
        -0.7011663887235596,
        -0.801865490163553,
        -0.889918693812442,
        -0.9639373480482504,
        -1.0227541344770767,
        -1.0654414772414946,
        -1.0913261714459257,
        -1.1
    ],
    "args": {
        "I_fc": [
            1.1
        ],
        "current_units": "mA",
        "cycles": 1.5,
        "d": 0.2,
        "directory": "/scratch/users/lbvh/py-tdgl/results/17223927/51",
        "dt_init": 1e-06,
        "fc_center": [
            0,
            0,
            1
        ],
        "fc_radius": 2.4,
        "field_units": "mT",
        "film_points": 4000,
        "film_radius": 15.0,
        "film_shape": "box",
        "film_smooth": 100,
        "gamma": 1.0,
        "index": 51,
        "lam": 1.35,
        "max_edge_length": 0.5,
        "pl_center": null,
        "pl_radius": 0.8,
        "points_per_cycle": 51.0,
        "save_every": 500,
        "screening": false,
        "seed_solutions": true,
        "slot_radius": 0.1,
        "slot_size": [
            2.0,
            50.0
        ],
        "slot_top_center_x": [
            -10.0,
            10.0,
            101.0
        ],
        "slot_top_center_y": [
            5.0,
            5.0,
            101.0
        ],
        "solve_time": [
            10000.0,
            2000.0
        ],
        "squid_angle": 180.0,
        "squid_iterations": 5,
        "squid_points": 4000,
        "squid_position": [
            0.0,
            0.0,
            0.5
        ],
        "squid_smooth": 100,
        "squid_type": "hypres-small",
        "xi": 0.9
    },
    "film_fluxoid": [
        -0.0004496897025817137,
        -0.00044613965245764923,
        -0.00043554615937558373,
        -0.00041807817801182236,
        -0.00039401391186608993,
        -0.00036373592953116164,
        -0.00032772461963710936,
        -0.00028655019741716166,
        -0.00024086344483219028,
        -0.00019138533545847908,
        -0.000138895689186868,
        -8.42210051655972e-05,
        -2.8221620624321557e-05,
        2.8221620641567232e-05,
        8.422100514774193e-05,
        0.0001388956891889707,
        0.00019138533544217875,
        0.00024086344515703093,
        0.0002865501976322113,
        0.00032772461945295523,
        0.00036373592949101596,
        0.0003940139121691968,
        0.0004180781783504101,
        0.00043554616006843223,
        0.00044613965185747855,
        0.0004496897030865914,
        0.0004461396524362335,
        0.0004355461597695838,
        0.0004180781783874105,
        0.00039401391289271116,
        0.00036373593010880336,
        0.00032772461965564493,
        0.00028655019773992616,
        0.00024086344515207285,
        0.00019138533551998747,
        0.00013889568924388827,
        8.422100524627727e-05,
        2.822162064877649e-05,
        -2.822162062566446e-05,
        -8.422100513531125e-05,
        -0.00013889568922482263,
        -0.0001913853354167078,
        -0.00024086344507249886,
        -0.0002865501974441699,
        -0.0003277246197049965,
        -0.0003637359300054707,
        -0.0003940139123274117,
        -0.00041807817823686424,
        -0.00043554615961027333,
        -0.000446139651829578,
        -0.0004496897026976979,
        -0.0004461396522284549,
        -0.0004355461602786139,
        -0.0004180781786592375,
        -0.0003940139118900148,
        -0.0003637359297763471,
        -0.0003277246198100962,
        -0.00028655019775419003,
        -0.00024086344533606082,
        -0.0001913853350729252,
        -0.0001388956890897904,
        -8.422100508442238e-05,
        -2.8221620635100105e-05,
        2.8221620635206123e-05,
        8.422100503998296e-05,
        0.00013889568923595457,
        0.0001913853353692822,
        0.00024086344503291863,
        0.0002865501978648866,
        0.00032772461980327565,
        0.00036373592980864735,
        0.00039401391197818684,
        0.00041807817806165104,
        0.0004355461601553497,
        0.00044613965190702453,
        0.0004496897030941364
    ],