{
    "I_fc": [
        1.0,
        0.9921147013144779,
        0.9685831611286311,
        0.9297764858882513,
        0.8763066800438636,
        0.8090169943749475,
        0.7289686274214116,
        0.6374239897486896,
        0.5358267949789965,
        0.42577929156507266,
        0.30901699437494745,
        0.18738131458572452,
        0.0627905195293133,
        -0.0627905195293134,
        -0.18738131458572482,
        -0.30901699437494756,
        -0.4257792915650727,
        -0.5358267949789969,
        -0.6374239897486897,
        -0.7289686274214117,
        -0.8090169943749473,
        -0.8763066800438636,
        -0.9297764858882515,
        -0.9685831611286311,
        -0.9921147013144779,
        -1.0,
        -0.9921147013144779,
        -0.9685831611286311,
        -0.9297764858882512,
        -0.8763066800438635,
        -0.8090169943749472,
        -0.7289686274214116,
        -0.6374239897486895,
        -0.5358267949789963,
        -0.42577929156507216,
        -0.30901699437494756,
        -0.18738131458572463,
        -0.06279051952931321,
        0.06279051952931372,
        0.18738131458572513,
        0.30901699437494723,
        0.4257792915650726,
        0.5358267949789968,
        0.63742398974869,
        0.7289686274214119,
        0.8090169943749478,
        0.8763066800438636,
        0.9297764858882515,
        0.9685831611286312,
        0.9921147013144779,
        1.0,
        0.9921147013144779,
        0.9685831611286311,
        0.9297764858882513,
        0.8763066800438634,
        0.809016994374947,
        0.728968627421411,
        0.6374239897486896,
        0.5358267949789964,
        0.42577929156507227,
        0.30901699437494684,
        0.18738131458572388,
        0.06279051952931332,
        -0.0627905195293136,
        -0.18738131458572502,
        -0.3090169943749471,
        -0.4257792915650733,
        -0.5358267949789967,
        -0.6374239897486905,
        -0.7289686274214118,
        -0.8090169943749472,
        -0.8763066800438639,
        -0.9297764858882515,
        -0.9685831611286314,
        -0.9921147013144779,
        -1.0
    ],
    "args": {
        "I_fc": [
            1.0
        ],
        "current_units": "mA",
        "cycles": 1.5,
        "d": 0.2,
        "directory": "/scratch/users/lbvh/py-tdgl/results/17223926/30",
        "dt_init": 1e-06,
        "fc_center": [
            0,
            0,
            1
        ],
        "fc_radius": 2.4,
        "field_units": "mT",
        "film_points": 4000,
        "film_radius": 15.0,
        "film_shape": "box",
        "film_smooth": 100,
        "gamma": 1.0,
        "index": 30,
        "lam": 1.35,
        "max_edge_length": 0.5,
        "pl_center": null,
        "pl_radius": 0.8,
        "points_per_cycle": 51.0,
        "save_every": 500,
        "screening": false,
        "seed_solutions": true,
        "slot_radius": 0.1,
        "slot_size": [
            2.0,
            50.0
        ],
        "slot_top_center_x": [
            -10.0,
            10.0,
            101.0
        ],
        "slot_top_center_y": [
            5.0,
            5.0,
            101.0
        ],
        "solve_time": [
            10000.0,
            2000.0
        ],
        "squid_angle": 180.0,
        "squid_iterations": 5,
        "squid_points": 4000,
        "squid_position": [
            0.0,
            0.0,
            0.5
        ],
        "squid_smooth": 100,
        "squid_type": "hypres-small",
        "xi": 0.9
    },
    "film_fluxoid": [
        -0.0007305370408071384,
        -0.0007247765324831406,
        -0.0007075858679494769,
        -0.0006792361812870878,
        -0.0006401745803992019,
        -0.0005910170856540915,
        -0.0005325389184044284,
        -0.00046566228426222415,
        -0.00039144183860260014,
        -0.00031104806135094664,
        -0.0002257488023526087,
        -0.00013688928806363494,
        -4.587090499308793e-05,
        4.58709049931056e-05,
        0.00013688928806360846,
        0.00022574880235256894,
        0.00031104806135099966,
        0.00039144183860257364,
        0.0004656622842622065,
        0.000532538918404499,
        0.0005910170856539501,
        0.0006401745803992019,
        0.0006792361812872646,
        0.0007075858679493355,
        0.0007247765324831406,
        0.0007305370408070678,
        0.0007247765324832643,
        0.0007075858679494637,
        0.0006792361812872469,
        0.0006401745803992372,
        0.0005910170856538971,
        0.000532538918404499,
        0.0004656622842622418,
        0.00039144183860257364,
        0.0003110480613509643,
        0.00022574880235260429,
        0.00013688928806359079,
        4.587090499311444e-05,
        -4.587090499307909e-05,
        -0.00013688928806362613,
        -0.00022574880235263963,
        -0.0003110480613509643,
        -0.0003914418386026178,
        -0.0004656622842622197,
        -0.0005325389184045167,
        -0.0005910170856539501,
        -0.0006401745803992019,
        -0.0006792361812871939,
        -0.0007075858679494769,
        -0.0007247765324832113,
        -0.0007305370408072091,
        -0.0007247765324831406,
        -0.0007075858679496183,
        -0.0006792361812872292,
        -0.0006401745803992372,
        -0.0005910170856539147,
        -0.0005325389184044107,
        -0.0004656622842622153,
        -0.00039144183860257364,
        -0.0003110480613509687,
        -0.00022574880235260678,
        -0.0001368892880636217,
        -4.5870904993094556e-05,
        4.58709049931056e-05,
        0.00013688928806362613,
        0.0002257488023526573,
        0.0003110480613509643,
        0.00039144183860257364,
        0.0004656622842622418,
        0.0005325389184045697,
        0.0005910170856539501,
        0.0006401745803993433,
        0.0006792361812872646,
        0.0007075858679493355,
        0.0007247765324831406,
        0.0007305370408071031
    ],