{
    "I_fc": [
        1.1,
        1.0913261714459257,
        1.0654414772414942,
        1.0227541344770765,
        0.96393734804825,
        0.8899186938124423,
        0.8018654901635528,
        0.7011663887235586,
        0.5894094744768963,
        0.46835722072158,
        0.3399186938124422,
        0.206119446044297,
        0.06906957148224464,
        -0.06906957148224475,
        -0.20611944604429733,
        -0.33991869381244233,
        -0.46835722072158004,
        -0.5894094744768966,
        -0.7011663887235587,
        -0.8018654901635529,
        -0.8899186938124422,
        -0.96393734804825,
        -1.0227541344770767,
        -1.0654414772414942,
        -1.0913261714459257,
        -1.1,
        -1.0913261714459257,
        -1.0654414772414942,
        -1.0227541344770765,
        -0.9639373480482499,
        -0.889918693812442,
        -0.8018654901635528,
        -0.7011663887235585,
        -0.589409474476896,
        -0.4683572207215794,
        -0.33991869381244233,
        -0.2061194460442971,
        -0.06906957148224453,
        0.0690695714822451,
        0.20611944604429766,
        0.339918693812442,
        0.4683572207215799,
        0.5894094744768965,
        0.7011663887235591,
        0.8018654901635531,
        0.8899186938124426,
        0.96393734804825,
        1.0227541344770767,
        1.0654414772414944,
        1.0913261714459257,
        1.1,
        1.0913261714459257,
        1.0654414772414942,
        1.0227541344770765,
        0.9639373480482498,
        0.8899186938124418,
        0.8018654901635521,
        0.7011663887235586,
        0.5894094744768962,
        0.46835722072157954,
        0.33991869381244155,
        0.20611944604429627,
        0.06906957148224466,
        -0.06906957148224496,
        -0.20611944604429752,
        -0.33991869381244183,
        -0.4683572207215807,
        -0.5894094744768964,
        -0.7011663887235596,
        -0.801865490163553,
        -0.889918693812442,
        -0.9639373480482504,
        -1.0227541344770767,
        -1.0654414772414946,
        -1.0913261714459257,
        -1.1
    ],
    "args": {
        "I_fc": [
            1.1
        ],
        "current_units": "mA",
        "cycles": 1.5,
        "d": 0.2,
        "directory": "/scratch/users/lbvh/py-tdgl/results/17223927/36",
        "dt_init": 1e-06,
        "fc_center": [
            0,
            0,
            1
        ],
        "fc_radius": 2.4,
        "field_units": "mT",
        "film_points": 4000,
        "film_radius": 15.0,
        "film_shape": "box",
        "film_smooth": 100,
        "gamma": 1.0,
        "index": 36,
        "lam": 1.35,
        "max_edge_length": 0.5,
        "pl_center": null,
        "pl_radius": 0.8,
        "points_per_cycle": 51.0,
        "save_every": 500,
        "screening": false,
        "seed_solutions": true,
        "slot_radius": 0.1,
        "slot_size": [
            2.0,
            50.0
        ],
        "slot_top_center_x": [
            -10.0,
            10.0,
            101.0
        ],
        "slot_top_center_y": [
            5.0,
            5.0,
            101.0
        ],
        "solve_time": [
            10000.0,
            2000.0
        ],
        "squid_angle": 180.0,
        "squid_iterations": 5,
        "squid_points": 4000,
        "squid_position": [
            0.0,
            0.0,
            0.5
        ],
        "squid_smooth": 100,
        "squid_type": "hypres-small",
        "xi": 0.9
    },
    "film_fluxoid": [
        -0.0008714441563117281,
        -0.0008645727596427285,
        -0.000844066912752948,
        -0.0008102499358268255,
        -0.0007636550294007607,
        -0.0007050168761002435,
        -0.0006352600740567297,
        -0.0005554845801646591,
        -0.0004669483871909483,
        -0.00037104770316467693,
        -0.00026929494251599776,
        -0.00016329487451948672,
        -5.4719305349471066e-05,
        5.4719305349188353e-05,
        0.00016329487451925703,
        0.00026929494251658084,
        0.00037104770316384643,
        0.00046694838718949945,
        0.0005554845801648005,
        0.0006352600740567297,
        0.0007050168761001728,
        0.0007636550294010081,
        0.0008102499358269315,
        0.0008440669127512516,
        0.0008645727596425164,
        0.0008714441563074873,
        0.000864572759644354,
        0.0008440669127511103,
        0.0008102499358276383,
        0.0007636550294005134,
        0.0007050168761008796,
        0.000635260074056659,
        0.0005554845801662141,
        0.0004669483871901709,
        0.00037104770316453555,
        0.00026929494251649253,
        0.00016329487451899197,
        5.471930534936505e-05,
        -5.471930534925903e-05,
        -0.00016329487451853257,
        -0.0002692949425159094,
        -0.00037104770316478736,
        -0.0004669483871901179,
        -0.0005554845801651362,
        -0.0006352600740566944,
        -0.0007050168760999608,
        -0.0007636550294013968,
        -0.0008102499358264368,
        -0.0008440669127532307,
        -0.0008645727596445661,
        -0.000871444156311092,
        -0.0008645727596443894,
        -0.0008440669127520644,
        -0.0008102499358275676,
        -0.0007636550294018563,
        -0.0007050168761002788,
        -0.0006352600740551748,
        -0.0005554845801647298,
        -0.0004669483871906656,
        -0.00037104770316340473,
        -0.0002692949425161745,
        -0.00016329487451923936,
        -5.471930534911767e-05,
        5.471930534908233e-05,
        0.0001632948745188683,
        0.00026929494251677524,
        0.0003710477031639171,
        0.00046694838719001184,
        0.0005554845801635636,
        0.0006352600740554929,
        0.000705016876098618,
        0.0007636550293998066,
        0.0008102499358258007,
        0.0008440669127523826,
        0.0008645727596454143,
        0.0008714441563100318
    ],