{
    "I_fc": [
        1.0,
        0.9921147013144777,
        0.9685831611286313,
        0.9297764858882512,
        0.8763066800438635,
        0.8090169943749476,
        0.7289686274214117,
        0.6374239897486896,
        0.5358267949789965,
        0.42577929156507266,
        0.3090169943749475,
        0.18738131458572452,
        0.06279051952931329,
        -0.0627905195293134,
        -0.18738131458572485,
        -0.3090169943749476,
        -0.42577929156507277,
        -0.5358267949789968,
        -0.6374239897486896,
        -0.7289686274214117,
        -0.8090169943749475,
        -0.8763066800438636,
        -0.9297764858882515,
        -0.9685831611286313,
        -0.9921147013144777,
        -1.0,
        -0.9921147013144777,
        -0.9685831611286312,
        -0.9297764858882512,
        -0.8763066800438635,
        -0.8090169943749473,
        -0.7289686274214117,
        -0.6374239897486895,
        -0.5358267949789962,
        -0.42577929156507216,
        -0.3090169943749476,
        -0.18738131458572466,
        -0.0627905195293132,
        0.06279051952931372,
        0.18738131458572516,
        0.3090169943749473,
        0.42577929156507266,
        0.5358267949789967,
        0.6374239897486899,
        0.7289686274214119,
        0.8090169943749479,
        0.8763066800438635,
        0.9297764858882513,
        0.9685831611286313,
        0.9921147013144777,
        1.0,
        0.9921147013144777,
        0.9685831611286312,
        0.9297764858882512,
        0.8763066800438633,
        0.8090169943749471,
        0.7289686274214111,
        0.6374239897486896,
        0.5358267949789963,
        0.42577929156507227,
        0.30901699437494695,
        0.1873813145857239,
        0.06279051952931332,
        -0.0627905195293136,
        -0.18738131458572505,
        -0.3090169943749471,
        -0.42577929156507327,
        -0.5358267949789965,
        -0.6374239897486905,
        -0.7289686274214119,
        -0.8090169943749473,
        -0.8763066800438639,
        -0.9297764858882513,
        -0.9685831611286315,
        -0.9921147013144777,
        -1.0
    ],
    "args": {
        "I_fc": [
            1.0
        ],
        "current_units": "mA",
        "cycles": 1.5,
        "d": 0.2,
        "directory": "/scratch/users/lbvh/py-tdgl/results/17223926/58",
        "dt_init": 1e-06,
        "fc_center": [
            0,
            0,
            1
        ],
        "fc_radius": 2.4,
        "field_units": "mT",
        "film_points": 4000,
        "film_radius": 15.0,
        "film_shape": "box",
        "film_smooth": 100,
        "gamma": 1.0,
        "index": 58,
        "lam": 1.35,
        "max_edge_length": 0.5,
        "pl_center": null,
        "pl_radius": 0.8,
        "points_per_cycle": 51.0,
        "save_every": 500,
        "screening": false,
        "seed_solutions": true,
        "slot_radius": 0.1,
        "slot_size": [
            2.0,
            50.0
        ],
        "slot_top_center_x": [
            -10.0,
            10.0,
            101.0
        ],
        "slot_top_center_y": [
            5.0,
            5.0,
            101.0
        ],
        "solve_time": [
            10000.0,
            2000.0
        ],
        "squid_angle": 180.0,
        "squid_iterations": 5,
        "squid_points": 4000,
        "squid_position": [
            0.0,
            0.0,
            0.5
        ],
        "squid_smooth": 100,
        "squid_type": "hypres-small",
        "xi": 0.9
    },
    "film_fluxoid": [
        -0.00033758615735279775,
        -0.0003348842159645691,
        -0.0003268293203424703,
        -0.0003135706253900911,
        -0.00029534643948672705,
        -0.00027247335231142804,
        -0.0002453361506624301,
        -0.00021437918419827558,
        -0.0001800987499952812,
        -0.0001430358527274879,
        -0.00010376886758157422,
        -6.290585921402264e-05,
        -2.1076483122068185e-05,
        2.1076483167885844e-05,
        6.290585916403491e-05,
        0.00010376886756060907,
        0.0001430358527190241,
        0.00018009874995716753,
        0.00021437918410109198,
        0.00024533615079325687,
        0.0002724733523701027,
        0.0002953464394718579,
        0.000313570625387582,
        0.0003268293203722438,
        0.0003348842159616359,
        0.00033758615733387343,
        0.0003348842160777615,
        0.0003268293204293436,
        0.00031357062547006435,
        0.0002953464395255033,
        0.0002724733523964549,
        0.0002453361507801106,
        0.0002143791842121817,
        0.00018009874996831714,
        0.0001430358526930849,
        0.00010376886750950816,
        6.290585913039171e-05,
        2.107648318014865e-05,
        -2.1076483165553437e-05,
        -6.290585922955434e-05,
        -0.00010376886754476813,
        -0.00014303585273422008,
        -0.00018009874997390078,
        -0.00021437918425900652,
        -0.0002453361507656214,
        -0.00027247335247671087,
        -0.0002953464394119398,
        -0.0003135706254714956,
        -0.0003268293203411274,
        -0.00033488421614865255,
        -0.00033758615730054825,
        -0.0003348842159862676,
        -0.00032682932045513264,
        -0.00031357062537217396,
        -0.0002953464394584201,
        -0.00027247335235408283,
        -0.00024533615066928594,
        -0.00021437918427171106,
        -0.00018009874991000699,
        -0.00014303585268433838,
        -0.00010376886761092809,
        -6.290585916407247e-05,
        -2.107648316535907e-05,
        2.1076483184707444e-05,
        6.290585920184817e-05,
        0.00010376886750081465,
        0.00014303585262781285,
        0.0001800987499952812,
        0.00021437918414986048,
        0.0002453361507512029,
        0.00027247335239488673,
        0.00029534643952769434,
        0.0003135706254574128,
        0.00032682932034119806,
        0.0003348842160562044,
        0.00033758615728694255
    ],