{
    "I_fc": [
        0.9,
        0.89290323118303,
        0.871724845015768,
        0.8367988372994263,
        0.7886760120394772,
        0.7281152949374528,
        0.6560717646792704,
        0.5736815907738206,
        0.4822441154810969,
        0.3832013624085654,
        0.27811529493745274,
        0.16864318312715207,
        0.05651146757638197,
        -0.05651146757638206,
        -0.16864318312715235,
        -0.2781152949374528,
        -0.38320136240856545,
        -0.4822441154810972,
        -0.5736815907738207,
        -0.6560717646792705,
        -0.7281152949374526,
        -0.7886760120394772,
        -0.8367988372994263,
        -0.871724845015768,
        -0.89290323118303,
        -0.9,
        -0.89290323118303,
        -0.871724845015768,
        -0.8367988372994262,
        -0.7886760120394771,
        -0.7281152949374525,
        -0.6560717646792704,
        -0.5736815907738206,
        -0.4822441154810967,
        -0.38320136240856495,
        -0.2781152949374528,
        -0.16864318312715218,
        -0.05651146757638189,
        0.05651146757638235,
        0.16864318312715262,
        0.2781152949374525,
        0.38320136240856534,
        0.4822441154810971,
        0.573681590773821,
        0.6560717646792708,
        0.728115294937453,
        0.7886760120394772,
        0.8367988372994263,
        0.8717248450157681,
        0.89290323118303,
        0.9,
        0.89290323118303,
        0.871724845015768,
        0.8367988372994263,
        0.788676012039477,
        0.7281152949374523,
        0.6560717646792699,
        0.5736815907738206,
        0.4822441154810968,
        0.38320136240856506,
        0.2781152949374522,
        0.16864318312715149,
        0.05651146757638199,
        -0.056511467576382236,
        -0.1686431831271525,
        -0.2781152949374524,
        -0.383201362408566,
        -0.482244115481097,
        -0.5736815907738215,
        -0.6560717646792706,
        -0.7281152949374525,
        -0.7886760120394776,
        -0.8367988372994263,
        -0.8717248450157683,
        -0.89290323118303,
        -0.9
    ],
    "args": {
        "I_fc": [
            0.9
        ],
        "current_units": "mA",
        "cycles": 1.5,
        "d": 0.2,
        "directory": "/scratch/users/lbvh/py-tdgl/results/17289543/84",
        "dt_init": 1e-06,
        "fc_center": [
            0,
            0,
            1
        ],
        "fc_radius": 2.4,
        "field_units": "mT",
        "film_points": 4000,
        "film_radius": 15.0,
        "film_shape": "box",
        "film_smooth": 100,
        "gamma": 1.0,
        "index": 84,
        "lam": 1.35,
        "max_edge_length": 0.5,
        "pl_center": null,
        "pl_radius": 0.8,
        "points_per_cycle": 51.0,
        "save_every": 500,
        "screening": false,
        "seed_solutions": true,
        "slot_radius": 0.1,
        "slot_size": [
            2.0,
            50.0
        ],
        "slot_top_center_x": [
            -10.0,
            10.0,
            101.0
        ],
        "slot_top_center_y": [
            5.0,
            5.0,
            101.0
        ],
        "solve_time": [
            10000.0,
            2000.0
        ],
        "squid_angle": 180.0,
        "squid_iterations": 5,
        "squid_points": 4000,
        "squid_position": [
            0.0,
            0.0,
            0.5
        ],
        "squid_smooth": 100,
        "squid_type": "hypres-small",
        "xi": 0.9
    },
    "film_fluxoid": [
        -0.0007589833401912026,
        -0.0007529906272084372,
        -0.0007351085262739263,
        -0.0007056232059827618,
        -0.00066500535407049,
        -0.0006139014443198828,
        -0.0005531224492804754,
        -0.00048363040028557983,
        -0.00040652300061966285,
        -0.00032301640922017085,
        -0.00023442632132853893,
        -0.00014214754071375566,
        -4.763230585102695e-05,
        4.7632305849401334e-05,
        0.00014214754068636755,
        0.00023442632133652565,
        0.00032301640924985603,
        0.0004065230006499135,
        0.00048363040021022057,
        0.0005531224491766657,
        0.0006139014442864516,
        0.0006650053541432186,
        0.000705623206046448,
        0.0007351085263938685,
        0.0007529906271382529,
        0.0007589833402919908,
        0.0007529906272125543,
        0.0007351085262739263,
        0.0007056232058982165,
        0.0006650053541335356,
        0.0006139014443113306,
        0.000553122449245507,
        0.00048363040019905107,
        0.0004065230006544546,
        0.0003230164092083321,
        0.00023442632134331086,
        0.00014214754069237528,
        4.76323058612754e-05,
        -4.763230584876522e-05,
        -0.00014214754067732064,
        -0.00023442632130567427,
        -0.00032301640919692626,
        -0.0004065230006970917,
        -0.0004836304002549935,
        -0.0005531224492944169,
        -0.0006139014442524374,
        -0.0006650053541769149,
        -0.0007056232059336267,
        -0.000735108526300855,
        -0.0007529906272084196,
        -0.0007589833401343413,
        -0.0007529906272698573,
        -0.0007351085263296567,
        -0.0007056232060441067,
        -0.0006650053541554108,
        -0.0006139014443796772,
        -0.0005531224492379797,
        -0.0004836304002193271,
        -0.0004065230006614695,
        -0.000323016409157832,
        -0.00023442632130231704,
        -0.00014214754069908977,
        -4.763230586777787e-05,
        4.7632305852793925e-05,
        0.0001421475406707475,
        0.0002344263213501667,
        0.0003230164092131736,
        0.0004065230007417078,
        0.0004836304002374209,
        0.0005531224492732838,
        0.0006139014442635516,
        0.0006650053541314153,
        0.0007056232058981635,
        0.0007351085263906173,
        0.0007529906272215128,
        0.0007589833402948887
    ],