{
    "I_fc": [
        1.2,
        1.1905376415773734,
        1.1622997933543573,
        1.1157317830659015,
        1.0515680160526362,
        0.9708203932499369,
        0.8747623529056938,
        0.7649087876984275,
        0.6429921539747958,
        0.5109351498780872,
        0.37082039324993693,
        0.22485757750286942,
        0.07534862343517597,
        -0.07534862343517608,
        -0.22485757750286978,
        -0.37082039324993704,
        -0.5109351498780872,
        -0.6429921539747963,
        -0.7649087876984276,
        -0.8747623529056939,
        -0.9708203932499367,
        -1.0515680160526362,
        -1.1157317830659017,
        -1.1622997933543573,
        -1.1905376415773734,
        -1.2,
        -1.1905376415773734,
        -1.1622997933543573,
        -1.1157317830659015,
        -1.0515680160526362,
        -0.9708203932499366,
        -0.8747623529056938,
        -0.7649087876984274,
        -0.6429921539747956,
        -0.5109351498780865,
        -0.37082039324993704,
        -0.22485757750286955,
        -0.07534862343517584,
        0.07534862343517647,
        0.22485757750287014,
        0.37082039324993665,
        0.5109351498780871,
        0.6429921539747961,
        0.764908787698428,
        0.8747623529056943,
        0.9708203932499373,
        1.0515680160526362,
        1.1157317830659017,
        1.1622997933543573,
        1.1905376415773734,
        1.2,
        1.1905376415773734,
        1.1622997933543573,
        1.1157317830659015,
        1.051568016052636,
        0.9708203932499364,
        0.8747623529056932,
        0.7649087876984275,
        0.6429921539747957,
        0.5109351498780867,
        0.3708203932499362,
        0.22485757750286864,
        0.07534862343517598,
        -0.07534862343517632,
        -0.22485757750287003,
        -0.37082039324993654,
        -0.510935149878088,
        -0.6429921539747959,
        -0.7649087876984286,
        -0.8747623529056942,
        -0.9708203932499366,
        -1.0515680160526366,
        -1.1157317830659017,
        -1.1622997933543577,
        -1.1905376415773734,
        -1.2
    ],
    "args": {
        "I_fc": [
            1.2
        ],
        "current_units": "mA",
        "cycles": 1.5,
        "d": 0.2,
        "directory": "/scratch/users/lbvh/py-tdgl/results/17298304/87",
        "dt_init": 1e-06,
        "fc_center": [
            0,
            0,
            1
        ],
        "fc_radius": 2.4,
        "field_units": "mT",
        "film_points": 4000,
        "film_radius": 15.0,
        "film_shape": "box",
        "film_smooth": 100,
        "gamma": 1.0,
        "index": 87,
        "lam": 1.35,
        "max_edge_length": 0.5,
        "pl_center": null,
        "pl_radius": 0.8,
        "points_per_cycle": 51.0,
        "save_every": 500,
        "screening": false,
        "seed_solutions": true,
        "slot_radius": 0.1,
        "slot_size": [
            2.0,
            50.0
        ],
        "slot_top_center_x": [
            -10.0,
            10.0,
            101.0
        ],
        "slot_top_center_y": [
            5.0,
            5.0,
            101.0
        ],
        "solve_time": [
            10000.0,
            2000.0
        ],
        "squid_angle": 180.0,
        "squid_iterations": 5,
        "squid_points": 4000,
        "squid_position": [
            0.0,
            0.0,
            0.5
        ],
        "squid_smooth": 100,
        "squid_type": "hypres-small",
        "xi": 0.9
    },
    "film_fluxoid": [
        -0.0007256816359442619,
        -0.0007199432479995656,
        -0.000702823120631953,
        -0.000674602671865334,
        -0.000635740398136128,
        -0.0005868603419964348,
        -0.0005287403144348989,
        -0.00046229977451353393,
        -0.0003885864236590756,
        -0.00030876082644574636,
        -0.00022407893234277704,
        -0.0001358727523171511,
        -4.552960820515905e-05,
        4.5529608214347326e-05,
        0.00013587275231170882,
        0.00022407893232977212,
        0.00030876082646196716,
        0.0003885864236500287,
        0.00046229977461822693,
        0.0005287403144620044,
        0.0005868603419293604,
        0.0006357403982005607,
        0.0006746026719847816,
        0.0007028231205506014,
        0.0007199432479911901,
        0.0007256816356950654,
        0.0007199432480915189,
        0.0007028231206800854,
        0.0006746026721036282,
        0.0006357403980859327,
        0.0005868603420711424,
        0.0005287403143721713,
        0.00046229977458317896,
        0.00038858642361931867,
        0.00030876082643966794,
        0.00022407893228178108,
        0.0001358727523040755,
        4.552960821752788e-05,
        -4.5529608214983434e-05,
        -0.00013587275230626653,
        -0.00022407893232701564,
        -0.0003087608264829235,
        -0.0003885864236837779,
        -0.00046229977467399265,
        -0.0005287403143641846,
        -0.0005868603422013332,
        -0.0006357403980593088,
        -0.0006746026718533539,
        -0.0007028231207490681,
        -0.0007199432479229141,
        -0.0007256816356478828,
        -0.0007199432478592677,
        -0.000702823120609265,
        -0.0006746026719971504,
        -0.0006357403982345396,
        -0.0005868603419980603,
        -0.0005287403144404472,
        -0.0004622997745906798,
        -0.0003885864236730524,
        -0.00030876082645129465,
        -0.00022407893231033538,
        -0.00013587275231354646,
        -4.5529608196041466e-05,
        4.552960821738652e-05,
        0.00013587275231969554,
        0.0002240789323274397,
        0.00030876082651416363,
        0.00038858642370301143,
        0.0004622997744549231,
        0.0005287403142968982,
        0.0005868603421159175,
        0.0006357403981287244,
        0.000674602672092249,
        0.0007028231206509656,
        0.0007199432480936393,
        0.0007256816356893007
    ],