{
    "I_fc": [
        0.9,
        0.89290323118303,
        0.871724845015768,
        0.8367988372994263,
        0.7886760120394772,
        0.7281152949374528,
        0.6560717646792704,
        0.5736815907738206,
        0.4822441154810969,
        0.3832013624085654,
        0.27811529493745274,
        0.16864318312715207,
        0.05651146757638197,
        -0.05651146757638206,
        -0.16864318312715235,
        -0.2781152949374528,
        -0.38320136240856545,
        -0.4822441154810972,
        -0.5736815907738207,
        -0.6560717646792705,
        -0.7281152949374526,
        -0.7886760120394772,
        -0.8367988372994263,
        -0.871724845015768,
        -0.89290323118303,
        -0.9,
        -0.89290323118303,
        -0.871724845015768,
        -0.8367988372994262,
        -0.7886760120394771,
        -0.7281152949374525,
        -0.6560717646792704,
        -0.5736815907738206,
        -0.4822441154810967,
        -0.38320136240856495,
        -0.2781152949374528,
        -0.16864318312715218,
        -0.05651146757638189,
        0.05651146757638235,
        0.16864318312715262,
        0.2781152949374525,
        0.38320136240856534,
        0.4822441154810971,
        0.573681590773821,
        0.6560717646792708,
        0.728115294937453,
        0.7886760120394772,
        0.8367988372994263,
        0.8717248450157681,
        0.89290323118303,
        0.9,
        0.89290323118303,
        0.871724845015768,
        0.8367988372994263,
        0.788676012039477,
        0.7281152949374523,
        0.6560717646792699,
        0.5736815907738206,
        0.4822441154810968,
        0.38320136240856506,
        0.2781152949374522,
        0.16864318312715149,
        0.05651146757638199,
        -0.056511467576382236,
        -0.1686431831271525,
        -0.2781152949374524,
        -0.383201362408566,
        -0.482244115481097,
        -0.5736815907738215,
        -0.6560717646792706,
        -0.7281152949374525,
        -0.7886760120394776,
        -0.8367988372994263,
        -0.8717248450157683,
        -0.89290323118303,
        -0.9
    ],
    "args": {
        "I_fc": [
            0.9
        ],
        "current_units": "mA",
        "cycles": 1.5,
        "d": 0.2,
        "directory": "/scratch/users/lbvh/py-tdgl/results/17289543/32",
        "dt_init": 1e-06,
        "fc_center": [
            0,
            0,
            1
        ],
        "fc_radius": 2.4,
        "field_units": "mT",
        "film_points": 4000,
        "film_radius": 15.0,
        "film_shape": "box",
        "film_smooth": 100,
        "gamma": 1.0,
        "index": 32,
        "lam": 1.35,
        "max_edge_length": 0.5,
        "pl_center": null,
        "pl_radius": 0.8,
        "points_per_cycle": 51.0,
        "save_every": 500,
        "screening": false,
        "seed_solutions": true,
        "slot_radius": 0.1,
        "slot_size": [
            2.0,
            50.0
        ],
        "slot_top_center_x": [
            -10.0,
            10.0,
            101.0
        ],
        "slot_top_center_y": [
            5.0,
            5.0,
            101.0
        ],
        "solve_time": [
            10000.0,
            2000.0
        ],
        "squid_angle": 180.0,
        "squid_iterations": 5,
        "squid_points": 4000,
        "squid_position": [
            0.0,
            0.0,
            0.5
        ],
        "squid_smooth": 100,
        "squid_type": "hypres-small",
        "xi": 0.9
    },
    "film_fluxoid": [
        -0.00033151039710123555,
        -0.0003288963735915546,
        -0.00032109552528115866,
        -0.0003082308677624875,
        -0.0002905052675679408,
        -0.0002681982425886239,
        -0.00024166155665704818,
        -0.0002113136772802643,
        -0.00017763318211691702,
        -0.0001411512168877747,
        -0.00010244312200698941,
        -6.211935991188515e-05,
        -2.0815885807241383e-05,
        2.0815885802929965e-05,
        6.211935991172612e-05,
        0.00010244312201527653,
        0.00014115121688789838,
        0.00017763318212010642,
        0.00021131367726559398,
        0.00024166155664626964,
        0.00026819824258136166,
        0.00029050526755256814,
        0.0003082308677565328,
        0.0003210955252630825,
        0.0003288963735862006,
        0.000331510397100034,
        0.0003288963735804403,
        0.0003210955252671819,
        0.00030823086776773543,
        0.00029050526756529033,
        0.000268198242573905,
        0.00024166155663580914,
        0.00021131367726951223,
        0.00017763318211501752,
        0.0001411512168881634,
        0.00010244312201568293,
        6.21193599108073e-05,
        2.0815885804719027e-05,
        -2.081588580393714e-05,
        -6.211935990912867e-05,
        -0.00010244312203469558,
        -0.00014115121689657422,
        -0.00017763318212211192,
        -0.00021131367727100534,
        -0.00024166155665701283,
        -0.0002681982425903379,
        -0.00029050526756345266,
        -0.00030823086774540087,
        -0.0003210955252722708,
        -0.00032889637356701127,
        -0.0003315103971138871,
        -0.00032889637359337457,
        -0.000321095525277289,
        -0.0003082308677684069,
        -0.00029050526757186347,
        -0.00026819824258362336,
        -0.00024166155664939718,
        -0.00021131367725877787,
        -0.00017763318211816274,
        -0.000141151216892815,
        -0.00010244312201366857,
        -6.211935990941139e-05,
        -2.0815885795437993e-05,
        2.0815885804555584e-05,
        6.211935991041856e-05,
        0.00010244312201121249,
        0.0001411512168988271,
        0.0001776331821184808,
        0.00021131367725084856,
        0.0002416615566496622,
        0.00026819824258362336,
        0.00029050526757543277,
        0.00030823086773757314,
        0.0003210955252691388,
        0.0003288963735693437,
        0.0003315103971268213
    ],