{
    "I_fc": [
        1.75,
        1.736200727300336,
        1.6950205319751048,
        1.6271088503044397,
        1.533536690076761,
        1.4157797401561583,
        1.2756950979874704,
        1.115491982060207,
        0.937696891213244,
        0.7451137602388771,
        0.5407797401561582,
        0.3279173005250179,
        0.10988340917629826,
        -0.10988340917629845,
        -0.3279173005250185,
        -0.5407797401561584,
        -0.7451137602388773,
        -0.9376968912132444,
        -1.115491982060207,
        -1.2756950979874704,
        -1.415779740156158,
        -1.5335366900767613,
        -1.62710885030444,
        -1.6950205319751048,
        -1.736200727300336,
        -1.75,
        -1.736200727300336,
        -1.6950205319751046,
        -1.6271088503044397,
        -1.533536690076761,
        -1.4157797401561578,
        -1.2756950979874704,
        -1.1154919820602067,
        -0.9376968912132434,
        -0.7451137602388763,
        -0.5407797401561584,
        -0.32791730052501816,
        -0.10988340917629809,
        0.10988340917629902,
        0.327917300525019,
        0.5407797401561577,
        0.7451137602388771,
        0.9376968912132442,
        1.1154919820602072,
        1.2756950979874708,
        1.4157797401561587,
        1.533536690076761,
        1.62710885030444,
        1.6950205319751048,
        1.736200727300336,
        1.75,
        1.736200727300336,
        1.6950205319751046,
        1.6271088503044397,
        1.5335366900767606,
        1.4157797401561574,
        1.2756950979874695,
        1.115491982060207,
        0.9376968912132435,
        0.7451137602388764,
        0.5407797401561572,
        0.32791730052501683,
        0.10988340917629831,
        -0.1098834091762988,
        -0.32791730052501883,
        -0.5407797401561575,
        -0.7451137602388782,
        -0.937696891213244,
        -1.1154919820602085,
        -1.2756950979874708,
        -1.4157797401561578,
        -1.5335366900767617,
        -1.62710885030444,
        -1.6950205319751053,
        -1.736200727300336,
        -1.75
    ],
    "args": {
        "I_fc": [
            1.75
        ],
        "current_units": "mA",
        "cycles": 1.5,
        "d": 0.2,
        "directory": "/scratch/users/lbvh/py-tdgl/results/17224036/20",
        "dt_init": 1e-06,
        "fc_center": [
            0,
            0,
            1
        ],
        "fc_radius": 2.4,
        "field_units": "mT",
        "film_points": 4000,
        "film_radius": 15.0,
        "film_shape": "box",
        "film_smooth": 100,
        "gamma": 1.0,
        "index": 20,
        "lam": 1.35,
        "max_edge_length": 0.5,
        "pl_center": null,
        "pl_radius": 0.8,
        "points_per_cycle": 51.0,
        "save_every": 500,
        "screening": false,
        "seed_solutions": true,
        "slot_radius": 0.1,
        "slot_size": [
            2.0,
            50.0
        ],
        "slot_top_center_x": [
            -10.0,
            10.0,
            101.0
        ],
        "slot_top_center_y": [
            5.0,
            5.0,
            101.0
        ],
        "solve_time": [
            10000.0,
            2000.0
        ],
        "squid_angle": 180.0,
        "squid_iterations": 5,
        "squid_points": 4000,
        "squid_position": [
            0.0,
            0.0,
            0.5
        ],
        "squid_smooth": 100,
        "squid_type": "hypres-small",
        "xi": 0.9
    },
    "film_fluxoid": [
        0.9995652206418362,
        0.9995686489115991,
        0.9995788796495705,
        0.9995957515010332,
        0.9996189983840438,
        0.9996482536917334,
        0.9996830560736749,
        0.9997228567093142,
        0.9997670279642661,
        0.9998148733088398,
        0.999865638529319,
        -8.146794265154181e-05,
        -2.729948847785751e-05,
        2.7299488477804498e-05,
        8.146794265154181e-05,
        0.00013435162238221012,
        0.00018511655212612868,
        0.00023296220434041817,
        0.0002771342153671397,
        -0.9996830560736749,
        -0.9996482536917337,
        -0.9996189983840438,
        -0.9995957515010334,
        -0.9995788796495705,
        -0.999568648911599,
        -0.999565220641836,
        -0.999568648911599,
        -0.9995788796495704,
        -0.9995957515010334,
        -0.999618998384044,
        -0.9996482536917337,
        -0.9996830560736749,
        -0.999722856709314,
        -0.9997670279642661,
        -0.9998148733088398,
        -0.9998656385293191,
        8.146794265152414e-05,
        2.7299488477892847e-05,
        -2.729948847783984e-05,
        -8.146794265145346e-05,
        -0.00013435162238219244,
        -0.000185116552126058,
        -0.00023296220434036518,
        -0.0002771342153671397,
        0.999683056073675,
        0.9996482536917336,
        0.9996189983840437,
        0.9995957515010333,
        0.9995788796495704,
        0.9995686489115991,
        0.9995652206418361,
        0.9995686489115991,
        0.9995788796495705,
        0.9995957515010334,
        0.9996189983840437,
        0.9996482536917337,
        0.9996830560736749,
        0.999722856709314,
        0.9997670279642662,
        0.9998148733088398,
        0.9998656385293191,
        -8.146794265150647e-05,
        -2.729948847782217e-05,
        2.7299488477804498e-05,
        8.14679426514888e-05,
        0.00013435162238221012,
        0.000185116552126058,
        0.00023296220434043584,
        0.0002771342153671397,
        -0.999683056073675,
        -0.9996482536917337,
        -0.9996189983840438,
        -0.9995957515010334,
        -0.9995788796495704,
        -0.9995686489115991,
        -0.9995652206418361
    ],