{
    "I_fc": [
        0.9,
        0.89290323118303,
        0.871724845015768,
        0.8367988372994263,
        0.7886760120394772,
        0.7281152949374528,
        0.6560717646792704,
        0.5736815907738206,
        0.4822441154810969,
        0.3832013624085654,
        0.27811529493745274,
        0.16864318312715207,
        0.05651146757638197,
        -0.05651146757638206,
        -0.16864318312715235,
        -0.2781152949374528,
        -0.38320136240856545,
        -0.4822441154810972,
        -0.5736815907738207,
        -0.6560717646792705,
        -0.7281152949374526,
        -0.7886760120394772,
        -0.8367988372994263,
        -0.871724845015768,
        -0.89290323118303,
        -0.9,
        -0.89290323118303,
        -0.871724845015768,
        -0.8367988372994262,
        -0.7886760120394771,
        -0.7281152949374525,
        -0.6560717646792704,
        -0.5736815907738206,
        -0.4822441154810967,
        -0.38320136240856495,
        -0.2781152949374528,
        -0.16864318312715218,
        -0.05651146757638189,
        0.05651146757638235,
        0.16864318312715262,
        0.2781152949374525,
        0.38320136240856534,
        0.4822441154810971,
        0.573681590773821,
        0.6560717646792708,
        0.728115294937453,
        0.7886760120394772,
        0.8367988372994263,
        0.8717248450157681,
        0.89290323118303,
        0.9,
        0.89290323118303,
        0.871724845015768,
        0.8367988372994263,
        0.788676012039477,
        0.7281152949374523,
        0.6560717646792699,
        0.5736815907738206,
        0.4822441154810968,
        0.38320136240856506,
        0.2781152949374522,
        0.16864318312715149,
        0.05651146757638199,
        -0.056511467576382236,
        -0.1686431831271525,
        -0.2781152949374524,
        -0.383201362408566,
        -0.482244115481097,
        -0.5736815907738215,
        -0.6560717646792706,
        -0.7281152949374525,
        -0.7886760120394776,
        -0.8367988372994263,
        -0.8717248450157683,
        -0.89290323118303,
        -0.9
    ],
    "args": {
        "I_fc": [
            0.9
        ],
        "current_units": "mA",
        "cycles": 1.5,
        "d": 0.2,
        "directory": "/scratch/users/lbvh/py-tdgl/results/17289540/43",
        "dt_init": 1e-06,
        "fc_center": [
            0,
            0,
            1
        ],
        "fc_radius": 2.4,
        "field_units": "mT",
        "film_points": 4000,
        "film_radius": 15.0,
        "film_shape": "box",
        "film_smooth": 100,
        "gamma": 1.0,
        "index": 43,
        "lam": 1.35,
        "max_edge_length": 0.5,
        "pl_center": null,
        "pl_radius": 0.8,
        "points_per_cycle": 51.0,
        "save_every": 500,
        "screening": false,
        "seed_solutions": true,
        "slot_radius": 0.1,
        "slot_size": [
            2.0,
            50.0
        ],
        "slot_top_center_x": [
            -10.0,
            10.0,
            101.0
        ],
        "slot_top_center_y": [
            -1.0,
            -1.0,
            101.0
        ],
        "solve_time": [
            10000.0,
            2000.0
        ],
        "squid_angle": 180.0,
        "squid_iterations": 5,
        "squid_points": 4000,
        "squid_position": [
            0.0,
            0.0,
            0.5
        ],
        "squid_smooth": 100,
        "squid_type": "hypres-small",
        "xi": 0.9
    },
    "film_fluxoid": [
        -0.0006044408284381005,
        -0.000599655948868927,
        -0.0005853820495162659,
        -0.0005618571526322386,
        -0.000529467004441787,
        -0.000488734738692749,
        -0.0004403110515229511,
        -0.0003849640173975102,
        -0.000323567664994778,
        -0.00025708897482096363,
        -0.00018657331828196574,
        -0.00011312852697275061,
        -3.7907856506322e-05,
        3.790785649861799e-05,
        0.00011312852698165617,
        0.00018657331829295633,
        0.0002570889748186627,
        0.0003235676649800415,
        0.00038496401737893933,
        0.0004403110515147523,
        0.0004887347386287139,
        0.0005294670044957858,
        0.0005618571526180763,
        0.0005853820495378584,
        0.0005996559488914737,
        0.0006044408284623744,
        0.0005996559487779279,
        0.0005853820495692398,
        0.00056185715264618,
        0.0005294670045075892,
        0.0004887347386491048,
        0.0004403110515273155,
        0.00038496401737821487,
        0.0003235676650056096,
        0.00025708897482923306,
        0.00018657331828323797,
        0.00011312852699201064,
        3.790785650586259e-05,
        -3.790785650642802e-05,
        -0.00011312852699254073,
        -0.00018657331829313302,
        -0.00025708897480776434,
        -0.0003235676650007504,
        -0.00038496401737648324,
        -0.0004403110515400554,
        -0.0004887347386531688,
        -0.0005294670044829929,
        -0.0005618571527053803,
        -0.0005853820495652819,
        -0.0005996559488368741,
        -0.0006044408284805477,
        -0.0005996559488855367,
        -0.0005853820495535137,
        -0.0005618571526577449,
        -0.0005294670044606583,
        -0.0004887347386637707,
        -0.00044031105153694553,
        -0.0003849640174043661,
        -0.0003235676649909967,
        -0.0002570889748385097,
        -0.00018657331827496852,
        -0.00011312852698900677,
        -3.790785649480132e-05,
        3.790785650512046e-05,
        0.00011312852698045461,
        0.00018657331829458195,
        0.00025708897480254293,
        0.00032356766499601493,
        0.00038496401743016393,
        0.00044031105151757946,
        0.0004887347386555012,
        0.0005294670044842652,
        0.0005618571525949289,
        0.0005853820495765197,
        0.0005996559489053268,
        0.0006044408284486273
    ],