{
    "I_fc": [
        1.1,
        1.0913261714459257,
        1.0654414772414942,
        1.0227541344770765,
        0.96393734804825,
        0.8899186938124423,
        0.8018654901635528,
        0.7011663887235586,
        0.5894094744768963,
        0.46835722072158,
        0.3399186938124422,
        0.206119446044297,
        0.06906957148224464,
        -0.06906957148224475,
        -0.20611944604429733,
        -0.33991869381244233,
        -0.46835722072158004,
        -0.5894094744768966,
        -0.7011663887235587,
        -0.8018654901635529,
        -0.8899186938124422,
        -0.96393734804825,
        -1.0227541344770767,
        -1.0654414772414942,
        -1.0913261714459257,
        -1.1,
        -1.0913261714459257,
        -1.0654414772414942,
        -1.0227541344770765,
        -0.9639373480482499,
        -0.889918693812442,
        -0.8018654901635528,
        -0.7011663887235585,
        -0.589409474476896,
        -0.4683572207215794,
        -0.33991869381244233,
        -0.2061194460442971,
        -0.06906957148224453,
        0.0690695714822451,
        0.20611944604429766,
        0.339918693812442,
        0.4683572207215799,
        0.5894094744768965,
        0.7011663887235591,
        0.8018654901635531,
        0.8899186938124426,
        0.96393734804825,
        1.0227541344770767,
        1.0654414772414944,
        1.0913261714459257,
        1.1,
        1.0913261714459257,
        1.0654414772414942,
        1.0227541344770765,
        0.9639373480482498,
        0.8899186938124418,
        0.8018654901635521,
        0.7011663887235586,
        0.5894094744768962,
        0.46835722072157954,
        0.33991869381244155,
        0.20611944604429627,
        0.06906957148224466,
        -0.06906957148224496,
        -0.20611944604429752,
        -0.33991869381244183,
        -0.4683572207215807,
        -0.5894094744768964,
        -0.7011663887235596,
        -0.801865490163553,
        -0.889918693812442,
        -0.9639373480482504,
        -1.0227541344770767,
        -1.0654414772414946,
        -1.0913261714459257,
        -1.1
    ],
    "args": {
        "I_fc": [
            1.1
        ],
        "current_units": "mA",
        "cycles": 1.5,
        "d": 0.2,
        "directory": "/scratch/users/lbvh/py-tdgl/results/17223196/16",
        "dt_init": 1e-06,
        "fc_center": [
            0,
            0,
            1
        ],
        "fc_radius": 2.4,
        "field_units": "mT",
        "film_points": 4000,
        "film_radius": 15.0,
        "film_shape": "box",
        "film_smooth": 100,
        "gamma": 1.0,
        "index": 16,
        "lam": 1.35,
        "max_edge_length": 0.5,
        "pl_center": null,
        "pl_radius": 0.8,
        "points_per_cycle": 51.0,
        "save_every": 500,
        "screening": false,
        "seed_solutions": true,
        "slot_radius": 0.1,
        "slot_size": [
            2.0,
            50.0
        ],
        "slot_top_center_x": [
            -10.0,
            10.0,
            101.0
        ],
        "slot_top_center_y": [
            -1.0,
            -1.0,
            101.0
        ],
        "solve_time": [
            10000.0,
            2000.0
        ],
        "squid_angle": 180.0,
        "squid_iterations": 5,
        "squid_points": 4000,
        "squid_position": [
            0.0,
            0.0,
            0.5
        ],
        "squid_smooth": 100,
        "squid_type": "hypres-small",
        "xi": 0.9
    },
    "film_fluxoid": [
        0.00013781674299405218,
        0.0001367305197459119,
        0.0001334888611268544,
        0.00012814258269794798,
        0.00012077561519649434,
        0.00011150378419910983,
        0.00010047304208767177,
        8.785718426572347e-05,
        7.385510282301288e-05,
        5.868763459620871e-05,
        4.2594060679926327e-05,
        2.5828315733661032e-05,
        8.654967826834971e-06,
        -8.654967826773128e-06,
        -2.5828315733643363e-05,
        -4.2594060679944e-05,
        -5.8687634596244045e-05,
        -7.385510282322493e-05,
        -8.785718426571463e-05,
        -0.00010047304208756576,
        -0.00011150378419919818,
        -0.00012077561519667104,
        -0.00012814258269791263,
        -0.00013348886112704876,
        -0.00013673051974582356,
        -0.00013781674299396385,
        -0.00013673051974580588,
        -0.0001334888611270134,
        -0.00012814258269794798,
        -0.00012077561519651201,
        -0.00011150378419905681,
        -0.00010047304208735372,
        -8.785718426567045e-05,
        -7.385510282314541e-05,
        -5.868763459620871e-05,
        -4.259406067990866e-05,
        -2.5828315733890737e-05,
        -8.654967826949824e-06,
        8.654967826667108e-06,
        2.58283157336787e-05,
        4.259406067987332e-05,
        5.868763459625288e-05,
        7.385510282315425e-05,
        8.785718426586482e-05,
        0.00010047304208760109,
        0.0001115037841989508,
        0.00012077561519656502,
        0.0001281425826979303,
        0.00013348886112697807,
        0.0001367305197459119,
        0.00013781674299396385,
        0.0001367305197459119,
        0.0001334888611270134,
        0.00012814258269798332,
        0.00012077561519649434,
        0.00011150378419891988,
        0.00010047304208760109,
        8.785718426572347e-05,
        7.385510282315425e-05,
        5.868763459631473e-05,
        4.2594060679952835e-05,
        2.582831573363784e-05,
        8.654967826742206e-06,
        -8.654967826746622e-06,
        -2.582831573362569e-05,
        -4.259406067997934e-05,
        -5.8687634596244045e-05,
        -7.385510282315425e-05,
        -8.785718426572347e-05,
        -0.00010047304208756576,
        -0.00011150378419898614,
        -0.00012077561519652967,
        -0.00012814258269794798,
        -0.0001334888611270134,
        -0.0001367305197458324,
        -0.00013781674299389316
    ],