{
    "I_fc": [
        1.0,
        0.9921147013144779,
        0.9685831611286311,
        0.9297764858882513,
        0.8763066800438636,
        0.8090169943749475,
        0.7289686274214116,
        0.6374239897486896,
        0.5358267949789965,
        0.42577929156507266,
        0.30901699437494745,
        0.18738131458572452,
        0.0627905195293133,
        -0.0627905195293134,
        -0.18738131458572482,
        -0.30901699437494756,
        -0.4257792915650727,
        -0.5358267949789969,
        -0.6374239897486897,
        -0.7289686274214117,
        -0.8090169943749473,
        -0.8763066800438636,
        -0.9297764858882515,
        -0.9685831611286311,
        -0.9921147013144779,
        -1.0,
        -0.9921147013144779,
        -0.9685831611286311,
        -0.9297764858882512,
        -0.8763066800438635,
        -0.8090169943749472,
        -0.7289686274214116,
        -0.6374239897486895,
        -0.5358267949789963,
        -0.42577929156507216,
        -0.30901699437494756,
        -0.18738131458572463,
        -0.06279051952931321,
        0.06279051952931372,
        0.18738131458572513,
        0.30901699437494723,
        0.4257792915650726,
        0.5358267949789968,
        0.63742398974869,
        0.7289686274214119,
        0.8090169943749478,
        0.8763066800438636,
        0.9297764858882515,
        0.9685831611286312,
        0.9921147013144779,
        1.0,
        0.9921147013144779,
        0.9685831611286311,
        0.9297764858882513,
        0.8763066800438634,
        0.809016994374947,
        0.728968627421411,
        0.6374239897486896,
        0.5358267949789964,
        0.42577929156507227,
        0.30901699437494684,
        0.18738131458572388,
        0.06279051952931332,
        -0.0627905195293136,
        -0.18738131458572502,
        -0.3090169943749471,
        -0.4257792915650733,
        -0.5358267949789967,
        -0.6374239897486905,
        -0.7289686274214118,
        -0.8090169943749472,
        -0.8763066800438639,
        -0.9297764858882515,
        -0.9685831611286314,
        -0.9921147013144779,
        -1.0
    ],
    "args": {
        "I_fc": [
            1.0
        ],
        "current_units": "mA",
        "cycles": 1.5,
        "d": 0.2,
        "directory": "/scratch/users/lbvh/py-tdgl/results/17223926/8",
        "dt_init": 1e-06,
        "fc_center": [
            0,
            0,
            1
        ],
        "fc_radius": 2.4,
        "field_units": "mT",
        "film_points": 4000,
        "film_radius": 15.0,
        "film_shape": "box",
        "film_smooth": 100,
        "gamma": 1.0,
        "index": 8,
        "lam": 1.35,
        "max_edge_length": 0.5,
        "pl_center": null,
        "pl_radius": 0.8,
        "points_per_cycle": 51.0,
        "save_every": 500,
        "screening": false,
        "seed_solutions": true,
        "slot_radius": 0.1,
        "slot_size": [
            2.0,
            50.0
        ],
        "slot_top_center_x": [
            -10.0,
            10.0,
            101.0
        ],
        "slot_top_center_y": [
            5.0,
            5.0,
            101.0
        ],
        "solve_time": [
            10000.0,
            2000.0
        ],
        "squid_angle": 180.0,
        "squid_iterations": 5,
        "squid_points": 4000,
        "squid_position": [
            0.0,
            0.0,
            0.5
        ],
        "squid_smooth": 100,
        "squid_type": "hypres-small",
        "xi": 0.9
    },
    "film_fluxoid": [
        -0.00015428345951884289,
        -0.00015306688817413763,
        -0.00014943636109742033,
        -0.00014344913410105874,
        -0.00013519962788849664,
        -0.0001248179431522457,
        -0.0001124678051611802,
        -9.834398182518182e-05,
        -8.266921505462697e-05,
        -6.56907030412217e-05,
        -4.767621505635595e-05,
        -2.890984031139724e-05,
        -9.687539618204718e-06,
        9.68753846573073e-06,
        2.8909841089466935e-05,
        4.7676213467209474e-05,
        6.569070524135273e-05,
        8.266921576049808e-05,
        9.834398176392522e-05,
        0.00011246780577481522,
        0.00012481794333316182,
        0.00013519962833243138,
        0.00014344913373522426,
        0.00014943636116666808,
        0.00015306688769630347,
        0.00015428345871289033,
        0.00015306688780678356,
        0.00014943636152218342,
        0.00014344913405370382,
        0.0001351996277629354,
        0.0001248179430987903,
        0.00011246780423203416,
        9.834398234198662e-05,
        8.26692166779114e-05,
        6.569070660270082e-05,
        4.767621363486005e-05,
        2.890983787424421e-05,
        9.687538235317212e-06,
        -9.687540328157533e-06,
        -2.8909841084413387e-05,
        -4.767621023694979e-05,
        -6.569070594937954e-05,
        -8.266921548373682e-05,
        -9.834398135990201e-05,
        -0.00011246780501657097,
        -0.0001248179437951551,
        -0.00013519962749248223,
        -0.00014344913352718066,
        -0.00014943636096947368,
        -0.0001530668877584038,
        -0.0001542834595551349,
        -0.00015306688780696026,
        -0.00014943636153720268,
        -0.0001434491336581135,
        -0.0001351996277614158,
        -0.00012481794294379127,
        -0.00011246780388777446,
        -9.834398398873647e-05,
        -8.266921770553978e-05,
        -6.569070594831936e-05,
        -4.7676214744643924e-05,
        -2.890984069412399e-05,
        -9.68753950861694e-06,
        9.687538606311246e-06,
        2.8909840756745576e-05,
        4.767621511618572e-05,
        6.569070667530581e-05,
        8.266921520432508e-05,
        9.834398154006276e-05,
        0.00011246780558581959,
        0.0001248179432088375,
        0.00013519962826093957,
        0.00014344913325708088,
        0.000149436360854691,
        0.00015306688530470304,
        0.0001542834591919879
    ],