{
    "I_fc": [
        6.01,
        5.962609354900012,
        5.821184798383072,
        5.58795668018839,
        5.26660314706362,
        4.862192136193434,
        4.381101450802683,
        3.8309181783896245,
        3.220319037823769,
        2.5589335423060864,
        1.857192136193434,
        1.1261617006602043,
        0.3773710223711729,
        -0.37737102237117354,
        -1.126161700660206,
        -1.8571921361934347,
        -2.558933542306087,
        -3.220319037823771,
        -3.8309181783896253,
        -4.381101450802684,
        -4.862192136193434,
        -5.26660314706362,
        -5.587956680188391,
        -5.821184798383072,
        -5.962609354900012,
        -6.01,
        -5.962609354900012,
        -5.821184798383072,
        -5.587956680188389,
        -5.266603147063619,
        -4.862192136193433,
        -4.381101450802683,
        -3.830918178389624,
        -3.2203190378237676,
        -2.5589335423060837,
        -1.8571921361934347,
        -1.126161700660205,
        -0.37737102237117237,
        0.3773710223711754,
        1.126161700660208,
        1.8571921361934327,
        2.5589335423060864,
        3.2203190378237703,
        3.8309181783896267,
        4.381101450802685,
        4.862192136193436,
        5.26660314706362,
        5.587956680188391,
        5.821184798383073,
        5.962609354900012,
        6.01,
        5.962609354900012,
        5.821184798383072,
        5.58795668018839,
        5.266603147063619,
        4.862192136193431,
        4.38110145080268,
        3.8309181783896245,
        3.2203190378237685,
        2.558933542306084,
        1.8571921361934305,
        1.1261617006602005,
        0.37737102237117304,
        -0.3773710223711747,
        -1.1261617006602074,
        -1.857192136193432,
        -2.5589335423060904,
        -3.22031903782377,
        -3.83091817838963,
        -4.381101450802684,
        -4.862192136193433,
        -5.266603147063622,
        -5.587956680188391,
        -5.821184798383075,
        -5.962609354900012,
        -6.01
    ],
    "args": {
        "I_fc": [
            0.5,
            10.0,
            201.0
        ],
        "current_units": "mA",
        "cycles": 1.5,
        "d": 0.2,
        "directory": "/scratch/users/lbvh/py-tdgl/results/14122470/116",
        "dt_init": 1e-06,
        "fc_center": [
            0,
            0,
            1
        ],
        "fc_radius": 2.4,
        "field_units": "mT",
        "film_points": 4000,
        "film_radius": 15.0,
        "film_shape": "box",
        "film_smooth": 100,
        "gamma": 1.0,
        "index": 116,
        "lam": 1.35,
        "max_edge_length": 0.5,
        "pl_center": null,
        "pl_radius": 0.8,
        "points_per_cycle": 51.0,
        "save_every": 500,
        "screening": false,
        "seed_solutions": true,
        "slot_radius": 0,
        "slot_size": null,
        "slot_top_center_x": null,
        "slot_top_center_y": null,
        "solve_time": [
            20000.0,
            2000.0
        ],
        "squid_angle": 0,
        "squid_iterations": 5,
        "squid_points": 4000,
        "squid_position": [
            0.0,
            0.0,
            0.5
        ],
        "squid_smooth": 100,
        "squid_type": "hypres-small",
        "xi": 0.9
    },
    "film_fluxoid": [
        2.9973756318744593,
        2.997395527610569,
        2.99745491565646,
        2.997552950732263,
        2.99768844296347,
        2.9978616720387103,
        2.998071365397521,
        2.9983123831954326,
        2.998561649424509,
        2.998830040560175,
        2.9991104885321804,
        1.9994532472902173,
        0.9998046194716594,
        0.00015367568950284122,
        0.00045888531634460245,
        0.0007581316208960005,
        -0.9989149310507806,
        -0.9986402787305332,
        -1.9983512883041796,
        -2.9980860942257075,
        -2.997885091337361,
        -2.9976925617460832,
        -2.997558271478512,
        -2.9974607285762085,
        -2.997401527723215,
        -2.997381686635223,
        -2.9974015345517784,
        -2.9974607319178412,
        -2.9975582715975264,
        -2.997692562476516,
        -2.997861670657323,
        -2.9980713654094626,
        -2.9983123831950667,
        -2.9985616494267466,
        -2.9988300405608297,
        -2.9991104885331574,
        -1.9994532472877145,
        -0.9998046194702186,
        -0.00015367568902257747,
        -0.0004588853161471253,
        -0.0007581316193780984,
        0.9989149310508447,
        0.9986402787304219,
        1.9983512883042494,
        2.9980860942262506,
        2.9978850913378405,
        2.997692561744258,
        2.997558271477442,
        2.997460728574434,
        2.9974015277238175,
        2.9973816866336196,
        2.9974015345523495,
        2.997460731917862,
        2.9975582716001896,
        2.997692562474967,
        2.997861670658763,
        2.99807136540706,
        2.998312383194645,
        2.9985616494256644,
        2.9988300405590844,
        2.9991104885338866,
        1.9994532472908988,
        0.9998046194720335,
        0.00015367568917262897,
        0.0004588853156964761,
        0.0007581316202999998,
        -0.9989149310502837,
        -0.9986402787309956,
        -1.9983512883028798,
        -2.998086094227091,
        -2.997885091338219,
        -2.9976925617438046,
        -2.9975582714775446,
        -2.9974607285748798,
        -2.997401527722674,
        -2.997381686633156
    ],
    "flux": [
        -0.0059253941527736475,
        -0.0055908042712674065,
        -0.004588311665631874,
        -0.002964219831500345,
        -0.0009639046639765464,
        -0.0029514785592062967,
        -0.005476932541474812,
        -0.006787472489305385,
        -0.00022688638453882088,
        0.00716410442201798,
        0.013071066728423713,
        0.010319969960300785,
        0.012088778234187346,
        0.006130189203022524,
        0.01683075568688024,
        0.023122226497536823,
        0.016405195095234828,
        0.019429064136383612,
        0.015620984976882605,
        0.011322179824003157,
        0.013242139186074895,
        0.006074865294458965,
        0.00844523290775032,
        0.009960946270917226,
        0.010752534849413485,
        0.010988659830155165,
        0.010751512615819702,
        0.009960327747828972,
        0.008445163464755195,
        0.006074853545171712,
        0.0029518139174986324,
        0.005476933335506111,
        0.00678747253820332,
        0.00022688638748641658,
        -0.0071641044204902695,
        -0.013071066726049588,
        -0.010319969916044587,
        -0.012088778182200824,
        -0.006130189203843306,
        -0.016830755687273703,
        -0.023122226478213853,
        -0.016405195095017276,
        -0.019429064135872826,
        -0.01562098497729503,
        -0.011322179844175788,
        -0.013242139242633672,
        -0.006074865288248194,
        -0.008445232906859638,
        -0.00996094628681512,
        -0.01075253492552915,
        -0.010988659824538534,
        -0.010751512615288583,
        -0.009960327747050789,
        -0.008445163470056673,
        -0.006074853541372421,
        -0.0029518139202842197,
        -0.0054769331000026535,
        -0.006787472487080853,
        -0.00022688638288619073,
        0.0071641044252444,
        0.013071066722588613,
        0.010319969957452883,
        0.012088778230933541,
        0.006130189203912356,
        0.01683075568925551,
        0.02312222649939726,
        0.016405195094191166,
        0.019429064136665702,
        0.015620984997346984,
        0.01132217978984473,
        0.01324213925600352,
        0.006074865286753433,
        0.008445232916033689,
        0.009960946239256117,
        0.010752534864524895,
        0.010988659804771947
    ],
    "timing": {
        "end_time": "2023-03-29T15:15:12.284056",
        "start_time": "2023-03-29T09:48:24.427976",