{
    "I_fc": [
        1.8775,
        1.8626953517179317,
        1.8185148850190052,
        1.7456553522551916,
        1.6452657917823537,
        1.518929406938964,
        1.3686385979837004,
        1.1967635407531647,
        1.006014807573066,
        0.7994006199134239,
        0.580179406938964,
        0.35180841813469776,
        0.1178892004162857,
        -0.11788920041628591,
        -0.3518084181346984,
        -0.5801794069389641,
        -0.7994006199134241,
        -1.0060148075730664,
        -1.1967635407531647,
        -1.3686385979837004,
        -1.5189294069389638,
        -1.6452657917823539,
        -1.745655352255192,
        -1.8185148850190052,
        -1.8626953517179317,
        -1.8775,
        -1.8626953517179317,
        -1.818514885019005,
        -1.7456553522551916,
        -1.6452657917823537,
        -1.5189294069389636,
        -1.3686385979837004,
        -1.1967635407531645,
        -1.0060148075730653,
        -0.7994006199134229,
        -0.5801794069389641,
        -0.35180841813469804,
        -0.11788920041628552,
        0.1178892004162865,
        0.351808418134699,
        0.5801794069389635,
        0.7994006199134239,
        1.0060148075730662,
        1.1967635407531652,
        1.3686385979837008,
        1.5189294069389647,
        1.6452657917823537,
        1.7456553522551919,
        1.8185148850190052,
        1.8626953517179317,
        1.8775,
        1.8626953517179317,
        1.818514885019005,
        1.7456553522551916,
        1.6452657917823532,
        1.5189294069389632,
        1.3686385979836992,
        1.1967635407531647,
        1.0060148075730655,
        0.7994006199134231,
        0.5801794069389629,
        0.3518084181346966,
        0.11788920041628576,
        -0.11788920041628627,
        -0.35180841813469876,
        -0.5801794069389632,
        -0.799400619913425,
        -1.006014807573066,
        -1.1967635407531665,
        -1.3686385979837008,
        -1.5189294069389636,
        -1.6452657917823545,
        -1.7456553522551919,
        -1.8185148850190056,
        -1.8626953517179317,
        -1.8775
    ],
    "args": {
        "I_fc": [
            0.5,
            10.0,
            201.0
        ],
        "current_units": "mA",
        "cycles": 1.5,
        "d": 0.2,
        "directory": "/scratch/users/lbvh/py-tdgl/results/14122470/29",
        "dt_init": 1e-06,
        "fc_center": [
            0,
            0,
            1
        ],
        "fc_radius": 2.4,
        "field_units": "mT",
        "film_points": 4000,
        "film_radius": 15.0,
        "film_shape": "box",
        "film_smooth": 100,
        "gamma": 1.0,
        "index": 29,
        "lam": 1.35,
        "max_edge_length": 0.5,
        "pl_center": null,
        "pl_radius": 0.8,
        "points_per_cycle": 51.0,
        "save_every": 500,
        "screening": false,
        "seed_solutions": true,
        "slot_radius": 0,
        "slot_size": null,
        "slot_top_center_x": null,
        "slot_top_center_y": null,
        "solve_time": [
            20000.0,
            2000.0
        ],
        "squid_angle": 0,
        "squid_iterations": 5,
        "squid_points": 4000,
        "squid_position": [
            0.0,
            0.0,
            0.5
        ],
        "squid_smooth": 100,
        "squid_type": "hypres-small",
        "xi": 0.9
    },
    "film_fluxoid": [
        -0.0007664870895621748,
        -0.0007603954979337644,
        -0.0007422281143900535,
        -0.0007123010535138772,
        -0.0006711238238974108,
        -0.0006193806718710611,
        -0.0005579130305668702,
        -0.000487704248124361,
        -0.00040986529848068974,
        -0.00032561981460509646,
        -0.00023628736077780326,
        -0.0001432646180904291,
        -4.800472962318453e-05,
        4.8004729515151694e-05,
        0.0001432646179885453,
        0.0002362873607549651,
        0.00032561981567462867,
        0.00040986529748029927,
        0.0004877042477968699,
        0.0005579130296095586,
        0.0006193806706315283,
        0.000671123825765704,
        0.0007123010523068213,
        0.0007422281129977834,
        0.0007603954979481343,
        0.0007664870904726063,
        0.0007603954995094819,
        0.0007422281136599395,
        0.0007123010536913168,
        0.0006711238262443774,
        0.0006193806706916408,
        0.0005579130310846115,
        0.000487704247698202,
        0.0004098652984011759,
        0.00032561981350626786,
        0.00023628736061743263,
        0.00014326461770762722,
        4.800472956989257e-05,
        -4.800472969686738e-05,
        -0.0001432646176673093,
        -0.0002362873605006356,
        -0.0003256198151348532,
        -0.00040986529778075565,
        -0.00048770424725893207,
        -0.0005579130312179298,
        -0.0006193806724619021,
        -0.0006711238259047295,
        -0.0007123010532935708,
        -0.0007422281133131177,
        -0.0007603954977010538,
        -0.0007664870907384929,
        -0.0007603955001163318,
        -0.0007422281126916373,
        -0.0007123010514195879,
        -0.0006711238259795786,
        -0.000619380670665843,
        -0.0005579130296778345,
        -0.00048770424692211133,
        -0.0004098652970583457,
        -0.00032561981431724745,
        -0.00023628736144027748,
        -0.00014326461756775793,
        -4.800472972178173e-05,
        4.8004729717576325e-05,
        0.00014326461762843585,
        0.00023628736040159223,
        0.0003256198143223275,
        0.00040986529654564024,
        0.00048770424831554764,
        0.000557913028981717,
        0.0006193806718427895,
        0.0006711238257470447,
        0.0007123010523573568,
        0.0007422281134031981,
        0.0007603954988604124,
        0.0007664870897853944
    ],