{
    "I_fc": [
        1.0,
        0.9921147013144779,
        0.9685831611286311,
        0.9297764858882513,
        0.8763066800438636,
        0.8090169943749475,
        0.7289686274214116,
        0.6374239897486896,
        0.5358267949789965,
        0.42577929156507266,
        0.30901699437494745,
        0.18738131458572452,
        0.0627905195293133,
        -0.0627905195293134,
        -0.18738131458572482,
        -0.30901699437494756,
        -0.4257792915650727,
        -0.5358267949789969,
        -0.6374239897486897,
        -0.7289686274214117,
        -0.8090169943749473,
        -0.8763066800438636,
        -0.9297764858882515,
        -0.9685831611286311,
        -0.9921147013144779,
        -1.0,
        -0.9921147013144779,
        -0.9685831611286311,
        -0.9297764858882512,
        -0.8763066800438635,
        -0.8090169943749472,
        -0.7289686274214116,
        -0.6374239897486895,
        -0.5358267949789963,
        -0.42577929156507216,
        -0.30901699437494756,
        -0.18738131458572463,
        -0.06279051952931321,
        0.06279051952931372,
        0.18738131458572513,
        0.30901699437494723,
        0.4257792915650726,
        0.5358267949789968,
        0.63742398974869,
        0.7289686274214119,
        0.8090169943749478,
        0.8763066800438636,
        0.9297764858882515,
        0.9685831611286312,
        0.9921147013144779,
        1.0,
        0.9921147013144779,
        0.9685831611286311,
        0.9297764858882513,
        0.8763066800438634,
        0.809016994374947,
        0.728968627421411,
        0.6374239897486896,
        0.5358267949789964,
        0.42577929156507227,
        0.30901699437494684,
        0.18738131458572388,
        0.06279051952931332,
        -0.0627905195293136,
        -0.18738131458572502,
        -0.3090169943749471,
        -0.4257792915650733,
        -0.5358267949789967,
        -0.6374239897486905,
        -0.7289686274214118,
        -0.8090169943749472,
        -0.8763066800438639,
        -0.9297764858882515,
        -0.9685831611286314,
        -0.9921147013144779,
        -1.0
    ],
    "args": {
        "I_fc": [
            1.0
        ],
        "current_units": "mA",
        "cycles": 1.5,
        "d": 0.2,
        "directory": "/scratch/users/lbvh/py-tdgl/results/17223926/12",
        "dt_init": 1e-06,
        "fc_center": [
            0,
            0,
            1
        ],
        "fc_radius": 2.4,
        "field_units": "mT",
        "film_points": 4000,
        "film_radius": 15.0,
        "film_shape": "box",
        "film_smooth": 100,
        "gamma": 1.0,
        "index": 12,
        "lam": 1.35,
        "max_edge_length": 0.5,
        "pl_center": null,
        "pl_radius": 0.8,
        "points_per_cycle": 51.0,
        "save_every": 500,
        "screening": false,
        "seed_solutions": true,
        "slot_radius": 0.1,
        "slot_size": [
            2.0,
            50.0
        ],
        "slot_top_center_x": [
            -10.0,
            10.0,
            101.0
        ],
        "slot_top_center_y": [
            5.0,
            5.0,
            101.0
        ],
        "solve_time": [
            10000.0,
            2000.0
        ],
        "squid_angle": 180.0,
        "squid_iterations": 5,
        "squid_points": 4000,
        "squid_position": [
            0.0,
            0.0,
            0.5
        ],
        "squid_smooth": 100,
        "squid_type": "hypres-small",
        "xi": 0.9
    },
    "film_fluxoid": [
        -0.0005423263633373679,
        -0.000538049957242704,
        -0.0005252881806325331,
        -0.0005042422948563504,
        -0.0004752442067444999,
        -0.0004387512340381859,
        -0.0003953388930801879,
        -0.0003456918225402143,
        -0.0002905929862951382,
        -0.00023091132570588404,
        -0.0001675880559813045,
        -0.0001016218227204219,
        -3.4052952701183336e-05,
        3.4052952701218674e-05,
        0.00010162182272038655,
        0.0001675880559813752,
        0.0002309113257057427,
        0.0002905929862951382,
        0.0003456918225402165,
        0.0003953388930801172,
        0.0004387512340380445,
        0.00047524420674464126,
        0.0005042422948562797,
        0.0005252881806324624,
        0.0005380499572428543,
        0.0005423263633375798,
        0.000538049957242757,
        0.0005252881806324801,
        0.0005042422948562444,
        0.00047524420674464126,
        0.0004387512340382389,
        0.0003953388930801879,
        0.00034569182254032033,
        0.0002905929862950852,
        0.00023091132570565433,
        0.0001675880559813752,
        0.00010162182272038655,
        3.4052952701218674e-05,
        -3.4052952701218674e-05,
        -0.00010162182272045723,
        -0.00016758805598133985,
        -0.00023091132570571618,
        -0.0002905929862951559,
        -0.00034569182254035567,
        -0.0003953388930802585,
        -0.0004387512340383007,
        -0.00047524420674446453,
        -0.0005042422948561737,
        -0.000525288180632427,
        -0.0005380499572427924,
        -0.0005423263633375798,
        -0.0005380499572426776,
        -0.0005252881806324624,
        -0.000504242294856209,
        -0.00047524420674444686,
        -0.0004387512340382566,
        -0.00039533889308008185,
        -0.00034569182254025625,
        -0.00029059298629517357,
        -0.0002309113257056013,
        -0.0001675880559813752,
        -0.00010162182272038655,
        -3.4052952701218674e-05,
        3.4052952701183336e-05,
        0.00010162182272038655,
        0.0001675880559813045,
        0.0002309113257056013,
        0.0002905929862951029,
        0.000345691822540285,
        0.0003953388930802585,
        0.0004387512340381152,
        0.0004752442067446766,
        0.000504242294856103,
        0.000525288180632321,
        0.0005380499572428786,
        0.0005423263633375798
    ],