{
    "I_fc": [
        0.9,
        0.89290323118303,
        0.871724845015768,
        0.8367988372994263,
        0.7886760120394772,
        0.7281152949374528,
        0.6560717646792704,
        0.5736815907738206,
        0.4822441154810969,
        0.3832013624085654,
        0.27811529493745274,
        0.16864318312715207,
        0.05651146757638197,
        -0.05651146757638206,
        -0.16864318312715235,
        -0.2781152949374528,
        -0.38320136240856545,
        -0.4822441154810972,
        -0.5736815907738207,
        -0.6560717646792705,
        -0.7281152949374526,
        -0.7886760120394772,
        -0.8367988372994263,
        -0.871724845015768,
        -0.89290323118303,
        -0.9,
        -0.89290323118303,
        -0.871724845015768,
        -0.8367988372994262,
        -0.7886760120394771,
        -0.7281152949374525,
        -0.6560717646792704,
        -0.5736815907738206,
        -0.4822441154810967,
        -0.38320136240856495,
        -0.2781152949374528,
        -0.16864318312715218,
        -0.05651146757638189,
        0.05651146757638235,
        0.16864318312715262,
        0.2781152949374525,
        0.38320136240856534,
        0.4822441154810971,
        0.573681590773821,
        0.6560717646792708,
        0.728115294937453,
        0.7886760120394772,
        0.8367988372994263,
        0.8717248450157681,
        0.89290323118303,
        0.9,
        0.89290323118303,
        0.871724845015768,
        0.8367988372994263,
        0.788676012039477,
        0.7281152949374523,
        0.6560717646792699,
        0.5736815907738206,
        0.4822441154810968,
        0.38320136240856506,
        0.2781152949374522,
        0.16864318312715149,
        0.05651146757638199,
        -0.056511467576382236,
        -0.1686431831271525,
        -0.2781152949374524,
        -0.383201362408566,
        -0.482244115481097,
        -0.5736815907738215,
        -0.6560717646792706,
        -0.7281152949374525,
        -0.7886760120394776,
        -0.8367988372994263,
        -0.8717248450157683,
        -0.89290323118303,
        -0.9
    ],
    "args": {
        "I_fc": [
            0.9
        ],
        "current_units": "mA",
        "cycles": 1.5,
        "d": 0.2,
        "directory": "/scratch/users/lbvh/py-tdgl/results/17289540/93",
        "dt_init": 1e-06,
        "fc_center": [
            0,
            0,
            1
        ],
        "fc_radius": 2.4,
        "field_units": "mT",
        "film_points": 4000,
        "film_radius": 15.0,
        "film_shape": "box",
        "film_smooth": 100,
        "gamma": 1.0,
        "index": 93,
        "lam": 1.35,
        "max_edge_length": 0.5,
        "pl_center": null,
        "pl_radius": 0.8,
        "points_per_cycle": 51.0,
        "save_every": 500,
        "screening": false,
        "seed_solutions": true,
        "slot_radius": 0.1,
        "slot_size": [
            2.0,
            50.0
        ],
        "slot_top_center_x": [
            -10.0,
            10.0,
            101.0
        ],
        "slot_top_center_y": [
            -1.0,
            -1.0,
            101.0
        ],
        "solve_time": [
            10000.0,
            2000.0
        ],
        "squid_angle": 180.0,
        "squid_iterations": 5,
        "squid_points": 4000,
        "squid_position": [
            0.0,
            0.0,
            0.5
        ],
        "squid_smooth": 100,
        "squid_type": "hypres-small",
        "xi": 0.9
    },
    "film_fluxoid": [
        -0.0005047300887657028,
        -0.0005007549510941654,
        -0.0004888914272615008,
        -0.00046932437612591245,
        -0.00044235916154527756,
        -0.00040841744436148614,
        -0.00036803114725526023,
        -0.00032183455785938603,
        -0.00027055462664623425,
        -0.00021499960700937514,
        -0.00015604624790800352,
        -9.462579656780793e-05,
        -3.1709077952169484e-05,
        3.170907794792874e-05,
        9.462579657544125e-05,
        0.00015604624789030728,
        0.000214999606890122,
        0.00027055462654212406,
        0.0003218345578541911,
        0.0003680311472857936,
        0.0004084174442646559,
        0.0004423591614432171,
        0.00046932437614893613,
        0.000488891427069837,
        0.0005007549511337456,
        0.0005047300887971019,
        0.0005007549510516873,
        0.0004888914271183935,
        0.00046932437608631456,
        0.0004423591615255935,
        0.0004084174442978397,
        0.0003680311473136411,
        0.00032183455780344363,
        0.0002705546266471177,
        0.00021499960703200567,
        0.0001560462478669832,
        9.462579658247382e-05,
        3.1709077972206976e-05,
        -3.1709077948600195e-05,
        -9.462579659272227e-05,
        -0.0001560462478748617,
        -0.0002149996069559418,
        -0.0002705546266013884,
        -0.0003218345577830174,
        -0.0003680311472535286,
        -0.00040841744434395774,
        -0.0004423591614587312,
        -0.00046932437613437627,
        -0.0004888914271699008,
        -0.000500754951193063,
        -0.0005047300889078382,
        -0.0005007549510845177,
        -0.0004888914273185741,
        -0.0004693243761498726,
        -0.00044235916156245257,
        -0.0004084174442117173,
        -0.0003680311473324417,
        -0.00032183455782238557,
        -0.00027055462666221653,
        -0.00021499960694498657,
        -0.0001560462478502853,
        -9.462579658625514e-05,
        -3.170907794955436e-05,
        3.170907795149803e-05,
        9.46257965578952e-05,
        0.00015604624788804553,
        0.00021499960698806542,
        0.0002705546266154889,
        0.0003218345578489609,
        0.0003680311472345513,
        0.0004084174442439116,
        0.000442359161545737,
        0.0004693243761898858,
        0.0004888914272861501,
        0.0005007549509846836,
        0.0005047300889405096
    ],