{
    "I_fc": [
        1.2,
        1.1905376415773734,
        1.1622997933543573,
        1.1157317830659015,
        1.0515680160526362,
        0.9708203932499369,
        0.8747623529056938,
        0.7649087876984275,
        0.6429921539747958,
        0.5109351498780872,
        0.37082039324993693,
        0.22485757750286942,
        0.07534862343517597,
        -0.07534862343517608,
        -0.22485757750286978,
        -0.37082039324993704,
        -0.5109351498780872,
        -0.6429921539747963,
        -0.7649087876984276,
        -0.8747623529056939,
        -0.9708203932499367,
        -1.0515680160526362,
        -1.1157317830659017,
        -1.1622997933543573,
        -1.1905376415773734,
        -1.2,
        -1.1905376415773734,
        -1.1622997933543573,
        -1.1157317830659015,
        -1.0515680160526362,
        -0.9708203932499366,
        -0.8747623529056938,
        -0.7649087876984274,
        -0.6429921539747956,
        -0.5109351498780865,
        -0.37082039324993704,
        -0.22485757750286955,
        -0.07534862343517584,
        0.07534862343517647,
        0.22485757750287014,
        0.37082039324993665,
        0.5109351498780871,
        0.6429921539747961,
        0.764908787698428,
        0.8747623529056943,
        0.9708203932499373,
        1.0515680160526362,
        1.1157317830659017,
        1.1622997933543573,
        1.1905376415773734,
        1.2,
        1.1905376415773734,
        1.1622997933543573,
        1.1157317830659015,
        1.051568016052636,
        0.9708203932499364,
        0.8747623529056932,
        0.7649087876984275,
        0.6429921539747957,
        0.5109351498780867,
        0.3708203932499362,
        0.22485757750286864,
        0.07534862343517598,
        -0.07534862343517632,
        -0.22485757750287003,
        -0.37082039324993654,
        -0.510935149878088,
        -0.6429921539747959,
        -0.7649087876984286,
        -0.8747623529056942,
        -0.9708203932499366,
        -1.0515680160526366,
        -1.1157317830659017,
        -1.1622997933543577,
        -1.1905376415773734,
        -1.2
    ],
    "args": {
        "I_fc": [
            1.2
        ],
        "current_units": "mA",
        "cycles": 1.5,
        "d": 0.2,
        "directory": "/scratch/users/lbvh/py-tdgl/results/17298299/77",
        "dt_init": 1e-06,
        "fc_center": [
            0,
            0,
            1
        ],
        "fc_radius": 2.4,
        "field_units": "mT",
        "film_points": 4000,
        "film_radius": 15.0,
        "film_shape": "box",
        "film_smooth": 100,
        "gamma": 1.0,
        "index": 77,
        "lam": 1.35,
        "max_edge_length": 0.5,
        "pl_center": null,
        "pl_radius": 0.8,
        "points_per_cycle": 51.0,
        "save_every": 500,
        "screening": false,
        "seed_solutions": true,
        "slot_radius": 0.1,
        "slot_size": [
            2.0,
            50.0
        ],
        "slot_top_center_x": [
            -10.0,
            10.0,
            101.0
        ],
        "slot_top_center_y": [
            -1.0,
            -1.0,
            101.0
        ],
        "solve_time": [
            10000.0,
            2000.0
        ],
        "squid_angle": 180.0,
        "squid_iterations": 5,
        "squid_points": 4000,
        "squid_position": [
            0.0,
            0.0,
            0.5
        ],
        "squid_smooth": 100,
        "squid_type": "hypres-small",
        "xi": 0.9
    },
    "film_fluxoid": [
        -0.0011442506486002441,
        -0.001135122054574074,
        -0.0011079240614998262,
        -0.0010631803505421348,
        -0.0010016830663112286,
        -0.0009244551248401707,
        -0.0008327371462585269,
        -0.0007279785342168263,
        -0.0006118235400602987,
        -0.00048609094777550326,
        -0.00035274842257461577,
        -0.00021388292760188564,
        -7.166839405040493e-05,
        7.16683940846489e-05,
        0.00021388292758197625,
        0.0003527484226384367,
        0.0004860909478733053,
        0.0006118235401814425,
        0.0007279785343147874,
        0.0008327371462745004,
        0.000924455124837697,
        0.001001683066009005,
        0.0010631803506947306,
        0.0011079240613237294,
        0.0011351220544712005,
        0.0011442506486910842,
        0.0011351220548209554,
        0.0011079240616704454,
        0.0010631803508075344,
        0.0010016830661052898,
        0.0009244551246387179,
        0.0008327371463746526,
        0.0007279785340577278,
        0.0006118235406857018,
        0.0004860909478356157,
        0.0003527484226021342,
        0.0002138829274976518,
        7.166839401900578e-05,
        -7.166839416329695e-05,
        -0.00021388292749903004,
        -0.00035274842262991105,
        -0.0004860909478431784,
        -0.0006118235404659608,
        -0.0007279785340977675,
        -0.0008327371465618105,
        -0.0009244551246972224,
        -0.0010016830664890015,
        -0.0010631803502720615,
        -0.001107924061305247,
        -0.0011351220549160187,
        -0.0011442506488389447,
        -0.001135122054715962,
        -0.0011079240614292533,
        -0.0010631803509245081,
        -0.0010016830666819399,
        -0.0009244551246087677,
        -0.0008327371462648881,
        -0.0007279785339934806,
        -0.0006118235405240943,
        -0.0004860909478629641,
        -0.000352748422535855,
        -0.00021388292763515777,
        -7.166839404992785e-05,
        7.166839415280112e-05,
        0.00021388292757705963,
        0.00035274842263647535,
        0.0004860909477027834,
        0.0006118235404537334,
        0.0007279785343680086,
        0.000832737146236051,
        0.0009244551251085388,
        0.0010016830664574634,
        0.0010631803503378017,
        0.0011079240617176236,
        0.0011351220544985887,
        0.0011442506482658794
    ],