{
    "I_fc": [
        9.1925,
        9.120014391833339,
        8.903700708674942,
        8.54697034652775,
        8.055449156303217,
        7.436888720791705,
        6.7010441075713265,
        5.85952002576483,
        4.925587812844427,
        3.9139761377119306,
        2.8406387207917048,
        1.7225027343292727,
        0.5772018507732126,
        -0.5772018507732135,
        -1.7225027343292756,
        -2.8406387207917057,
        -3.913976137711931,
        -4.925587812844429,
        -5.859520025764831,
        -6.701044107571327,
        -7.436888720791704,
        -8.055449156303217,
        -8.546970346527752,
        -8.903700708674942,
        -9.120014391833339,
        -9.1925,
        -9.120014391833339,
        -8.903700708674942,
        -8.54697034652775,
        -8.055449156303215,
        -7.436888720791703,
        -6.7010441075713265,
        -5.859520025764829,
        -4.925587812844424,
        -3.913976137711926,
        -2.8406387207917057,
        -1.7225027343292738,
        -0.5772018507732117,
        0.5772018507732164,
        1.7225027343292785,
        2.8406387207917025,
        3.91397613771193,
        4.925587812844428,
        5.859520025764833,
        6.701044107571329,
        7.436888720791708,
        8.055449156303217,
        8.546970346527752,
        8.903700708674943,
        9.120014391833339,
        9.1925,
        9.120014391833339,
        8.903700708674942,
        8.54697034652775,
        8.055449156303215,
        7.436888720791701,
        6.701044107571321,
        5.85952002576483,
        4.925587812844425,
        3.913976137711927,
        2.840638720791699,
        1.722502734329267,
        0.5772018507732127,
        -0.5772018507732153,
        -1.7225027343292774,
        -2.8406387207917017,
        -3.913976137711937,
        -4.9255878128444275,
        -5.859520025764838,
        -6.701044107571328,
        -7.436888720791703,
        -8.05544915630322,
        -8.546970346527752,
        -8.903700708674945,
        -9.120014391833339,
        -9.1925
    ],
    "args": {
        "I_fc": [
            0.5,
            10.0,
            201.0
        ],
        "current_units": "mA",
        "cycles": 1.5,
        "d": 0.2,
        "directory": "/scratch/users/lbvh/py-tdgl/results/14122470/183",
        "dt_init": 1e-06,
        "fc_center": [
            0,
            0,
            1
        ],
        "fc_radius": 2.4,
        "field_units": "mT",
        "film_points": 4000,
        "film_radius": 15.0,
        "film_shape": "box",
        "film_smooth": 100,
        "gamma": 1.0,
        "index": 183,
        "lam": 1.35,
        "max_edge_length": 0.5,
        "pl_center": null,
        "pl_radius": 0.8,
        "points_per_cycle": 51.0,
        "save_every": 500,
        "screening": false,
        "seed_solutions": true,
        "slot_radius": 0,
        "slot_size": null,
        "slot_top_center_x": null,
        "slot_top_center_y": null,
        "solve_time": [
            20000.0,
            2000.0
        ],
        "squid_angle": 0,
        "squid_iterations": 5,
        "squid_points": 4000,
        "squid_position": [
            0.0,
            0.0,
            0.5
        ],
        "squid_smooth": 100,
        "squid_type": "hypres-small",
        "xi": 0.9
    },
    "film_fluxoid": [
        3.996030855271669,
        3.9960610063711837,
        3.996151617339733,
        3.996301294795308,
        3.996498334099457,
        3.9967587769222166,
        3.997056239152842,
        3.9974105800271,
        3.997822845479818,
        3.998236691732279,
        3.998669518731665,
        2.999161239908544,
        0.9997234116238378,
        0.00023507429642439793,
        0.0007027989204223861,
        -1.9987587566525074,
        -1.9983165810293988,
        -1.9978606140200263,
        -2.9974442530400722,
        -2.9970852940887265,
        -2.99677567810125,
        -3.9964875828801953,
        -3.996281437492862,
        -3.9961397257496545,
        -3.996050201301217,
        -3.9960199737857063,
        -3.996050526401717,
        -3.9961414222562004,
        -3.996291298022666,
        -3.9964981569989906,
        -3.9967587764844694,
        -3.9970562391497824,
        -3.997410580028877,
        -3.997822845481432,
        -3.9982366917302543,
        -3.998669518732193,
        -2.9991612399105243,
        -0.9997234116257324,
        -0.00023507429630028562,
        -0.0007027989222011466,
        1.9987587566528362,
        1.9983165810293675,
        1.997860614018702,
        2.9974442530405816,
        2.997085294086997,
        2.9967756780959514,
        3.9964875829220645,
        3.9962814374950684,
        3.996139725718743,
        3.99605020130023,
        3.996019973787865,
        3.9960505264023136,
        3.996141422254643,
        3.9962912980208425,
        3.9964981569980993,
        3.996758776486886,
        3.9970562391527005,
        3.997410580028868,
        3.9978228454785123,
        3.9982366917324677,
        3.998669518729924,
        2.9991612399097733,
        0.9997234116259834,
        0.00023507429563724599,
        0.000702798919789438,
        -1.9987587566524525,
        -1.9983165810281327,
        -1.9978606140152582,
        -2.9974442530421364,
        -2.9970852940885577,
        -2.996775678098918,
        -3.9964875828805937,
        -3.9962814374674607,
        -3.9961397256884177,
        -3.9960502012891035,
        -3.9960199737844673
    ],
    "flux": [
        -0.004830754716732093,
        -0.004449767176921596,
        -0.0032736436506753236,
        -0.0014030526080252516,
        -0.002980421551313092,
        0.00023625402109357226,
        -0.0040332928831978455,
        0.0006970390255574553,
        -0.0069128764531721535,
        0.0030445637873131376,
        0.013480541267650192,
        0.01335891324765593,
        0.009497357083218538,
        0.009248838568886161,
        0.022394151604018097,
        0.007713702008213869,
        0.015888234460860795,
        0.010581975055597352,
        0.010257715476274914,
        0.010306698508976824,
        0.009446138116967094,
        0.007833482115956377,
        0.010088310232921477,
        0.007869834486381403,
        0.008828318180549707,
        0.009111940208454574,
        0.008822867160874293,
        0.007834713652456632,
        0.005903176934502714,
        0.002985322875067845,
        -0.00023623603545277382,
        0.004033292992572087,
        -0.0006970389699067837,
        0.0069128764894125765,
        -0.0030445637912468165,
        -0.013480541231846525,
        -0.01335891325645271,
        -0.00949735705403218,
        -0.00924883855748264,
        -0.02239415160167374,
        -0.007713702027390036,
        -0.01588823446183448,
        -0.010581975262124855,
        -0.010257715386272194,
        -0.010306698671180291,
        -0.009446131411860185,
        -0.007833480894131814,
        -0.010088310120209946,
        -0.007869835154427143,
        -0.008828318191485631,
        -0.00911194014650302,
        -0.008822867151344305,
        -0.007834713650111397,
        -0.005903176936282372,
        -0.0029853228721090784,
        0.00023623604851779522,
        -0.004033292939062508,
        0.0006970389793009519,
        -0.006912876451202857,
        0.0030445637860312853,
        0.013480541285316191,
        0.013358913256146944,
        0.009497357079098087,
        0.009248838570106768,
        0.022394151606601725,
        0.007713702007853232,
        0.01588823446182214,
        0.010581975950240756,
        0.01025771511190434,
        0.010306698449657,
        0.00944614009725246,
        0.007833482102954873,
        0.010088311373209008,
        0.007869835810800455,
        0.008828318378059443,
        0.009111940228555116
    ],
    "timing": {
        "end_time": "2023-03-29T18:10:02.890585",
        "start_time": "2023-03-29T09:49:14.004224",