{
    "I_fc": [
        0.9,
        0.89290323118303,
        0.871724845015768,
        0.8367988372994263,
        0.7886760120394772,
        0.7281152949374528,
        0.6560717646792704,
        0.5736815907738206,
        0.4822441154810969,
        0.3832013624085654,
        0.27811529493745274,
        0.16864318312715207,
        0.05651146757638197,
        -0.05651146757638206,
        -0.16864318312715235,
        -0.2781152949374528,
        -0.38320136240856545,
        -0.4822441154810972,
        -0.5736815907738207,
        -0.6560717646792705,
        -0.7281152949374526,
        -0.7886760120394772,
        -0.8367988372994263,
        -0.871724845015768,
        -0.89290323118303,
        -0.9,
        -0.89290323118303,
        -0.871724845015768,
        -0.8367988372994262,
        -0.7886760120394771,
        -0.7281152949374525,
        -0.6560717646792704,
        -0.5736815907738206,
        -0.4822441154810967,
        -0.38320136240856495,
        -0.2781152949374528,
        -0.16864318312715218,
        -0.05651146757638189,
        0.05651146757638235,
        0.16864318312715262,
        0.2781152949374525,
        0.38320136240856534,
        0.4822441154810971,
        0.573681590773821,
        0.6560717646792708,
        0.728115294937453,
        0.7886760120394772,
        0.8367988372994263,
        0.8717248450157681,
        0.89290323118303,
        0.9,
        0.89290323118303,
        0.871724845015768,
        0.8367988372994263,
        0.788676012039477,
        0.7281152949374523,
        0.6560717646792699,
        0.5736815907738206,
        0.4822441154810968,
        0.38320136240856506,
        0.2781152949374522,
        0.16864318312715149,
        0.05651146757638199,
        -0.056511467576382236,
        -0.1686431831271525,
        -0.2781152949374524,
        -0.383201362408566,
        -0.482244115481097,
        -0.5736815907738215,
        -0.6560717646792706,
        -0.7281152949374525,
        -0.7886760120394776,
        -0.8367988372994263,
        -0.8717248450157683,
        -0.89290323118303,
        -0.9
    ],
    "args": {
        "I_fc": [
            0.9
        ],
        "current_units": "mA",
        "cycles": 1.5,
        "d": 0.2,
        "directory": "/scratch/users/lbvh/py-tdgl/results/17289540/62",
        "dt_init": 1e-06,
        "fc_center": [
            0,
            0,
            1
        ],
        "fc_radius": 2.4,
        "field_units": "mT",
        "film_points": 4000,
        "film_radius": 15.0,
        "film_shape": "box",
        "film_smooth": 100,
        "gamma": 1.0,
        "index": 62,
        "lam": 1.35,
        "max_edge_length": 0.5,
        "pl_center": null,
        "pl_radius": 0.8,
        "points_per_cycle": 51.0,
        "save_every": 500,
        "screening": false,
        "seed_solutions": true,
        "slot_radius": 0.1,
        "slot_size": [
            2.0,
            50.0
        ],
        "slot_top_center_x": [
            -10.0,
            10.0,
            101.0
        ],
        "slot_top_center_y": [
            -1.0,
            -1.0,
            101.0
        ],
        "solve_time": [
            10000.0,
            2000.0
        ],
        "squid_angle": 180.0,
        "squid_iterations": 5,
        "squid_points": 4000,
        "squid_position": [
            0.0,
            0.0,
            0.5
        ],
        "squid_smooth": 100,
        "squid_type": "hypres-small",
        "xi": 0.9
    },
    "film_fluxoid": [
        -0.0005615392018631903,
        -0.0005569571987759735,
        -0.0005433750383922701,
        -0.000521161984908106,
        -0.0004907692523075018,
        -0.00045272331153309455,
        -0.0004076411262591329,
        -0.0003562346690365897,
        -0.0002993067718906357,
        -0.00023774212603617674,
        -0.00017249539366013015,
        -0.00010457740237509984,
        -3.50399998801397e-05,
        3.503999988008227e-05,
        0.00010457740237502917,
        0.00017249539366011248,
        0.0002377421260363711,
        0.0002993067718904944,
        0.0003562346690365191,
        0.00040764112625888554,
        0.0004527233115332006,
        0.0004907692523078684,
        0.0005211619849079823,
        0.0005433750383920933,
        0.0005569571987759382,
        0.000561539201863155,
        0.0005569571987761856,
        0.0005433750383919874,
        0.000521161984908106,
        0.0004907692523077845,
        0.0004527233115332006,
        0.00040764112625923894,
        0.0003562346690363777,
        0.00029930677189052974,
        0.0002377421260362651,
        0.00017249539366020084,
        0.00010457740237502917,
        3.503999987976421e-05,
        -3.503999988004693e-05,
        -0.00010457740237485247,
        -0.0001724953936600595,
        -0.00023774212603624743,
        -0.00029930677189052974,
        -0.0003562346690366604,
        -0.00040764112625911523,
        -0.00045272331153326244,
        -0.0004907692523077138,
        -0.0005211619849079647,
        -0.0005433750383919167,
        -0.0005569571987759028,
        -0.0005615392018631196,
        -0.0005569571987761856,
        -0.0005433750383920933,
        -0.0005211619849082474,
        -0.0004907692523076078,
        -0.00045272331153304153,
        -0.0004076411262591506,
        -0.00035623466903655443,
        -0.0002993067718902823,
        -0.00023774212603633576,
        -0.0001724953936600595,
        -0.00010457740237505126,
        -3.50399998798614e-05,
        3.503999987999392e-05,
        0.00010457740237509984,
        0.00017249539366003187,
        0.00023774212603633576,
        0.0002993067718904944,
        0.0003562346690367311,
        0.00040764112625916825,
        0.0004527233115329179,
        0.0004907692523078729,
        0.0005211619849080045,
        0.0005433750383919874,
        0.0005569571987760442,
        0.0005615392018629783
    ],