{
    "I_fc": [
        1.5,
        1.4881720519717165,
        1.452874741692947,
        1.3946647288323768,
        1.3144600200657952,
        1.2135254915624214,
        1.0934529411321174,
        0.9561359846230344,
        0.8037401924684948,
        0.638668937347609,
        0.4635254915624213,
        0.2810719718785868,
        0.09418577929396993,
        -0.0941857792939701,
        -0.2810719718785873,
        -0.4635254915624214,
        -0.6386689373476091,
        -0.8037401924684952,
        -0.9561359846230344,
        -1.0934529411321174,
        -1.2135254915624212,
        -1.3144600200657954,
        -1.3946647288323772,
        -1.452874741692947,
        -1.4881720519717165,
        -1.5,
        -1.4881720519717165,
        -1.4528747416929468,
        -1.3946647288323768,
        -1.3144600200657952,
        -1.213525491562421,
        -1.0934529411321174,
        -0.9561359846230343,
        -0.8037401924684944,
        -0.6386689373476082,
        -0.4635254915624214,
        -0.281071971878587,
        -0.09418577929396979,
        0.09418577929397058,
        0.28107197187858773,
        0.46352549156242095,
        0.638668937347609,
        0.803740192468495,
        0.9561359846230348,
        1.0934529411321179,
        1.2135254915624218,
        1.3144600200657952,
        1.394664728832377,
        1.452874741692947,
        1.4881720519717165,
        1.5,
        1.4881720519717165,
        1.4528747416929468,
        1.3946647288323768,
        1.3144600200657948,
        1.2135254915624207,
        1.0934529411321168,
        0.9561359846230344,
        0.8037401924684945,
        0.6386689373476084,
        0.4635254915624204,
        0.28107197187858585,
        0.09418577929396998,
        -0.0941857792939704,
        -0.28107197187858757,
        -0.4635254915624207,
        -0.6386689373476099,
        -0.8037401924684948,
        -0.9561359846230357,
        -1.0934529411321179,
        -1.213525491562421,
        -1.3144600200657959,
        -1.394664728832377,
        -1.4528747416929473,
        -1.4881720519717165,
        -1.5
    ],
    "args": {
        "I_fc": [
            1.5
        ],
        "current_units": "mA",
        "cycles": 1.5,
        "d": 0.2,
        "directory": "/scratch/users/lbvh/py-tdgl/results/17223933/66",
        "dt_init": 1e-06,
        "fc_center": [
            0,
            0,
            1
        ],
        "fc_radius": 2.4,
        "field_units": "mT",
        "film_points": 4000,
        "film_radius": 15.0,
        "film_shape": "box",
        "film_smooth": 100,
        "gamma": 1.0,
        "index": 66,
        "lam": 1.35,
        "max_edge_length": 0.5,
        "pl_center": null,
        "pl_radius": 0.8,
        "points_per_cycle": 51.0,
        "save_every": 500,
        "screening": false,
        "seed_solutions": true,
        "slot_radius": 0.1,
        "slot_size": [
            2.0,
            50.0
        ],
        "slot_top_center_x": [
            -10.0,
            10.0,
            101.0
        ],
        "slot_top_center_y": [
            5.0,
            5.0,
            101.0
        ],
        "solve_time": [
            10000.0,
            2000.0
        ],
        "squid_angle": 180.0,
        "squid_iterations": 5,
        "squid_points": 4000,
        "squid_position": [
            0.0,
            0.0,
            0.5
        ],
        "squid_smooth": 100,
        "squid_type": "hypres-small",
        "xi": 0.9
    },
    "film_fluxoid": [
        0.9985734548437374,
        0.9985845344171494,
        0.9986175826469871,
        0.9986720419046007,
        0.9987470210623388,
        0.9988413368203015,
        0.9989535637529747,
        0.9990821226522274,
        0.9992255730082782,
        -0.000594405309989445,
        -0.0004310826754121424,
        -0.0002612813079554764,
        -8.753511610900274e-05,
        8.753511610893206e-05,
        0.00026128130795533504,
        0.0004310826754122131,
        0.000594405309989445,
        0.000748890905228612,
        0.000892670972091201,
        -0.9989535637529748,
        -0.9988413368203014,
        -0.9987470210623387,
        -0.9986720419046008,
        -0.9986175826469874,
        -0.9985845344171493,
        -0.9985734548437376,
        -0.9985845344171493,
        -0.9986175826469871,
        -0.9986720419046008,
        -0.9987470210623388,
        -0.9988413368203014,
        -0.9989535637529747,
        -0.9990821226522275,
        -0.9992255730082782,
        0.0005944053099894098,
        0.00043108267541225505,
        0.0002612813079553218,
        8.753511610898065e-05,
        -8.753511610896739e-05,
        -0.0002612813079553218,
        -0.0004310826754122352,
        -0.0005944053099894275,
        -0.0007488909052286297,
        -0.0008926709720912363,
        0.9989535637529748,
        0.9988413368203015,
        0.9987470210623387,
        0.9986720419046007,
        0.9986175826469871,
        0.9985845344171493,
        0.9985734548437374,
        0.9985845344171494,
        0.9986175826469871,
        0.9986720419046008,
        0.9987470210623387,
        0.9988413368203015,
        0.9989535637529748,
        0.9990821226522272,
        0.9992255730082782,
        -0.0005944053099893744,
        -0.0004310826754122131,
        -0.0002612813079551937,
        -8.753511610900274e-05,
        8.753511610893206e-05,
        0.00026128130795533504,
        0.0004310826754122838,
        0.0005944053099893744,
        0.0007488909052284,
        0.0008926709720911303,
        -0.9989535637529748,
        -0.9988413368203015,
        -0.9987470210623387,
        -0.9986720419046007,
        -0.9986175826469873,
        -0.9985845344171494,
        -0.9985734548437374
    ],