{
    "I_fc": [
        1.1,
        1.0913261714459257,
        1.0654414772414942,
        1.0227541344770765,
        0.96393734804825,
        0.8899186938124423,
        0.8018654901635528,
        0.7011663887235586,
        0.5894094744768963,
        0.46835722072158,
        0.3399186938124422,
        0.206119446044297,
        0.06906957148224464,
        -0.06906957148224475,
        -0.20611944604429733,
        -0.33991869381244233,
        -0.46835722072158004,
        -0.5894094744768966,
        -0.7011663887235587,
        -0.8018654901635529,
        -0.8899186938124422,
        -0.96393734804825,
        -1.0227541344770767,
        -1.0654414772414942,
        -1.0913261714459257,
        -1.1,
        -1.0913261714459257,
        -1.0654414772414942,
        -1.0227541344770765,
        -0.9639373480482499,
        -0.889918693812442,
        -0.8018654901635528,
        -0.7011663887235585,
        -0.589409474476896,
        -0.4683572207215794,
        -0.33991869381244233,
        -0.2061194460442971,
        -0.06906957148224453,
        0.0690695714822451,
        0.20611944604429766,
        0.339918693812442,
        0.4683572207215799,
        0.5894094744768965,
        0.7011663887235591,
        0.8018654901635531,
        0.8899186938124426,
        0.96393734804825,
        1.0227541344770767,
        1.0654414772414944,
        1.0913261714459257,
        1.1,
        1.0913261714459257,
        1.0654414772414942,
        1.0227541344770765,
        0.9639373480482498,
        0.8899186938124418,
        0.8018654901635521,
        0.7011663887235586,
        0.5894094744768962,
        0.46835722072157954,
        0.33991869381244155,
        0.20611944604429627,
        0.06906957148224466,
        -0.06906957148224496,
        -0.20611944604429752,
        -0.33991869381244183,
        -0.4683572207215807,
        -0.5894094744768964,
        -0.7011663887235596,
        -0.801865490163553,
        -0.889918693812442,
        -0.9639373480482504,
        -1.0227541344770767,
        -1.0654414772414946,
        -1.0913261714459257,
        -1.1
    ],
    "args": {
        "I_fc": [
            1.1
        ],
        "current_units": "mA",
        "cycles": 1.5,
        "d": 0.2,
        "directory": "/scratch/users/lbvh/py-tdgl/results/17223196/32",
        "dt_init": 1e-06,
        "fc_center": [
            0,
            0,
            1
        ],
        "fc_radius": 2.4,
        "field_units": "mT",
        "film_points": 4000,
        "film_radius": 15.0,
        "film_shape": "box",
        "film_smooth": 100,
        "gamma": 1.0,
        "index": 32,
        "lam": 1.35,
        "max_edge_length": 0.5,
        "pl_center": null,
        "pl_radius": 0.8,
        "points_per_cycle": 51.0,
        "save_every": 500,
        "screening": false,
        "seed_solutions": true,
        "slot_radius": 0.1,
        "slot_size": [
            2.0,
            50.0
        ],
        "slot_top_center_x": [
            -10.0,
            10.0,
            101.0
        ],
        "slot_top_center_y": [
            -1.0,
            -1.0,
            101.0
        ],
        "solve_time": [
            10000.0,
            2000.0
        ],
        "squid_angle": 180.0,
        "squid_iterations": 5,
        "squid_points": 4000,
        "squid_position": [
            0.0,
            0.0,
            0.5
        ],
        "squid_smooth": 100,
        "squid_type": "hypres-small",
        "xi": 0.9
    },
    "film_fluxoid": [
        0.9995803246118861,
        0.9995836214678008,
        0.999593459986249,
        0.9996096849750453,
        0.9996320409860967,
        0.9996601773641203,
        0.9996936572161332,
        0.9997319998795794,
        -0.00022406838876835045,
        -0.00017802809567962015,
        -0.0001291961868310382,
        -7.83375765022312e-05,
        -2.624982722728732e-05,
        2.6249827221633002e-05,
        7.833757651799261e-05,
        0.00012919618680478094,
        0.00017802809565926458,
        0.00022406838877934103,
        0.00026659789516446093,
        0.0003049581762090956,
        0.0003385872720818502,
        -0.999632040986101,
        -0.999609684975056,
        -0.9995934599862296,
        -0.9995836214677882,
        -0.9995803246118984,
        -0.9995836214677851,
        -0.9995934599862155,
        -0.9996096849750934,
        -0.9996320409860913,
        -0.9996601773641348,
        -0.9996936572161489,
        -0.9997319998795811,
        0.00022406838871735554,
        0.00017802809564484607,
        0.00012919618680994052,
        7.833757649427981e-05,
        2.6249827225697043e-05,
        -2.624982721619072e-05,
        -7.833757650852163e-05,
        -0.00012919618683481952,
        -0.00017802809565325688,
        -0.0002240683887356614,
        -0.00026659789513481115,
        -0.00030495817621346,
        -0.0003385872720622015,
        0.9996320409861044,
        0.9996096849750534,
        0.9995934599862276,
        0.9995836214678092,
        0.9995803246119039,
        0.9995836214678108,
        0.9995934599862106,
        0.9996096849750515,
        0.9996320409860948,
        0.99966017736414,
        0.999693657216141,
        0.9997319998795915,
        -0.00022406838869017947,
        -0.00017802809564403327,
        -0.00012919618683029607,
        -7.833757652117317e-05,
        -2.6249827217250904e-05,
        2.624982722403609e-05,
        7.833757651431732e-05,
        0.00012919618680711336,
        0.00017802809567771182,
        0.00022406838877220246,
        0.0002665978951788441,
        0.00030495817614507805,
        0.0003385872721174636,
        -0.9996320409860904,
        -0.9996096849750494,
        -0.9995934599862243,
        -0.9995836214677748,
        -0.9995803246118753
    ],