{
    "I_fc": [
        1.0,
        0.9921147013144779,
        0.9685831611286311,
        0.9297764858882513,
        0.8763066800438636,
        0.8090169943749475,
        0.7289686274214116,
        0.6374239897486896,
        0.5358267949789965,
        0.42577929156507266,
        0.30901699437494745,
        0.18738131458572452,
        0.0627905195293133,
        -0.0627905195293134,
        -0.18738131458572482,
        -0.30901699437494756,
        -0.4257792915650727,
        -0.5358267949789969,
        -0.6374239897486897,
        -0.7289686274214117,
        -0.8090169943749473,
        -0.8763066800438636,
        -0.9297764858882515,
        -0.9685831611286311,
        -0.9921147013144779,
        -1.0,
        -0.9921147013144779,
        -0.9685831611286311,
        -0.9297764858882512,
        -0.8763066800438635,
        -0.8090169943749472,
        -0.7289686274214116,
        -0.6374239897486895,
        -0.5358267949789963,
        -0.42577929156507216,
        -0.30901699437494756,
        -0.18738131458572463,
        -0.06279051952931321,
        0.06279051952931372,
        0.18738131458572513,
        0.30901699437494723,
        0.4257792915650726,
        0.5358267949789968,
        0.63742398974869,
        0.7289686274214119,
        0.8090169943749478,
        0.8763066800438636,
        0.9297764858882515,
        0.9685831611286312,
        0.9921147013144779,
        1.0,
        0.9921147013144779,
        0.9685831611286311,
        0.9297764858882513,
        0.8763066800438634,
        0.809016994374947,
        0.728968627421411,
        0.6374239897486896,
        0.5358267949789964,
        0.42577929156507227,
        0.30901699437494684,
        0.18738131458572388,
        0.06279051952931332,
        -0.0627905195293136,
        -0.18738131458572502,
        -0.3090169943749471,
        -0.4257792915650733,
        -0.5358267949789967,
        -0.6374239897486905,
        -0.7289686274214118,
        -0.8090169943749472,
        -0.8763066800438639,
        -0.9297764858882515,
        -0.9685831611286314,
        -0.9921147013144779,
        -1.0
    ],
    "args": {
        "I_fc": [
            1.0
        ],
        "current_units": "mA",
        "cycles": 1.5,
        "d": 0.2,
        "directory": "/scratch/users/lbvh/py-tdgl/results/17223926/28",
        "dt_init": 1e-06,
        "fc_center": [
            0,
            0,
            1
        ],
        "fc_radius": 2.4,
        "field_units": "mT",
        "film_points": 4000,
        "film_radius": 15.0,
        "film_shape": "box",
        "film_smooth": 100,
        "gamma": 1.0,
        "index": 28,
        "lam": 1.35,
        "max_edge_length": 0.5,
        "pl_center": null,
        "pl_radius": 0.8,
        "points_per_cycle": 51.0,
        "save_every": 500,
        "screening": false,
        "seed_solutions": true,
        "slot_radius": 0.1,
        "slot_size": [
            2.0,
            50.0
        ],
        "slot_top_center_x": [
            -10.0,
            10.0,
            101.0
        ],
        "slot_top_center_y": [
            5.0,
            5.0,
            101.0
        ],
        "solve_time": [
            10000.0,
            2000.0
        ],
        "squid_angle": 180.0,
        "squid_iterations": 5,
        "squid_points": 4000,
        "squid_position": [
            0.0,
            0.0,
            0.5
        ],
        "squid_smooth": 100,
        "squid_type": "hypres-small",
        "xi": 0.9
    },
    "film_fluxoid": [
        5.1315812944710395e-05,
        5.0911209850521306e-05,
        4.9703757151953075e-05,
        4.771244784025928e-05,
        4.496864830168046e-05,
        4.151561710368203e-05,
        3.7407818556157585e-05,
        3.2710054573533325e-05,
        2.7496434039727478e-05,
        2.184919740790168e-05,
        1.5857415522871588e-05,
        9.615583247749253e-06,
        3.2221299745635638e-06,
        -3.2221299745635638e-06,
        -9.615583248031969e-06,
        -1.5857415521564026e-05,
        -2.1849197408555462e-05,
        -2.7496434037766136e-05,
        -3.2710054573533325e-05,
        -3.7407818557005736e-05,
        -4.151561710274553e-05,
        -4.496864830409238e-05,
        -4.7712447842900906e-05,
        -4.970375714704088e-05,
        -5.09112098535605e-05,
        -5.1315812944710395e-05,
        -5.091120985235896e-05,
        -4.970375714582167e-05,
        -4.771244784391692e-05,
        -4.4968648306460125e-05,
        -4.151561710818781e-05,
        -3.7407818555450794e-05,
        -3.2710054573179936e-05,
        -2.749643403834924e-05,
        -2.1849197408926527e-05,
        -1.5857415522694893e-05,
        -9.615583248137987e-06,
        -3.222129974492885e-06,
        3.222129974492885e-06,
        9.615583248385365e-06,
        1.585741552223548e-05,
        2.184919740733625e-05,
        2.749643404092902e-05,
        3.2710054573162263e-05,
        3.740781855538012e-05,
        4.151561710818781e-05,
        4.496864830183065e-05,
        4.7712447843192455e-05,
        4.97037571459807e-05,
        5.091120985322478e-05,
        5.131581294428632e-05,
        5.0911209853489825e-05,
        4.970375714644011e-05,
        4.771244784266236e-05,
        4.496864830513048e-05,
        4.1515617105183954e-05,
        3.740781855594555e-05,
        3.2710054574522836e-05,
        2.7496434038031183e-05,
        2.1849197408184397e-05,
        1.5857415522942268e-05,
        9.615583247537215e-06,
        3.2221299745635638e-06,
        -3.2221299749169586e-06,
        -9.615583247678573e-06,
        -1.5857415521634706e-05,
        -2.1849197407477606e-05,
        -2.7496434039042777e-05,
        -3.2710054575865735e-05,
        -3.740781855552148e-05,
        -4.1515617104724544e-05,
        -4.496864830462247e-05,
        -4.7712447839088655e-05,
        -4.970375714792437e-05,
        -5.0911209851722846e-05,
        -5.131581294061101e-05
    ],