{
    "I_fc": [
        0.9,
        0.89290323118303,
        0.871724845015768,
        0.8367988372994263,
        0.7886760120394772,
        0.7281152949374528,
        0.6560717646792704,
        0.5736815907738206,
        0.4822441154810969,
        0.3832013624085654,
        0.27811529493745274,
        0.16864318312715207,
        0.05651146757638197,
        -0.05651146757638206,
        -0.16864318312715235,
        -0.2781152949374528,
        -0.38320136240856545,
        -0.4822441154810972,
        -0.5736815907738207,
        -0.6560717646792705,
        -0.7281152949374526,
        -0.7886760120394772,
        -0.8367988372994263,
        -0.871724845015768,
        -0.89290323118303,
        -0.9,
        -0.89290323118303,
        -0.871724845015768,
        -0.8367988372994262,
        -0.7886760120394771,
        -0.7281152949374525,
        -0.6560717646792704,
        -0.5736815907738206,
        -0.4822441154810967,
        -0.38320136240856495,
        -0.2781152949374528,
        -0.16864318312715218,
        -0.05651146757638189,
        0.05651146757638235,
        0.16864318312715262,
        0.2781152949374525,
        0.38320136240856534,
        0.4822441154810971,
        0.573681590773821,
        0.6560717646792708,
        0.728115294937453,
        0.7886760120394772,
        0.8367988372994263,
        0.8717248450157681,
        0.89290323118303,
        0.9,
        0.89290323118303,
        0.871724845015768,
        0.8367988372994263,
        0.788676012039477,
        0.7281152949374523,
        0.6560717646792699,
        0.5736815907738206,
        0.4822441154810968,
        0.38320136240856506,
        0.2781152949374522,
        0.16864318312715149,
        0.05651146757638199,
        -0.056511467576382236,
        -0.1686431831271525,
        -0.2781152949374524,
        -0.383201362408566,
        -0.482244115481097,
        -0.5736815907738215,
        -0.6560717646792706,
        -0.7281152949374525,
        -0.7886760120394776,
        -0.8367988372994263,
        -0.8717248450157683,
        -0.89290323118303,
        -0.9
    ],
    "args": {
        "I_fc": [
            0.9
        ],
        "current_units": "mA",
        "cycles": 1.5,
        "d": 0.2,
        "directory": "/scratch/users/lbvh/py-tdgl/results/17289543/14",
        "dt_init": 1e-06,
        "fc_center": [
            0,
            0,
            1
        ],
        "fc_radius": 2.4,
        "field_units": "mT",
        "film_points": 4000,
        "film_radius": 15.0,
        "film_shape": "box",
        "film_smooth": 100,
        "gamma": 1.0,
        "index": 14,
        "lam": 1.35,
        "max_edge_length": 0.5,
        "pl_center": null,
        "pl_radius": 0.8,
        "points_per_cycle": 51.0,
        "save_every": 500,
        "screening": false,
        "seed_solutions": true,
        "slot_radius": 0.1,
        "slot_size": [
            2.0,
            50.0
        ],
        "slot_top_center_x": [
            -10.0,
            10.0,
            101.0
        ],
        "slot_top_center_y": [
            5.0,
            5.0,
            101.0
        ],
        "solve_time": [
            10000.0,
            2000.0
        ],
        "squid_angle": 180.0,
        "squid_iterations": 5,
        "squid_points": 4000,
        "squid_position": [
            0.0,
            0.0,
            0.5
        ],
        "squid_smooth": 100,
        "squid_type": "hypres-small",
        "xi": 0.9
    },
    "film_fluxoid": [
        -0.0001780391835682379,
        -0.00017663529032922395,
        -0.00017244575109745275,
        -0.0001655366380739351,
        -0.00015601691296797724,
        -0.0001440367083852363,
        -0.00012978495992847162,
        -0.00011348642652755056,
        -9.539814584875107e-05,
        -7.580538073278401e-05,
        -5.501712051916757e-05,
        -3.336120817763423e-05,
        -1.117917007677947e-05,
        1.117917007677947e-05,
        3.336120817766957e-05,
        5.5017120519260335e-05,
        7.580538073274867e-05,
        9.539814584868039e-05,
        0.00011348642652751522,
        0.0001297849599284727,
        0.00014403670838516563,
        0.00015601691297181157,
        0.00016553663807391826,
        0.00017244575109729373,
        0.00017663529032911792,
        0.0001780391835679375,
        0.00017663529032948898,
        0.00017244575109731137,
        0.00016553663807389974,
        0.00015601691297193525,
        0.00014403670838520095,
        0.0001297849599284727,
        0.00011348642652747988,
        9.539814584857437e-05,
        7.580538073274867e-05,
        5.501712051915432e-05,
        3.3361208182581764e-05,
        1.117917007677947e-05,
        -1.117917007748626e-05,
        -3.336120817763423e-05,
        -5.501712051924267e-05,
        -7.580538073260732e-05,
        -9.539814584864947e-05,
        -0.00011348642652747988,
        -0.0001297849599285434,
        -0.0001440367083852363,
        -0.0001560169129717939,
        -0.00016553663807517197,
        -0.00017244575109720537,
        -0.0001766352903291886,
        -0.00017803918356799051,
        -0.0001766352903291886,
        -0.00017244575109731137,
        -0.0001655366380738644,
        -0.0001560169129717939,
        -0.00014403670838534233,
        -0.00012978495992848154,
        -0.00011348642652747988,
        -9.539814584868039e-05,
        -7.580538073271334e-05,
        -5.5017120519145484e-05,
        -3.336120817759889e-05,
        -1.1179170076567432e-05,
        1.1179170076956168e-05,
        3.336120817768724e-05,
        5.501712052069158e-05,
        7.580538073274867e-05,
        9.539814584869805e-05,
        0.00011348642652747988,
        0.0001297849599284727,
        0.00014403670838516563,
        0.00015601691297178506,
        0.00016553663807405877,
        0.00017244575109734672,
        0.0001766352903292416,
        0.00017803918356966913
    ],