{
    "I_fc": [
        1.6875,
        1.674193558468181,
        1.6344840844045654,
        1.568997819936424,
        1.4787675225740196,
        1.365216178007724,
        1.230134558773632,
        1.0756529827009138,
        0.9042077165270567,
        0.7185025545160602,
        0.5214661780077239,
        0.31620596836341014,
        0.10595900170571618,
        -0.10595900170571637,
        -0.3162059683634107,
        -0.5214661780077241,
        -0.7185025545160603,
        -0.904207716527057,
        -1.0756529827009138,
        -1.230134558773632,
        -1.3652161780077239,
        -1.4787675225740198,
        -1.5689978199364243,
        -1.6344840844045654,
        -1.674193558468181,
        -1.6875,
        -1.674193558468181,
        -1.6344840844045652,
        -1.568997819936424,
        -1.4787675225740196,
        -1.3652161780077237,
        -1.230134558773632,
        -1.0756529827009136,
        -0.9042077165270561,
        -0.7185025545160593,
        -0.5214661780077241,
        -0.31620596836341036,
        -0.10595900170571601,
        0.1059590017057169,
        0.3162059683634112,
        0.5214661780077235,
        0.7185025545160602,
        0.9042077165270569,
        1.075652982700914,
        1.2301345587736325,
        1.3652161780077245,
        1.4787675225740196,
        1.568997819936424,
        1.6344840844045654,
        1.674193558468181,
        1.6875,
        1.674193558468181,
        1.6344840844045652,
        1.568997819936424,
        1.4787675225740193,
        1.3652161780077232,
        1.2301345587736312,
        1.0756529827009138,
        0.9042077165270563,
        0.7185025545160595,
        0.521466178007723,
        0.3162059683634091,
        0.10595900170571622,
        -0.10595900170571669,
        -0.316205968363411,
        -0.5214661780077232,
        -0.7185025545160612,
        -0.9042077165270567,
        -1.0756529827009154,
        -1.2301345587736325,
        -1.3652161780077237,
        -1.4787675225740204,
        -1.568997819936424,
        -1.6344840844045656,
        -1.674193558468181,
        -1.6875
    ],
    "args": {
        "I_fc": [
            0.5,
            10.0,
            201.0
        ],
        "current_units": "mA",
        "cycles": 1.5,
        "d": 0.2,
        "directory": "/scratch/users/lbvh/py-tdgl/results/14122470/25",
        "dt_init": 1e-06,
        "fc_center": [
            0,
            0,
            1
        ],
        "fc_radius": 2.4,
        "field_units": "mT",
        "film_points": 4000,
        "film_radius": 15.0,
        "film_shape": "box",
        "film_smooth": 100,
        "gamma": 1.0,
        "index": 25,
        "lam": 1.35,
        "max_edge_length": 0.5,
        "pl_center": null,
        "pl_radius": 0.8,
        "points_per_cycle": 51.0,
        "save_every": 500,
        "screening": false,
        "seed_solutions": true,
        "slot_radius": 0,
        "slot_size": null,
        "slot_top_center_x": null,
        "slot_top_center_y": null,
        "solve_time": [
            20000.0,
            2000.0
        ],
        "squid_angle": 0,
        "squid_iterations": 5,
        "squid_points": 4000,
        "squid_position": [
            0.0,
            0.0,
            0.5
        ],
        "squid_smooth": 100,
        "squid_type": "hypres-small",
        "xi": 0.9
    },
    "film_fluxoid": [
        -0.0006884398240653618,
        -0.0006829830922281499,
        -0.0006667049199486727,
        -0.0006398779927949193,
        -0.0006029465993325513,
        -0.0005565141981237335,
        -0.0005013298581161034,
        -0.00043827448314477224,
        -0.0003683468104383869,
        -0.0002926486053522699,
        -0.000212368598530276,
        -0.0001287649968568427,
        -4.314667342322211e-05,
        4.3146673297908255e-05,
        0.0001287649972499946,
        0.00021236859858335592,
        0.0002926486050490924,
        0.00036834681042107056,
        0.0004382744832330503,
        0.000501329857672416,
        0.0005565141967429487,
        0.0006029465983517742,
        0.0006398779923986928,
        0.0006667049200238753,
        0.0006829830928417142,
        0.0006884398240864596,
        0.0006829830926369925,
        0.0006667049188103523,
        0.0006398779928153102,
        0.0006029465984182832,
        0.0005565141989636649,
        0.0005013298574491941,
        0.00043827448401230387,
        0.0003683468095942677,
        0.0002926486050792723,
        0.0002123685980096192,
        0.00012876499688018443,
        4.314667327876308e-05,
        -4.314667339993338e-05,
        -0.00012876499733541016,
        -0.00021236859797830841,
        -0.00029264860483624257,
        -0.00036834681045920184,
        -0.00043827448336874515,
        -0.0005013298586104676,
        -0.0005565141990014075,
        -0.0006029465981178445,
        -0.0006398779941019638,
        -0.0006667049195221251,
        -0.0006829830914464402,
        -0.0006884398240380797,
        -0.0006829830935353579,
        -0.0006667049199136867,
        -0.0006398779929103381,
        -0.0006029465991145065,
        -0.0005565141971783312,
        -0.0005013298586459132,
        -0.00043827448350686074,
        -0.0003683468112156438,
        -0.00029264860490402374,
        -0.00021236859816426483,
        -0.00012876499693989052,
        -4.3146673394809156e-05,
        4.314667342329279e-05,
        0.00012876499699350052,
        0.0002123685986276363,
        0.0002926486049483748,
        0.0003683468105130946,
        0.00043827448252958226,
        0.0005013298597300582,
        0.0005565141995815583,
        0.0006029465984264466,
        0.0006398779944003219,
        0.0006667049196965608,
        0.0006829830932633145,
        0.00068843982588994
    ],