{
    "I_fc": [
        1.2,
        1.1905376415773734,
        1.1622997933543573,
        1.1157317830659015,
        1.0515680160526362,
        0.9708203932499369,
        0.8747623529056938,
        0.7649087876984275,
        0.6429921539747958,
        0.5109351498780872,
        0.37082039324993693,
        0.22485757750286942,
        0.07534862343517597,
        -0.07534862343517608,
        -0.22485757750286978,
        -0.37082039324993704,
        -0.5109351498780872,
        -0.6429921539747963,
        -0.7649087876984276,
        -0.8747623529056939,
        -0.9708203932499367,
        -1.0515680160526362,
        -1.1157317830659017,
        -1.1622997933543573,
        -1.1905376415773734,
        -1.2,
        -1.1905376415773734,
        -1.1622997933543573,
        -1.1157317830659015,
        -1.0515680160526362,
        -0.9708203932499366,
        -0.8747623529056938,
        -0.7649087876984274,
        -0.6429921539747956,
        -0.5109351498780865,
        -0.37082039324993704,
        -0.22485757750286955,
        -0.07534862343517584,
        0.07534862343517647,
        0.22485757750287014,
        0.37082039324993665,
        0.5109351498780871,
        0.6429921539747961,
        0.764908787698428,
        0.8747623529056943,
        0.9708203932499373,
        1.0515680160526362,
        1.1157317830659017,
        1.1622997933543573,
        1.1905376415773734,
        1.2,
        1.1905376415773734,
        1.1622997933543573,
        1.1157317830659015,
        1.051568016052636,
        0.9708203932499364,
        0.8747623529056932,
        0.7649087876984275,
        0.6429921539747957,
        0.5109351498780867,
        0.3708203932499362,
        0.22485757750286864,
        0.07534862343517598,
        -0.07534862343517632,
        -0.22485757750287003,
        -0.37082039324993654,
        -0.510935149878088,
        -0.6429921539747959,
        -0.7649087876984286,
        -0.8747623529056942,
        -0.9708203932499366,
        -1.0515680160526366,
        -1.1157317830659017,
        -1.1622997933543577,
        -1.1905376415773734,
        -1.2
    ],
    "args": {
        "I_fc": [
            1.2
        ],
        "current_units": "mA",
        "cycles": 1.5,
        "d": 0.2,
        "directory": "/scratch/users/lbvh/py-tdgl/results/17298304/29",
        "dt_init": 1e-06,
        "fc_center": [
            0,
            0,
            1
        ],
        "fc_radius": 2.4,
        "field_units": "mT",
        "film_points": 4000,
        "film_radius": 15.0,
        "film_shape": "box",
        "film_smooth": 100,
        "gamma": 1.0,
        "index": 29,
        "lam": 1.35,
        "max_edge_length": 0.5,
        "pl_center": null,
        "pl_radius": 0.8,
        "points_per_cycle": 51.0,
        "save_every": 500,
        "screening": false,
        "seed_solutions": true,
        "slot_radius": 0.1,
        "slot_size": [
            2.0,
            50.0
        ],
        "slot_top_center_x": [
            -10.0,
            10.0,
            101.0
        ],
        "slot_top_center_y": [
            5.0,
            5.0,
            101.0
        ],
        "solve_time": [
            10000.0,
            2000.0
        ],
        "squid_angle": 180.0,
        "squid_iterations": 5,
        "squid_points": 4000,
        "squid_position": [
            0.0,
            0.0,
            0.5
        ],
        "squid_smooth": 100,
        "squid_type": "hypres-small",
        "xi": 0.9
    },
    "film_fluxoid": [
        1.000273072014108,
        1.0002709184027914,
        1.000264491557631,
        1.0002538929099323,
        1.0002392897394883,
        1.0002209125595416,
        1.0001990515860466,
        1.0001740532285812,
        0.00014633244030225,
        0.00011627869725247227,
        8.439125807021645e-05,
        5.1173011870388244e-05,
        1.7147805891061082e-05,
        -1.7147805890124585e-05,
        -5.1173011869045344e-05,
        -8.439125807155052e-05,
        -0.00011627869725316139,
        -0.00014633244030237368,
        -0.0001740784807072525,
        -0.00019907916598543496,
        -0.00022094009078314994,
        -0.00023931625912709624,
        -1.0002538929099316,
        -1.0002644915576309,
        -1.0002709184027947,
        -1.0002730720141084,
        -1.0002709184027943,
        -1.0002644915576318,
        -1.0002538929099305,
        -1.0002392897394863,
        -1.000220912559542,
        -1.0001990515860428,
        -1.0001740532285797,
        -0.00014633244030205563,
        -0.00011627869725404488,
        -8.439125807318497e-05,
        -5.1173011869045344e-05,
        -1.7147805891573506e-05,
        1.7147805890142258e-05,
        5.11730118722259e-05,
        8.4391258072889e-05,
        0.00011627869725386818,
        0.00014633244030216167,
        0.00017407848070704045,
        0.0001990791659842334,
        0.00022094009078590642,
        0.00023931625912697256,
        1.0002538929099285,
        1.0002644915576315,
        1.0002709184027943,
        1.0002730720141082,
        1.0002709184027907,
        1.0002644915576315,
        1.000253892909932,
        1.0002392897394823,
        1.0002209125595438,
        1.0001990515860446,
        1.000174053228579,
        0.00014633244030205563,
        0.00011627869725369148,
        8.439125807290225e-05,
        5.117301186925738e-05,
        1.7147805890928562e-05,
        -1.7147805891432147e-05,
        -5.1173011870246884e-05,
        -8.43912580723545e-05,
        -0.00011627869725330276,
        -0.00014633244030187894,
        -0.00017407848070711112,
        -0.00019907916598430408,
        -0.00022094009078325595,
        -0.00023931625912672517,
        -1.000253892909929,
        -1.0002644915576304,
        -1.0002709184027938,
        -1.0002730720141073
    ],