{
    "I_fc": [
        1.0,
        0.9921147013144779,
        0.9685831611286311,
        0.9297764858882513,
        0.8763066800438636,
        0.8090169943749475,
        0.7289686274214116,
        0.6374239897486896,
        0.5358267949789965,
        0.42577929156507266,
        0.30901699437494745,
        0.18738131458572452,
        0.0627905195293133,
        -0.0627905195293134,
        -0.18738131458572482,
        -0.30901699437494756,
        -0.4257792915650727,
        -0.5358267949789969,
        -0.6374239897486897,
        -0.7289686274214117,
        -0.8090169943749473,
        -0.8763066800438636,
        -0.9297764858882515,
        -0.9685831611286311,
        -0.9921147013144779,
        -1.0,
        -0.9921147013144779,
        -0.9685831611286311,
        -0.9297764858882512,
        -0.8763066800438635,
        -0.8090169943749472,
        -0.7289686274214116,
        -0.6374239897486895,
        -0.5358267949789963,
        -0.42577929156507216,
        -0.30901699437494756,
        -0.18738131458572463,
        -0.06279051952931321,
        0.06279051952931372,
        0.18738131458572513,
        0.30901699437494723,
        0.4257792915650726,
        0.5358267949789968,
        0.63742398974869,
        0.7289686274214119,
        0.8090169943749478,
        0.8763066800438636,
        0.9297764858882515,
        0.9685831611286312,
        0.9921147013144779,
        1.0,
        0.9921147013144779,
        0.9685831611286311,
        0.9297764858882513,
        0.8763066800438634,
        0.809016994374947,
        0.728968627421411,
        0.6374239897486896,
        0.5358267949789964,
        0.42577929156507227,
        0.30901699437494684,
        0.18738131458572388,
        0.06279051952931332,
        -0.0627905195293136,
        -0.18738131458572502,
        -0.3090169943749471,
        -0.4257792915650733,
        -0.5358267949789967,
        -0.6374239897486905,
        -0.7289686274214118,
        -0.8090169943749472,
        -0.8763066800438639,
        -0.9297764858882515,
        -0.9685831611286314,
        -0.9921147013144779,
        -1.0
    ],
    "args": {
        "I_fc": [
            1.0
        ],
        "current_units": "mA",
        "cycles": 1.5,
        "d": 0.2,
        "directory": "/scratch/users/lbvh/py-tdgl/results/17223926/6",
        "dt_init": 1e-06,
        "fc_center": [
            0,
            0,
            1
        ],
        "fc_radius": 2.4,
        "field_units": "mT",
        "film_points": 4000,
        "film_radius": 15.0,
        "film_shape": "box",
        "film_smooth": 100,
        "gamma": 1.0,
        "index": 6,
        "lam": 1.35,
        "max_edge_length": 0.5,
        "pl_center": null,
        "pl_radius": 0.8,
        "points_per_cycle": 51.0,
        "save_every": 500,
        "screening": false,
        "seed_solutions": true,
        "slot_radius": 0.1,
        "slot_size": [
            2.0,
            50.0
        ],
        "slot_top_center_x": [
            -10.0,
            10.0,
            101.0
        ],
        "slot_top_center_y": [
            5.0,
            5.0,
            101.0
        ],
        "solve_time": [
            10000.0,
            2000.0
        ],
        "squid_angle": 180.0,
        "squid_iterations": 5,
        "squid_points": 4000,
        "squid_position": [
            0.0,
            0.0,
            0.5
        ],
        "squid_smooth": 100,
        "squid_type": "hypres-small",
        "xi": 0.9
    },
    "film_fluxoid": [
        -0.0004856577153106881,
        -0.0004818281593614295,
        -0.00047039988587640726,
        -0.00045155312548898665,
        -0.0004255851027622165,
        -0.00039290534878864015,
        -0.00035402924265619614,
        -0.00030956988363319514,
        -0.00026022842225127256,
        -0.00020678300276276982,
        -0.0001500764913560675,
        -9.10031836545613e-05,
        -3.0494701132228817e-05,
        3.0494701132246486e-05,
        9.100318365451713e-05,
        0.000150076491356094,
        0.00020678300276277866,
        0.0002602284222512372,
        0.00030956988363319514,
        0.0003540292426562315,
        0.000392905348788649,
        0.0004255851027621635,
        0.0004515531254888983,
        0.0004703998858763719,
        0.00048182815936146484,
        0.00048565771531070576,
        0.0004818281593614295,
        0.0004703998858764426,
        0.00045155312548893363,
        0.00042558510276218117,
        0.0003929053487886755,
        0.00035402924265626683,
        0.00030956988363319514,
        0.0002602284222513079,
        0.000206783002762814,
        0.000150076491356094,
        9.10031836545348e-05,
        3.0494701132228817e-05,
        -3.049470113225532e-05,
        -9.10031836545613e-05,
        -0.00015007649135605867,
        -0.000206783002762814,
        -0.0002602284222512372,
        -0.0003095698836332658,
        -0.000354029242656205,
        -0.00039290534878871084,
        -0.0004255851027621635,
        -0.000451553125488969,
        -0.0004703998858763896,
        -0.00048182815936146484,
        -0.0004856577153106881,
        -0.00048182815936164157,
        -0.00047039988587654864,
        -0.0004515531254888983,
        -0.0004255851027621635,
        -0.0003929053487886755,
        -0.00035402924265619614,
        -0.00030956988363312445,
        -0.00026022842225127256,
        -0.00020678300276276098,
        -0.0001500764913560719,
        -9.100318365457013e-05,
        -3.049470113225532e-05,
        3.049470113225532e-05,
        9.100318365454143e-05,
        0.00015007649135611166,
        0.00020678300276277866,
        0.0002602284222512372,
        0.0003095698836332658,
        0.0003540292426562315,
        0.0003929053487886578,
        0.0004255851027621635,
        0.0004515531254888983,
        0.0004703998858762659,
        0.000481828159361456,
        0.0004856577153106881
    ],