{
    "I_fc": [
        0.9,
        0.89290323118303,
        0.871724845015768,
        0.8367988372994263,
        0.7886760120394772,
        0.7281152949374528,
        0.6560717646792704,
        0.5736815907738206,
        0.4822441154810969,
        0.3832013624085654,
        0.27811529493745274,
        0.16864318312715207,
        0.05651146757638197,
        -0.05651146757638206,
        -0.16864318312715235,
        -0.2781152949374528,
        -0.38320136240856545,
        -0.4822441154810972,
        -0.5736815907738207,
        -0.6560717646792705,
        -0.7281152949374526,
        -0.7886760120394772,
        -0.8367988372994263,
        -0.871724845015768,
        -0.89290323118303,
        -0.9,
        -0.89290323118303,
        -0.871724845015768,
        -0.8367988372994262,
        -0.7886760120394771,
        -0.7281152949374525,
        -0.6560717646792704,
        -0.5736815907738206,
        -0.4822441154810967,
        -0.38320136240856495,
        -0.2781152949374528,
        -0.16864318312715218,
        -0.05651146757638189,
        0.05651146757638235,
        0.16864318312715262,
        0.2781152949374525,
        0.38320136240856534,
        0.4822441154810971,
        0.573681590773821,
        0.6560717646792708,
        0.728115294937453,
        0.7886760120394772,
        0.8367988372994263,
        0.8717248450157681,
        0.89290323118303,
        0.9,
        0.89290323118303,
        0.871724845015768,
        0.8367988372994263,
        0.788676012039477,
        0.7281152949374523,
        0.6560717646792699,
        0.5736815907738206,
        0.4822441154810968,
        0.38320136240856506,
        0.2781152949374522,
        0.16864318312715149,
        0.05651146757638199,
        -0.056511467576382236,
        -0.1686431831271525,
        -0.2781152949374524,
        -0.383201362408566,
        -0.482244115481097,
        -0.5736815907738215,
        -0.6560717646792706,
        -0.7281152949374525,
        -0.7886760120394776,
        -0.8367988372994263,
        -0.8717248450157683,
        -0.89290323118303,
        -0.9
    ],
    "args": {
        "I_fc": [
            0.9
        ],
        "current_units": "mA",
        "cycles": 1.5,
        "d": 0.2,
        "directory": "/scratch/users/lbvh/py-tdgl/results/17289540/9",
        "dt_init": 1e-06,
        "fc_center": [
            0,
            0,
            1
        ],
        "fc_radius": 2.4,
        "field_units": "mT",
        "film_points": 4000,
        "film_radius": 15.0,
        "film_shape": "box",
        "film_smooth": 100,
        "gamma": 1.0,
        "index": 9,
        "lam": 1.35,
        "max_edge_length": 0.5,
        "pl_center": null,
        "pl_radius": 0.8,
        "points_per_cycle": 51.0,
        "save_every": 500,
        "screening": false,
        "seed_solutions": true,
        "slot_radius": 0.1,
        "slot_size": [
            2.0,
            50.0
        ],
        "slot_top_center_x": [
            -10.0,
            10.0,
            101.0
        ],
        "slot_top_center_y": [
            -1.0,
            -1.0,
            101.0
        ],
        "solve_time": [
            10000.0,
            2000.0
        ],
        "squid_angle": 180.0,
        "squid_iterations": 5,
        "squid_points": 4000,
        "squid_position": [
            0.0,
            0.0,
            0.5
        ],
        "squid_smooth": 100,
        "squid_type": "hypres-small",
        "xi": 0.9
    },
    "film_fluxoid": [
        -1.4105004258499631e-05,
        -1.39937651925629e-05,
        -1.3661805081284248e-05,
        -1.3114366900928413e-05,
        -1.2360095279142024e-05,
        -1.1410898087232604e-05,
        -1.028175655524075e-05,
        -8.990487315720105e-06,
        -7.557460338348135e-06,
        -6.005277233093934e-06,
        -4.358414909282519e-06,
        -2.6428400725066324e-06,
        -8.856005094440899e-07,
        8.856005094264202e-07,
        2.6428400725949814e-06,
        4.358414909211839e-06,
        6.005277233164613e-06,
        7.557460338277456e-06,
        8.990487315790784e-06,
        1.0281756555452787e-05,
        1.1410898087197264e-05,
        1.2360095278982995e-05,
        1.3114366900928413e-05,
        1.3661805081372597e-05,
        1.3993765192421543e-05,
        1.410500425853497e-05,
        1.399376519245688e-05,
        1.366180508146481e-05,
        1.3114366900433661e-05,
        1.2360095279155276e-05,
        1.1410898087338622e-05,
        1.0281756555276089e-05,
        8.990487315649426e-06,
        7.557460338277456e-06,
        6.005277233093934e-06,
        4.35841490914116e-06,
        2.6428400725773114e-06,
        8.856005094617597e-07,
        -8.856005094264202e-07,
        -2.6428400725773114e-06,
        -4.358414909247179e-06,
        -6.005277233058594e-06,
        -7.557460338277456e-06,
        -8.990487315649426e-06,
        -1.0281756555267255e-05,
        -1.1410898087267943e-05,
        -1.2360095279159693e-05,
        -1.3114366900645697e-05,
        -1.3661805081301918e-05,
        -1.3993765192315523e-05,
        -1.4105004257474786e-05,
        -1.3993765192598239e-05,
        -1.36618050811959e-05,
        -1.311436690050434e-05,
        -1.2360095278991831e-05,
        -1.1410898086985228e-05,
        -1.0281756555311429e-05,
        -8.990487315861463e-06,
        -7.557460338348135e-06,
        -6.005277233093934e-06,
        -4.358414909317858e-06,
        -2.6428400725949814e-06,
        -8.856005094970992e-07,
        8.856005094253159e-07,
        2.6428400725773114e-06,
        4.358414909105821e-06,
        6.005277233093934e-06,
        7.557460338277456e-06,
        8.990487315720105e-06,
        1.0281756555364438e-05,
        1.141089808687921e-05,
        1.2360095279089015e-05,
        1.3114366900928413e-05,
        1.3661805081443276e-05,
        1.3993765192244845e-05,
        1.4105004258676327e-05
    ],