{
    "I_fc": [
        0.9,
        0.89290323118303,
        0.871724845015768,
        0.8367988372994263,
        0.7886760120394772,
        0.7281152949374528,
        0.6560717646792704,
        0.5736815907738206,
        0.4822441154810969,
        0.3832013624085654,
        0.27811529493745274,
        0.16864318312715207,
        0.05651146757638197,
        -0.05651146757638206,
        -0.16864318312715235,
        -0.2781152949374528,
        -0.38320136240856545,
        -0.4822441154810972,
        -0.5736815907738207,
        -0.6560717646792705,
        -0.7281152949374526,
        -0.7886760120394772,
        -0.8367988372994263,
        -0.871724845015768,
        -0.89290323118303,
        -0.9,
        -0.89290323118303,
        -0.871724845015768,
        -0.8367988372994262,
        -0.7886760120394771,
        -0.7281152949374525,
        -0.6560717646792704,
        -0.5736815907738206,
        -0.4822441154810967,
        -0.38320136240856495,
        -0.2781152949374528,
        -0.16864318312715218,
        -0.05651146757638189,
        0.05651146757638235,
        0.16864318312715262,
        0.2781152949374525,
        0.38320136240856534,
        0.4822441154810971,
        0.573681590773821,
        0.6560717646792708,
        0.728115294937453,
        0.7886760120394772,
        0.8367988372994263,
        0.8717248450157681,
        0.89290323118303,
        0.9,
        0.89290323118303,
        0.871724845015768,
        0.8367988372994263,
        0.788676012039477,
        0.7281152949374523,
        0.6560717646792699,
        0.5736815907738206,
        0.4822441154810968,
        0.38320136240856506,
        0.2781152949374522,
        0.16864318312715149,
        0.05651146757638199,
        -0.056511467576382236,
        -0.1686431831271525,
        -0.2781152949374524,
        -0.383201362408566,
        -0.482244115481097,
        -0.5736815907738215,
        -0.6560717646792706,
        -0.7281152949374525,
        -0.7886760120394776,
        -0.8367988372994263,
        -0.8717248450157683,
        -0.89290323118303,
        -0.9
    ],
    "args": {
        "I_fc": [
            0.9
        ],
        "current_units": "mA",
        "cycles": 1.5,
        "d": 0.2,
        "directory": "/scratch/users/lbvh/py-tdgl/results/17289540/53",
        "dt_init": 1e-06,
        "fc_center": [
            0,
            0,
            1
        ],
        "fc_radius": 2.4,
        "field_units": "mT",
        "film_points": 4000,
        "film_radius": 15.0,
        "film_shape": "box",
        "film_smooth": 100,
        "gamma": 1.0,
        "index": 53,
        "lam": 1.35,
        "max_edge_length": 0.5,
        "pl_center": null,
        "pl_radius": 0.8,
        "points_per_cycle": 51.0,
        "save_every": 500,
        "screening": false,
        "seed_solutions": true,
        "slot_radius": 0.1,
        "slot_size": [
            2.0,
            50.0
        ],
        "slot_top_center_x": [
            -10.0,
            10.0,
            101.0
        ],
        "slot_top_center_y": [
            -1.0,
            -1.0,
            101.0
        ],
        "solve_time": [
            10000.0,
            2000.0
        ],
        "squid_angle": 180.0,
        "squid_iterations": 5,
        "squid_points": 4000,
        "squid_position": [
            0.0,
            0.0,
            0.5
        ],
        "squid_smooth": 100,
        "squid_type": "hypres-small",
        "xi": 0.9
    },
    "film_fluxoid": [
        -0.0009687324409068998,
        -0.000961045553397725,
        -0.0009381198802038538,
        -0.0009003506359318278,
        -0.0008483717672106095,
        -0.0007830346929891014,
        -0.0007053908083763027,
        -0.0006166753237892113,
        -0.0005182898030885455,
        -0.0004117822209291391,
        -0.0002988243703455687,
        -0.00018118690623374558,
        -6.071248393455512e-05,
        6.0712483958851026e-05,
        0.00018118690623316358,
        0.0002988243703457454,
        0.00041178222092984145,
        0.0005182898030873616,
        0.000616675323788045,
        0.0007053908083770272,
        0.0007830346929895254,
        0.00084837176720992,
        0.0009003506359336743,
        0.0009381198802040658,
        0.0009610455533976543,
        0.0009687324409054111,
        0.0009610455533985378,
        0.000938119880204914,
        0.0009003506359336478,
        0.0008483717672105208,
        0.0007830346929898789,
        0.0007053908083776103,
        0.00061667532379013,
        0.0005182898030903478,
        0.0004117822209278978,
        0.0002988243703458514,
        0.0001811869062339576,
        6.071248395862132e-05,
        -6.071248395883335e-05,
        -0.00018118690623356888,
        -0.00029882437034602815,
        -0.0004117822209303362,
        -0.0005182898030884925,
        -0.0006166753237880803,
        -0.0007053908083779107,
        -0.0007830346929916458,
        -0.0008483717672087892,
        -0.0009003506359315274,
        -0.0009381198802025109,
        -0.0009610455533975483,
        -0.0009687324409070411,
        -0.0009610455533970889,
        -0.0009381198802043485,
        -0.0009003506359320045,
        -0.0008483717672094345,
        -0.0007830346929881472,
        -0.0007053908083765148,
        -0.0006166753237907308,
        -0.0005182898030902595,
        -0.00041178222092920535,
        -0.0002988243703450916,
        -0.0001811869062338516,
        -6.071248395847996e-05,
        6.0712483958568306e-05,
        0.0001811869062334126,
        0.0002988243703459398,
        0.00041178222092878126,
        0.0005182898030880684,
        0.0006166753237917557,
        0.0007053908083758433,
        0.0007830346929896668,
        0.0008483717672115457,
        0.0009003506359339747,
        0.0009381198802039951,
        0.0009610455533970535,
        0.0009687324409060118
    ],