{
    "I_fc": [
        1.1,
        1.0913261714459257,
        1.0654414772414942,
        1.0227541344770765,
        0.96393734804825,
        0.8899186938124423,
        0.8018654901635528,
        0.7011663887235586,
        0.5894094744768963,
        0.46835722072158,
        0.3399186938124422,
        0.206119446044297,
        0.06906957148224464,
        -0.06906957148224475,
        -0.20611944604429733,
        -0.33991869381244233,
        -0.46835722072158004,
        -0.5894094744768966,
        -0.7011663887235587,
        -0.8018654901635529,
        -0.8899186938124422,
        -0.96393734804825,
        -1.0227541344770767,
        -1.0654414772414942,
        -1.0913261714459257,
        -1.1,
        -1.0913261714459257,
        -1.0654414772414942,
        -1.0227541344770765,
        -0.9639373480482499,
        -0.889918693812442,
        -0.8018654901635528,
        -0.7011663887235585,
        -0.589409474476896,
        -0.4683572207215794,
        -0.33991869381244233,
        -0.2061194460442971,
        -0.06906957148224453,
        0.0690695714822451,
        0.20611944604429766,
        0.339918693812442,
        0.4683572207215799,
        0.5894094744768965,
        0.7011663887235591,
        0.8018654901635531,
        0.8899186938124426,
        0.96393734804825,
        1.0227541344770767,
        1.0654414772414944,
        1.0913261714459257,
        1.1,
        1.0913261714459257,
        1.0654414772414942,
        1.0227541344770765,
        0.9639373480482498,
        0.8899186938124418,
        0.8018654901635521,
        0.7011663887235586,
        0.5894094744768962,
        0.46835722072157954,
        0.33991869381244155,
        0.20611944604429627,
        0.06906957148224466,
        -0.06906957148224496,
        -0.20611944604429752,
        -0.33991869381244183,
        -0.4683572207215807,
        -0.5894094744768964,
        -0.7011663887235596,
        -0.801865490163553,
        -0.889918693812442,
        -0.9639373480482504,
        -1.0227541344770767,
        -1.0654414772414946,
        -1.0913261714459257,
        -1.1
    ],
    "args": {
        "I_fc": [
            1.1
        ],
        "current_units": "mA",
        "cycles": 1.5,
        "d": 0.2,
        "directory": "/scratch/users/lbvh/py-tdgl/results/17223927/18",
        "dt_init": 1e-06,
        "fc_center": [
            0,
            0,
            1
        ],
        "fc_radius": 2.4,
        "field_units": "mT",
        "film_points": 4000,
        "film_radius": 15.0,
        "film_shape": "box",
        "film_smooth": 100,
        "gamma": 1.0,
        "index": 18,
        "lam": 1.35,
        "max_edge_length": 0.5,
        "pl_center": null,
        "pl_radius": 0.8,
        "points_per_cycle": 51.0,
        "save_every": 500,
        "screening": false,
        "seed_solutions": true,
        "slot_radius": 0.1,
        "slot_size": [
            2.0,
            50.0
        ],
        "slot_top_center_x": [
            -10.0,
            10.0,
            101.0
        ],
        "slot_top_center_y": [
            5.0,
            5.0,
            101.0
        ],
        "solve_time": [
            10000.0,
            2000.0
        ],
        "squid_angle": 180.0,
        "squid_iterations": 5,
        "squid_points": 4000,
        "squid_position": [
            0.0,
            0.0,
            0.5
        ],
        "squid_smooth": 100,
        "squid_type": "hypres-small",
        "xi": 0.9
    },
    "film_fluxoid": [
        -0.0006626584381526952,
        -0.0006574331623356787,
        -0.0006418397461326228,
        -0.0006161241199710498,
        -0.0005806918482127246,
        -0.0005361017288824227,
        -0.00048305698011021016,
        -0.0004223941507022009,
        -0.0003550699285090021,
        -0.00028214605407694756,
        -0.0002047725772930633,
        -0.0001241697210048714,
        -4.16086376395251e-05,
        4.160863763984316e-05,
        0.00012416972100476537,
        0.0002047725772930151,
        0.0002821460540768415,
        0.0003550699285090131,
        0.0004223941507022716,
        0.0004830569801101748,
        0.0005361017288823167,
        0.0005806918482126362,
        0.0006161241199710145,
        0.0006418397461326228,
        0.000657433162335714,
        0.0006626584381524833,
        0.0006574331623356781,
        0.0006418397461326581,
        0.0006161241199711557,
        0.0005806918482126009,
        0.0005361017288823874,
        0.00048305698011022783,
        0.00042239415070225393,
        0.0003550699285090131,
        0.00028214605407687687,
        0.0002047725772931693,
        0.00012416972100494207,
        4.160863763980782e-05,
        -4.160863763973714e-05,
        -0.00012416972100480071,
        -0.00020477257729309862,
        -0.0002821460540770182,
        -0.0003550699285089778,
        -0.0004223941507022009,
        -0.0004830569801100688,
        -0.0005361017288824934,
        -0.0005806918482125655,
        -0.0006161241199710627,
        -0.0006418397461326581,
        -0.0006574331623357317,
        -0.0006626584381525893,
        -0.0006574331623356433,
        -0.0006418397461326228,
        -0.0006161241199711204,
        -0.0005806918482127069,
        -0.0005361017288824227,
        -0.00048305698011028085,
        -0.0004223941507022009,
        -0.00035506992850900873,
        -0.00028214605407687687,
        -0.00020477257729302795,
        -0.0001241697210048714,
        -4.160863763980782e-05,
        4.16086376398785e-05,
        0.00012416972100476537,
        0.00020477257729309862,
        0.00028214605407694756,
        0.0003550699285090131,
        0.00042239415070237764,
        0.0004830569801102632,
        0.0005361017288824581,
        0.0005806918482124595,
        0.0006161241199710145,
        0.0006418397461325167,
        0.0006574331623356433,
        0.000662658438152554
    ],