{
    "I_fc": [
        1.75,
        1.7362007273003364,
        1.6950205319751044,
        1.62710885030444,
        1.5335366900767613,
        1.415779740156158,
        1.2756950979874702,
        1.115491982060207,
        0.937696891213244,
        0.7451137602388771,
        0.540779740156158,
        0.3279173005250179,
        0.10988340917629828,
        -0.10988340917629845,
        -0.32791730052501844,
        -0.5407797401561583,
        -0.7451137602388772,
        -0.9376968912132445,
        -1.115491982060207,
        -1.2756950979874704,
        -1.4157797401561578,
        -1.5335366900767613,
        -1.62710885030444,
        -1.6950205319751044,
        -1.7362007273003364,
        -1.75,
        -1.7362007273003364,
        -1.6950205319751044,
        -1.6271088503044397,
        -1.533536690076761,
        -1.4157797401561576,
        -1.2756950979874702,
        -1.1154919820602067,
        -0.9376968912132435,
        -0.7451137602388763,
        -0.5407797401561583,
        -0.3279173005250181,
        -0.10988340917629812,
        0.10988340917629902,
        0.327917300525019,
        0.5407797401561576,
        0.7451137602388771,
        0.9376968912132444,
        1.1154919820602074,
        1.2756950979874708,
        1.4157797401561587,
        1.5335366900767613,
        1.62710885030444,
        1.6950205319751046,
        1.7362007273003364,
        1.75,
        1.7362007273003364,
        1.6950205319751044,
        1.62710885030444,
        1.5335366900767609,
        1.4157797401561574,
        1.2756950979874693,
        1.115491982060207,
        0.9376968912132437,
        0.7451137602388764,
        0.5407797401561569,
        0.3279173005250168,
        0.10988340917629831,
        -0.1098834091762988,
        -0.3279173005250188,
        -0.5407797401561575,
        -0.7451137602388783,
        -0.9376968912132442,
        -1.1154919820602085,
        -1.2756950979874706,
        -1.4157797401561576,
        -1.5335366900767617,
        -1.62710885030444,
        -1.695020531975105,
        -1.7362007273003364,
        -1.75
    ],
    "args": {
        "I_fc": [
            1.75
        ],
        "current_units": "mA",
        "cycles": 1.5,
        "d": 0.2,
        "directory": "/scratch/users/lbvh/py-tdgl/results/17224036/74",
        "dt_init": 1e-06,
        "fc_center": [
            0,
            0,
            1
        ],
        "fc_radius": 2.4,
        "field_units": "mT",
        "film_points": 4000,
        "film_radius": 15.0,
        "film_shape": "box",
        "film_smooth": 100,
        "gamma": 1.0,
        "index": 74,
        "lam": 1.35,
        "max_edge_length": 0.5,
        "pl_center": null,
        "pl_radius": 0.8,
        "points_per_cycle": 51.0,
        "save_every": 500,
        "screening": false,
        "seed_solutions": true,
        "slot_radius": 0.1,
        "slot_size": [
            2.0,
            50.0
        ],
        "slot_top_center_x": [
            -10.0,
            10.0,
            101.0
        ],
        "slot_top_center_y": [
            5.0,
            5.0,
            101.0
        ],
        "solve_time": [
            10000.0,
            2000.0
        ],
        "squid_angle": 180.0,
        "squid_iterations": 5,
        "squid_points": 4000,
        "squid_position": [
            0.0,
            0.0,
            0.5
        ],
        "squid_smooth": 100,
        "squid_type": "hypres-small",
        "xi": 0.9
    },
    "film_fluxoid": [
        0.9987619283182742,
        0.9987714497992297,
        0.9987998285368372,
        0.9988465364971978,
        0.9989107599604263,
        0.9989914430972145,
        0.9990873148360072,
        0.9991969151953184,
        0.9993186442081662,
        0.9994509036293924,
        0.9995929174728511,
        -0.00022384919356529758,
        -7.499096968491557e-05,
        7.499096969894535e-05,
        0.00022384919355193926,
        0.000369364623470955,
        0.0005094117167294015,
        0.0006420719536871793,
        0.0007661454161933446,
        -0.9990873148360154,
        -0.9989914430972204,
        -0.9989107599604508,
        -0.9988465364971713,
        -0.9987998285367583,
        -0.9987714497992827,
        -0.9987619283183501,
        -0.9987714497993087,
        -0.9987998285368455,
        -0.9988465364972218,
        -0.9989107599604163,
        -0.9989914430972447,
        -0.999087314835986,
        -0.999196915195327,
        -0.9993186442081614,
        -0.9994509036293789,
        -0.9995929174728415,
        0.00022384919354656767,
        7.499096969279627e-05,
        -7.499096968749535e-05,
        -0.00022384919351773063,
        -0.0003693646234589926,
        -0.0005094117167494391,
        -0.0006420719537459489,
        -0.0007661454161653204,
        0.9990873148360269,
        0.9989914430971996,
        0.9989107599604288,
        0.9988465364972435,
        0.9987998285367745,
        0.9987714497992783,
        0.9987619283183571,
        0.9987714497993321,
        0.9987998285368618,
        0.9988465364972466,
        0.9989107599603518,
        0.9989914430972258,
        0.9990873148360301,
        0.9991969151953287,
        0.9993186442081758,
        0.9994509036293813,
        0.9995929174728319,
        -0.00022384919349366443,
        -7.499096968926233e-05,
        7.499096968791942e-05,
        0.00022384919354052462,
        0.00036936462344459175,
        0.000509411716722581,
        0.0006420719537805816,
        0.0007661454162256273,
        -0.9990873148359871,
        -0.9989914430972023,
        -0.9989107599604727,
        -0.9988465364971832,
        -0.998799828536834,
        -0.9987714497992949,
        -0.9987619283184213
    ],