{
    "I_fc": [
        1.0,
        0.9921147013144779,
        0.9685831611286311,
        0.9297764858882513,
        0.8763066800438636,
        0.8090169943749475,
        0.7289686274214116,
        0.6374239897486896,
        0.5358267949789965,
        0.42577929156507266,
        0.30901699437494745,
        0.18738131458572452,
        0.0627905195293133,
        -0.0627905195293134,
        -0.18738131458572482,
        -0.30901699437494756,
        -0.4257792915650727,
        -0.5358267949789969,
        -0.6374239897486897,
        -0.7289686274214117,
        -0.8090169943749473,
        -0.8763066800438636,
        -0.9297764858882515,
        -0.9685831611286311,
        -0.9921147013144779,
        -1.0,
        -0.9921147013144779,
        -0.9685831611286311,
        -0.9297764858882512,
        -0.8763066800438635,
        -0.8090169943749472,
        -0.7289686274214116,
        -0.6374239897486895,
        -0.5358267949789963,
        -0.42577929156507216,
        -0.30901699437494756,
        -0.18738131458572463,
        -0.06279051952931321,
        0.06279051952931372,
        0.18738131458572513,
        0.30901699437494723,
        0.4257792915650726,
        0.5358267949789968,
        0.63742398974869,
        0.7289686274214119,
        0.8090169943749478,
        0.8763066800438636,
        0.9297764858882515,
        0.9685831611286312,
        0.9921147013144779,
        1.0,
        0.9921147013144779,
        0.9685831611286311,
        0.9297764858882513,
        0.8763066800438634,
        0.809016994374947,
        0.728968627421411,
        0.6374239897486896,
        0.5358267949789964,
        0.42577929156507227,
        0.30901699437494684,
        0.18738131458572388,
        0.06279051952931332,
        -0.0627905195293136,
        -0.18738131458572502,
        -0.3090169943749471,
        -0.4257792915650733,
        -0.5358267949789967,
        -0.6374239897486905,
        -0.7289686274214118,
        -0.8090169943749472,
        -0.8763066800438639,
        -0.9297764858882515,
        -0.9685831611286314,
        -0.9921147013144779,
        -1.0
    ],
    "args": {
        "I_fc": [
            1.0
        ],
        "current_units": "mA",
        "cycles": 1.5,
        "d": 0.2,
        "directory": "/scratch/users/lbvh/py-tdgl/results/17223926/43",
        "dt_init": 1e-06,
        "fc_center": [
            0,
            0,
            1
        ],
        "fc_radius": 2.4,
        "field_units": "mT",
        "film_points": 4000,
        "film_radius": 15.0,
        "film_shape": "box",
        "film_smooth": 100,
        "gamma": 1.0,
        "index": 43,
        "lam": 1.35,
        "max_edge_length": 0.5,
        "pl_center": null,
        "pl_radius": 0.8,
        "points_per_cycle": 51.0,
        "save_every": 500,
        "screening": false,
        "seed_solutions": true,
        "slot_radius": 0.1,
        "slot_size": [
            2.0,
            50.0
        ],
        "slot_top_center_x": [
            -10.0,
            10.0,
            101.0
        ],
        "slot_top_center_y": [
            5.0,
            5.0,
            101.0
        ],
        "solve_time": [
            10000.0,
            2000.0
        ],
        "squid_angle": 180.0,
        "squid_iterations": 5,
        "squid_points": 4000,
        "squid_position": [
            0.0,
            0.0,
            0.5
        ],
        "squid_smooth": 100,
        "squid_type": "hypres-small",
        "xi": 0.9
    },
    "film_fluxoid": [
        -0.0006750339209793641,
        -0.0006697114316800464,
        -0.0006538278526097034,
        -0.000627633534806282,
        -0.0005915413629400346,
        -0.0005461202752789483,
        -0.0004920863247724227,
        -0.00043029142692732934,
        -0.00036170995470053194,
        -0.00028742339672523077,
        -0.0002086033131369151,
        -0.00012649285724287192,
        -4.238715361180011e-05,
        4.23871535972049e-05,
        0.00012649285726128824,
        0.00020860331322165922,
        0.0002874233966150599,
        0.00036170995475457487,
        0.0004302914271142885,
        0.0004920863248740414,
        0.0005461202752464713,
        0.0005915413628594959,
        0.0006276335347996868,
        0.0006538278526339109,
        0.0006697114316004619,
        0.0006750339212846532,
        0.0006697114315466398,
        0.000653827852662748,
        0.0006276335347736062,
        0.0005915413631643344,
        0.0005461202751574511,
        0.0004920863247690654,
        0.0004302914270262976,
        0.00036170995453984326,
        0.00028742339676390984,
        0.00020860331320026113,
        0.00012649285723107296,
        4.238715364408274e-05,
        -4.2387153609591395e-05,
        -0.00012649285729532018,
        -0.00020860331307904668,
        -0.0002874233966720272,
        -0.0003617099546269551,
        -0.0004302914270257852,
        -0.0004920863249462929,
        -0.0005461202751632468,
        -0.0005915413630973661,
        -0.0006276335348804398,
        -0.000653827852564027,
        -0.0006697114316652745,
        -0.0006750339209775264,
        -0.000669711431713195,
        -0.0006538278527045546,
        -0.000627633534777847,
        -0.0005915413630475727,
        -0.0005461202750836269,
        -0.000492086324898514,
        -0.00043029142702076696,
        -0.00036170995459154496,
        -0.0002874233966485264,
        -0.00020860331323189,
        -0.0001264928572713092,
        -4.23871536295317e-05,
        4.238715348473695e-05,
        0.00012649285728698003,
        0.00020860331322438035,
        0.00028742339666871407,
        0.0003617099544988583,
        0.0004302914271133432,
        0.0004920863248790243,
        0.0005461202748747352,
        0.0005915413631423532,
        0.0006276335346820063,
        0.0006538278525241464,
        0.0006697114316886693,
        0.0006750339211826589
    ],