{
    "I_fc": [
        1.0,
        0.9921147013144779,
        0.9685831611286311,
        0.9297764858882513,
        0.8763066800438636,
        0.8090169943749475,
        0.7289686274214116,
        0.6374239897486896,
        0.5358267949789965,
        0.42577929156507266,
        0.30901699437494745,
        0.18738131458572452,
        0.0627905195293133,
        -0.0627905195293134,
        -0.18738131458572482,
        -0.30901699437494756,
        -0.4257792915650727,
        -0.5358267949789969,
        -0.6374239897486897,
        -0.7289686274214117,
        -0.8090169943749473,
        -0.8763066800438636,
        -0.9297764858882515,
        -0.9685831611286311,
        -0.9921147013144779,
        -1.0,
        -0.9921147013144779,
        -0.9685831611286311,
        -0.9297764858882512,
        -0.8763066800438635,
        -0.8090169943749472,
        -0.7289686274214116,
        -0.6374239897486895,
        -0.5358267949789963,
        -0.42577929156507216,
        -0.30901699437494756,
        -0.18738131458572463,
        -0.06279051952931321,
        0.06279051952931372,
        0.18738131458572513,
        0.30901699437494723,
        0.4257792915650726,
        0.5358267949789968,
        0.63742398974869,
        0.7289686274214119,
        0.8090169943749478,
        0.8763066800438636,
        0.9297764858882515,
        0.9685831611286312,
        0.9921147013144779,
        1.0,
        0.9921147013144779,
        0.9685831611286311,
        0.9297764858882513,
        0.8763066800438634,
        0.809016994374947,
        0.728968627421411,
        0.6374239897486896,
        0.5358267949789964,
        0.42577929156507227,
        0.30901699437494684,
        0.18738131458572388,
        0.06279051952931332,
        -0.0627905195293136,
        -0.18738131458572502,
        -0.3090169943749471,
        -0.4257792915650733,
        -0.5358267949789967,
        -0.6374239897486905,
        -0.7289686274214118,
        -0.8090169943749472,
        -0.8763066800438639,
        -0.9297764858882515,
        -0.9685831611286314,
        -0.9921147013144779,
        -1.0
    ],
    "args": {
        "I_fc": [
            1.0
        ],
        "current_units": "mA",
        "cycles": 1.5,
        "d": 0.2,
        "directory": "/scratch/users/lbvh/py-tdgl/results/17223170/92",
        "dt_init": 1e-06,
        "fc_center": [
            0,
            0,
            1
        ],
        "fc_radius": 2.4,
        "field_units": "mT",
        "film_points": 4000,
        "film_radius": 15.0,
        "film_shape": "box",
        "film_smooth": 100,
        "gamma": 1.0,
        "index": 92,
        "lam": 1.35,
        "max_edge_length": 0.5,
        "pl_center": null,
        "pl_radius": 0.8,
        "points_per_cycle": 51.0,
        "save_every": 500,
        "screening": false,
        "seed_solutions": true,
        "slot_radius": 0.1,
        "slot_size": [
            2.0,
            50.0
        ],
        "slot_top_center_x": [
            -10.0,
            10.0,
            101.0
        ],
        "slot_top_center_y": [
            -1.0,
            -1.0,
            101.0
        ],
        "solve_time": [
            10000.0,
            2000.0
        ],
        "squid_angle": 180.0,
        "squid_iterations": 5,
        "squid_points": 4000,
        "squid_position": [
            0.0,
            0.0,
            0.5
        ],
        "squid_smooth": 100,
        "squid_type": "hypres-small",
        "xi": 0.9
    },
    "film_fluxoid": [
        -0.0006230057759745416,
        -0.0006180984690067809,
        -0.0006034530294051725,
        -0.0005792978966655,
        -0.0005460104048447058,
        -0.0005041115494016214,
        -0.0004542584723395908,
        -0.0003972346300233613,
        -0.0003339377319442123,
        -0.00026536564436821785,
        -0.00019260054111756725,
        -0.00011679162471314951,
        -3.9136746478673755e-05,
        3.913674648595369e-05,
        0.00011679162474608592,
        0.000192600541112337,
        0.0002653656444139118,
        0.00033393773196232595,
        0.00039723462998094507,
        0.000454258472426738,
        0.000504111549458624,
        0.0005460104044375241,
        0.0005792978965094761,
        0.000603453029614453,
        0.0006180984691235249,
        0.0006230057764678986,
        0.0006180984691345332,
        0.0006034530296022963,
        0.0005792978964827594,
        0.000546010404801998,
        0.0005041115494969497,
        0.00045425847246278425,
        0.0003972346300361807,
        0.0003339377321332079,
        0.0002653656445165289,
        0.00019260054112755064,
        0.0001167916247048624,
        3.9136746457805784e-05,
        -3.913674646987422e-05,
        -0.0001167916246833053,
        -0.0001926005410958246,
        -0.0002653656442885273,
        -0.0003339377320145379,
        -0.00039723463030327664,
        -0.00045425847224161205,
        -0.000504111549586871,
        -0.0005460104046863495,
        -0.0005792978963622341,
        -0.0006034530296030031,
        -0.0006180984692667735,
        -0.0006230057761339316,
        -0.000618098469020952,
        -0.0006034530294325253,
        -0.0005792978964294431,
        -0.0005460104046783627,
        -0.0005041115496244016,
        -0.00045425847231269744,
        -0.0003972346300545219,
        -0.00033393773204415237,
        -0.0002653656445266802,
        -0.00019260054115290674,
        -0.00011679162464558039,
        -3.913674646397253e-05,
        3.913674646616357e-05,
        0.00011679162467321588,
        0.00019260054115933852,
        0.00026536564439818574,
        0.00033393773199677095,
        0.00039723463004649983,
        0.00045425847241168337,
        0.0005041115494466086,
        0.000546010404714038,
        0.0005792978965393733,
        0.0006034530296807499,
        0.0006180984693656182,
        0.000623005776141503
    ],