{
    "I_fc": [
        1.1,
        1.0913261714459257,
        1.0654414772414942,
        1.0227541344770765,
        0.96393734804825,
        0.8899186938124423,
        0.8018654901635528,
        0.7011663887235586,
        0.5894094744768963,
        0.46835722072158,
        0.3399186938124422,
        0.206119446044297,
        0.06906957148224464,
        -0.06906957148224475,
        -0.20611944604429733,
        -0.33991869381244233,
        -0.46835722072158004,
        -0.5894094744768966,
        -0.7011663887235587,
        -0.8018654901635529,
        -0.8899186938124422,
        -0.96393734804825,
        -1.0227541344770767,
        -1.0654414772414942,
        -1.0913261714459257,
        -1.1,
        -1.0913261714459257,
        -1.0654414772414942,
        -1.0227541344770765,
        -0.9639373480482499,
        -0.889918693812442,
        -0.8018654901635528,
        -0.7011663887235585,
        -0.589409474476896,
        -0.4683572207215794,
        -0.33991869381244233,
        -0.2061194460442971,
        -0.06906957148224453,
        0.0690695714822451,
        0.20611944604429766,
        0.339918693812442,
        0.4683572207215799,
        0.5894094744768965,
        0.7011663887235591,
        0.8018654901635531,
        0.8899186938124426,
        0.96393734804825,
        1.0227541344770767,
        1.0654414772414944,
        1.0913261714459257,
        1.1,
        1.0913261714459257,
        1.0654414772414942,
        1.0227541344770765,
        0.9639373480482498,
        0.8899186938124418,
        0.8018654901635521,
        0.7011663887235586,
        0.5894094744768962,
        0.46835722072157954,
        0.33991869381244155,
        0.20611944604429627,
        0.06906957148224466,
        -0.06906957148224496,
        -0.20611944604429752,
        -0.33991869381244183,
        -0.4683572207215807,
        -0.5894094744768964,
        -0.7011663887235596,
        -0.801865490163553,
        -0.889918693812442,
        -0.9639373480482504,
        -1.0227541344770767,
        -1.0654414772414946,
        -1.0913261714459257,
        -1.1
    ],
    "args": {
        "I_fc": [
            1.1
        ],
        "current_units": "mA",
        "cycles": 1.5,
        "d": 0.2,
        "directory": "/scratch/users/lbvh/py-tdgl/results/17223927/1",
        "dt_init": 1e-06,
        "fc_center": [
            0,
            0,
            1
        ],
        "fc_radius": 2.4,
        "field_units": "mT",
        "film_points": 4000,
        "film_radius": 15.0,
        "film_shape": "box",
        "film_smooth": 100,
        "gamma": 1.0,
        "index": 1,
        "lam": 1.35,
        "max_edge_length": 0.5,
        "pl_center": null,
        "pl_radius": 0.8,
        "points_per_cycle": 51.0,
        "save_every": 500,
        "screening": false,
        "seed_solutions": true,
        "slot_radius": 0.1,
        "slot_size": [
            2.0,
            50.0
        ],
        "slot_top_center_x": [
            -10.0,
            10.0,
            101.0
        ],
        "slot_top_center_y": [
            5.0,
            5.0,
            101.0
        ],
        "solve_time": [
            10000.0,
            2000.0
        ],
        "squid_angle": 180.0,
        "squid_iterations": 5,
        "squid_points": 4000,
        "squid_position": [
            0.0,
            0.0,
            0.5
        ],
        "squid_smooth": 100,
        "squid_type": "hypres-small",
        "xi": 0.9
    },
    "film_fluxoid": [
        -0.000305874162239395,
        -0.00030346225324985647,
        -0.000296264563507573,
        -0.0002843946048242526,
        -0.0002680395734551645,
        -0.00024745739791372543,
        -0.00022297267129867997,
        -0.00019497153228162454,
        -0.0001638955754828918,
        -0.00013023488727081605,
        -9.452031681205105e-05,
        -5.731510426225635e-05,
        -1.9205998126517842e-05,
        1.9205998126447162e-05,
        5.731510426225635e-05,
        9.452031681198037e-05,
        0.00013023488727079838,
        0.00016389557548280345,
        0.00019497153228162454,
        0.0002229726712987153,
        0.00024745739791372543,
        0.00026803957345514684,
        0.00028439460482426146,
        0.000296264563507573,
        0.00030346225324992716,
        0.00030587416223941264,
        0.00030346225324992716,
        0.00029626456350764367,
        0.00028439460482426146,
        0.00026803957345514684,
        0.00024745739791372543,
        0.00022297267129867997,
        0.00019497153228162454,
        0.00016389557548285647,
        0.00013023488727083372,
        9.452031681205105e-05,
        5.73151042622696e-05,
        1.9205998126517842e-05,
        -1.92059981264825e-05,
        -5.731510426220334e-05,
        -9.452031681198037e-05,
        -0.00013023488727083372,
        -0.00016389557548282112,
        -0.0001949715322815892,
        -0.00022297267129873298,
        -0.00024745739791372543,
        -0.00026803957345514684,
        -0.00028439460482426146,
        -0.000296264563507573,
        -0.0003034622532498808,
        -0.000305874162239395,
        -0.0003034622532498918,
        -0.000296264563507573,
        -0.00028439460482426146,
        -0.00026803957345521753,
        -0.00024745739791372543,
        -0.00022297267129878597,
        -0.00019497153228159803,
        -0.00016389557548282112,
        -0.0001302348872708249,
        -9.452031681205105e-05,
        -5.731510426229169e-05,
        -1.9205998126447162e-05,
        1.920599812650017e-05,
        5.731510426229169e-05,
        9.452031681205105e-05,
        0.00013023488727083372,
        0.00016389557548287414,
        0.0001949715322815892,
        0.0002229726712987153,
        0.0002474573979137607,
        0.000268039573455191,
        0.00028439460482426146,
        0.0002962645635075862,
        0.0003034622532498918,
        0.000305874162239395
    ],