{
    "I_fc": [
        3.445,
        3.4178351460283753,
        3.3367689900881348,
        3.203079993885025,
        3.0188765127511097,
        2.7870635456216943,
        2.511296921466763,
        2.1959256446842357,
        1.845923308702643,
        1.4668096594416753,
        1.0645635456216942,
        0.6455286287478209,
        0.21631333977848427,
        -0.21631333977848466,
        -0.6455286287478221,
        -1.0645635456216944,
        -1.4668096594416755,
        -1.8459233087026439,
        -2.1959256446842357,
        -2.511296921466763,
        -2.787063545621694,
        -3.0188765127511097,
        -3.203079993885026,
        -3.3367689900881348,
        -3.4178351460283753,
        -3.445,
        -3.4178351460283753,
        -3.3367689900881343,
        -3.203079993885025,
        -3.0188765127511097,
        -2.7870635456216935,
        -2.511296921466763,
        -2.1959256446842352,
        -1.8459233087026419,
        -1.4668096594416735,
        -1.0645635456216944,
        -0.6455286287478215,
        -0.21631333977848394,
        0.21631333977848577,
        0.6455286287478231,
        1.0645635456216933,
        1.4668096594416753,
        1.8459233087026434,
        2.1959256446842366,
        2.511296921466764,
        2.7870635456216952,
        3.0188765127511097,
        3.2030799938850256,
        3.3367689900881348,
        3.4178351460283753,
        3.445,
        3.4178351460283753,
        3.3367689900881343,
        3.203079993885025,
        3.018876512751109,
        2.7870635456216926,
        2.5112969214667613,
        2.1959256446842357,
        1.8459233087026423,
        1.466809659441674,
        1.0645635456216922,
        0.6455286287478188,
        0.21631333977848438,
        -0.21631333977848533,
        -0.6455286287478228,
        -1.0645635456216929,
        -1.4668096594416773,
        -1.845923308702643,
        -2.195925644684239,
        -2.511296921466764,
        -2.7870635456216935,
        -3.018876512751111,
        -3.2030799938850256,
        -3.336768990088135,
        -3.4178351460283753,
        -3.445
    ],
    "args": {
        "I_fc": [
            0.5,
            10.0,
            201.0
        ],
        "current_units": "mA",
        "cycles": 1.5,
        "d": 0.2,
        "directory": "/scratch/users/lbvh/py-tdgl/results/14122470/62",
        "dt_init": 1e-06,
        "fc_center": [
            0,
            0,
            1
        ],
        "fc_radius": 2.4,
        "field_units": "mT",
        "film_points": 4000,
        "film_radius": 15.0,
        "film_shape": "box",
        "film_smooth": 100,
        "gamma": 1.0,
        "index": 62,
        "lam": 1.35,
        "max_edge_length": 0.5,
        "pl_center": null,
        "pl_radius": 0.8,
        "points_per_cycle": 51.0,
        "save_every": 500,
        "screening": false,
        "seed_solutions": true,
        "slot_radius": 0,
        "slot_size": null,
        "slot_top_center_x": null,
        "slot_top_center_y": null,
        "solve_time": [
            20000.0,
            2000.0
        ],
        "squid_angle": 0,
        "squid_iterations": 5,
        "squid_points": 4000,
        "squid_position": [
            0.0,
            0.0,
            0.5
        ],
        "squid_smooth": 100,
        "squid_type": "hypres-small",
        "xi": 0.9
    },
    "film_fluxoid": [
        1.998511034827777,
        1.9985222173347028,
        1.9985555543748765,
        1.9986104341981057,
        1.9986858885628385,
        1.9987806362765446,
        1.9988931106238386,
        1.9990214677845959,
        1.9991635664824898,
        1.999316849894064,
        1.9994775946732497,
        0.9996956237426672,
        0.9998698469689453,
        8.808461409970645e-05,
        0.0002629125525364744,
        0.00043374992521051674,
        0.0005980547223813098,
        0.0007534967465882431,
        0.0008981701401052525,
        -0.9989344931389358,
        -0.9988210060831283,
        -0.9987249401314586,
        -0.9986476541936943,
        -1.998555554373478,
        -1.998522217333786,
        -1.9985110348261377,
        -1.9985222173319201,
        -1.9985555543732627,
        -1.998610434197482,
        -1.9986858885647318,
        -1.998780636276015,
        -1.998893110624659,
        -1.9990214677864284,
        -1.999163566481753,
        -1.9993168498932299,
        -1.9994775946718137,
        -0.9996956237425664,
        -0.9998698469705475,
        -8.808461400796512e-05,
        -0.0002629125528260197,
        -0.00043374992351111105,
        -0.0005980547210706386,
        -0.0007534967449999227,
        -0.0008981701412092229,
        0.9989344931389903,
        0.9988210060831811,
        0.9987249401326389,
        0.9986476541936624,
        1.9985555543743732,
        1.9985222173334691,
        1.9985110348268533,
        1.9985222173332076,
        1.99855555437464,
        1.9986104341987432,
        1.998685888562872,
        1.9987806362758611,
        1.998893110621557,
        1.9990214677836444,
        1.9991635664833742,
        1.999316849893791,
        1.999477594672082,
        0.9996956237415265,
        0.9998698469677867,
        8.808461406662869e-05,
        0.00026291255252719773,
        0.0004337499240012345,
        0.0005980547219842353,
        0.0007534967455113692,
        0.0008981701401317218,
        -0.9989344931388421,
        -0.9988210060831905,
        -0.9987249401313826,
        -0.9986476541930728,
        -1.9985555543733498,
        -1.9985222173341672,
        -1.9985110348269062
    ],
    "flux": [
        -0.013410924392160068,
        -0.013205286625638388,
        -0.012558342302001035,
        -0.011390795684579501,
        -0.009603645101257144,
        -0.007120564863662728,
        -0.0039372418730001055,
        -0.00017214337815639973,
        0.003886480416197989,
        0.00774229800582914,
        0.010663350915697938,
        0.008567041259767259,
        0.013949082167586798,
        0.003537870189825619,
        0.010281292467867669,
        0.01607535788935777,
        0.02043647518508988,
        0.023070005955812514,
        0.02385552266023523,
        0.015999551075308226,
        0.01804661561024317,
        0.019131342573053586,
        0.019448785280576926,
        0.012558342294367161,
        0.013205286615630826,
        0.013410924388525645,
        0.013205286613648604,
        0.012558342293992383,
        0.011390795657256534,
        0.009603645105946019,
        0.007120564855158755,
        0.0039372418808671,
        0.00017214338236757175,
        -0.003886480414981187,
        -0.007742298008895795,
        -0.01066335091864381,
        -0.008567041260953645,
        -0.013949082165755853,
        -0.0035378701916105246,
        -0.010281292467265423,
        -0.016075357874887078,
        -0.020436475177621632,
        -0.023070005957893967,
        -0.0238555226611724,
        -0.015999551074032992,
        -0.018046615610062447,
        -0.019131342569882755,
        -0.01944878528578634,
        -0.0125583422961954,
        -0.013205286614629077,
        -0.013410924389299082,
        -0.013205286614050626,
        -0.012558342296701896,
        -0.011390795655617703,
        -0.009603645101289521,
        -0.007120564839445016,
        -0.003937241869704069,
        -0.00017214337645211499,
        0.0038864803571140357,
        0.007742298008701637,
        0.010663350917833849,
        0.008567041261732031,
        0.013949082157856183,
        0.003537870191963717,
        0.01028129244915087,
        0.016075357892365746,
        0.020436475186148405,
        0.023070005959251617,
        0.02385552265906283,
        0.015999551074746984,
        0.018046615609784957,
        0.019131342573764726,
        0.01944878528370216,
        0.01255834229434301,
        0.013205286616031325,
        0.013410924389794698
    ],
    "timing": {
        "end_time": "2023-03-29T19:56:18.929773",