{
    "I_fc": [
        1.2,
        1.1905376415773734,
        1.1622997933543573,
        1.1157317830659015,
        1.0515680160526362,
        0.9708203932499369,
        0.8747623529056938,
        0.7649087876984275,
        0.6429921539747958,
        0.5109351498780872,
        0.37082039324993693,
        0.22485757750286942,
        0.07534862343517597,
        -0.07534862343517608,
        -0.22485757750286978,
        -0.37082039324993704,
        -0.5109351498780872,
        -0.6429921539747963,
        -0.7649087876984276,
        -0.8747623529056939,
        -0.9708203932499367,
        -1.0515680160526362,
        -1.1157317830659017,
        -1.1622997933543573,
        -1.1905376415773734,
        -1.2,
        -1.1905376415773734,
        -1.1622997933543573,
        -1.1157317830659015,
        -1.0515680160526362,
        -0.9708203932499366,
        -0.8747623529056938,
        -0.7649087876984274,
        -0.6429921539747956,
        -0.5109351498780865,
        -0.37082039324993704,
        -0.22485757750286955,
        -0.07534862343517584,
        0.07534862343517647,
        0.22485757750287014,
        0.37082039324993665,
        0.5109351498780871,
        0.6429921539747961,
        0.764908787698428,
        0.8747623529056943,
        0.9708203932499373,
        1.0515680160526362,
        1.1157317830659017,
        1.1622997933543573,
        1.1905376415773734,
        1.2,
        1.1905376415773734,
        1.1622997933543573,
        1.1157317830659015,
        1.051568016052636,
        0.9708203932499364,
        0.8747623529056932,
        0.7649087876984275,
        0.6429921539747957,
        0.5109351498780867,
        0.3708203932499362,
        0.22485757750286864,
        0.07534862343517598,
        -0.07534862343517632,
        -0.22485757750287003,
        -0.37082039324993654,
        -0.510935149878088,
        -0.6429921539747959,
        -0.7649087876984286,
        -0.8747623529056942,
        -0.9708203932499366,
        -1.0515680160526366,
        -1.1157317830659017,
        -1.1622997933543577,
        -1.1905376415773734,
        -1.2
    ],
    "args": {
        "I_fc": [
            1.2
        ],
        "current_units": "mA",
        "cycles": 1.5,
        "d": 0.2,
        "directory": "/scratch/users/lbvh/py-tdgl/results/17298304/56",
        "dt_init": 1e-06,
        "fc_center": [
            0,
            0,
            1
        ],
        "fc_radius": 2.4,
        "field_units": "mT",
        "film_points": 4000,
        "film_radius": 15.0,
        "film_shape": "box",
        "film_smooth": 100,
        "gamma": 1.0,
        "index": 56,
        "lam": 1.35,
        "max_edge_length": 0.5,
        "pl_center": null,
        "pl_radius": 0.8,
        "points_per_cycle": 51.0,
        "save_every": 500,
        "screening": false,
        "seed_solutions": true,
        "slot_radius": 0.1,
        "slot_size": [
            2.0,
            50.0
        ],
        "slot_top_center_x": [
            -10.0,
            10.0,
            101.0
        ],
        "slot_top_center_y": [
            5.0,
            5.0,
            101.0
        ],
        "solve_time": [
            10000.0,
            2000.0
        ],
        "squid_angle": 180.0,
        "squid_iterations": 5,
        "squid_points": 4000,
        "squid_position": [
            0.0,
            0.0,
            0.5
        ],
        "squid_smooth": 100,
        "squid_type": "hypres-small",
        "xi": 0.9
    },
    "film_fluxoid": [
        -0.0007359853819778107,
        -0.0007301472662212533,
        -0.0007127329575311862,
        -0.0006840377532927269,
        -0.0006445402925139077,
        -0.0005948881671824721,
        -0.0005358836086870797,
        -0.00046846933662322675,
        -0.0003937138059367421,
        -0.0003127952504687892,
        -0.00022698427840035855,
        -0.00013762504350554742,
        -4.611518326005627e-05,
        4.6115183260126944e-05,
        0.00013762504350547673,
        0.0002269842784003939,
        0.00031279525046832977,
        0.0003937138059369541,
        0.00046846933662343876,
        0.0005358836086871063,
        0.0005948881671825052,
        0.000644540292513895,
        0.0006840377532925325,
        0.0007127329575312569,
        0.0007301472662213593,
        0.000735985381978164,
        0.0007301472662215007,
        0.0007127329575313982,
        0.0006840377532924266,
        0.0006445402925132236,
        0.0005948881671824357,
        0.0005358836086873978,
        0.0004684693366232444,
        0.00039371380593684815,
        0.00031279525046875385,
        0.0002269842784003232,
        0.00013762504350551207,
        4.6115183260091606e-05,
        -4.6115183260091606e-05,
        -0.00013762504350558276,
        -0.00022698427840035855,
        -0.0003127952504687185,
        -0.0003937138059368128,
        -0.0004684693366235713,
        -0.0005358836086870576,
        -0.0005948881671821717,
        -0.000644540292513683,
        -0.0006840377532924266,
        -0.0007127329575311862,
        -0.0007301472662212886,
        -0.0007359853819783054,
        -0.0007301472662215007,
        -0.0007127329575314336,
        -0.000684037753292241,
        -0.0006445402925134776,
        -0.0005948881671823837,
        -0.0005358836086870797,
        -0.0004684693366231914,
        -0.00039371380593684815,
        -0.0003127952504686478,
        -0.00022698427840035855,
        -0.0001376250435056181,
        -4.611518326005627e-05,
        4.611518326005627e-05,
        0.00013762504350558276,
        0.00022698427840035855,
        0.00031279525046875385,
        0.0003937138059370955,
        0.00046846933662333273,
        0.0005358836086872475,
        0.0005948881671825041,
        0.0006445402925136299,
        0.0006840377532923912,
        0.0007127329575314336,
        0.0007301472662213593,
        0.0007359853819782347
    ],