{
    "I_fc": [
        0.9,
        0.89290323118303,
        0.871724845015768,
        0.8367988372994263,
        0.7886760120394772,
        0.7281152949374528,
        0.6560717646792704,
        0.5736815907738206,
        0.4822441154810969,
        0.3832013624085654,
        0.27811529493745274,
        0.16864318312715207,
        0.05651146757638197,
        -0.05651146757638206,
        -0.16864318312715235,
        -0.2781152949374528,
        -0.38320136240856545,
        -0.4822441154810972,
        -0.5736815907738207,
        -0.6560717646792705,
        -0.7281152949374526,
        -0.7886760120394772,
        -0.8367988372994263,
        -0.871724845015768,
        -0.89290323118303,
        -0.9,
        -0.89290323118303,
        -0.871724845015768,
        -0.8367988372994262,
        -0.7886760120394771,
        -0.7281152949374525,
        -0.6560717646792704,
        -0.5736815907738206,
        -0.4822441154810967,
        -0.38320136240856495,
        -0.2781152949374528,
        -0.16864318312715218,
        -0.05651146757638189,
        0.05651146757638235,
        0.16864318312715262,
        0.2781152949374525,
        0.38320136240856534,
        0.4822441154810971,
        0.573681590773821,
        0.6560717646792708,
        0.728115294937453,
        0.7886760120394772,
        0.8367988372994263,
        0.8717248450157681,
        0.89290323118303,
        0.9,
        0.89290323118303,
        0.871724845015768,
        0.8367988372994263,
        0.788676012039477,
        0.7281152949374523,
        0.6560717646792699,
        0.5736815907738206,
        0.4822441154810968,
        0.38320136240856506,
        0.2781152949374522,
        0.16864318312715149,
        0.05651146757638199,
        -0.056511467576382236,
        -0.1686431831271525,
        -0.2781152949374524,
        -0.383201362408566,
        -0.482244115481097,
        -0.5736815907738215,
        -0.6560717646792706,
        -0.7281152949374525,
        -0.7886760120394776,
        -0.8367988372994263,
        -0.8717248450157683,
        -0.89290323118303,
        -0.9
    ],
    "args": {
        "I_fc": [
            0.9
        ],
        "current_units": "mA",
        "cycles": 1.5,
        "d": 0.2,
        "directory": "/scratch/users/lbvh/py-tdgl/results/17289540/63",
        "dt_init": 1e-06,
        "fc_center": [
            0,
            0,
            1
        ],
        "fc_radius": 2.4,
        "field_units": "mT",
        "film_points": 4000,
        "film_radius": 15.0,
        "film_shape": "box",
        "film_smooth": 100,
        "gamma": 1.0,
        "index": 63,
        "lam": 1.35,
        "max_edge_length": 0.5,
        "pl_center": null,
        "pl_radius": 0.8,
        "points_per_cycle": 51.0,
        "save_every": 500,
        "screening": false,
        "seed_solutions": true,
        "slot_radius": 0.1,
        "slot_size": [
            2.0,
            50.0
        ],
        "slot_top_center_x": [
            -10.0,
            10.0,
            101.0
        ],
        "slot_top_center_y": [
            -1.0,
            -1.0,
            101.0
        ],
        "solve_time": [
            10000.0,
            2000.0
        ],
        "squid_angle": 180.0,
        "squid_iterations": 5,
        "squid_points": 4000,
        "squid_position": [
            0.0,
            0.0,
            0.5
        ],
        "squid_smooth": 100,
        "squid_type": "hypres-small",
        "xi": 0.9
    },
    "film_fluxoid": [
        -0.00044355015854397674,
        -0.00043986663081917475,
        -0.00042898379995973167,
        -0.00041126001645354425,
        -0.0003870973239988713,
        -0.00035693451475701105,
        -0.00032126821451821107,
        -0.0002806622839439759,
        -0.00023574758148419244,
        -0.00018721652147745424,
        -0.00013581470080080473,
        -8.23306787872654e-05,
        -2.758451502538863e-05,
        2.758451502623678e-05,
        8.233067878281262e-05,
        0.00013581470080032765,
        0.00018721652148165964,
        0.00023574758148781473,
        0.00028066228392344367,
        0.0003212682145226815,
        0.00035693451474114364,
        0.0003870973239950546,
        0.0004112600164466177,
        0.00042898379997538706,
        0.0004398666308245729,
        0.00044355015854142345,
        0.00043986663083112835,
        0.00042898379997029814,
        0.00041126001645248406,
        0.00038709732399258085,
        0.000356934514754502,
        0.00032126821452301723,
        0.00028066228394885276,
        0.00023574758148110024,
        0.0001872165214842397,
        0.00013581470080624702,
        8.23306787896685e-05,
        2.7584515025141257e-05,
        -2.7584515027402984e-05,
        -8.233067878719473e-05,
        -0.00013581470080504548,
        -0.00018721652148505222,
        -0.00023574758147355525,
        -0.00028066228394758055,
        -0.00032126821451312215,
        -0.00035693451476478575,
        -0.0003870973239930668,
        -0.00041126001645663644,
        -0.0004289837999626648,
        -0.0004398666308182471,
        -0.0004435501585415736,
        -0.00043986663081692183,
        -0.0004289837999816068,
        -0.00041126001646124826,
        -0.0003870973239843114,
        -0.00035693451474464225,
        -0.0003212682145249962,
        -0.00028066228393726144,
        -0.00023574758146481756,
        -0.00018721652147233,
        -0.00013581470079635196,
        -8.233067878252992e-05,
        -2.7584515027296966e-05,
        2.758451502630746e-05,
        8.233067878553377e-05,
        0.0001358147007958572,
        0.00018721652147565192,
        0.00023574758147572864,
        0.00028066228393683736,
        0.0003212682145264805,
        0.0003569345147588487,
        0.00038709732397826835,
        0.00041126001645516984,
        0.0004289837999741855,
        0.00043986663082603943,
        0.0004435501585472368
    ],