{
    "I_fc": [
        1.1,
        1.0913261714459257,
        1.0654414772414942,
        1.0227541344770765,
        0.96393734804825,
        0.8899186938124423,
        0.8018654901635528,
        0.7011663887235586,
        0.5894094744768963,
        0.46835722072158,
        0.3399186938124422,
        0.206119446044297,
        0.06906957148224464,
        -0.06906957148224475,
        -0.20611944604429733,
        -0.33991869381244233,
        -0.46835722072158004,
        -0.5894094744768966,
        -0.7011663887235587,
        -0.8018654901635529,
        -0.8899186938124422,
        -0.96393734804825,
        -1.0227541344770767,
        -1.0654414772414942,
        -1.0913261714459257,
        -1.1,
        -1.0913261714459257,
        -1.0654414772414942,
        -1.0227541344770765,
        -0.9639373480482499,
        -0.889918693812442,
        -0.8018654901635528,
        -0.7011663887235585,
        -0.589409474476896,
        -0.4683572207215794,
        -0.33991869381244233,
        -0.2061194460442971,
        -0.06906957148224453,
        0.0690695714822451,
        0.20611944604429766,
        0.339918693812442,
        0.4683572207215799,
        0.5894094744768965,
        0.7011663887235591,
        0.8018654901635531,
        0.8899186938124426,
        0.96393734804825,
        1.0227541344770767,
        1.0654414772414944,
        1.0913261714459257,
        1.1,
        1.0913261714459257,
        1.0654414772414942,
        1.0227541344770765,
        0.9639373480482498,
        0.8899186938124418,
        0.8018654901635521,
        0.7011663887235586,
        0.5894094744768962,
        0.46835722072157954,
        0.33991869381244155,
        0.20611944604429627,
        0.06906957148224466,
        -0.06906957148224496,
        -0.20611944604429752,
        -0.33991869381244183,
        -0.4683572207215807,
        -0.5894094744768964,
        -0.7011663887235596,
        -0.801865490163553,
        -0.889918693812442,
        -0.9639373480482504,
        -1.0227541344770767,
        -1.0654414772414946,
        -1.0913261714459257,
        -1.1
    ],
    "args": {
        "I_fc": [
            1.1
        ],
        "current_units": "mA",
        "cycles": 1.5,
        "d": 0.2,
        "directory": "/scratch/users/lbvh/py-tdgl/results/17223196/18",
        "dt_init": 1e-06,
        "fc_center": [
            0,
            0,
            1
        ],
        "fc_radius": 2.4,
        "field_units": "mT",
        "film_points": 4000,
        "film_radius": 15.0,
        "film_shape": "box",
        "film_smooth": 100,
        "gamma": 1.0,
        "index": 18,
        "lam": 1.35,
        "max_edge_length": 0.5,
        "pl_center": null,
        "pl_radius": 0.8,
        "points_per_cycle": 51.0,
        "save_every": 500,
        "screening": false,
        "seed_solutions": true,
        "slot_radius": 0.1,
        "slot_size": [
            2.0,
            50.0
        ],
        "slot_top_center_x": [
            -10.0,
            10.0,
            101.0
        ],
        "slot_top_center_y": [
            -1.0,
            -1.0,
            101.0
        ],
        "solve_time": [
            10000.0,
            2000.0
        ],
        "squid_angle": 180.0,
        "squid_iterations": 5,
        "squid_points": 4000,
        "squid_position": [
            0.0,
            0.0,
            0.5
        ],
        "squid_smooth": 100,
        "squid_type": "hypres-small",
        "xi": 0.9
    },
    "film_fluxoid": [
        -0.000692407308663042,
        -0.000686946524265619,
        -0.0006706505545420955,
        -0.0006437770439782734,
        -0.0006067505472331974,
        -0.00056015561998849,
        -0.000504727519610744,
        -0.00044134061211008454,
        -0.0003709946155627806,
        -0.0002947988709873927,
        -0.00021395488021836774,
        -0.00012973738472736753,
        -4.3474284565579526e-05,
        4.347428456548179e-05,
        0.00012973738472743377,
        0.0002139548802182087,
        0.000294798870987269,
        0.0003709946155625685,
        0.00044134061211001385,
        0.0005047275196107617,
        0.0005601556199888119,
        0.0006067505472331621,
        0.0006437770439781497,
        0.0006706505545427183,
        0.0006869465242654687,
        0.0006924073086626178,
        0.0006869465242655217,
        0.0006706505545426609,
        0.000643777043978079,
        0.0006067505472329854,
        0.0005601556199887412,
        0.0005047275196106733,
        0.00044134061210994316,
        0.0003709946155627806,
        0.0002947988709874457,
        0.00021395488021822638,
        0.00012973738472739845,
        4.3474284565473505e-05,
        -4.3474284565438166e-05,
        -0.00012973738472738078,
        -0.00021395488021822638,
        -0.0002947988709874104,
        -0.0003709946155625685,
        -0.00044134061210994316,
        -0.000504727519610744,
        -0.0005601556199887236,
        -0.0006067505472329147,
        -0.0006437770439783882,
        -0.0006706505545423781,
        -0.0006869465242654687,
        -0.0006924073086629006,
        -0.0006869465242653275,
        -0.0006706505545424842,
        -0.0006437770439782204,
        -0.000606750547233056,
        -0.0005601556199887412,
        -0.0005047275196106998,
        -0.00044134061210987247,
        -0.00037099461556244485,
        -0.0002947988709872513,
        -0.00021395488021829707,
        -0.0001297373847273631,
        -4.3474284565561854e-05,
        4.347428456554419e-05,
        0.00012973738472746912,
        0.00021395488021819104,
        0.0002947988709873397,
        0.00037099461556267454,
        0.00044134061210994316,
        0.0005047275196108058,
        0.0005601556199887766,
        0.000606750547233056,
        0.0006437770439782911,
        0.0006706505545425372,
        0.0006869465242652921,
        0.000692407308663042
    ],