{
    "I_fc": [
        7.34,
        7.282121907648268,
        7.109400402684152,
        6.824559406419764,
        6.432091031521958,
        5.938184738712114,
        5.35062972527316,
        4.678692084755382,
        3.9329686751458346,
        3.125220000087633,
        2.2681847387121143,
        1.375378849059218,
        0.46088241334515967,
        -0.46088241334516034,
        -1.3753788490592203,
        -2.2681847387121152,
        -3.1252200000876336,
        -3.932968675145837,
        -4.678692084755383,
        -5.350629725273161,
        -5.938184738712113,
        -6.432091031521958,
        -6.824559406419765,
        -7.109400402684152,
        -7.282121907648268,
        -7.34,
        -7.282121907648268,
        -7.109400402684152,
        -6.824559406419764,
        -6.432091031521958,
        -5.9381847387121125,
        -5.35062972527316,
        -4.678692084755381,
        -3.932968675145833,
        -3.1252200000876296,
        -2.2681847387121152,
        -1.3753788490592187,
        -0.46088241334515895,
        0.4608824133451627,
        1.3753788490592225,
        2.2681847387121126,
        3.1252200000876327,
        3.9329686751458364,
        4.678692084755384,
        5.350629725273163,
        5.938184738712117,
        6.432091031521958,
        6.824559406419765,
        7.109400402684153,
        7.282121907648268,
        7.34,
        7.282121907648268,
        7.109400402684152,
        6.824559406419764,
        6.432091031521957,
        5.938184738712111,
        5.350629725273157,
        4.678692084755382,
        3.9329686751458337,
        3.1252200000876305,
        2.26818473871211,
        1.3753788490592131,
        0.4608824133451597,
        -0.4608824133451618,
        -1.3753788490592216,
        -2.2681847387121117,
        -3.125220000087638,
        -3.9329686751458355,
        -4.678692084755388,
        -5.350629725273162,
        -5.9381847387121125,
        -6.432091031521961,
        -6.824559406419765,
        -7.109400402684154,
        -7.282121907648268,
        -7.34
    ],
    "args": {
        "I_fc": [
            0.5,
            10.0,
            201.0
        ],
        "current_units": "mA",
        "cycles": 1.5,
        "d": 0.2,
        "directory": "/scratch/users/lbvh/py-tdgl/results/14122470/144",
        "dt_init": 1e-06,
        "fc_center": [
            0,
            0,
            1
        ],
        "fc_radius": 2.4,
        "field_units": "mT",
        "film_points": 4000,
        "film_radius": 15.0,
        "film_shape": "box",
        "film_smooth": 100,
        "gamma": 1.0,
        "index": 144,
        "lam": 1.35,
        "max_edge_length": 0.5,
        "pl_center": null,
        "pl_radius": 0.8,
        "points_per_cycle": 51.0,
        "save_every": 500,
        "screening": false,
        "seed_solutions": true,
        "slot_radius": 0,
        "slot_size": null,
        "slot_top_center_x": null,
        "slot_top_center_y": null,
        "solve_time": [
            20000.0,
            2000.0
        ],
        "squid_angle": 0,
        "squid_iterations": 5,
        "squid_points": 4000,
        "squid_position": [
            0.0,
            0.0,
            0.5
        ],
        "squid_smooth": 100,
        "squid_type": "hypres-small",
        "xi": 0.9
    },
    "film_fluxoid": [
        3.996787507857608,
        3.9968116898192165,
        3.9968838627411905,
        3.9970033260662983,
        3.9971688659894604,
        3.9973768526966658,
        3.997626928072712,
        3.9979243321640037,
        3.9982289636493653,
        3.998555982378452,
        2.998947243707039,
        1.99935364648906,
        0.9997706975852741,
        0.00018769017904279251,
        0.0005606680531325398,
        0.0009283323043923614,
        -1.9986423481882398,
        -1.9983086184726977,
        -1.9979656769024112,
        -2.9976573875465102,
        -2.9974117536142235,
        -2.9971983952487498,
        -2.9970333709030728,
        -2.9969132503268585,
        -2.996840847287722,
        -2.9968178095319025,
        -2.9968430684990635,
        -2.9969163115754087,
        -2.9970367113256886,
        -2.997202465533122,
        -2.9974106761521364,
        -2.997652945507733,
        -2.9979386577895566,
        -2.9982705638747387,
        -2.9986003472845724,
        -2.998947243705448,
        -1.9993536464882706,
        -0.9997706975842628,
        -0.00018769017939095724,
        -0.0005606680532281154,
        -0.0009283323063449834,
        1.998642348188213,
        1.998308618472017,
        1.9979656768994414,
        2.997657387568787,
        2.997411753615621,
        2.9971983952473504,
        2.9970333709045236,
        2.996913250324966,
        2.9968408472864545,
        2.996817809541789,
        2.9968430685085026,
        2.9969163115762343,
        2.9970367113212637,
        2.9972024655241443,
        2.997410676150931,
        2.997652945507316,
        2.997938657785012,
        2.9982705638733083,
        2.9986003472830194,
        2.998947243705789,
        1.9993536464873043,
        0.9997706975860833,
        0.00018769017896561106,
        0.0005606680528064269,
        0.0009283323054091494,
        -1.9986423481880158,
        -1.9983086184716108,
        -1.9979656768989804,
        -2.9976573875668735,
        -2.997411753616658,
        -2.9971983952484096,
        -2.9970333709030332,
        -2.996913250325406,
        -2.9968408472863723,
        -2.9968178095373625
    ],
    "flux": [
        -0.0034542890673412235,
        -0.0030969269011009077,
        -0.0020635865271061613,
        -0.0005367024846688736,
        -0.0021994830283656934,
        0.0005570084749648574,
        0.0002414461988481071,
        -0.004792435311242144,
        0.002839518956759178,
        0.011138060931700323,
        0.010054848790474696,
        0.008534630283004078,
        0.011032894621910344,
        0.007449410001796866,
        0.019571660069422694,
        0.023767700971022588,
        0.010658641561281993,
        0.015936314741620855,
        0.008926825921056113,
        0.006718950378487098,
        0.0106247512743317,
        0.008759111810946935,
        0.010901206833806736,
        0.011896898595426515,
        0.008808530281138916,
        0.009076543403135132,
        0.008753526911568499,
        0.007772625080104156,
        0.00601476917908176,
        0.003505846458762891,
        0.0007287640444867983,
        0.0014434101011380302,
        0.0016433352621913757,
        0.00776049683469078,
        -0.0008553477353906473,
        -0.010054848786017315,
        -0.008534630285676354,
        -0.011032894581308154,
        -0.007449410001152262,
        -0.019571660068521672,
        -0.02376770096749825,
        -0.010658641559943217,
        -0.01593631475777453,
        -0.008926825706943507,
        -0.00671894997926762,
        -0.010624751360644679,
        -0.008759111684883693,
        -0.010901206940703382,
        -0.01189689871773745,
        -0.008808530304917175,
        -0.009076543149468857,
        -0.008753526746371858,
        -0.007772625031517973,
        -0.006014769252215162,
        -0.0035058465401771703,
        -0.0007287640315922666,
        -0.001443410084321612,
        -0.0016433353809795171,
        -0.007760496832152352,
        0.0008553477385120783,
        0.0100548487937543,
        0.008534630283531826,
        0.011032894620318054,
        0.007449410001977015,
        0.01957166004770254,
        0.023767700969973913,
        0.010658641560396734,
        0.015936314740253414,
        0.008926825509109445,
        0.006718949989280159,
        0.010624751238088197,
        0.00875911170947219,
        0.010901206833863348,
        0.011896898730598288,
        0.008808530306450147,
        0.009076543275106094
    ],
    "timing": {
        "end_time": "2023-03-29T17:24:56.391008",
        "start_time": "2023-03-29T09:49:16.587111",