{
    "I_fc": [
        1.1,
        1.0913261714459255,
        1.0654414772414944,
        1.0227541344770765,
        0.9639373480482499,
        0.8899186938124424,
        0.8018654901635529,
        0.7011663887235586,
        0.5894094744768963,
        0.46835722072158,
        0.3399186938124423,
        0.206119446044297,
        0.06906957148224463,
        -0.06906957148224475,
        -0.20611944604429736,
        -0.3399186938124424,
        -0.4683572207215801,
        -0.5894094744768965,
        -0.7011663887235586,
        -0.8018654901635529,
        -0.8899186938124423,
        -0.96393734804825,
        -1.0227541344770767,
        -1.0654414772414944,
        -1.0913261714459255,
        -1.1,
        -1.0913261714459255,
        -1.0654414772414944,
        -1.0227541344770765,
        -0.9639373480482499,
        -0.8899186938124422,
        -0.8018654901635529,
        -0.7011663887235585,
        -0.5894094744768958,
        -0.4683572207215794,
        -0.3399186938124424,
        -0.20611944604429713,
        -0.06906957148224452,
        0.0690695714822451,
        0.2061194460442977,
        0.33991869381244205,
        0.46835722072158,
        0.5894094744768964,
        0.7011663887235589,
        0.8018654901635531,
        0.8899186938124427,
        0.9639373480482499,
        1.0227541344770765,
        1.0654414772414944,
        1.0913261714459255,
        1.1,
        1.0913261714459255,
        1.0654414772414944,
        1.0227541344770765,
        0.9639373480482497,
        0.8899186938124419,
        0.8018654901635522,
        0.7011663887235586,
        0.589409474476896,
        0.46835722072157954,
        0.33991869381244166,
        0.2061194460442963,
        0.06906957148224466,
        -0.06906957148224496,
        -0.20611944604429758,
        -0.33991869381244183,
        -0.46835722072158065,
        -0.5894094744768963,
        -0.7011663887235596,
        -0.8018654901635531,
        -0.8899186938124422,
        -0.9639373480482504,
        -1.0227541344770765,
        -1.0654414772414948,
        -1.0913261714459255,
        -1.1
    ],
    "args": {
        "I_fc": [
            1.1
        ],
        "current_units": "mA",
        "cycles": 1.5,
        "d": 0.2,
        "directory": "/scratch/users/lbvh/py-tdgl/results/17223927/91",
        "dt_init": 1e-06,
        "fc_center": [
            0,
            0,
            1
        ],
        "fc_radius": 2.4,
        "field_units": "mT",
        "film_points": 4000,
        "film_radius": 15.0,
        "film_shape": "box",
        "film_smooth": 100,
        "gamma": 1.0,
        "index": 91,
        "lam": 1.35,
        "max_edge_length": 0.5,
        "pl_center": null,
        "pl_radius": 0.8,
        "points_per_cycle": 51.0,
        "save_every": 500,
        "screening": false,
        "seed_solutions": true,
        "slot_radius": 0.1,
        "slot_size": [
            2.0,
            50.0
        ],
        "slot_top_center_x": [
            -10.0,
            10.0,
            101.0
        ],
        "slot_top_center_y": [
            5.0,
            5.0,
            101.0
        ],
        "solve_time": [
            10000.0,
            2000.0
        ],
        "squid_angle": 180.0,
        "squid_iterations": 5,
        "squid_points": 4000,
        "squid_position": [
            0.0,
            0.0,
            0.5
        ],
        "squid_smooth": 100,
        "squid_type": "hypres-small",
        "xi": 0.9
    },
    "film_fluxoid": [
        -0.0008032034787984579,
        -0.0007968706264857787,
        -0.0007779720251758474,
        -0.0007468058259073026,
        -0.0007038633866787634,
        -0.0006498213580624112,
        -0.0005855310961420505,
        -0.0005120055005004501,
        -0.0004304033206000113,
        -0.00034201106004350096,
        -0.00024822273502032004,
        -0.00015051783830504333,
        -5.043790614563947e-05,
        5.0437906143837155e-05,
        0.00015051783831052096,
        0.0002482227350312046,
        0.00034201106007587193,
        0.00043040332062019017,
        0.0005120055005214241,
        0.0005855310961614607,
        0.0006498213580497597,
        0.0007038633866657938,
        0.0007468058258141168,
        0.0007779720252150743,
        0.0007968706264657545,
        0.0008032034787983695,
        0.0007968706264465872,
        0.0007779720252379743,
        0.0007468058258932065,
        0.0007038633866587613,
        0.0006498213580477983,
        0.000585531096176586,
        0.0005120055004957853,
        0.00043040332062421884,
        0.0003420110600644733,
        0.0002482227350250379,
        0.00015051783830836524,
        5.0437906143377745e-05,
        -5.043790614387249e-05,
        -0.0001505178383092134,
        -0.0002482227350164548,
        -0.00034201106006891005,
        -0.000430403320626622,
        -0.0005120055005082248,
        -0.000585531096140469,
        -0.000649821358093881,
        -0.0007038633866480888,
        -0.0007468058258197357,
        -0.0007779720252405187,
        -0.0007968706264306844,
        -0.0008032034788451457,
        -0.0007968706264273625,
        -0.0007779720252023874,
        -0.000746805825845675,
        -0.0007038633866297829,
        -0.000649821358066758,
        -0.0005855310961564424,
        -0.0005120055004971988,
        -0.00043040332060467615,
        -0.0003420110600390482,
        -0.00024822273503272423,
        -0.0001505178383142316,
        -5.043790614479132e-05,
        5.043790614385483e-05,
        0.00015051783831527413,
        0.00024822273502095614,
        0.0003420110600809608,
        0.0004304033206388141,
        0.0005120055005070231,
        0.0005855310962046367,
        0.0006498213580707513,
        0.0007038633866691158,
        0.0007468058258619487,
        0.0007779720251971925,
        0.000796870626477686,
        0.0008032034787165585
    ],