{
    "I_fc": [
        1.5,
        1.4881720519717168,
        1.4528747416929466,
        1.394664728832377,
        1.3144600200657954,
        1.2135254915624212,
        1.0934529411321172,
        0.9561359846230344,
        0.8037401924684948,
        0.638668937347609,
        0.4635254915624212,
        0.2810719718785868,
        0.09418577929396996,
        -0.0941857792939701,
        -0.28107197187858723,
        -0.46352549156242134,
        -0.6386689373476091,
        -0.8037401924684953,
        -0.9561359846230346,
        -1.0934529411321174,
        -1.213525491562421,
        -1.3144600200657954,
        -1.3946647288323772,
        -1.4528747416929466,
        -1.4881720519717168,
        -1.5,
        -1.4881720519717168,
        -1.4528747416929466,
        -1.3946647288323768,
        -1.3144600200657952,
        -1.2135254915624207,
        -1.0934529411321172,
        -0.9561359846230343,
        -0.8037401924684945,
        -0.6386689373476082,
        -0.46352549156242134,
        -0.28107197187858696,
        -0.09418577929396982,
        0.09418577929397058,
        0.2810719718785877,
        0.46352549156242084,
        0.6386689373476089,
        0.8037401924684952,
        0.956135984623035,
        1.0934529411321179,
        1.2135254915624216,
        1.3144600200657954,
        1.3946647288323772,
        1.4528747416929468,
        1.4881720519717168,
        1.5,
        1.4881720519717168,
        1.4528747416929466,
        1.394664728832377,
        1.314460020065795,
        1.2135254915624205,
        1.0934529411321166,
        0.9561359846230344,
        0.8037401924684946,
        0.6386689373476084,
        0.4635254915624203,
        0.2810719718785858,
        0.09418577929396998,
        -0.0941857792939704,
        -0.2810719718785875,
        -0.4635254915624207,
        -0.63866893734761,
        -0.803740192468495,
        -0.9561359846230357,
        -1.0934529411321177,
        -1.2135254915624207,
        -1.3144600200657959,
        -1.3946647288323772,
        -1.452874741692947,
        -1.4881720519717168,
        -1.5
    ],
    "args": {
        "I_fc": [
            1.5
        ],
        "current_units": "mA",
        "cycles": 1.5,
        "d": 0.2,
        "directory": "/scratch/users/lbvh/py-tdgl/results/17223198/0",
        "dt_init": 1e-06,
        "fc_center": [
            0,
            0,
            1
        ],
        "fc_radius": 2.4,
        "field_units": "mT",
        "film_points": 4000,
        "film_radius": 15.0,
        "film_shape": "box",
        "film_smooth": 100,
        "gamma": 1.0,
        "index": 0,
        "lam": 1.35,
        "max_edge_length": 0.5,
        "pl_center": null,
        "pl_radius": 0.8,
        "points_per_cycle": 51.0,
        "save_every": 500,
        "screening": false,
        "seed_solutions": true,
        "slot_radius": 0.1,
        "slot_size": [
            2.0,
            50.0
        ],
        "slot_top_center_x": [
            -10.0,
            10.0,
            101.0
        ],
        "slot_top_center_y": [
            -1.0,
            -1.0,
            101.0
        ],
        "solve_time": [
            10000.0,
            2000.0
        ],
        "squid_angle": 180.0,
        "squid_iterations": 5,
        "squid_points": 4000,
        "squid_position": [
            0.0,
            0.0,
            0.5
        ],
        "squid_smooth": 100,
        "squid_type": "hypres-small",
        "xi": 0.9
    },
    "film_fluxoid": [
        -0.0006979194581723574,
        -0.0006924161530821961,
        -0.0006759930285753456,
        -0.0006489090881404116,
        -0.00061159146296114,
        -0.0005646286755664502,
        -0.0005087613581764263,
        -0.00044487057238528727,
        -0.0003739639142805084,
        -0.00029715962415026334,
        -0.00021566895119011633,
        -0.00013077705152689088,
        -4.3822720565086075e-05,
        4.382272056512141e-05,
        0.00013077705152752698,
        0.00021566895119057576,
        0.00029715962414925617,
        0.00037396391428631733,
        0.0004448705723861001,
        0.0005087613581765764,
        0.0005646286755661675,
        0.0006115914629612107,
        0.0006489090881403055,
        0.0006759930285878911,
        0.000692416153082143,
        0.0006979194581728346,
        0.0006924161530909427,
        0.0006759930285850286,
        0.0006489090881405529,
        0.0006115914629621649,
        0.0005646286755781122,
        0.0005087613581767885,
        0.0004448705723854993,
        0.00037396391428614505,
        0.00029715962414950353,
        0.00021566895119010752,
        0.00013077705152749166,
        4.382272056584587e-05,
        -4.382272056535112e-05,
        -0.0001307770515274033,
        -0.00021566895119015168,
        -0.0002971596241492208,
        -0.00037396391428771764,
        -0.00044487057238535796,
        -0.0005087613581768062,
        -0.0005646286755661454,
        -0.0006115914629606762,
        -0.0006489090881397578,
        -0.0006759930285850109,
        -0.0006924161530791216,
        -0.0006979194581723928,
        -0.000692416153082143,
        -0.0006759930285849579,
        -0.000648909088140659,
        -0.0006115914629612814,
        -0.0005646286755680405,
        -0.0005087613581779193,
        -0.0004448705723999355,
        -0.0003739639142862334,
        -0.0002971596241493445,
        -0.00021566895119018702,
        -0.00013077705152367497,
        -4.382272056490938e-05,
        4.3822720565315784e-05,
        0.00013077705152752698,
        0.00021566895119004567,
        0.0002971596241492915,
        0.0003739639142872141,
        0.00044487057238535796,
        0.0005087613581763644,
        0.0005646286755670863,
        0.0006115914629612107,
        0.0006489090881427793,
        0.000675993028584852,
        0.0006924161530820017,
        0.0006979194581726932
    ],