{
    "I_fc": [
        1.75,
        1.7362007273003364,
        1.6950205319751044,
        1.62710885030444,
        1.5335366900767613,
        1.415779740156158,
        1.2756950979874702,
        1.115491982060207,
        0.937696891213244,
        0.7451137602388771,
        0.540779740156158,
        0.3279173005250179,
        0.10988340917629828,
        -0.10988340917629845,
        -0.32791730052501844,
        -0.5407797401561583,
        -0.7451137602388772,
        -0.9376968912132445,
        -1.115491982060207,
        -1.2756950979874704,
        -1.4157797401561578,
        -1.5335366900767613,
        -1.62710885030444,
        -1.6950205319751044,
        -1.7362007273003364,
        -1.75,
        -1.7362007273003364,
        -1.6950205319751044,
        -1.6271088503044397,
        -1.533536690076761,
        -1.4157797401561576,
        -1.2756950979874702,
        -1.1154919820602067,
        -0.9376968912132435,
        -0.7451137602388763,
        -0.5407797401561583,
        -0.3279173005250181,
        -0.10988340917629812,
        0.10988340917629902,
        0.327917300525019,
        0.5407797401561576,
        0.7451137602388771,
        0.9376968912132444,
        1.1154919820602074,
        1.2756950979874708,
        1.4157797401561587,
        1.5335366900767613,
        1.62710885030444,
        1.6950205319751046,
        1.7362007273003364,
        1.75,
        1.7362007273003364,
        1.6950205319751044,
        1.62710885030444,
        1.5335366900767609,
        1.4157797401561574,
        1.2756950979874693,
        1.115491982060207,
        0.9376968912132437,
        0.7451137602388764,
        0.5407797401561569,
        0.3279173005250168,
        0.10988340917629831,
        -0.1098834091762988,
        -0.3279173005250188,
        -0.5407797401561575,
        -0.7451137602388783,
        -0.9376968912132442,
        -1.1154919820602085,
        -1.2756950979874706,
        -1.4157797401561576,
        -1.5335366900767617,
        -1.62710885030444,
        -1.695020531975105,
        -1.7362007273003364,
        -1.75
    ],
    "args": {
        "I_fc": [
            1.75
        ],
        "current_units": "mA",
        "cycles": 1.5,
        "d": 0.2,
        "directory": "/scratch/users/lbvh/py-tdgl/results/17224036/28",
        "dt_init": 1e-06,
        "fc_center": [
            0,
            0,
            1
        ],
        "fc_radius": 2.4,
        "field_units": "mT",
        "film_points": 4000,
        "film_radius": 15.0,
        "film_shape": "box",
        "film_smooth": 100,
        "gamma": 1.0,
        "index": 28,
        "lam": 1.35,
        "max_edge_length": 0.5,
        "pl_center": null,
        "pl_radius": 0.8,
        "points_per_cycle": 51.0,
        "save_every": 500,
        "screening": false,
        "seed_solutions": true,
        "slot_radius": 0.1,
        "slot_size": [
            2.0,
            50.0
        ],
        "slot_top_center_x": [
            -10.0,
            10.0,
            101.0
        ],
        "slot_top_center_y": [
            5.0,
            5.0,
            101.0
        ],
        "solve_time": [
            10000.0,
            2000.0
        ],
        "squid_angle": 180.0,
        "squid_iterations": 5,
        "squid_points": 4000,
        "squid_position": [
            0.0,
            0.0,
            0.5
        ],
        "squid_smooth": 100,
        "squid_type": "hypres-small",
        "xi": 0.9
    },
    "film_fluxoid": [
        1.000089793123446,
        1.0000890846548323,
        1.0000869704333122,
        1.000083483851842,
        1.0000786800107415,
        1.0000726348541515,
        1.0000654439615895,
        1.0000572210413965,
        1.0000480962294218,
        1.0000382150730567,
        2.775060180719959e-05,
        1.6827302639230188e-05,
        5.638728727955486e-06,
        -5.638728728167523e-06,
        -1.682730263788287e-05,
        -2.7750601808966566e-05,
        -3.823633160596559e-05,
        -4.811887668680541e-05,
        -1.000057221041397,
        -1.0000654439615895,
        -1.0000726348541493,
        -1.000078680010742,
        -1.0000834838518395,
        -1.000086970433312,
        -1.0000890846548336,
        -1.0000897931234476,
        -1.000089084654833,
        -1.0000869704333162,
        -1.0000834838518367,
        -1.000078680010744,
        -1.0000726348541509,
        -1.0000654439615893,
        -1.000057221041397,
        -1.0000480962294214,
        -1.000038215073056,
        -2.77506018072526e-05,
        -1.682730263847039e-05,
        -5.6387287284148995e-06,
        5.638728728026165e-06,
        1.6827302638063986e-05,
        2.7750601808330454e-05,
        3.8236331601654174e-05,
        4.8118876686381336e-05,
        1.0000572210413987,
        1.0000654439615884,
        1.0000726348541484,
        1.000078680010742,
        1.00008348385184,
        1.000086970433312,
        1.0000890846548367,
        1.0000897931234463,
        1.0000890846548331,
        1.000086970433312,
        1.0000834838518373,
        1.0000786800107446,
        1.0000726348541498,
        1.000065443961589,
        1.0000572210413976,
        1.0000480962294216,
        1.0000382150730562,
        2.7750601806104066e-05,
        1.6827302638099324e-05,
        5.638728728768294e-06,
        -5.638728728238202e-06,
        -1.682730263896956e-05,
        -2.775060180992073e-05,
        -3.823633160214892e-05,
        -4.8118876682847386e-05,
        -1.0000572210413963,
        -1.000065443961589,
        -1.0000726348541524,
        -1.000078680010743,
        -1.0000834838518406,
        -1.0000869704333148,
        -1.0000890846548334,
        -1.0000897931234494
    ],