{
    "I_fc": [
        1.5,
        1.4881720519717168,
        1.4528747416929466,
        1.394664728832377,
        1.3144600200657954,
        1.2135254915624212,
        1.0934529411321172,
        0.9561359846230344,
        0.8037401924684948,
        0.638668937347609,
        0.4635254915624212,
        0.2810719718785868,
        0.09418577929396996,
        -0.0941857792939701,
        -0.28107197187858723,
        -0.46352549156242134,
        -0.6386689373476091,
        -0.8037401924684953,
        -0.9561359846230346,
        -1.0934529411321174,
        -1.213525491562421,
        -1.3144600200657954,
        -1.3946647288323772,
        -1.4528747416929466,
        -1.4881720519717168,
        -1.5,
        -1.4881720519717168,
        -1.4528747416929466,
        -1.3946647288323768,
        -1.3144600200657952,
        -1.2135254915624207,
        -1.0934529411321172,
        -0.9561359846230343,
        -0.8037401924684945,
        -0.6386689373476082,
        -0.46352549156242134,
        -0.28107197187858696,
        -0.09418577929396982,
        0.09418577929397058,
        0.2810719718785877,
        0.46352549156242084,
        0.6386689373476089,
        0.8037401924684952,
        0.956135984623035,
        1.0934529411321179,
        1.2135254915624216,
        1.3144600200657954,
        1.3946647288323772,
        1.4528747416929468,
        1.4881720519717168,
        1.5,
        1.4881720519717168,
        1.4528747416929466,
        1.394664728832377,
        1.314460020065795,
        1.2135254915624205,
        1.0934529411321166,
        0.9561359846230344,
        0.8037401924684946,
        0.6386689373476084,
        0.4635254915624203,
        0.2810719718785858,
        0.09418577929396998,
        -0.0941857792939704,
        -0.2810719718785875,
        -0.4635254915624207,
        -0.63866893734761,
        -0.803740192468495,
        -0.9561359846230357,
        -1.0934529411321177,
        -1.2135254915624207,
        -1.3144600200657959,
        -1.3946647288323772,
        -1.452874741692947,
        -1.4881720519717168,
        -1.5
    ],
    "args": {
        "I_fc": [
            1.5
        ],
        "current_units": "mA",
        "cycles": 1.5,
        "d": 0.2,
        "directory": "/scratch/users/lbvh/py-tdgl/results/17223198/71",
        "dt_init": 1e-06,
        "fc_center": [
            0,
            0,
            1
        ],
        "fc_radius": 2.4,
        "field_units": "mT",
        "film_points": 4000,
        "film_radius": 15.0,
        "film_shape": "box",
        "film_smooth": 100,
        "gamma": 1.0,
        "index": 71,
        "lam": 1.35,
        "max_edge_length": 0.5,
        "pl_center": null,
        "pl_radius": 0.8,
        "points_per_cycle": 51.0,
        "save_every": 500,
        "screening": false,
        "seed_solutions": true,
        "slot_radius": 0.1,
        "slot_size": [
            2.0,
            50.0
        ],
        "slot_top_center_x": [
            -10.0,
            10.0,
            101.0
        ],
        "slot_top_center_y": [
            -1.0,
            -1.0,
            101.0
        ],
        "solve_time": [
            10000.0,
            2000.0
        ],
        "squid_angle": 180.0,
        "squid_iterations": 5,
        "squid_points": 4000,
        "squid_position": [
            0.0,
            0.0,
            0.5
        ],
        "squid_smooth": 100,
        "squid_type": "hypres-small",
        "xi": 0.9
    },
    "film_fluxoid": [
        0.9984515540370199,
        0.9984634213721265,
        0.9984988273078234,
        0.9985571918794562,
        0.9986375722187779,
        0.9987386894811637,
        0.9988589588623676,
        0.9989965270892339,
        0.9991493367154625,
        0.9993153260418006,
        -0.00046406739875100566,
        -0.0002813181252588469,
        -9.42552308122962e-05,
        9.425523081222552e-05,
        0.0002813181252574333,
        0.0004640673987516064,
        0.0006397281429752833,
        0.0008056983627250072,
        0.000959730665608778,
        -0.9988589588623645,
        -0.998738689481166,
        -0.9986375722187801,
        -0.9985571918794574,
        -0.9984988273078262,
        -0.9984634213721267,
        -0.9984515540370159,
        -0.9984634213721265,
        -0.9984988273078241,
        -0.9985571918794584,
        -0.9986375722187754,
        -0.9987386894811654,
        -0.9988589588623642,
        -0.9989965270892323,
        -0.9991493367154594,
        -0.9993153260418084,
        0.00046406739875100566,
        0.0002813181252569385,
        9.42552308109533e-05,
        -9.425523081081194e-05,
        -0.0002813181252579987,
        -0.00046406739875072295,
        -0.0006397281429757891,
        -0.0008056983627241944,
        -0.0009597306656112518,
        0.9988589588623644,
        0.9987386894811673,
        0.9986375722187757,
        0.9985571918794562,
        0.9984988273078228,
        0.9984634213721312,
        0.9984515540370178,
        0.9984634213721273,
        0.9984988273078252,
        0.9985571918794559,
        0.9986375722187745,
        0.9987386894811654,
        0.9988589588623702,
        0.9989965270892355,
        0.9991493367154544,
        0.9993153260418057,
        -0.00046406739875114704,
        -0.0002813181252575747,
        -9.42552308119428e-05,
        9.425523081144805e-05,
        0.0002813181252573626,
        0.0004640673987518185,
        0.0006397281429758444,
        0.0008056983627231343,
        0.0009597306656077885,
        -0.9988589588623676,
        -0.9987386894811677,
        -0.9986375722187786,
        -0.9985571918794561,
        -0.9984988273078206,
        -0.9984634213721302,
        -0.9984515540370157
    ],