{
    "I_fc": [
        3.1125,
        3.0879570078413114,
        3.014715089012865,
        2.893929312327182,
        2.727504541636525,
        2.518065394992024,
        2.268914852849144,
        1.9839821680927965,
        1.6677608993721267,
        1.3252380449962886,
        0.9618153949920241,
        0.5832243416480676,
        0.1954354920349876,
        -0.19543549203498795,
        -0.5832243416480686,
        -0.9618153949920244,
        -1.3252380449962888,
        -1.6677608993721273,
        -1.9839821680927965,
        -2.268914852849144,
        -2.518065394992024,
        -2.727504541636525,
        -2.8939293123271823,
        -3.014715089012865,
        -3.0879570078413114,
        -3.1125,
        -3.0879570078413114,
        -3.0147150890128644,
        -2.893929312327182,
        -2.727504541636525,
        -2.5180653949920235,
        -2.268914852849144,
        -1.983982168092796,
        -1.6677608993721256,
        -1.325238044996287,
        -0.9618153949920244,
        -0.5832243416480679,
        -0.1954354920349873,
        0.19543549203498894,
        0.5832243416480695,
        0.9618153949920234,
        1.3252380449962886,
        1.667760899372127,
        1.9839821680927971,
        2.2689148528491443,
        2.5180653949920253,
        2.727504541636525,
        2.8939293123271823,
        3.014715089012865,
        3.0879570078413114,
        3.1125,
        3.0879570078413114,
        3.0147150890128644,
        2.893929312327182,
        2.7275045416365242,
        2.5180653949920226,
        2.268914852849142,
        1.9839821680927965,
        1.667760899372126,
        1.3252380449962873,
        0.9618153949920223,
        0.5832243416480656,
        0.1954354920349877,
        -0.19543549203498856,
        -0.5832243416480691,
        -0.9618153949920228,
        -1.3252380449962904,
        -1.6677608993721267,
        -1.9839821680927991,
        -2.2689148528491443,
        -2.5180653949920235,
        -2.7275045416365264,
        -2.8939293123271823,
        -3.0147150890128653,
        -3.0879570078413114,
        -3.1125
    ],
    "args": {
        "I_fc": [
            0.5,
            10.0,
            201.0
        ],
        "current_units": "mA",
        "cycles": 1.5,
        "d": 0.2,
        "directory": "/scratch/users/lbvh/py-tdgl/results/14122470/55",
        "dt_init": 1e-06,
        "fc_center": [
            0,
            0,
            1
        ],
        "fc_radius": 2.4,
        "field_units": "mT",
        "film_points": 4000,
        "film_radius": 15.0,
        "film_shape": "box",
        "film_smooth": 100,
        "gamma": 1.0,
        "index": 55,
        "lam": 1.35,
        "max_edge_length": 0.5,
        "pl_center": null,
        "pl_radius": 0.8,
        "points_per_cycle": 51.0,
        "save_every": 500,
        "screening": false,
        "seed_solutions": true,
        "slot_radius": 0,
        "slot_size": null,
        "slot_top_center_x": null,
        "slot_top_center_y": null,
        "solve_time": [
            20000.0,
            2000.0
        ],
        "squid_angle": 0,
        "squid_iterations": 5,
        "squid_points": 4000,
        "squid_position": [
            0.0,
            0.0,
            0.5
        ],
        "squid_smooth": 100,
        "squid_type": "hypres-small",
        "xi": 0.9
    },
    "film_fluxoid": [
        1.9986475589933914,
        1.998657610896276,
        1.9986875913304598,
        1.9987369830553305,
        1.998804948187206,
        1.9988903527580935,
        1.9989917858953161,
        1.9991075657055815,
        1.9992357113480892,
        1.9993737813612038,
        1.9995177323906637,
        0.9997209626156724,
        0.9998782517269534,
        7.958265454379822e-05,
        0.00023752788229299885,
        0.00039183817399665144,
        0.0005401767538914399,
        0.0006803455453828167,
        0.0008103653375524059,
        0.0009286380219860438,
        -0.9989317145287316,
        -0.9988455727057386,
        -0.998776822476858,
        -0.9987266729865226,
        -0.9986961112145125,
        -0.9986858350671858,
        -0.9986961112149787,
        -0.9987266729861847,
        -0.9987768224766168,
        -0.9988455727059466,
        -0.998931714528986,
        -0.9990338358380515,
        -0.9991503227847989,
        -0.9992793622547975,
        -0.9994189537886838,
        -0.9995669292242422,
        -0.999720962615261,
        -0.9998782517274969,
        -7.958265453347024e-05,
        -0.00023752788295462488,
        -0.00039183817346277765,
        -0.0005401767531835898,
        -0.0006803455425610286,
        -0.0008103653387662469,
        -0.000928638022448576,
        0.9989317145288247,
        0.9988455727060195,
        0.9987768224766912,
        0.9987266729860838,
        0.9986961112155063,
        0.9986858350664408,
        0.9986961112144048,
        0.9987266729862906,
        0.998776822476638,
        0.9988455727059671,
        0.9989317145287216,
        0.9990338358380833,
        0.9991503227847585,
        0.9992793622550056,
        0.9994189537883105,
        0.9995669292231939,
        0.9997209626156303,
        0.9998782517275013,
        7.95826545549655e-05,
        0.00023752788196723936,
        0.00039183817283002393,
        0.0005401767540240337,
        0.0006803455433256339,
        0.0008103653375820911,
        0.0009286380248061621,
        -0.998931714528879,
        -0.9988455727062137,
        -0.9987768224765154,
        -0.9987266729866067,
        -0.9986961112142744,
        -0.9986858350672153
    ],
    "flux": [
        -0.010535672951259106,
        -0.01029586194585319,
        -0.009561167481609841,
        -0.008293007878346305,
        -0.006449825366326267,
        -0.004017298783707881,
        -0.0010441387472926531,
        0.002321052696000898,
        0.005796339019419505,
        0.008940341109273693,
        0.011138651364603108,
        0.009416123724226065,
        0.014158754941331715,
        0.0031983549716671153,
        0.00934062413219035,
        0.014754375342722488,
        0.019063739941331453,
        0.02203588019053542,
        0.023593567620662594,
        0.02376624254537706,
        0.016058424924967753,
        0.017668771713911124,
        0.01862676132438834,
        0.019117801642455367,
        0.01932006669300174,
        0.019369591435390143,
        0.019320066694940397,
        0.01911780164145188,
        0.018626761324054306,
        0.017668771714199377,
        0.016058424925016947,
        0.013640362395955822,
        0.010329697594166225,
        0.006148875695177033,
        0.001251631664631881,
        -0.004073108054266042,
        -0.009416123723031512,
        -0.014158754932215672,
        -0.003198354968685662,
        -0.009340624130199371,
        -0.014754375343649012,
        -0.0190637399163533,
        -0.022035880182225364,
        -0.023593567617912457,
        -0.023766242603623214,
        -0.016058424925343144,
        -0.017668771714458843,
        -0.018626761324391578,
        -0.019117801641424695,
        -0.019320066690687,
        -0.019369591459413006,
        -0.019320066694256597,
        -0.01911780164193142,
        -0.018626761314461948,
        -0.017668771714377324,
        -0.01605842492452441,
        -0.013640362394431789,
        -0.010329697594007807,
        -0.006148875695414255,
        -0.0012516316662958282,
        0.004073108062116233,
        0.009416123725015844,
        0.014158754938263329,
        0.003198354971485934,
        0.009340624132532465,
        0.014754375335913977,
        0.019063739941895683,
        0.02203588015873294,
        0.023593567620429103,
        0.023766242604178676,
        0.01605842492494029,
        0.017668771711639476,
        0.018626761323412747,
        0.01911780164302323,
        0.019320066693388458,
        0.019369591460736406
    ],