{
    "I_fc": [
        1.75,
        1.7362007273003364,
        1.6950205319751044,
        1.62710885030444,
        1.5335366900767613,
        1.415779740156158,
        1.2756950979874702,
        1.115491982060207,
        0.937696891213244,
        0.7451137602388771,
        0.540779740156158,
        0.3279173005250179,
        0.10988340917629828,
        -0.10988340917629845,
        -0.32791730052501844,
        -0.5407797401561583,
        -0.7451137602388772,
        -0.9376968912132445,
        -1.115491982060207,
        -1.2756950979874704,
        -1.4157797401561578,
        -1.5335366900767613,
        -1.62710885030444,
        -1.6950205319751044,
        -1.7362007273003364,
        -1.75,
        -1.7362007273003364,
        -1.6950205319751044,
        -1.6271088503044397,
        -1.533536690076761,
        -1.4157797401561576,
        -1.2756950979874702,
        -1.1154919820602067,
        -0.9376968912132435,
        -0.7451137602388763,
        -0.5407797401561583,
        -0.3279173005250181,
        -0.10988340917629812,
        0.10988340917629902,
        0.327917300525019,
        0.5407797401561576,
        0.7451137602388771,
        0.9376968912132444,
        1.1154919820602074,
        1.2756950979874708,
        1.4157797401561587,
        1.5335366900767613,
        1.62710885030444,
        1.6950205319751046,
        1.7362007273003364,
        1.75,
        1.7362007273003364,
        1.6950205319751044,
        1.62710885030444,
        1.5335366900767609,
        1.4157797401561574,
        1.2756950979874693,
        1.115491982060207,
        0.9376968912132437,
        0.7451137602388764,
        0.5407797401561569,
        0.3279173005250168,
        0.10988340917629831,
        -0.1098834091762988,
        -0.3279173005250188,
        -0.5407797401561575,
        -0.7451137602388783,
        -0.9376968912132442,
        -1.1154919820602085,
        -1.2756950979874706,
        -1.4157797401561576,
        -1.5335366900767617,
        -1.62710885030444,
        -1.695020531975105,
        -1.7362007273003364,
        -1.75
    ],
    "args": {
        "I_fc": [
            1.75
        ],
        "current_units": "mA",
        "cycles": 1.5,
        "d": 0.2,
        "directory": "/scratch/users/lbvh/py-tdgl/results/17223199/100",
        "dt_init": 1e-06,
        "fc_center": [
            0,
            0,
            1
        ],
        "fc_radius": 2.4,
        "field_units": "mT",
        "film_points": 4000,
        "film_radius": 15.0,
        "film_shape": "box",
        "film_smooth": 100,
        "gamma": 1.0,
        "index": 100,
        "lam": 1.35,
        "max_edge_length": 0.5,
        "pl_center": null,
        "pl_radius": 0.8,
        "points_per_cycle": 51.0,
        "save_every": 500,
        "screening": false,
        "seed_solutions": true,
        "slot_radius": 0.1,
        "slot_size": [
            2.0,
            50.0
        ],
        "slot_top_center_x": [
            -10.0,
            10.0,
            101.0
        ],
        "slot_top_center_y": [
            -1.0,
            -1.0,
            101.0
        ],
        "solve_time": [
            10000.0,
            2000.0
        ],
        "squid_angle": 180.0,
        "squid_iterations": 5,
        "squid_points": 4000,
        "squid_position": [
            0.0,
            0.0,
            0.5
        ],
        "squid_smooth": 100,
        "squid_type": "hypres-small",
        "xi": 0.9
    },
    "film_fluxoid": [
        -0.0008827093874286547,
        -0.0008758996921049254,
        -0.0008555299101677929,
        -0.0008218061865282963,
        -0.0007751345176272788,
        -0.0007161540956279459,
        -0.0006457397606737426,
        -0.0005649830713782507,
        -0.0004751637529859537,
        -0.00037771883481885665,
        -0.00027421243522848473,
        -0.00016630669671996207,
        -5.57334974798448e-05,
        5.573349743240153e-05,
        0.00016630669672669423,
        0.00027421243537630984,
        0.0003777188346244187,
        0.00047516375308607046,
        0.0005649830712349137,
        0.0006457397602540508,
        0.0007161540956480187,
        0.000775134517719886,
        0.0008218061861772338,
        0.0008555299102457164,
        0.000875899692230416,
        0.0008827093873643103,
        0.0008758996924797184,
        0.0008555299100651669,
        0.0008218061863480649,
        0.0007751345178147549,
        0.0007161540958216681,
        0.0006457397605384277,
        0.0005649830714990411,
        0.00047516375308585845,
        0.0003777188348572,
        0.0002742124351359659,
        0.00016630669663394572,
        5.573349741503216e-05,
        -5.573349745807567e-05,
        -0.00016630669674024695,
        -0.00027421243519364,
        -0.00037771883471563,
        -0.00047516375301885475,
        -0.0005649830712659418,
        -0.0006457397603515524,
        -0.0007161540955716146,
        -0.0007751345176836453,
        -0.0008218061864707636,
        -0.0008555299101156318,
        -0.0008758996922880193,
        -0.0008827093873191464,
        -0.0008758996921428093,
        -0.0008555299105050023,
        -0.0008218061860920833,
        -0.0007751345175962154,
        -0.0007161540953204923,
        -0.0006457397608498747,
        -0.0005649830713846118,
        -0.00047516375319813203,
        -0.0003777188346800431,
        -0.0002742124351704926,
        -0.00016630669675528388,
        -5.573349742708293e-05,
        5.573349746800607e-05,
        0.00016630669677516235,
        0.0002742124350945834,
        0.0003777188348743043,
        0.00047516375296909676,
        0.0005649830715391868,
        0.0006457397601995219,
        0.0007161540956200828,
        0.0007751345179243427,
        0.0008218061860957409,
        0.000855529910189933,
        0.0008758996921739435,
        0.0008827093875477223
    ],