{
    "I_fc": [
        1.0,
        0.9921147013144779,
        0.9685831611286311,
        0.9297764858882513,
        0.8763066800438636,
        0.8090169943749475,
        0.7289686274214116,
        0.6374239897486896,
        0.5358267949789965,
        0.42577929156507266,
        0.30901699437494745,
        0.18738131458572452,
        0.0627905195293133,
        -0.0627905195293134,
        -0.18738131458572482,
        -0.30901699437494756,
        -0.4257792915650727,
        -0.5358267949789969,
        -0.6374239897486897,
        -0.7289686274214117,
        -0.8090169943749473,
        -0.8763066800438636,
        -0.9297764858882515,
        -0.9685831611286311,
        -0.9921147013144779,
        -1.0,
        -0.9921147013144779,
        -0.9685831611286311,
        -0.9297764858882512,
        -0.8763066800438635,
        -0.8090169943749472,
        -0.7289686274214116,
        -0.6374239897486895,
        -0.5358267949789963,
        -0.42577929156507216,
        -0.30901699437494756,
        -0.18738131458572463,
        -0.06279051952931321,
        0.06279051952931372,
        0.18738131458572513,
        0.30901699437494723,
        0.4257792915650726,
        0.5358267949789968,
        0.63742398974869,
        0.7289686274214119,
        0.8090169943749478,
        0.8763066800438636,
        0.9297764858882515,
        0.9685831611286312,
        0.9921147013144779,
        1.0,
        0.9921147013144779,
        0.9685831611286311,
        0.9297764858882513,
        0.8763066800438634,
        0.809016994374947,
        0.728968627421411,
        0.6374239897486896,
        0.5358267949789964,
        0.42577929156507227,
        0.30901699437494684,
        0.18738131458572388,
        0.06279051952931332,
        -0.0627905195293136,
        -0.18738131458572502,
        -0.3090169943749471,
        -0.4257792915650733,
        -0.5358267949789967,
        -0.6374239897486905,
        -0.7289686274214118,
        -0.8090169943749472,
        -0.8763066800438639,
        -0.9297764858882515,
        -0.9685831611286314,
        -0.9921147013144779,
        -1.0
    ],
    "args": {
        "I_fc": [
            1.0
        ],
        "current_units": "mA",
        "cycles": 1.5,
        "d": 0.2,
        "directory": "/scratch/users/lbvh/py-tdgl/results/17223926/20",
        "dt_init": 1e-06,
        "fc_center": [
            0,
            0,
            1
        ],
        "fc_radius": 2.4,
        "field_units": "mT",
        "film_points": 4000,
        "film_radius": 15.0,
        "film_shape": "box",
        "film_smooth": 100,
        "gamma": 1.0,
        "index": 20,
        "lam": 1.35,
        "max_edge_length": 0.5,
        "pl_center": null,
        "pl_radius": 0.8,
        "points_per_cycle": 51.0,
        "save_every": 500,
        "screening": false,
        "seed_solutions": true,
        "slot_radius": 0.1,
        "slot_size": [
            2.0,
            50.0
        ],
        "slot_top_center_x": [
            -10.0,
            10.0,
            101.0
        ],
        "slot_top_center_y": [
            5.0,
            5.0,
            101.0
        ],
        "solve_time": [
            10000.0,
            2000.0
        ],
        "squid_angle": 180.0,
        "squid_iterations": 5,
        "squid_points": 4000,
        "squid_position": [
            0.0,
            0.0,
            0.5
        ],
        "squid_smooth": 100,
        "squid_type": "hypres-small",
        "xi": 0.9
    },
    "film_fluxoid": [
        -0.00024844093984038103,
        -0.0002464818947693024,
        -0.00024063565918022546,
        -0.0002309944422527167,
        -0.00021771030362534644,
        -0.0002009927515265229,
        -0.00018110543725871929,
        -0.00015836199750118268,
        -0.00013312110905623322,
        -0.00010578083342052364,
        -7.677234005801853e-05,
        -4.6553107233616944e-05,
        -1.559970760505002e-05,
        1.5599707605067688e-05,
        4.655310723357719e-05,
        7.677234005800087e-05,
        0.0001057808334204883,
        0.00013312110905609184,
        0.00015836199750089995,
        0.00018110543725863095,
        0.0002009927515265582,
        0.00021771030362555848,
        0.00023099444225272773,
        0.00024063565918029615,
        0.0002464818947692582,
        0.000248440939840275,
        0.000246481894769214,
        0.00024063565918036681,
        0.0002309944422526924,
        0.00021771030362538178,
        0.0002009927515265582,
        0.00018110543725868394,
        0.00015836199750097064,
        0.00013312110905619787,
        0.0001057808334204883,
        7.677234005801853e-05,
        4.6553107233612526e-05,
        1.5599707605085357e-05,
        -1.559970760501468e-05,
        -4.655310723357719e-05,
        -7.677234005805388e-05,
        -0.00010578083342053688,
        -0.0001331211090562067,
        -0.00015836199750104133,
        -0.00018110543725868394,
        -0.0002009927515265229,
        -0.00021771030362538178,
        -0.0002309944422526924,
        -0.00024063565918029615,
        -0.0002464818947693024,
        -0.0002484409398400983,
        -0.00024648189476926703,
        -0.00024063565918022546,
        -0.0002309944422527134,
        -0.00021771030362541713,
        -0.00020099275152666424,
        -0.0001811054372585426,
        -0.00015836199750104133,
        -0.00013312110905623322,
        -0.00010578083342052364,
        -7.677234005805388e-05,
        -4.6553107233604794e-05,
        -1.5599707605111862e-05,
        1.5599707605067688e-05,
        4.655310723357719e-05,
        7.677234005801853e-05,
        0.00010578083342052364,
        0.00013312110905616253,
        0.00015836199750104133,
        0.0001811054372587016,
        0.00020099275152659355,
        0.00021771030362534644,
        0.00023099444225267916,
        0.00024063565918029615,
        0.00024648189476928026,
        0.000248440939840275
    ],