{
    "I_fc": [
        0.9,
        0.89290323118303,
        0.871724845015768,
        0.8367988372994263,
        0.7886760120394772,
        0.7281152949374528,
        0.6560717646792704,
        0.5736815907738206,
        0.4822441154810969,
        0.3832013624085654,
        0.27811529493745274,
        0.16864318312715207,
        0.05651146757638197,
        -0.05651146757638206,
        -0.16864318312715235,
        -0.2781152949374528,
        -0.38320136240856545,
        -0.4822441154810972,
        -0.5736815907738207,
        -0.6560717646792705,
        -0.7281152949374526,
        -0.7886760120394772,
        -0.8367988372994263,
        -0.871724845015768,
        -0.89290323118303,
        -0.9,
        -0.89290323118303,
        -0.871724845015768,
        -0.8367988372994262,
        -0.7886760120394771,
        -0.7281152949374525,
        -0.6560717646792704,
        -0.5736815907738206,
        -0.4822441154810967,
        -0.38320136240856495,
        -0.2781152949374528,
        -0.16864318312715218,
        -0.05651146757638189,
        0.05651146757638235,
        0.16864318312715262,
        0.2781152949374525,
        0.38320136240856534,
        0.4822441154810971,
        0.573681590773821,
        0.6560717646792708,
        0.728115294937453,
        0.7886760120394772,
        0.8367988372994263,
        0.8717248450157681,
        0.89290323118303,
        0.9,
        0.89290323118303,
        0.871724845015768,
        0.8367988372994263,
        0.788676012039477,
        0.7281152949374523,
        0.6560717646792699,
        0.5736815907738206,
        0.4822441154810968,
        0.38320136240856506,
        0.2781152949374522,
        0.16864318312715149,
        0.05651146757638199,
        -0.056511467576382236,
        -0.1686431831271525,
        -0.2781152949374524,
        -0.383201362408566,
        -0.482244115481097,
        -0.5736815907738215,
        -0.6560717646792706,
        -0.7281152949374525,
        -0.7886760120394776,
        -0.8367988372994263,
        -0.8717248450157683,
        -0.89290323118303,
        -0.9
    ],
    "args": {
        "I_fc": [
            0.9
        ],
        "current_units": "mA",
        "cycles": 1.5,
        "d": 0.2,
        "directory": "/scratch/users/lbvh/py-tdgl/results/17289543/47",
        "dt_init": 1e-06,
        "fc_center": [
            0,
            0,
            1
        ],
        "fc_radius": 2.4,
        "field_units": "mT",
        "film_points": 4000,
        "film_radius": 15.0,
        "film_shape": "box",
        "film_smooth": 100,
        "gamma": 1.0,
        "index": 47,
        "lam": 1.35,
        "max_edge_length": 0.5,
        "pl_center": null,
        "pl_radius": 0.8,
        "points_per_cycle": 51.0,
        "save_every": 500,
        "screening": false,
        "seed_solutions": true,
        "slot_radius": 0.1,
        "slot_size": [
            2.0,
            50.0
        ],
        "slot_top_center_x": [
            -10.0,
            10.0,
            101.0
        ],
        "slot_top_center_y": [
            5.0,
            5.0,
            101.0
        ],
        "solve_time": [
            10000.0,
            2000.0
        ],
        "squid_angle": 180.0,
        "squid_iterations": 5,
        "squid_points": 4000,
        "squid_position": [
            0.0,
            0.0,
            0.5
        ],
        "squid_smooth": 100,
        "squid_type": "hypres-small",
        "xi": 0.9
    },
    "film_fluxoid": [
        -0.0009592101957183726,
        -0.0009516464629477772,
        -0.0009290745617175668,
        -0.0008918504992859032,
        -0.000840561371554479,
        -0.0007760160945288625,
        -0.0006992326373606659,
        -0.0006114219604704432,
        -0.0005139689133735214,
        -0.00040841039369493397,
        -0.00029641111114377626,
        -0.00017973733749525363,
        -6.022905541439132e-05,
        6.022905541439132e-05,
        0.00017973733749525363,
        0.0002964111111437056,
        0.00040841039369500466,
        0.0005139689133734507,
        0.0006114219604704786,
        0.0006992326373606703,
        0.0007760160945287211,
        0.000840561371554479,
        0.0008918504992861153,
        0.0009290745617175844,
        0.0009516464629478479,
        0.0009592101957184432,
        0.0009516464629478215,
        0.0009290745617176109,
        0.00089185049928608,
        0.000840561371554479,
        0.0007760160945288361,
        0.0006992326373606327,
        0.0006114219604704786,
        0.0005139689133734507,
        0.00040841039369493397,
        0.0002964111111437586,
        0.0001797373374952717,
        6.02290554143869e-05,
        -6.0229055414373653e-05,
        -0.000179737337495274,
        -0.00029641111114368795,
        -0.0004084103936949693,
        -0.0005139689133734507,
        -0.0006114219604704079,
        -0.0006992326373607034,
        -0.0007760160945288979,
        -0.0008405613715545143,
        -0.0008918504992862213,
        -0.0009290745617176109,
        -0.0009516464629476801,
        -0.0009592101957184432,
        -0.0009516464629478479,
        -0.0009290745617175932,
        -0.0008918504992860446,
        -0.000840561371554479,
        -0.0007760160945288625,
        -0.0006992326373606681,
        -0.0006114219604703018,
        -0.0005139689133733093,
        -0.00040841039369507535,
        -0.0002964111111437056,
        -0.0001797373374953243,
        -6.022905541439132e-05,
        6.022905541439132e-05,
        0.00017973733749525363,
        0.00029641111114377626,
        0.00040841039369486333,
        0.0005139689133734507,
        0.0006114219604704786,
        0.0006992326373606703,
        0.0007760160945288272,
        0.000840561371554479,
        0.0008918504992860446,
        0.0009290745617175932,
        0.0009516464629478479,
        0.0009592101957184432
    ],