{
    "I_fc": [
        1.5,
        1.4881720519717168,
        1.4528747416929466,
        1.394664728832377,
        1.3144600200657954,
        1.2135254915624212,
        1.0934529411321172,
        0.9561359846230344,
        0.8037401924684948,
        0.638668937347609,
        0.4635254915624212,
        0.2810719718785868,
        0.09418577929396996,
        -0.0941857792939701,
        -0.28107197187858723,
        -0.46352549156242134,
        -0.6386689373476091,
        -0.8037401924684953,
        -0.9561359846230346,
        -1.0934529411321174,
        -1.213525491562421,
        -1.3144600200657954,
        -1.3946647288323772,
        -1.4528747416929466,
        -1.4881720519717168,
        -1.5,
        -1.4881720519717168,
        -1.4528747416929466,
        -1.3946647288323768,
        -1.3144600200657952,
        -1.2135254915624207,
        -1.0934529411321172,
        -0.9561359846230343,
        -0.8037401924684945,
        -0.6386689373476082,
        -0.46352549156242134,
        -0.28107197187858696,
        -0.09418577929396982,
        0.09418577929397058,
        0.2810719718785877,
        0.46352549156242084,
        0.6386689373476089,
        0.8037401924684952,
        0.956135984623035,
        1.0934529411321179,
        1.2135254915624216,
        1.3144600200657954,
        1.3946647288323772,
        1.4528747416929468,
        1.4881720519717168,
        1.5,
        1.4881720519717168,
        1.4528747416929466,
        1.394664728832377,
        1.314460020065795,
        1.2135254915624205,
        1.0934529411321166,
        0.9561359846230344,
        0.8037401924684946,
        0.6386689373476084,
        0.4635254915624203,
        0.2810719718785858,
        0.09418577929396998,
        -0.0941857792939704,
        -0.2810719718785875,
        -0.4635254915624207,
        -0.63866893734761,
        -0.803740192468495,
        -0.9561359846230357,
        -1.0934529411321177,
        -1.2135254915624207,
        -1.3144600200657959,
        -1.3946647288323772,
        -1.452874741692947,
        -1.4881720519717168,
        -1.5
    ],
    "args": {
        "I_fc": [
            1.5
        ],
        "current_units": "mA",
        "cycles": 1.5,
        "d": 0.2,
        "directory": "/scratch/users/lbvh/py-tdgl/results/17223198/45",
        "dt_init": 1e-06,
        "fc_center": [
            0,
            0,
            1
        ],
        "fc_radius": 2.4,
        "field_units": "mT",
        "film_points": 4000,
        "film_radius": 15.0,
        "film_shape": "box",
        "film_smooth": 100,
        "gamma": 1.0,
        "index": 45,
        "lam": 1.35,
        "max_edge_length": 0.5,
        "pl_center": null,
        "pl_radius": 0.8,
        "points_per_cycle": 51.0,
        "save_every": 500,
        "screening": false,
        "seed_solutions": true,
        "slot_radius": 0.1,
        "slot_size": [
            2.0,
            50.0
        ],
        "slot_top_center_x": [
            -10.0,
            10.0,
            101.0
        ],
        "slot_top_center_y": [
            -1.0,
            -1.0,
            101.0
        ],
        "solve_time": [
            10000.0,
            2000.0
        ],
        "squid_angle": 180.0,
        "squid_iterations": 5,
        "squid_points": 4000,
        "squid_position": [
            0.0,
            0.0,
            0.5
        ],
        "squid_smooth": 100,
        "squid_type": "hypres-small",
        "xi": 0.9
    },
    "film_fluxoid": [
        0.9994993060379229,
        0.99950322697713,
        0.9995149284342149,
        0.9995342302008403,
        0.9995608466636557,
        0.9995944263857534,
        0.999634963222113,
        -0.000316210283631595,
        -0.00026544133080801346,
        -0.0002107412683239829,
        -0.0001528620301475489,
        -9.265984715432965e-05,
        -3.1044652923511484e-05,
        3.104465292352915e-05,
        9.265984715445774e-05,
        0.00015286203014733686,
        0.00021074126832407123,
        0.00026544133080798256,
        0.00031621028363166566,
        0.0003629393488659325,
        -0.9995944263857531,
        -0.9995608466636557,
        -0.9995342302008396,
        -0.999514928434215,
        -0.9995032269771293,
        -0.9994993060379241,
        -0.9995032269771285,
        -0.999514928434214,
        -0.9995342302008418,
        -0.9995608466636555,
        -0.9995944263857534,
        -0.9996349632221138,
        0.0003162102836318424,
        0.0002654413308079119,
        0.00021074126832382387,
        0.00015286203014741638,
        9.265984715428105e-05,
        3.104465292349381e-05,
        -3.104465292349381e-05,
        -9.265984715449309e-05,
        -0.00015286203014746057,
        -0.00021074126832396523,
        -0.0002654413308081239,
        -0.0003162102836311356,
        -0.0003629393488669662,
        0.9995944263857532,
        0.9995608466636563,
        0.9995342302008416,
        0.9995149284342151,
        0.9995032269771295,
        0.9994993060379239,
        0.9995032269771296,
        0.9995149284342129,
        0.9995342302008404,
        0.9995608466636549,
        0.9995944263857542,
        0.9996349632221129,
        -0.00031621028363145365,
        -0.00026544133080853665,
        -0.00021074126832394755,
        -0.00015286203014740755,
        -9.265984715432909e-05,
        -3.104465292347614e-05,
        3.104465292352915e-05,
        9.265984715435172e-05,
        0.0001528620301476196,
        0.00021074126832371784,
        0.000265441330808654,
        0.00031621028363201906,
        0.0003629393488662152,
        -0.9995944263857545,
        -0.9995608466636569,
        -0.9995342302008399,
        -0.9995149284342139,
        -0.9995032269771299,
        -0.9994993060379216
    ],