{
    "I_fc": [
        1.2,
        1.1905376415773734,
        1.1622997933543573,
        1.1157317830659015,
        1.0515680160526362,
        0.9708203932499369,
        0.8747623529056938,
        0.7649087876984275,
        0.6429921539747958,
        0.5109351498780872,
        0.37082039324993693,
        0.22485757750286942,
        0.07534862343517597,
        -0.07534862343517608,
        -0.22485757750286978,
        -0.37082039324993704,
        -0.5109351498780872,
        -0.6429921539747963,
        -0.7649087876984276,
        -0.8747623529056939,
        -0.9708203932499367,
        -1.0515680160526362,
        -1.1157317830659017,
        -1.1622997933543573,
        -1.1905376415773734,
        -1.2,
        -1.1905376415773734,
        -1.1622997933543573,
        -1.1157317830659015,
        -1.0515680160526362,
        -0.9708203932499366,
        -0.8747623529056938,
        -0.7649087876984274,
        -0.6429921539747956,
        -0.5109351498780865,
        -0.37082039324993704,
        -0.22485757750286955,
        -0.07534862343517584,
        0.07534862343517647,
        0.22485757750287014,
        0.37082039324993665,
        0.5109351498780871,
        0.6429921539747961,
        0.764908787698428,
        0.8747623529056943,
        0.9708203932499373,
        1.0515680160526362,
        1.1157317830659017,
        1.1622997933543573,
        1.1905376415773734,
        1.2,
        1.1905376415773734,
        1.1622997933543573,
        1.1157317830659015,
        1.051568016052636,
        0.9708203932499364,
        0.8747623529056932,
        0.7649087876984275,
        0.6429921539747957,
        0.5109351498780867,
        0.3708203932499362,
        0.22485757750286864,
        0.07534862343517598,
        -0.07534862343517632,
        -0.22485757750287003,
        -0.37082039324993654,
        -0.510935149878088,
        -0.6429921539747959,
        -0.7649087876984286,
        -0.8747623529056942,
        -0.9708203932499366,
        -1.0515680160526366,
        -1.1157317830659017,
        -1.1622997933543577,
        -1.1905376415773734,
        -1.2
    ],
    "args": {
        "I_fc": [
            1.2
        ],
        "current_units": "mA",
        "cycles": 1.5,
        "d": 0.2,
        "directory": "/scratch/users/lbvh/py-tdgl/results/17298304/90",
        "dt_init": 1e-06,
        "fc_center": [
            0,
            0,
            1
        ],
        "fc_radius": 2.4,
        "field_units": "mT",
        "film_points": 4000,
        "film_radius": 15.0,
        "film_shape": "box",
        "film_smooth": 100,
        "gamma": 1.0,
        "index": 90,
        "lam": 1.35,
        "max_edge_length": 0.5,
        "pl_center": null,
        "pl_radius": 0.8,
        "points_per_cycle": 51.0,
        "save_every": 500,
        "screening": false,
        "seed_solutions": true,
        "slot_radius": 0.1,
        "slot_size": [
            2.0,
            50.0
        ],
        "slot_top_center_x": [
            -10.0,
            10.0,
            101.0
        ],
        "slot_top_center_y": [
            5.0,
            5.0,
            101.0
        ],
        "solve_time": [
            10000.0,
            2000.0
        ],
        "squid_angle": 180.0,
        "squid_iterations": 5,
        "squid_points": 4000,
        "squid_position": [
            0.0,
            0.0,
            0.5
        ],
        "squid_smooth": 100,
        "squid_type": "hypres-small",
        "xi": 0.9
    },
    "film_fluxoid": [
        -0.0009609830820815576,
        -0.0009534028323506062,
        -0.0009307827565342412,
        -0.0008934822538445396,
        -0.0008420922625244488,
        -0.0007774247677096434,
        -0.000700499767147309,
        -0.0006125296383261604,
        -0.0005149006644382364,
        -0.00040915162123736376,
        -0.000296949703901513,
        -0.00018006423247122992,
        -6.033865153823204e-05,
        6.0338651774405894e-05,
        0.000180064232303438,
        0.0002969497040819918,
        0.0004091516208550611,
        0.0005149006640785864,
        0.0006125296380834752,
        0.0007004997668016003,
        0.0007774247678514961,
        0.0008420922618042652,
        0.0008934822535666298,
        0.0009307827564006402,
        0.000953402832070364,
        0.0009609830819234266,
        0.0009534028321642257,
        0.0009307827560849171,
        0.0008934822537194025,
        0.0008420922617218535,
        0.0007774247677153685,
        0.0007004997664998011,
        0.0006125296382034263,
        0.0005149006641094201,
        0.00040915162074824747,
        0.0002969497039347321,
        0.0001800642325503904,
        6.033865155717401e-05,
        -6.033865204978892e-05,
        -0.00018006423271239549,
        -0.00029694970404045904,
        -0.0004091516207879514,
        -0.0005149006641629418,
        -0.0006125296383874744,
        -0.0007004997665389749,
        -0.0007774247679353038,
        -0.000842092262180949,
        -0.000893482253542811,
        -0.0009307827561053655,
        -0.000953402832697216,
        -0.0009609830820421894,
        -0.000953402832043612,
        -0.0009307827561997352,
        -0.0008934822536365314,
        -0.0008420922622430051,
        -0.0007774247683410011,
        -0.0007004997666939563,
        -0.0006125296382382004,
        -0.0005149006645008581,
        -0.0004091516209346456,
        -0.0002969497042405601,
        -0.0001800642324541256,
        -6.0338651647466426e-05,
        6.033865175592334e-05,
        0.00018006423278299496,
        0.0002969497039688347,
        0.00040915162134988475,
        0.0005149006642470498,
        0.0006125296384724217,
        0.0007004997668487786,
        0.0007774247678502239,
        0.0008420922618919955,
        0.0008934822534877167,
        0.0009307827561936214,
        0.0009534028325221088,
        0.000960983081979311
    ],