{
    "I_fc": [
        1.0,
        0.9921147013144779,
        0.9685831611286311,
        0.9297764858882513,
        0.8763066800438636,
        0.8090169943749475,
        0.7289686274214116,
        0.6374239897486896,
        0.5358267949789965,
        0.42577929156507266,
        0.30901699437494745,
        0.18738131458572452,
        0.0627905195293133,
        -0.0627905195293134,
        -0.18738131458572482,
        -0.30901699437494756,
        -0.4257792915650727,
        -0.5358267949789969,
        -0.6374239897486897,
        -0.7289686274214117,
        -0.8090169943749473,
        -0.8763066800438636,
        -0.9297764858882515,
        -0.9685831611286311,
        -0.9921147013144779,
        -1.0,
        -0.9921147013144779,
        -0.9685831611286311,
        -0.9297764858882512,
        -0.8763066800438635,
        -0.8090169943749472,
        -0.7289686274214116,
        -0.6374239897486895,
        -0.5358267949789963,
        -0.42577929156507216,
        -0.30901699437494756,
        -0.18738131458572463,
        -0.06279051952931321,
        0.06279051952931372,
        0.18738131458572513,
        0.30901699437494723,
        0.4257792915650726,
        0.5358267949789968,
        0.63742398974869,
        0.7289686274214119,
        0.8090169943749478,
        0.8763066800438636,
        0.9297764858882515,
        0.9685831611286312,
        0.9921147013144779,
        1.0,
        0.9921147013144779,
        0.9685831611286311,
        0.9297764858882513,
        0.8763066800438634,
        0.809016994374947,
        0.728968627421411,
        0.6374239897486896,
        0.5358267949789964,
        0.42577929156507227,
        0.30901699437494684,
        0.18738131458572388,
        0.06279051952931332,
        -0.0627905195293136,
        -0.18738131458572502,
        -0.3090169943749471,
        -0.4257792915650733,
        -0.5358267949789967,
        -0.6374239897486905,
        -0.7289686274214118,
        -0.8090169943749472,
        -0.8763066800438639,
        -0.9297764858882515,
        -0.9685831611286314,
        -0.9921147013144779,
        -1.0
    ],
    "args": {
        "I_fc": [
            1.0
        ],
        "current_units": "mA",
        "cycles": 1.5,
        "d": 0.2,
        "directory": "/scratch/users/lbvh/py-tdgl/results/17223926/62",
        "dt_init": 1e-06,
        "fc_center": [
            0,
            0,
            1
        ],
        "fc_radius": 2.4,
        "field_units": "mT",
        "film_points": 4000,
        "film_radius": 15.0,
        "film_shape": "box",
        "film_smooth": 100,
        "gamma": 1.0,
        "index": 62,
        "lam": 1.35,
        "max_edge_length": 0.5,
        "pl_center": null,
        "pl_radius": 0.8,
        "points_per_cycle": 51.0,
        "save_every": 500,
        "screening": false,
        "seed_solutions": true,
        "slot_radius": 0.1,
        "slot_size": [
            2.0,
            50.0
        ],
        "slot_top_center_x": [
            -10.0,
            10.0,
            101.0
        ],
        "slot_top_center_y": [
            5.0,
            5.0,
            101.0
        ],
        "solve_time": [
            10000.0,
            2000.0
        ],
        "squid_angle": 180.0,
        "squid_iterations": 5,
        "squid_points": 4000,
        "squid_position": [
            0.0,
            0.0,
            0.5
        ],
        "squid_smooth": 100,
        "squid_type": "hypres-small",
        "xi": 0.9
    },
    "film_fluxoid": [
        -0.0006514430785719294,
        -0.0006462185478390141,
        -0.0006306572390843098,
        -0.0006050716316470755,
        -0.0005699328018180413,
        -0.0005258455765693596,
        -0.0004735372174501003,
        -0.00041384896019101597,
        -0.00034772607933761604,
        -0.0002762058366113696,
        -0.00020040351071661303,
        -0.0001214968071303938,
        -4.070898300950152e-05,
        4.070898303381509e-05,
        0.0001214968073992567,
        0.00020040351122576684,
        0.00027620583706922813,
        0.00034772607946688796,
        0.00041384896051804767,
        0.00047353721800570784,
        0.000525845576049816,
        0.0005699328033357976,
        0.0006050716320282031,
        0.0006306572387213731,
        0.000646218547697126,
        0.0006514430777346417,
        0.0006462185466790658,
        0.000630657239846406,
        0.0006050716315286616,
        0.0005699328040894477,
        0.0005258455765221636,
        0.00047353721813052694,
        0.00041384896045323504,
        0.0003477260793071534,
        0.000276205837053396,
        0.0002004035111406649,
        0.00012149680742171494,
        4.070898324961573e-05,
        -4.070898311528147e-05,
        -0.00012149680700447918,
        -0.0002004035110837904,
        -0.0002762058371222727,
        -0.00034772607970823017,
        -0.00041384896025854973,
        -0.0004735372185400764,
        -0.0005258455768679607,
        -0.0005699328036465731,
        -0.0006050716322218812,
        -0.0006306572387897197,
        -0.0006462185471780153,
        -0.0006514430780665873,
        -0.0006462185478765977,
        -0.0006306572394329427,
        -0.0006050716315103912,
        -0.0005699328032748469,
        -0.0005258455759103663,
        -0.00047353721764892027,
        -0.0004138489607416406,
        -0.0003477260791561654,
        -0.0002762058364141399,
        -0.0002004035108257414,
        -0.00012149680749647564,
        -4.070898304003485e-05,
        4.070898323729992e-05,
        0.00012149680716813638,
        0.00020040351090779972,
        0.00027620583682729394,
        0.00034772607947628826,
        0.0004138489611898868,
        0.0004735372176944199,
        0.0005258455763839332,
        0.0005699328036862064,
        0.0006050716320764239,
        0.0006306572390813059,
        0.0006462185473077555,
        0.0006514430780534746
    ],