{
    "I_fc": [
        0.9,
        0.8929032311830299,
        0.8717248450157682,
        0.8367988372994262,
        0.7886760120394771,
        0.7281152949374529,
        0.6560717646792705,
        0.5736815907738206,
        0.4822441154810969,
        0.3832013624085654,
        0.27811529493745274,
        0.16864318312715207,
        0.056511467576381966,
        -0.05651146757638206,
        -0.16864318312715237,
        -0.27811529493745285,
        -0.3832013624085655,
        -0.4822441154810971,
        -0.5736815907738206,
        -0.6560717646792705,
        -0.7281152949374528,
        -0.7886760120394772,
        -0.8367988372994263,
        -0.8717248450157682,
        -0.8929032311830299,
        -0.9,
        -0.8929032311830299,
        -0.8717248450157681,
        -0.8367988372994262,
        -0.7886760120394771,
        -0.7281152949374526,
        -0.6560717646792705,
        -0.5736815907738206,
        -0.4822441154810966,
        -0.38320136240856495,
        -0.27811529493745285,
        -0.1686431831271522,
        -0.056511467576381876,
        0.05651146757638235,
        0.16864318312715265,
        0.2781152949374526,
        0.3832013624085654,
        0.482244115481097,
        0.5736815907738209,
        0.6560717646792708,
        0.7281152949374531,
        0.7886760120394771,
        0.8367988372994263,
        0.8717248450157682,
        0.8929032311830299,
        0.9,
        0.8929032311830299,
        0.8717248450157681,
        0.8367988372994262,
        0.7886760120394769,
        0.7281152949374524,
        0.65607176467927,
        0.5736815907738206,
        0.4822441154810967,
        0.38320136240856506,
        0.27811529493745224,
        0.1686431831271515,
        0.05651146757638199,
        -0.056511467576382236,
        -0.16864318312715254,
        -0.2781152949374524,
        -0.38320136240856595,
        -0.4822441154810969,
        -0.5736815907738215,
        -0.6560717646792708,
        -0.7281152949374526,
        -0.7886760120394776,
        -0.8367988372994263,
        -0.8717248450157684,
        -0.8929032311830299,
        -0.9
    ],
    "args": {
        "I_fc": [
            0.9
        ],
        "current_units": "mA",
        "cycles": 1.5,
        "d": 0.2,
        "directory": "/scratch/users/lbvh/py-tdgl/results/17289543/53",
        "dt_init": 1e-06,
        "fc_center": [
            0,
            0,
            1
        ],
        "fc_radius": 2.4,
        "field_units": "mT",
        "film_points": 4000,
        "film_radius": 15.0,
        "film_shape": "box",
        "film_smooth": 100,
        "gamma": 1.0,
        "index": 53,
        "lam": 1.35,
        "max_edge_length": 0.5,
        "pl_center": null,
        "pl_radius": 0.8,
        "points_per_cycle": 51.0,
        "save_every": 500,
        "screening": false,
        "seed_solutions": true,
        "slot_radius": 0.1,
        "slot_size": [
            2.0,
            50.0
        ],
        "slot_top_center_x": [
            -10.0,
            10.0,
            101.0
        ],
        "slot_top_center_y": [
            5.0,
            5.0,
            101.0
        ],
        "solve_time": [
            10000.0,
            2000.0
        ],
        "squid_angle": 180.0,
        "squid_iterations": 5,
        "squid_points": 4000,
        "squid_position": [
            0.0,
            0.0,
            0.5
        ],
        "squid_smooth": 100,
        "squid_type": "hypres-small",
        "xi": 0.9
    },
    "film_fluxoid": [
        -0.0009816207300536854,
        -0.0009738757667722295,
        -0.0009507637535120208,
        -0.0009126512442726062,
        -0.0008601422956983249,
        -0.0007940684095344095,
        -0.0007154748669264688,
        -0.0006256037687639298,
        -0.0005258741320778052,
        -0.0004178593545447207,
        -0.0003032624061150405,
        -0.0001838890980564456,
        -6.161982250965948e-05,
        6.161982257406571e-05,
        0.00018388909765182715,
        0.0003032624061757538,
        0.00041785935480472225,
        0.0005258741321625494,
        0.0006256037688866197,
        0.0007154748667265533,
        0.0007940684096447394,
        0.0008601422957339295,
        0.0009126512440677785,
        0.0009507637535756672,
        0.0009738757664245241,
        0.0009816207298067332,
        0.0009738757663359634,
        0.0009507637535940792,
        0.000912651243994767,
        0.0008601422958779556,
        0.0007940684096829061,
        0.0007154748667341071,
        0.0006256037688383459,
        0.0005258741321537852,
        0.00041785935458186254,
        0.00030326240620116287,
        0.00018388909793959666,
        6.16198225739597e-05,
        -6.161982269262973e-05,
        -0.0001838890976849049,
        -0.0003032624061978056,
        -0.0004178593547828382,
        -0.0005258741318356943,
        -0.0006256037684756588,
        -0.0007154748664746887,
        -0.0007940684096265043,
        -0.0008601422953785202,
        -0.000912651244128315,
        -0.0009507637536570542,
        -0.0009738757661779075,
        -0.0009816207301264848,
        -0.0009738757662863114,
        -0.00095076375382838,
        -0.0009126512443598947,
        -0.0008601422956997142,
        -0.000794068409619083,
        -0.0007154748667120288,
        -0.0006256037688825379,
        -0.0005258741320501698,
        -0.00041785935467681973,
        -0.0003032624063197976,
        -0.000183889097782813,
        -6.161982284658625e-05,
        6.16198226316691e-05,
        0.00018388909768034614,
        0.00030326240614064395,
        0.0004178593548781268,
        0.0005258741318311709,
        0.0006256037687668187,
        0.0007154748665382644,
        0.0007940684100096198,
        0.0008601422953885919,
        0.0009126512440433942,
        0.0009507637535737236,
        0.000973875766285852,
        0.0009816207297212822
    ],