{
    "I_fc": [
        1.0,
        0.9921147013144777,
        0.9685831611286313,
        0.9297764858882512,
        0.8763066800438635,
        0.8090169943749476,
        0.7289686274214117,
        0.6374239897486896,
        0.5358267949789965,
        0.42577929156507266,
        0.3090169943749475,
        0.18738131458572452,
        0.06279051952931329,
        -0.0627905195293134,
        -0.18738131458572485,
        -0.3090169943749476,
        -0.42577929156507277,
        -0.5358267949789968,
        -0.6374239897486896,
        -0.7289686274214117,
        -0.8090169943749475,
        -0.8763066800438636,
        -0.9297764858882515,
        -0.9685831611286313,
        -0.9921147013144777,
        -1.0,
        -0.9921147013144777,
        -0.9685831611286312,
        -0.9297764858882512,
        -0.8763066800438635,
        -0.8090169943749473,
        -0.7289686274214117,
        -0.6374239897486895,
        -0.5358267949789962,
        -0.42577929156507216,
        -0.3090169943749476,
        -0.18738131458572466,
        -0.0627905195293132,
        0.06279051952931372,
        0.18738131458572516,
        0.3090169943749473,
        0.42577929156507266,
        0.5358267949789967,
        0.6374239897486899,
        0.7289686274214119,
        0.8090169943749479,
        0.8763066800438635,
        0.9297764858882513,
        0.9685831611286313,
        0.9921147013144777,
        1.0,
        0.9921147013144777,
        0.9685831611286312,
        0.9297764858882512,
        0.8763066800438633,
        0.8090169943749471,
        0.7289686274214111,
        0.6374239897486896,
        0.5358267949789963,
        0.42577929156507227,
        0.30901699437494695,
        0.1873813145857239,
        0.06279051952931332,
        -0.0627905195293136,
        -0.18738131458572505,
        -0.3090169943749471,
        -0.42577929156507327,
        -0.5358267949789965,
        -0.6374239897486905,
        -0.7289686274214119,
        -0.8090169943749473,
        -0.8763066800438639,
        -0.9297764858882513,
        -0.9685831611286315,
        -0.9921147013144777,
        -1.0
    ],
    "args": {
        "I_fc": [
            1.0
        ],
        "current_units": "mA",
        "cycles": 1.5,
        "d": 0.2,
        "directory": "/scratch/users/lbvh/py-tdgl/results/17223926/37",
        "dt_init": 1e-06,
        "fc_center": [
            0,
            0,
            1
        ],
        "fc_radius": 2.4,
        "field_units": "mT",
        "film_points": 4000,
        "film_radius": 15.0,
        "film_shape": "box",
        "film_smooth": 100,
        "gamma": 1.0,
        "index": 37,
        "lam": 1.35,
        "max_edge_length": 0.5,
        "pl_center": null,
        "pl_radius": 0.8,
        "points_per_cycle": 51.0,
        "save_every": 500,
        "screening": false,
        "seed_solutions": true,
        "slot_radius": 0.1,
        "slot_size": [
            2.0,
            50.0
        ],
        "slot_top_center_x": [
            -10.0,
            10.0,
            101.0
        ],
        "slot_top_center_y": [
            5.0,
            5.0,
            101.0
        ],
        "solve_time": [
            10000.0,
            2000.0
        ],
        "squid_angle": 180.0,
        "squid_iterations": 5,
        "squid_points": 4000,
        "squid_position": [
            0.0,
            0.0,
            0.5
        ],
        "squid_smooth": 100,
        "squid_type": "hypres-small",
        "xi": 0.9
    },
    "film_fluxoid": [
        -0.0006115531535928025,
        -0.0006067310528570548,
        -0.0005923407743159992,
        -0.000568609192649782,
        -0.0005359104635107065,
        -0.0004947601361122134,
        -0.00044580704017926096,
        -0.0003898230728380001,
        -0.0003276910433964491,
        -0.00026039076473402566,
        -0.00018898360834828574,
        -0.00011459576543501798,
        -3.840047807851905e-05,
        3.840047807837769e-05,
        0.00011459576543473526,
        0.00018898360834856845,
        0.00026039076473402566,
        0.0003276910433966258,
        0.00038982307283735515,
        0.00044580704017718476,
        0.0004947601361098988,
        0.00053591046350795,
        0.0005686091926481564,
        0.0005923407743176956,
        0.0006067310528536849,
        0.0006115531535946136,
        0.0006067310528559465,
        0.0005923407743162113,
        0.0005686091926509836,
        0.0005359104635122615,
        0.0004947601361088915,
        0.0004458070401765133,
        0.00038982307283463397,
        0.0003276910433959897,
        0.0002603907647336016,
        0.0001889836083487805,
        0.00011459576543558342,
        3.840047807851905e-05,
        -3.840047807827167e-05,
        -0.00011459576543537137,
        -0.0001889836083487805,
        -0.0002603907647352272,
        -0.0003276910433943641,
        -0.0003898230728380266,
        -0.00044580704017697275,
        -0.0004947601361110649,
        -0.0005359104635128358,
        -0.0005686091926515136,
        -0.0005923407743175542,
        -0.0006067310528582083,
        -0.0006115531535981387,
        -0.0006067310528574684,
        -0.0005923407743174128,
        -0.0005686091926490752,
        -0.0005359104635127563,
        -0.0004947601361082201,
        -0.00044580704017649564,
        -0.0003898230728382386,
        -0.0003276910433963784,
        -0.0002603907647332482,
        -0.00018898360834757895,
        -0.00011459576543515934,
        -3.8400478078165656e-05,
        3.840047807866041e-05,
        0.00011459576543501798,
        0.00018898360834786166,
        0.00026039076473480314,
        0.00032769104339606036,
        0.00038982307283926345,
        0.0004458070401802416,
        0.0004947601361096513,
        0.0005359104635116254,
        0.0005686091926496407,
        0.000592340774316282,
        0.0006067310528560525,
        0.000611553153594671
    ],