{
    "I_fc": [
        8.9075,
        8.837261701958713,
        8.627654507753283,
        8.2819840480496,
        7.805701752490715,
        7.206318877394845,
        6.493288048756224,
        5.677854188686453,
        4.772877176275412,
        3.792629039615885,
        2.7525688773948445,
        1.6690990596723412,
        0.5593065527073583,
        -0.5593065527073592,
        -1.669099059672344,
        -2.752568877394846,
        -3.7926290396158855,
        -4.772877176275415,
        -5.677854188686454,
        -6.493288048756225,
        -7.206318877394844,
        -7.805701752490715,
        -8.281984048049601,
        -8.627654507753283,
        -8.837261701958713,
        -8.9075,
        -8.837261701958713,
        -8.627654507753283,
        -8.281984048049598,
        -7.805701752490714,
        -7.206318877394843,
        -6.493288048756224,
        -5.677854188686452,
        -4.7728771762754105,
        -3.7926290396158806,
        -2.752568877394846,
        -1.6690990596723423,
        -0.5593065527073574,
        0.559306552707362,
        1.6690990596723467,
        2.7525688773948427,
        3.7926290396158846,
        4.772877176275414,
        5.677854188686457,
        6.493288048756227,
        7.206318877394848,
        7.805701752490715,
        8.281984048049601,
        8.627654507753283,
        8.837261701958713,
        8.9075,
        8.837261701958713,
        8.627654507753283,
        8.2819840480496,
        7.805701752490713,
        7.206318877394841,
        6.493288048756219,
        5.677854188686453,
        4.772877176275411,
        3.7926290396158815,
        2.752568877394839,
        1.6690990596723356,
        0.5593065527073584,
        -0.5593065527073608,
        -1.6690990596723456,
        -2.752568877394842,
        -3.792629039615891,
        -4.772877176275413,
        -5.677854188686461,
        -6.4932880487562255,
        -7.206318877394843,
        -7.805701752490719,
        -8.281984048049601,
        -8.627654507753284,
        -8.837261701958713,
        -8.9075
    ],
    "args": {
        "I_fc": [
            0.5,
            10.0,
            201.0
        ],
        "current_units": "mA",
        "cycles": 1.5,
        "d": 0.2,
        "directory": "/scratch/users/lbvh/py-tdgl/results/14122470/177",
        "dt_init": 1e-06,
        "fc_center": [
            0,
            0,
            1
        ],
        "fc_radius": 2.4,
        "field_units": "mT",
        "film_points": 4000,
        "film_radius": 15.0,
        "film_shape": "box",
        "film_smooth": 100,
        "gamma": 1.0,
        "index": 177,
        "lam": 1.35,
        "max_edge_length": 0.5,
        "pl_center": null,
        "pl_radius": 0.8,
        "points_per_cycle": 51.0,
        "save_every": 500,
        "screening": false,
        "seed_solutions": true,
        "slot_radius": 0,
        "slot_size": null,
        "slot_top_center_x": null,
        "slot_top_center_y": null,
        "solve_time": [
            20000.0,
            2000.0
        ],
        "squid_angle": 0,
        "squid_iterations": 5,
        "squid_points": 4000,
        "squid_position": [
            0.0,
            0.0,
            0.5
        ],
        "squid_smooth": 100,
        "squid_type": "hypres-small",
        "xi": 0.9
    },
    "film_fluxoid": [
        3.9961500737338804,
        3.9961795352904743,
        3.996267460305026,
        3.9964123977321986,
        3.996603392427597,
        3.9968559730838162,
        3.9971432180014705,
        3.997489529128922,
        3.997885664261845,
        3.9982860328267336,
        3.9987040640703215,
        2.9991765662168524,
        0.9997306882786541,
        0.00022778384045276217,
        0.0006808942022337102,
        -0.9988352387689295,
        -1.9983477353915067,
        -1.9979257586543584,
        -2.9975206294200576,
        -2.99717267907634,
        -2.9968721248664827,
        -2.996634745482863,
        -3.996395506824217,
        -3.9962479397279655,
        -3.9961674075959213,
        -3.9961395649807865,
        -3.9961692873886347,
        -3.9962573709330558,
        -3.9964027827636435,
        -3.9966033508749885,
        -3.9968559729668383,
        -3.997143218000566,
        -3.997489529127254,
        -3.9978856642623,
        -3.998286032825273,
        -3.9987040640705525,
        -2.99917656622159,
        -0.9997306882789903,
        -0.00022778384002689254,
        -0.0006808942031374118,
        0.9988352387682156,
        1.9983477353960695,
        1.9979257586539194,
        2.997520629425443,
        2.9971726790768303,
        2.9968721248703347,
        2.9966347454423015,
        3.9963955067125494,
        3.9962479397028554,
        3.996167407622863,
        3.996139565001172,
        3.9961692873912624,
        3.9962573709321343,
        3.9964027827638025,
        3.9966033508752203,
        3.9968559729660527,
        3.997143218001214,
        3.9974895291307266,
        3.997885664261638,
        3.998286032826951,
        3.998704064067919,
        2.9991765662524186,
        0.9997306882813198,
        0.00022778383885985868,
        0.0006808942032391188,
        -0.9988352387688848,
        -1.9983477354027455,
        -1.9979257586544605,
        -2.9975206294206234,
        -2.9971726790750917,
        -2.9968721248641916,
        -2.9966347455184574,
        -3.996395506916967,
        -3.996247939764533,
        -3.996167407633329,
        -3.9961395650085914
    ],
    "flux": [
        -0.003293870124330551,
        -0.0029122541696153612,
        -0.0018074338621915007,
        -0.00020753280149921383,
        -0.0015581920115740628,
        0.0010057498337864097,
        -0.0026080419252941015,
        -0.0017222959811349842,
        -0.0056365958910925915,
        0.004353746893811017,
        0.014057617015693474,
        0.012793293164279244,
        0.009737803359741212,
        0.008975255536509987,
        0.022045050715598213,
        0.017832359450781973,
        0.008812712455765224,
        0.00957531073858135,
        0.0090649833119142,
        0.00913428191996146,
        0.011940319173537235,
        0.006686227883948243,
        0.00891712454400013,
        0.010320590837963262,
        0.007541209758232694,
        0.007858627248130176,
        0.007499742512827823,
        0.006364285338301171,
        0.004336340193585582,
        0.0015595335441620512,
        -0.001005743526568543,
        0.002608041957726817,
        0.0017222960136156508,
        0.005636595892313644,
        -0.004353746896414832,
        -0.01405761701444073,
        -0.012793294333447615,
        -0.00973780335854752,
        -0.008975255534301818,
        -0.022045050714928956,
        -0.017832359448793956,
        -0.008812712941488528,
        -0.009575310198359737,
        -0.009064982566797847,
        -0.009134281638306147,
        -0.011940326302094883,
        -0.00668622697625139,
        -0.008917127330593733,
        -0.010320591839983066,
        -0.007541209124493102,
        -0.007858626752667628,
        -0.007499742484887684,
        -0.006364285296116174,
        -0.004336340194592844,
        -0.001559533538396607,
        0.0010057435226355413,
        -0.0026080419907115126,
        -0.0017222959430254205,
        -0.005636595894459563,
        0.004353746892849233,
        0.014057617020800042,
        0.012793297830216122,
        0.009737803296611938,
        0.008975255539765593,
        0.022045050715377337,
        0.01783235944259647,
        0.008812713620191747,
        0.009575310624904961,
        0.00906498326770908,
        0.009134281743918725,
        0.011940314688433581,
        0.006686228657036931,
        0.008917122229493729,
        0.010320589506645892,
        0.00754120887700195,
        0.007858626659888988
    ],
    "timing": {
        "end_time": "2023-03-29T18:22:54.537185",
        "start_time": "2023-03-29T09:49:48.118689",