{
    "I_fc": [
        3.92,
        3.8890896291527532,
        3.7968459916242336,
        3.6447238246819453,
        3.435122185771945,
        3.171346617949794,
        2.8575570194919333,
        2.498702039814863,
        2.100441036317666,
        1.6690548229350848,
        1.211346617949794,
        0.7345347531760401,
        0.24613883655490815,
        -0.24613883655490854,
        -0.7345347531760413,
        -1.2113466179497945,
        -1.669054822935085,
        -2.1004410363176675,
        -2.4987020398148636,
        -2.8575570194919337,
        -3.1713466179497933,
        -3.435122185771945,
        -3.644723824681946,
        -3.7968459916242336,
        -3.8890896291527532,
        -3.92,
        -3.8890896291527532,
        -3.7968459916242336,
        -3.644723824681945,
        -3.4351221857719447,
        -3.171346617949793,
        -2.8575570194919333,
        -2.4987020398148627,
        -2.1004410363176658,
        -1.6690548229350828,
        -1.2113466179497945,
        -0.7345347531760406,
        -0.24613883655490776,
        0.24613883655490978,
        0.7345347531760424,
        1.2113466179497931,
        1.6690548229350846,
        2.100441036317667,
        2.4987020398148645,
        2.8575570194919346,
        3.171346617949795,
        3.435122185771945,
        3.644723824681946,
        3.796845991624234,
        3.8890896291527532,
        3.92,
        3.8890896291527532,
        3.7968459916242336,
        3.6447238246819453,
        3.4351221857719443,
        3.171346617949792,
        2.857557019491931,
        2.498702039814863,
        2.1004410363176658,
        1.6690548229350832,
        1.2113466179497916,
        0.7345347531760376,
        0.2461388365549082,
        -0.24613883655490928,
        -0.7345347531760421,
        -1.2113466179497927,
        -1.6690548229350874,
        -2.1004410363176667,
        -2.4987020398148667,
        -2.857557019491934,
        -3.171346617949793,
        -3.4351221857719465,
        -3.644723824681946,
        -3.796845991624235,
        -3.8890896291527532,
        -3.92
    ],
    "args": {
        "I_fc": [
            0.5,
            10.0,
            201.0
        ],
        "current_units": "mA",
        "cycles": 1.5,
        "d": 0.2,
        "directory": "/scratch/users/lbvh/py-tdgl/results/14122470/72",
        "dt_init": 1e-06,
        "fc_center": [
            0,
            0,
            1
        ],
        "fc_radius": 2.4,
        "field_units": "mT",
        "film_points": 4000,
        "film_radius": 15.0,
        "film_shape": "box",
        "film_smooth": 100,
        "gamma": 1.0,
        "index": 72,
        "lam": 1.35,
        "max_edge_length": 0.5,
        "pl_center": null,
        "pl_radius": 0.8,
        "points_per_cycle": 51.0,
        "save_every": 500,
        "screening": false,
        "seed_solutions": true,
        "slot_radius": 0,
        "slot_size": null,
        "slot_top_center_x": null,
        "slot_top_center_y": null,
        "solve_time": [
            20000.0,
            2000.0
        ],
        "squid_angle": 0,
        "squid_iterations": 5,
        "squid_points": 4000,
        "squid_position": [
            0.0,
            0.0,
            0.5
        ],
        "squid_smooth": 100,
        "squid_type": "hypres-small",
        "xi": 0.9
    },
    "film_fluxoid": [
        1.9982936348160845,
        1.99830663346397,
        1.998345382014963,
        1.9984092883463729,
        1.9984970520287946,
        1.998607671485271,
        1.9987518452605937,
        1.9988982421529957,
        1.9990602740258236,
        1.9992351879881882,
        1.9994193584881388,
        0.9996594170588116,
        0.9998578071347376,
        0.00010023046353699924,
        0.0002991822222223344,
        0.0004936582912712955,
        0.0006808760644763647,
        0.0008585164179470945,
        -0.998939662875381,
        -0.9987918773345836,
        -0.9986610938096572,
        -1.9985151017672547,
        -1.9984286026864586,
        -1.9983654807712958,
        -1.9983269986503325,
        -1.9983140567438176,
        -1.9983269986510028,
        -1.99836548077061,
        -1.998428602686623,
        -1.9985151017678406,
        -1.9986234452775586,
        -1.9987518452634734,
        -1.9988982421506412,
        -1.9990602740240884,
        -1.999235187988267,
        -1.999419358484516,
        -0.9996594170577556,
        -0.9998578071350194,
        -0.00010023046365542188,
        -0.0002991822232730836,
        -0.0004936582907770019,
        -0.0006808760662467012,
        -0.0008585164186376547,
        0.9989396628757945,
        0.9987918773344665,
        0.9986610938099506,
        1.998515101768005,
        1.9984286026865754,
        1.9983654807711484,
        1.9983269986504077,
        1.9983140567435675,
        1.9983269986504095,
        1.998365480770488,
        1.9984286026866769,
        1.9985151017680627,
        1.9986234452784029,
        1.9987518452608857,
        1.9988982421528272,
        1.999060274023844,
        1.9992351879870947,
        1.9994193584869058,
        0.99965941705543,
        0.9998578071359163,
        0.00010023046346066593,
        0.0002991822224931056,
        0.0004936582917564007,
        0.0006808760629994212,
        0.0008585164190460645,
        -0.9989396628753837,
        -0.9987918773339427,
        -0.9986610938088766,
        -1.9985151017684248,
        -1.9984286026860214,
        -1.998365480770339,
        -1.9983269986510646,
        -1.998314056742907
    ],
    "flux": [
        -0.00971340955546067,
        -0.009484401696855535,
        -0.008780144895050055,
        -0.007578532117257252,
        -0.005841404253749925,
        -0.003769099321440988,
        -0.007898819203585922,
        -0.003788096419707231,
        0.0009607234018836045,
        0.005783022414910389,
        0.00977765971955165,
        0.007329530649730468,
        0.013631227683908486,
        0.004021738522605035,
        0.01159459674963627,
        0.01782678983000127,
        0.02204474785641862,
        0.023825450696463187,
        0.015888922907255302,
        0.018443913305534784,
        0.019443968624460097,
        0.013336817444585345,
        0.014733244566105216,
        0.015486731609965774,
        0.015817586111958343,
        0.015904045294907458,
        0.015817586113646503,
        0.015486731608618715,
        0.014733244566923074,
        0.013336817446677706,
        0.011096753252181943,
        0.007898819210445489,
        0.0037880964149688825,
        -0.0009607233986942458,
        -0.005783022497409559,
        -0.009777659757093781,
        -0.0073295306397389145,
        -0.013631227677630676,
        -0.004021738521897278,
        -0.01159459674788972,
        -0.017826789853614612,
        -0.022044747883823487,
        -0.023825450693623094,
        -0.015888922908317376,
        -0.018443913304989012,
        -0.019443968624802126,
        -0.013336817446355273,
        -0.014733244567249748,
        -0.015486731609533778,
        -0.01581758611193933,
        -0.015904045294068914,
        -0.01581758611206966,
        -0.015486731610392398,
        -0.014733244566230612,
        -0.013336817445997504,
        -0.011096753253790828,
        -0.007898819204496315,
        -0.003788096418958112,
        0.000960723408164752,
        0.005783022505122319,
        0.009777659760688097,
        0.007329530654677399,
        0.013631227678318146,
        0.004021738520769863,
        0.011594596749210092,
        0.017826789852246137,
        0.02204474788009841,
        0.02382545069368168,
        0.01588892290725724,
        0.018443913304425304,
        0.019443968604067715,
        0.013336817454849957,
        0.014733244565450842,
        0.015486731635092616,
        0.015817586131066222,
        0.015904045293671103
    ],
    "timing": {
        "end_time": "2023-03-29T14:48:15.791750",