{
    "I_fc": [
        1.0,
        0.9921147013144779,
        0.9685831611286311,
        0.9297764858882513,
        0.8763066800438636,
        0.8090169943749475,
        0.7289686274214116,
        0.6374239897486896,
        0.5358267949789965,
        0.42577929156507266,
        0.30901699437494745,
        0.18738131458572452,
        0.0627905195293133,
        -0.0627905195293134,
        -0.18738131458572482,
        -0.30901699437494756,
        -0.4257792915650727,
        -0.5358267949789969,
        -0.6374239897486897,
        -0.7289686274214117,
        -0.8090169943749473,
        -0.8763066800438636,
        -0.9297764858882515,
        -0.9685831611286311,
        -0.9921147013144779,
        -1.0,
        -0.9921147013144779,
        -0.9685831611286311,
        -0.9297764858882512,
        -0.8763066800438635,
        -0.8090169943749472,
        -0.7289686274214116,
        -0.6374239897486895,
        -0.5358267949789963,
        -0.42577929156507216,
        -0.30901699437494756,
        -0.18738131458572463,
        -0.06279051952931321,
        0.06279051952931372,
        0.18738131458572513,
        0.30901699437494723,
        0.4257792915650726,
        0.5358267949789968,
        0.63742398974869,
        0.7289686274214119,
        0.8090169943749478,
        0.8763066800438636,
        0.9297764858882515,
        0.9685831611286312,
        0.9921147013144779,
        1.0,
        0.9921147013144779,
        0.9685831611286311,
        0.9297764858882513,
        0.8763066800438634,
        0.809016994374947,
        0.728968627421411,
        0.6374239897486896,
        0.5358267949789964,
        0.42577929156507227,
        0.30901699437494684,
        0.18738131458572388,
        0.06279051952931332,
        -0.0627905195293136,
        -0.18738131458572502,
        -0.3090169943749471,
        -0.4257792915650733,
        -0.5358267949789967,
        -0.6374239897486905,
        -0.7289686274214118,
        -0.8090169943749472,
        -0.8763066800438639,
        -0.9297764858882515,
        -0.9685831611286314,
        -0.9921147013144779,
        -1.0
    ],
    "args": {
        "I_fc": [
            1.0
        ],
        "current_units": "mA",
        "cycles": 1.5,
        "d": 0.2,
        "directory": "/scratch/users/lbvh/py-tdgl/results/17223926/91",
        "dt_init": 1e-06,
        "fc_center": [
            0,
            0,
            1
        ],
        "fc_radius": 2.4,
        "field_units": "mT",
        "film_points": 4000,
        "film_radius": 15.0,
        "film_shape": "box",
        "film_smooth": 100,
        "gamma": 1.0,
        "index": 91,
        "lam": 1.35,
        "max_edge_length": 0.5,
        "pl_center": null,
        "pl_radius": 0.8,
        "points_per_cycle": 51.0,
        "save_every": 500,
        "screening": false,
        "seed_solutions": true,
        "slot_radius": 0.1,
        "slot_size": [
            2.0,
            50.0
        ],
        "slot_top_center_x": [
            -10.0,
            10.0,
            101.0
        ],
        "slot_top_center_y": [
            5.0,
            5.0,
            101.0
        ],
        "solve_time": [
            10000.0,
            2000.0
        ],
        "squid_angle": 180.0,
        "squid_iterations": 5,
        "squid_points": 4000,
        "squid_position": [
            0.0,
            0.0,
            0.5
        ],
        "squid_smooth": 100,
        "squid_type": "hypres-small",
        "xi": 0.9
    },
    "film_fluxoid": [
        -0.0007301929443157105,
        -0.0007244358507749157,
        -0.0007072553301895019,
        -0.0006789221895182414,
        -0.0006398829319669863,
        -0.0005907526870088504,
        -0.0005323055829837021,
        -0.0004654626854501868,
        -0.0003912776255641559,
        -0.0003109200865666859,
        -0.00022565738914595676,
        -0.0001368344775670622,
        -4.585264492054153e-05,
        4.5852644913261595e-05,
        0.00013683447757264583,
        0.00022565738915093962,
        0.00031092008655233806,
        0.00039127762558719727,
        0.0004654626854384187,
        0.0005323055829775662,
        0.0005907526870380054,
        0.0006398829319605544,
        0.0006789221895244611,
        0.0007072553301999481,
        0.0007244358507957307,
        0.0007301929443837744,
        0.0007244358507574934,
        0.000707255330205947,
        0.0006789221895280304,
        0.0006398829318992404,
        0.0005907526870150348,
        0.0005323055829704409,
        0.00046546268544152855,
        0.00039127762556168214,
        0.0003109200865414535,
        0.00022565738915188054,
        0.0001368344775736795,
        4.58526449081197e-05,
        -4.585264491964921e-05,
        -0.00013683447756800753,
        -0.00022565738913992253,
        -0.00031092008654223097,
        -0.0003912776255920034,
        -0.00046546268541269154,
        -0.0005323055829535486,
        -0.0005907526870421124,
        -0.0006398829319359935,
        -0.000678922189478555,
        -0.0007072553301591398,
        -0.000724435850801809,
        -0.0007301929443212942,
        -0.0007244358507931155,
        -0.0007072553302119812,
        -0.0006789221895209625,
        -0.000639882931952073,
        -0.0005907526870328281,
        -0.0005323055829539197,
        -0.00046546268544972734,
        -0.00039127762559801115,
        -0.0003109200865381316,
        -0.0002256573891622836,
        -0.0001368344775710202,
        -4.585264491144161e-05,
        4.585264491499323e-05,
        0.00013683447757572036,
        0.0002256573891521765,
        0.0003109200865330427,
        0.0003912776255719306,
        0.00046546268542074895,
        0.0005323055829718898,
        0.0005907526870306547,
        0.0006398829319117153,
        0.0006789221895937618,
        0.0007072553302020684,
        0.0007244358507917726,
        0.0007301929442672248
    ],