{
    "I_fc": [
        1.2,
        1.1905376415773734,
        1.1622997933543573,
        1.1157317830659015,
        1.0515680160526362,
        0.9708203932499369,
        0.8747623529056938,
        0.7649087876984275,
        0.6429921539747958,
        0.5109351498780872,
        0.37082039324993693,
        0.22485757750286942,
        0.07534862343517597,
        -0.07534862343517608,
        -0.22485757750286978,
        -0.37082039324993704,
        -0.5109351498780872,
        -0.6429921539747963,
        -0.7649087876984276,
        -0.8747623529056939,
        -0.9708203932499367,
        -1.0515680160526362,
        -1.1157317830659017,
        -1.1622997933543573,
        -1.1905376415773734,
        -1.2,
        -1.1905376415773734,
        -1.1622997933543573,
        -1.1157317830659015,
        -1.0515680160526362,
        -0.9708203932499366,
        -0.8747623529056938,
        -0.7649087876984274,
        -0.6429921539747956,
        -0.5109351498780865,
        -0.37082039324993704,
        -0.22485757750286955,
        -0.07534862343517584,
        0.07534862343517647,
        0.22485757750287014,
        0.37082039324993665,
        0.5109351498780871,
        0.6429921539747961,
        0.764908787698428,
        0.8747623529056943,
        0.9708203932499373,
        1.0515680160526362,
        1.1157317830659017,
        1.1622997933543573,
        1.1905376415773734,
        1.2,
        1.1905376415773734,
        1.1622997933543573,
        1.1157317830659015,
        1.051568016052636,
        0.9708203932499364,
        0.8747623529056932,
        0.7649087876984275,
        0.6429921539747957,
        0.5109351498780867,
        0.3708203932499362,
        0.22485757750286864,
        0.07534862343517598,
        -0.07534862343517632,
        -0.22485757750287003,
        -0.37082039324993654,
        -0.510935149878088,
        -0.6429921539747959,
        -0.7649087876984286,
        -0.8747623529056942,
        -0.9708203932499366,
        -1.0515680160526366,
        -1.1157317830659017,
        -1.1622997933543577,
        -1.1905376415773734,
        -1.2
    ],
    "args": {
        "I_fc": [
            1.2
        ],
        "current_units": "mA",
        "cycles": 1.5,
        "d": 0.2,
        "directory": "/scratch/users/lbvh/py-tdgl/results/17298299/100",
        "dt_init": 1e-06,
        "fc_center": [
            0,
            0,
            1
        ],
        "fc_radius": 2.4,
        "field_units": "mT",
        "film_points": 4000,
        "film_radius": 15.0,
        "film_shape": "box",
        "film_smooth": 100,
        "gamma": 1.0,
        "index": 100,
        "lam": 1.35,
        "max_edge_length": 0.5,
        "pl_center": null,
        "pl_radius": 0.8,
        "points_per_cycle": 51.0,
        "save_every": 500,
        "screening": false,
        "seed_solutions": true,
        "slot_radius": 0.1,
        "slot_size": [
            2.0,
            50.0
        ],
        "slot_top_center_x": [
            -10.0,
            10.0,
            101.0
        ],
        "slot_top_center_y": [
            -1.0,
            -1.0,
            101.0
        ],
        "solve_time": [
            10000.0,
            2000.0
        ],
        "squid_angle": 180.0,
        "squid_iterations": 5,
        "squid_points": 4000,
        "squid_position": [
            0.0,
            0.0,
            0.5
        ],
        "squid_smooth": 100,
        "squid_type": "hypres-small",
        "xi": 0.9
    },
    "film_fluxoid": [
        -0.0006076078987306447,
        -0.0006028378071504849,
        -0.0005885987035723832,
        -0.0005651040940021375,
        -0.0005327093130100033,
        -0.0004919094027446549,
        -0.00044333427284059304,
        -0.00038774058802200866,
        -0.00032600044882683335,
        -0.00025908735342390166,
        -0.00018806006857389427,
        -0.00011404499105916627,
        -3.821748022272479e-05,
        3.821748021381924e-05,
        0.00011404499113557027,
        0.0001880600684795378,
        0.00025908735352158003,
        0.0003260004487095062,
        0.00038774058789648277,
        0.00044333427284532856,
        0.0004919094026616071,
        0.000532709313266144,
        0.0005651040939917765,
        0.0005885987038244422,
        0.000602837807193493,
        0.0006076078985025636,
        0.0006028378070286342,
        0.0005885987037401398,
        0.0005651040941003461,
        0.000532709313171301,
        0.0004919094029253281,
        0.00044333427271665745,
        0.00038774058786905934,
        0.00032600044877502567,
        0.00025908735343393806,
        0.00018806006853601032,
        0.00011404499110630917,
        3.8217480209649175e-05,
        -3.821748022491584e-05,
        -0.00011404499114560669,
        -0.00018806006850692592,
        -0.00025908735354190026,
        -0.000326000448836269,
        -0.00038774058774766816,
        -0.0004433342728364053,
        -0.000491909402778413,
        -0.0005327093132428552,
        -0.0005651040938302463,
        -0.0005885987037383021,
        -0.0006028378070436182,
        -0.0006076078984472926,
        -0.0006028378072426326,
        -0.0005885987037678404,
        -0.0005651040939633878,
        -0.0005327093130760881,
        -0.0004919094026342543,
        -0.00044333427277493223,
        -0.00038774058802412903,
        -0.0003260004487347386,
        -0.0002590873534846149,
        -0.0001880600685138171,
        -0.00011404499116730514,
        -3.8217480214172636e-05,
        3.8217480219049486e-05,
        0.00011404499114772706,
        0.00018806006844313813,
        0.0002590873535350797,
        0.0003260004487478849,
        0.00038774058805197655,
        0.00044333427272524493,
        0.0004919094028948125,
        0.000532709313060627,
        0.0005651040939433238,
        0.0005885987038126564,
        0.000602837807195154,
        0.0006076078986779888
    ],