{
    "I_fc": [
        1.0,
        0.9921147013144779,
        0.9685831611286311,
        0.9297764858882513,
        0.8763066800438636,
        0.8090169943749475,
        0.7289686274214116,
        0.6374239897486896,
        0.5358267949789965,
        0.42577929156507266,
        0.30901699437494745,
        0.18738131458572452,
        0.0627905195293133,
        -0.0627905195293134,
        -0.18738131458572482,
        -0.30901699437494756,
        -0.4257792915650727,
        -0.5358267949789969,
        -0.6374239897486897,
        -0.7289686274214117,
        -0.8090169943749473,
        -0.8763066800438636,
        -0.9297764858882515,
        -0.9685831611286311,
        -0.9921147013144779,
        -1.0,
        -0.9921147013144779,
        -0.9685831611286311,
        -0.9297764858882512,
        -0.8763066800438635,
        -0.8090169943749472,
        -0.7289686274214116,
        -0.6374239897486895,
        -0.5358267949789963,
        -0.42577929156507216,
        -0.30901699437494756,
        -0.18738131458572463,
        -0.06279051952931321,
        0.06279051952931372,
        0.18738131458572513,
        0.30901699437494723,
        0.4257792915650726,
        0.5358267949789968,
        0.63742398974869,
        0.7289686274214119,
        0.8090169943749478,
        0.8763066800438636,
        0.9297764858882515,
        0.9685831611286312,
        0.9921147013144779,
        1.0,
        0.9921147013144779,
        0.9685831611286311,
        0.9297764858882513,
        0.8763066800438634,
        0.809016994374947,
        0.728968627421411,
        0.6374239897486896,
        0.5358267949789964,
        0.42577929156507227,
        0.30901699437494684,
        0.18738131458572388,
        0.06279051952931332,
        -0.0627905195293136,
        -0.18738131458572502,
        -0.3090169943749471,
        -0.4257792915650733,
        -0.5358267949789967,
        -0.6374239897486905,
        -0.7289686274214118,
        -0.8090169943749472,
        -0.8763066800438639,
        -0.9297764858882515,
        -0.9685831611286314,
        -0.9921147013144779,
        -1.0
    ],
    "args": {
        "I_fc": [
            1.0
        ],
        "current_units": "mA",
        "cycles": 1.5,
        "d": 0.2,
        "directory": "/scratch/users/lbvh/py-tdgl/results/17223926/23",
        "dt_init": 1e-06,
        "fc_center": [
            0,
            0,
            1
        ],
        "fc_radius": 2.4,
        "field_units": "mT",
        "film_points": 4000,
        "film_radius": 15.0,
        "film_shape": "box",
        "film_smooth": 100,
        "gamma": 1.0,
        "index": 23,
        "lam": 1.35,
        "max_edge_length": 0.5,
        "pl_center": null,
        "pl_radius": 0.8,
        "points_per_cycle": 51.0,
        "save_every": 500,
        "screening": false,
        "seed_solutions": true,
        "slot_radius": 0.1,
        "slot_size": [
            2.0,
            50.0
        ],
        "slot_top_center_x": [
            -10.0,
            10.0,
            101.0
        ],
        "slot_top_center_y": [
            5.0,
            5.0,
            101.0
        ],
        "solve_time": [
            10000.0,
            2000.0
        ],
        "squid_angle": 180.0,
        "squid_iterations": 5,
        "squid_points": 4000,
        "squid_position": [
            0.0,
            0.0,
            0.5
        ],
        "squid_smooth": 100,
        "squid_type": "hypres-small",
        "xi": 0.9
    },
    "film_fluxoid": [
        0.00028637994863671027,
        0.0002841217957925645,
        0.00027738293443648333,
        0.0002662696063584219,
        0.00025095704196985907,
        0.0002316867076962161,
        0.00020876249888760633,
        0.0001825459442468507,
        0.0001534505002862301,
        0.0001219350275975192,
        8.849655188956436e-05,
        5.3662424272728036e-05,
        1.7982004125500954e-05,
        -1.798200412801006e-05,
        -5.3662424276686065e-05,
        -8.849655190242793e-05,
        -0.00012193502759391457,
        -0.0001534505002838977,
        -0.0001825459442234913,
        -0.0002087624988999045,
        -0.0002316867076647286,
        -0.0002509570419795509,
        -0.00026626960636421754,
        -0.00027738293446362406,
        -0.00028412179575683627,
        -0.00028637994863963903,
        -0.00028412179575088156,
        -0.00027738293447132807,
        -0.00026626960637050797,
        -0.00025095704197274803,
        -0.000231686707657378,
        -0.00020876249885912272,
        -0.00018254594423981814,
        -0.00015345050030640898,
        -0.00012193502759310176,
        -8.849655188733798e-05,
        -5.366242426763915e-05,
        -1.7982004123539612e-05,
        1.7982004121048177e-05,
        5.366242426990088e-05,
        8.849655189663226e-05,
        0.0001219350275988621,
        0.00015345050027916222,
        0.00018254594426416704,
        0.00020876249887050201,
        0.00023168670767082465,
        0.00025095704196583917,
        0.00026626960637149747,
        0.00027738293448918336,
        0.0002841217957673498,
        0.0002863799486252205,
        0.0002841217957862741,
        0.00027738293447042694,
        0.00026626960639429146,
        0.0002509570419763527,
        0.0002316867076623962,
        0.00020876249889022146,
        0.0001825459442403129,
        0.00015345050029958845,
        0.00012193502759391457,
        8.849655190248095e-05,
        5.3662424273611526e-05,
        1.798200412076546e-05,
        -1.798200412645512e-05,
        -5.366242426205551e-05,
        -8.849655189998951e-05,
        -0.00012193502758592784,
        -0.0001534505002895167,
        -0.00018254594424521736,
        -0.00020876249886785157,
        -0.00023168670766105328,
        -0.0002509570419907712,
        -0.00026626960635927,
        -0.0002773829344696141,
        -0.00028412179577501844,
        -0.0002863799486426075
    ],