{
    "I_fc": [
        1.2,
        1.1905376415773734,
        1.1622997933543573,
        1.1157317830659015,
        1.0515680160526362,
        0.9708203932499369,
        0.8747623529056938,
        0.7649087876984275,
        0.6429921539747958,
        0.5109351498780872,
        0.37082039324993693,
        0.22485757750286942,
        0.07534862343517597,
        -0.07534862343517608,
        -0.22485757750286978,
        -0.37082039324993704,
        -0.5109351498780872,
        -0.6429921539747963,
        -0.7649087876984276,
        -0.8747623529056939,
        -0.9708203932499367,
        -1.0515680160526362,
        -1.1157317830659017,
        -1.1622997933543573,
        -1.1905376415773734,
        -1.2,
        -1.1905376415773734,
        -1.1622997933543573,
        -1.1157317830659015,
        -1.0515680160526362,
        -0.9708203932499366,
        -0.8747623529056938,
        -0.7649087876984274,
        -0.6429921539747956,
        -0.5109351498780865,
        -0.37082039324993704,
        -0.22485757750286955,
        -0.07534862343517584,
        0.07534862343517647,
        0.22485757750287014,
        0.37082039324993665,
        0.5109351498780871,
        0.6429921539747961,
        0.764908787698428,
        0.8747623529056943,
        0.9708203932499373,
        1.0515680160526362,
        1.1157317830659017,
        1.1622997933543573,
        1.1905376415773734,
        1.2,
        1.1905376415773734,
        1.1622997933543573,
        1.1157317830659015,
        1.051568016052636,
        0.9708203932499364,
        0.8747623529056932,
        0.7649087876984275,
        0.6429921539747957,
        0.5109351498780867,
        0.3708203932499362,
        0.22485757750286864,
        0.07534862343517598,
        -0.07534862343517632,
        -0.22485757750287003,
        -0.37082039324993654,
        -0.510935149878088,
        -0.6429921539747959,
        -0.7649087876984286,
        -0.8747623529056942,
        -0.9708203932499366,
        -1.0515680160526366,
        -1.1157317830659017,
        -1.1622997933543577,
        -1.1905376415773734,
        -1.2
    ],
    "args": {
        "I_fc": [
            1.2
        ],
        "current_units": "mA",
        "cycles": 1.5,
        "d": 0.2,
        "directory": "/scratch/users/lbvh/py-tdgl/results/17298304/31",
        "dt_init": 1e-06,
        "fc_center": [
            0,
            0,
            1
        ],
        "fc_radius": 2.4,
        "field_units": "mT",
        "film_points": 4000,
        "film_radius": 15.0,
        "film_shape": "box",
        "film_smooth": 100,
        "gamma": 1.0,
        "index": 31,
        "lam": 1.35,
        "max_edge_length": 0.5,
        "pl_center": null,
        "pl_radius": 0.8,
        "points_per_cycle": 51.0,
        "save_every": 500,
        "screening": false,
        "seed_solutions": true,
        "slot_radius": 0.1,
        "slot_size": [
            2.0,
            50.0
        ],
        "slot_top_center_x": [
            -10.0,
            10.0,
            101.0
        ],
        "slot_top_center_y": [
            5.0,
            5.0,
            101.0
        ],
        "solve_time": [
            10000.0,
            2000.0
        ],
        "squid_angle": 180.0,
        "squid_iterations": 5,
        "squid_points": 4000,
        "squid_position": [
            0.0,
            0.0,
            0.5
        ],
        "squid_smooth": 100,
        "squid_type": "hypres-small",
        "xi": 0.9
    },
    "film_fluxoid": [
        0.9993401618001472,
        0.9993453645268843,
        0.999360890686239,
        0.9993864955114703,
        0.9994217753633398,
        0.9994661741576907,
        0.9995189926441929,
        -0.00042058561820115245,
        -0.000353549984322441,
        -0.0002809385276345862,
        -0.00020389634990761491,
        -0.00012363846435871578,
        -4.143062839006371e-05,
        4.143062838684782e-05,
        0.00012363846436129556,
        0.00020389634991076013,
        0.000280938527637219,
        0.00035354998432076236,
        0.0004205856181957367,
        0.0004809882990151616,
        0.0005338055380313176,
        0.0005782045140785517,
        0.0006134852797384982,
        -0.99936089068624,
        -0.9993453645268839,
        -0.9993401618001476,
        -0.9993453645268884,
        -0.9993608906862353,
        -0.9993864955114695,
        -0.9994217753633338,
        -0.9994661741576907,
        -0.9995189926441969,
        0.00042058561819808676,
        0.0003535499843218181,
        0.00028093852763013343,
        0.0002038963499083217,
        0.0001236384643609775,
        4.1430628383667266e-05,
        -4.1430628388120043e-05,
        -0.00012363846436299188,
        -0.00020389634990962928,
        -0.00028093852763644154,
        -0.0003535499843255685,
        -0.0004205856181963021,
        -0.0004809882990136773,
        -0.000533805538036053,
        -0.0005782045140787637,
        -0.0006134852797456103,
        0.9993608906862371,
        0.999345364526884,
        0.9993401618001367,
        0.9993453645268909,
        0.9993608906862335,
        0.9993864955114767,
        0.9994217753633309,
        0.9994661741576896,
        0.9995189926442009,
        -0.0004205856181903032,
        -0.00035354998432431394,
        -0.0002809385276374664,
        -0.00020389634991436478,
        -0.0001236384643612249,
        -4.1430628374832394e-05,
        4.1430628385010165e-05,
        0.00012363846436030606,
        0.0002038963499125271,
        0.00028093852764082366,
        0.000353549984316875,
        0.0004205856181965848,
        0.0004809882990100374,
        0.000533805538043651,
        0.0005782045140775092,
        0.0006134852797480487,
        -0.9993608906862319,
        -0.9993453645268856,
        -0.9993401618001463
    ],