{
    "I_fc": [
        7.7675,
        7.706250942460207,
        7.523469704066642,
        7.222038854136993,
        6.8067121372407104,
        6.284039503807405,
        5.662263813495814,
        4.951190840372947,
        4.162034629999356,
        3.3072406472317017,
        2.400289503807404,
        1.455484361044615,
        0.4877253604439411,
        -0.4877253604439418,
        -1.4554843610446175,
        -2.400289503807405,
        -3.307240647231702,
        -4.162034629999359,
        -4.951190840372948,
        -5.662263813495815,
        -6.284039503807404,
        -6.8067121372407104,
        -7.2220388541369935,
        -7.523469704066642,
        -7.706250942460207,
        -7.7675,
        -7.706250942460207,
        -7.523469704066642,
        -7.222038854136992,
        -6.80671213724071,
        -6.284039503807403,
        -5.662263813495814,
        -4.951190840372946,
        -4.162034629999354,
        -3.307240647231698,
        -2.400289503807405,
        -1.455484361044616,
        -0.4877253604439403,
        0.4877253604439443,
        1.45548436104462,
        2.400289503807403,
        3.3072406472317013,
        4.162034629999358,
        4.951190840372949,
        5.662263813495817,
        6.284039503807407,
        6.8067121372407104,
        7.2220388541369935,
        7.523469704066643,
        7.706250942460207,
        7.7675,
        7.706250942460207,
        7.523469704066642,
        7.222038854136993,
        6.806712137240709,
        6.284039503807401,
        5.66226381349581,
        4.951190840372947,
        4.162034629999355,
        3.307240647231699,
        2.4002895038073997,
        1.4554843610446102,
        0.4877253604439412,
        -0.4877253604439434,
        -1.455484361044619,
        -2.400289503807402,
        -3.307240647231707,
        -4.162034629999357,
        -4.951190840372954,
        -5.662263813495816,
        -6.284039503807403,
        -6.806712137240713,
        -7.2220388541369935,
        -7.5234697040666445,
        -7.706250942460207,
        -7.7675
    ],
    "args": {
        "I_fc": [
            0.5,
            10.0,
            201.0
        ],
        "current_units": "mA",
        "cycles": 1.5,
        "d": 0.2,
        "directory": "/scratch/users/lbvh/py-tdgl/results/14122470/153",
        "dt_init": 1e-06,
        "fc_center": [
            0,
            0,
            1
        ],
        "fc_radius": 2.4,
        "field_units": "mT",
        "film_points": 4000,
        "film_radius": 15.0,
        "film_shape": "box",
        "film_smooth": 100,
        "gamma": 1.0,
        "index": 153,
        "lam": 1.35,
        "max_edge_length": 0.5,
        "pl_center": null,
        "pl_radius": 0.8,
        "points_per_cycle": 51.0,
        "save_every": 500,
        "screening": false,
        "seed_solutions": true,
        "slot_radius": 0,
        "slot_size": null,
        "slot_top_center_x": null,
        "slot_top_center_y": null,
        "solve_time": [
            20000.0,
            2000.0
        ],
        "squid_angle": 0,
        "squid_iterations": 5,
        "squid_points": 4000,
        "squid_position": [
            0.0,
            0.0,
            0.5
        ],
        "squid_smooth": 100,
        "squid_type": "hypres-small",
        "xi": 0.9
    },
    "film_fluxoid": [
        3.996608756033584,
        3.9966344180312547,
        3.99671092969647,
        3.996836861275598,
        3.9970108367374495,
        3.9972309890687505,
        3.9974960427916604,
        3.997800997821593,
        3.9981356423829912,
        3.9984826765672814,
        2.9988940816024874,
        1.999321412727284,
        0.9997597883994216,
        0.00019862421056758372,
        0.0005934221228277604,
        -0.9989800266323317,
        -1.998567685671299,
        -1.9981910954978177,
        -2.99783479913045,
        -2.9975272068006986,
        -2.9972605688869054,
        -2.9970408814798724,
        -2.9968654953022975,
        -2.996739026317274,
        -2.996662613702136,
        -2.9966375896329023,
        -2.9966642134586507,
        -2.996741702132813,
        -2.9968689494691687,
        -2.9970443329455163,
        -2.997264966904166,
        -2.9975264475391517,
        -2.997824418231061,
        -2.9981625847390014,
        -2.998526251304835,
        -2.9988940816036136,
        -1.9993214127326793,
        -0.9997597884003343,
        -0.00019862421084124613,
        -0.0005934221212642704,
        0.99898002663238,
        1.9985676856696255,
        1.9981910954978177,
        2.997834799127879,
        2.997527206798575,
        2.997260568887461,
        2.99704088148088,
        2.996865495341012,
        2.996739026324835,
        2.996662613736647,
        2.9966375896327784,
        2.996664213471674,
        2.9967417021219442,
        2.996868949449723,
        2.9970443329576684,
        2.997264966900894,
        2.9975264475251664,
        2.9978244182322786,
        2.998162584742811,
        2.998526251302065,
        2.998894081604448,
        1.9993214127290224,
        0.9997597884009612,
        0.00019862421104094964,
        0.0005934221239697915,
        -0.9989800266323517,
        -1.9985676856697103,
        -1.9981910954978175,
        -2.9978347991378893,
        -2.9975272067972076,
        -2.9972605688879606,
        -2.9970408814798173,
        -2.996865495375656,
        -2.9967390263390787,
        -2.996662613702864,
        -2.996637589590364
    ],
    "flux": [
        -0.006127726610116705,
        -0.005749090552985648,
        -0.004602053953120972,
        -0.0027287122278232727,
        -0.0004517784106640898,
        -0.0012471639206198598,
        -0.0016115553319666633,
        -0.0020671209788717952,
        0.000382047518432684,
        0.009409716672782896,
        0.008789711326370655,
        0.007843919759577803,
        0.010684607397767887,
        0.00786890005902774,
        0.02033378639157564,
        0.014977787094413057,
        0.012310847057662144,
        0.010988064784867241,
        0.00978063393634074,
        0.008950052314567023,
        0.0078090582484558625,
        0.010819745896216813,
        0.008476021956170173,
        0.009986066038566204,
        0.010671693605484861,
        0.010845340819727853,
        0.010634961640848295,
        0.00992172202091901,
        0.00841463685345132,
        0.005899611132579727,
        0.002596141166767291,
        -0.00020241017792559899,
        0.0036266446719626813,
        0.0037449451345276186,
        0.0012099495792840984,
        -0.008789711384663194,
        -0.007843919777771458,
        -0.0106846073967313,
        -0.007868900062890705,
        -0.02033378639382352,
        -0.0149777870942551,
        -0.01231084705391221,
        -0.010988064784840169,
        -0.009780633877682814,
        -0.008950052508666895,
        -0.007809058012751772,
        -0.010819745905553721,
        -0.008476021732134237,
        -0.009986065960158616,
        -0.010671692851406287,
        -0.010845340857159783,
        -0.010634961339050798,
        -0.009921722226441377,
        -0.00841463724345883,
        -0.005899610974511097,
        -0.002596141208342836,
        0.000202409800497876,
        -0.0036266445803912173,
        -0.0037449454569700256,
        -0.0012099495756112359,
        0.008789711382819731,
        0.007843919769044734,
        0.010684607395491829,
        0.007868900062786387,
        0.02033378638892373,
        0.014977787094640193,
        0.012310847054270822,
        0.010988064784834741,
        0.009780634370074518,
        0.008950052731385508,
        0.007809057718854913,
        0.01081974594069558,
        0.00847602153852366,
        0.009986065804713777,
        0.010671693594533672,
        0.010845341810304271
    ],
    "timing": {
        "end_time": "2023-03-29T18:00:56.935828",
        "start_time": "2023-03-29T09:49:16.735852",