{
    "I_fc": [
        1.1,
        1.0913261714459257,
        1.0654414772414942,
        1.0227541344770765,
        0.96393734804825,
        0.8899186938124423,
        0.8018654901635528,
        0.7011663887235586,
        0.5894094744768963,
        0.46835722072158,
        0.3399186938124422,
        0.206119446044297,
        0.06906957148224464,
        -0.06906957148224475,
        -0.20611944604429733,
        -0.33991869381244233,
        -0.46835722072158004,
        -0.5894094744768966,
        -0.7011663887235587,
        -0.8018654901635529,
        -0.8899186938124422,
        -0.96393734804825,
        -1.0227541344770767,
        -1.0654414772414942,
        -1.0913261714459257,
        -1.1,
        -1.0913261714459257,
        -1.0654414772414942,
        -1.0227541344770765,
        -0.9639373480482499,
        -0.889918693812442,
        -0.8018654901635528,
        -0.7011663887235585,
        -0.589409474476896,
        -0.4683572207215794,
        -0.33991869381244233,
        -0.2061194460442971,
        -0.06906957148224453,
        0.0690695714822451,
        0.20611944604429766,
        0.339918693812442,
        0.4683572207215799,
        0.5894094744768965,
        0.7011663887235591,
        0.8018654901635531,
        0.8899186938124426,
        0.96393734804825,
        1.0227541344770767,
        1.0654414772414944,
        1.0913261714459257,
        1.1,
        1.0913261714459257,
        1.0654414772414942,
        1.0227541344770765,
        0.9639373480482498,
        0.8899186938124418,
        0.8018654901635521,
        0.7011663887235586,
        0.5894094744768962,
        0.46835722072157954,
        0.33991869381244155,
        0.20611944604429627,
        0.06906957148224466,
        -0.06906957148224496,
        -0.20611944604429752,
        -0.33991869381244183,
        -0.4683572207215807,
        -0.5894094744768964,
        -0.7011663887235596,
        -0.801865490163553,
        -0.889918693812442,
        -0.9639373480482504,
        -1.0227541344770767,
        -1.0654414772414946,
        -1.0913261714459257,
        -1.1
    ],
    "args": {
        "I_fc": [
            1.1
        ],
        "current_units": "mA",
        "cycles": 1.5,
        "d": 0.2,
        "directory": "/scratch/users/lbvh/py-tdgl/results/17223927/80",
        "dt_init": 1e-06,
        "fc_center": [
            0,
            0,
            1
        ],
        "fc_radius": 2.4,
        "field_units": "mT",
        "film_points": 4000,
        "film_radius": 15.0,
        "film_shape": "box",
        "film_smooth": 100,
        "gamma": 1.0,
        "index": 80,
        "lam": 1.35,
        "max_edge_length": 0.5,
        "pl_center": null,
        "pl_radius": 0.8,
        "points_per_cycle": 51.0,
        "save_every": 500,
        "screening": false,
        "seed_solutions": true,
        "slot_radius": 0.1,
        "slot_size": [
            2.0,
            50.0
        ],
        "slot_top_center_x": [
            -10.0,
            10.0,
            101.0
        ],
        "slot_top_center_y": [
            5.0,
            5.0,
            101.0
        ],
        "solve_time": [
            10000.0,
            2000.0
        ],
        "squid_angle": 180.0,
        "squid_iterations": 5,
        "squid_points": 4000,
        "squid_position": [
            0.0,
            0.0,
            0.5
        ],
        "squid_smooth": 100,
        "squid_type": "hypres-small",
        "xi": 0.9
    },
    "film_fluxoid": [
        -0.0007545745736055649,
        -0.0007485788654085103,
        -0.0007306979486067702,
        -0.0007012435612141491,
        -0.0006607164510393047,
        -0.00060978791582096,
        -0.0005492836921733102,
        -0.0004801700204885684,
        -0.0004035399792414304,
        -0.0003205985363874624,
        -0.00023264564185195675,
        -0.00014105734256713716,
        -4.726524217151527e-05,
        4.7265242172646136e-05,
        0.00014105734256950492,
        0.00023264564184881153,
        0.00032059853639859433,
        0.0004035399792429853,
        0.00048017002048945186,
        0.0005492836921640271,
        0.0006097879158071951,
        0.0006607164510377144,
        0.0007012435612193087,
        0.0007306979486236624,
        0.0007485788654141647,
        0.0007545745736316808,
        0.0007485788653926782,
        0.0007306979486245105,
        0.000701243561207576,
        0.0006607164510406476,
        0.0006097879158082907,
        0.0005492836921769149,
        0.0004801700204906181,
        0.0004035399792360588,
        0.0003205985363892647,
        0.00023264564184933499,
        0.0001410573425675259,
        4.7265242172646136e-05,
        -4.726524217299953e-05,
        -0.00014105734256875395,
        -0.0002326456418520981,
        -0.0003205985363900422,
        -0.00040353997924496437,
        -0.0004801700204895579,
        -0.000549283692172038,
        -0.0006097879157912615,
        -0.0006607164510296924,
        -0.0007012435612232226,
        -0.0007306979486163471,
        -0.0007485788654110194,
        -0.0007545745736020663,
        -0.0007485788653957527,
        -0.0007306979486032362,
        -0.0007012435612042187,
        -0.0006607164510492705,
        -0.0006097879157981395,
        -0.0005492836921621429,
        -0.00048017002050376435,
        -0.0004035399792536579,
        -0.0003205985363944773,
        -0.0002326456418513913,
        -0.00014105734256938122,
        -4.726524217063178e-05,
        4.726524216633803e-05,
        0.0001410573425722614,
        0.00023264564184372264,
        0.0003205985363976755,
        0.0004035399792553542,
        0.0004801700204999477,
        0.0005492836921746885,
        0.000609787915802389,
        0.0006607164510280844,
        0.0007012435611949951,
        0.0007306979486125658,
        0.0007485788653980498,
        0.0007545745736199437
    ],