{
    "I_fc": [
        1.1,
        1.0913261714459255,
        1.0654414772414944,
        1.0227541344770765,
        0.9639373480482499,
        0.8899186938124424,
        0.8018654901635529,
        0.7011663887235586,
        0.5894094744768963,
        0.46835722072158,
        0.3399186938124423,
        0.206119446044297,
        0.06906957148224463,
        -0.06906957148224475,
        -0.20611944604429736,
        -0.3399186938124424,
        -0.4683572207215801,
        -0.5894094744768965,
        -0.7011663887235586,
        -0.8018654901635529,
        -0.8899186938124423,
        -0.96393734804825,
        -1.0227541344770767,
        -1.0654414772414944,
        -1.0913261714459255,
        -1.1,
        -1.0913261714459255,
        -1.0654414772414944,
        -1.0227541344770765,
        -0.9639373480482499,
        -0.8899186938124422,
        -0.8018654901635529,
        -0.7011663887235585,
        -0.5894094744768958,
        -0.4683572207215794,
        -0.3399186938124424,
        -0.20611944604429713,
        -0.06906957148224452,
        0.0690695714822451,
        0.2061194460442977,
        0.33991869381244205,
        0.46835722072158,
        0.5894094744768964,
        0.7011663887235589,
        0.8018654901635531,
        0.8899186938124427,
        0.9639373480482499,
        1.0227541344770765,
        1.0654414772414944,
        1.0913261714459255,
        1.1,
        1.0913261714459255,
        1.0654414772414944,
        1.0227541344770765,
        0.9639373480482497,
        0.8899186938124419,
        0.8018654901635522,
        0.7011663887235586,
        0.589409474476896,
        0.46835722072157954,
        0.33991869381244166,
        0.2061194460442963,
        0.06906957148224466,
        -0.06906957148224496,
        -0.20611944604429758,
        -0.33991869381244183,
        -0.46835722072158065,
        -0.5894094744768963,
        -0.7011663887235596,
        -0.8018654901635531,
        -0.8899186938124422,
        -0.9639373480482504,
        -1.0227541344770765,
        -1.0654414772414948,
        -1.0913261714459255,
        -1.1
    ],
    "args": {
        "I_fc": [
            1.1
        ],
        "current_units": "mA",
        "cycles": 1.5,
        "d": 0.2,
        "directory": "/scratch/users/lbvh/py-tdgl/results/17223196/57",
        "dt_init": 1e-06,
        "fc_center": [
            0,
            0,
            1
        ],
        "fc_radius": 2.4,
        "field_units": "mT",
        "film_points": 4000,
        "film_radius": 15.0,
        "film_shape": "box",
        "film_smooth": 100,
        "gamma": 1.0,
        "index": 57,
        "lam": 1.35,
        "max_edge_length": 0.5,
        "pl_center": null,
        "pl_radius": 0.8,
        "points_per_cycle": 51.0,
        "save_every": 500,
        "screening": false,
        "seed_solutions": true,
        "slot_radius": 0.1,
        "slot_size": [
            2.0,
            50.0
        ],
        "slot_top_center_x": [
            -10.0,
            10.0,
            101.0
        ],
        "slot_top_center_y": [
            -1.0,
            -1.0,
            101.0
        ],
        "solve_time": [
            10000.0,
            2000.0
        ],
        "squid_angle": 180.0,
        "squid_iterations": 5,
        "squid_points": 4000,
        "squid_position": [
            0.0,
            0.0,
            0.5
        ],
        "squid_smooth": 100,
        "squid_type": "hypres-small",
        "xi": 0.9
    },
    "film_fluxoid": [
        0.9994919377560422,
        0.9994958482166135,
        0.9995075318218706,
        0.9995268589069657,
        0.9995536922496872,
        0.9995887599639335,
        -0.00035776987138190757,
        -0.000312410829529025,
        -0.00026234478160626487,
        -0.00020830371723043142,
        -0.00015109677982113822,
        -9.158925387826649e-05,
        -3.068573067075401e-05,
        3.068573068333487e-05,
        9.158925383370062e-05,
        0.00015109677980811563,
        0.0002083037172688278,
        0.00026234478158927433,
        0.000312410829513723,
        0.0003577698713631865,
        0.00039780694768122864,
        0.0004322038923073091,
        -0.9995268589070515,
        -0.9995075318219876,
        -0.9994958482166817,
        -0.9994919377560018,
        -0.9994958482165531,
        -0.9995075318220303,
        -0.9995268589069866,
        -0.9995536922497389,
        -0.9995887599638434,
        0.0003577698713467801,
        0.00031241082940395854,
        0.00026234478156515674,
        0.00020830371726971128,
        0.00015109677981912386,
        9.158925385137313e-05,
        3.068573067082469e-05,
        -3.0685730657696064e-05,
        -9.158925386696447e-05,
        -0.0001510967797869119,
        -0.00020830371724129832,
        -0.00026234478158270114,
        -0.0003124108294689125,
        -0.0003577698713476724,
        -0.000397806947690947,
        -0.00043220389226150907,
        0.9995268589070007,
        0.9995075318222422,
        0.9994958482165841,
        0.9994919377560206,
        0.9994958482165355,
        0.9995075318220746,
        0.9995268589070306,
        0.999553692249634,
        0.9995887599637984,
        -0.0003577698712762425,
        -0.0003124108294188541,
        -0.0002623447816059612,
        -0.00020830371726329717,
        -0.00015109677980880475,
        -9.158925385557853e-05,
        -3.068573067282137e-05,
        3.06857306949439e-05,
        9.15892538658811e-05,
        0.00015109677980650767,
        0.00020830371727275046,
        0.0002623447816062373,
        0.0003124108294867943,
        0.00035776987134232736,
        0.0003978069476024569,
        0.00043220389225429983,
        -0.9995268589069815,
        -0.999507531822046,
        -0.9994958482165813,
        -0.999491937755992
    ],