{
    "I_fc": [
        1.75,
        1.7362007273003364,
        1.6950205319751044,
        1.62710885030444,
        1.5335366900767613,
        1.415779740156158,
        1.2756950979874702,
        1.115491982060207,
        0.937696891213244,
        0.7451137602388771,
        0.540779740156158,
        0.3279173005250179,
        0.10988340917629828,
        -0.10988340917629845,
        -0.32791730052501844,
        -0.5407797401561583,
        -0.7451137602388772,
        -0.9376968912132445,
        -1.115491982060207,
        -1.2756950979874704,
        -1.4157797401561578,
        -1.5335366900767613,
        -1.62710885030444,
        -1.6950205319751044,
        -1.7362007273003364,
        -1.75,
        -1.7362007273003364,
        -1.6950205319751044,
        -1.6271088503044397,
        -1.533536690076761,
        -1.4157797401561576,
        -1.2756950979874702,
        -1.1154919820602067,
        -0.9376968912132435,
        -0.7451137602388763,
        -0.5407797401561583,
        -0.3279173005250181,
        -0.10988340917629812,
        0.10988340917629902,
        0.327917300525019,
        0.5407797401561576,
        0.7451137602388771,
        0.9376968912132444,
        1.1154919820602074,
        1.2756950979874708,
        1.4157797401561587,
        1.5335366900767613,
        1.62710885030444,
        1.6950205319751046,
        1.7362007273003364,
        1.75,
        1.7362007273003364,
        1.6950205319751044,
        1.62710885030444,
        1.5335366900767609,
        1.4157797401561574,
        1.2756950979874693,
        1.115491982060207,
        0.9376968912132437,
        0.7451137602388764,
        0.5407797401561569,
        0.3279173005250168,
        0.10988340917629831,
        -0.1098834091762988,
        -0.3279173005250188,
        -0.5407797401561575,
        -0.7451137602388783,
        -0.9376968912132442,
        -1.1154919820602085,
        -1.2756950979874706,
        -1.4157797401561576,
        -1.5335366900767617,
        -1.62710885030444,
        -1.695020531975105,
        -1.7362007273003364,
        -1.75
    ],
    "args": {
        "I_fc": [
            1.75
        ],
        "current_units": "mA",
        "cycles": 1.5,
        "d": 0.2,
        "directory": "/scratch/users/lbvh/py-tdgl/results/17223199/74",
        "dt_init": 1e-06,
        "fc_center": [
            0,
            0,
            1
        ],
        "fc_radius": 2.4,
        "field_units": "mT",
        "film_points": 4000,
        "film_radius": 15.0,
        "film_shape": "box",
        "film_smooth": 100,
        "gamma": 1.0,
        "index": 74,
        "lam": 1.35,
        "max_edge_length": 0.5,
        "pl_center": null,
        "pl_radius": 0.8,
        "points_per_cycle": 51.0,
        "save_every": 500,
        "screening": false,
        "seed_solutions": true,
        "slot_radius": 0.1,
        "slot_size": [
            2.0,
            50.0
        ],
        "slot_top_center_x": [
            -10.0,
            10.0,
            101.0
        ],
        "slot_top_center_y": [
            -1.0,
            -1.0,
            101.0
        ],
        "solve_time": [
            10000.0,
            2000.0
        ],
        "squid_angle": 180.0,
        "squid_iterations": 5,
        "squid_points": 4000,
        "squid_position": [
            0.0,
            0.0,
            0.5
        ],
        "squid_smooth": 100,
        "squid_type": "hypres-small",
        "xi": 0.9
    },
    "film_fluxoid": [
        0.9988254576751522,
        0.9988344306178445,
        0.9988611921353754,
        0.9989052834799196,
        0.9989659728858175,
        0.9990422820902407,
        0.9991330066375016,
        0.9992367356244688,
        0.9993518797123825,
        0.9994767291797675,
        0.9996097068453539,
        -0.0002122851927102524,
        -7.112412872485505e-05,
        7.112412872485505e-05,
        0.0002122851927104644,
        0.00035020978104689115,
        0.00048283060689388157,
        0.0006082556969403395,
        0.0007251065983121878,
        -0.9991330066375016,
        -0.9990422820902408,
        -0.9989659728858173,
        -0.9989052834799196,
        -0.9988611921353754,
        -0.9988344306178444,
        -0.9988254576751519,
        -0.9988344306178446,
        -0.9988611921353752,
        -0.9989052834799195,
        -0.9989659728858177,
        -0.9990422820902408,
        -0.9991330066375018,
        -0.999236735624469,
        -0.9993518797123827,
        -0.9994767291797675,
        -0.9996097068453538,
        0.0002122851927104313,
        7.112412872464301e-05,
        -7.11241287247667e-05,
        -0.00021228519271044674,
        -0.0003502097810468867,
        -0.0004828306068938109,
        -0.0006082556969403085,
        -0.0007251065983123468,
        0.9991330066375015,
        0.9990422820902408,
        0.9989659728858175,
        0.9989052834799196,
        0.9988611921353754,
        0.9988344306178445,
        0.998825457675152,
        0.9988344306178445,
        0.9988611921353753,
        0.9989052834799196,
        0.9989659728858175,
        0.9990422820902408,
        0.9991330066375015,
        0.9992367356244688,
        0.9993518797123827,
        0.9994767291797676,
        0.9996097068453538,
        -0.0002122851927104644,
        -7.112412872478438e-05,
        7.112412872478438e-05,
        0.0002122851927104291,
        0.0003502097810469044,
        0.0004828306068938109,
        0.0006082556969404322,
        0.0007251065983121878,
        -0.9991330066375016,
        -0.9990422820902408,
        -0.9989659728858173,
        -0.9989052834799194,
        -0.9988611921353752,
        -0.9988344306178445,
        -0.998825457675152
    ],