{
    "I_fc": [
        8.575,
        8.507383563771647,
        8.305600606678011,
        7.972833366491755,
        7.514329781376129,
        6.937320726765174,
        6.2509059801386035,
        5.465910712095013,
        4.594714766944895,
        3.6510574251704977,
        2.6498207267651743,
        1.6067947725725875,
        0.5384287049638615,
        -0.5384287049638624,
        -1.6067947725725902,
        -2.649820726765175,
        -3.651057425170498,
        -4.5947147669448976,
        -5.465910712095014,
        -6.250905980138604,
        -6.937320726765173,
        -7.514329781376129,
        -7.972833366491756,
        -8.305600606678011,
        -8.507383563771647,
        -8.575,
        -8.507383563771647,
        -8.305600606678011,
        -7.972833366491754,
        -7.514329781376128,
        -6.937320726765172,
        -6.2509059801386035,
        -5.465910712095012,
        -4.594714766944893,
        -3.6510574251704933,
        -2.649820726765175,
        -1.6067947725725886,
        -0.5384287049638607,
        0.5384287049638651,
        1.6067947725725928,
        2.649820726765172,
        3.6510574251704973,
        4.594714766944897,
        5.465910712095016,
        6.250905980138606,
        6.937320726765177,
        7.514329781376129,
        7.972833366491756,
        8.305600606678011,
        8.507383563771647,
        8.575,
        8.507383563771647,
        8.305600606678011,
        7.972833366491755,
        7.514329781376127,
        6.93732072676517,
        6.250905980138599,
        5.465910712095013,
        4.594714766944894,
        3.6510574251704946,
        2.649820726765169,
        1.6067947725725822,
        0.5384287049638616,
        -0.5384287049638641,
        -1.606794772572592,
        -2.649820726765171,
        -3.6510574251705035,
        -4.594714766944896,
        -5.465910712095021,
        -6.250905980138605,
        -6.937320726765172,
        -7.514329781376133,
        -7.972833366491756,
        -8.305600606678013,
        -8.507383563771647,
        -8.575
    ],
    "args": {
        "I_fc": [
            0.5,
            10.0,
            201.0
        ],
        "current_units": "mA",
        "cycles": 1.5,
        "d": 0.2,
        "directory": "/scratch/users/lbvh/py-tdgl/results/14122470/170",
        "dt_init": 1e-06,
        "fc_center": [
            0,
            0,
            1
        ],
        "fc_radius": 2.4,
        "field_units": "mT",
        "film_points": 4000,
        "film_radius": 15.0,
        "film_shape": "box",
        "film_smooth": 100,
        "gamma": 1.0,
        "index": 170,
        "lam": 1.35,
        "max_edge_length": 0.5,
        "pl_center": null,
        "pl_radius": 0.8,
        "points_per_cycle": 51.0,
        "save_every": 500,
        "screening": false,
        "seed_solutions": true,
        "slot_radius": 0,
        "slot_size": null,
        "slot_top_center_x": null,
        "slot_top_center_y": null,
        "solve_time": [
            20000.0,
            2000.0
        ],
        "squid_angle": 0,
        "squid_iterations": 5,
        "squid_points": 4000,
        "squid_position": [
            0.0,
            0.0,
            0.5
        ],
        "squid_smooth": 100,
        "squid_type": "hypres-small",
        "xi": 0.9
    },
    "film_fluxoid": [
        3.9962895548084103,
        3.9963179116294447,
        3.996402505758321,
        3.9965330310964275,
        3.9967261341324365,
        3.99695593416468,
        3.9972449095177494,
        3.9975782951706456,
        3.997958766191973,
        3.9983435166349506,
        3.998743343262133,
        1.9992603588878946,
        0.9997391769645136,
        0.0002192785958298944,
        0.00065535918721019,
        -0.9988775642283462,
        -1.9984259813469794,
        -1.9980012197392423,
        -2.9976092625494797,
        -2.9972744672473977,
        -2.9969858415399155,
        -2.9967413159178933,
        -3.9965221629812446,
        -3.996382917409125,
        -3.996298194640037,
        -3.9962698078369594,
        -3.996298276871415,
        -3.996383072280876,
        -3.996522734354753,
        -3.996714802334291,
        -3.996955968417246,
        -3.997244909518278,
        -3.9975782951714156,
        -3.9979587661908162,
        -3.9983435166339354,
        -3.9987433432621122,
        -1.9992603588900988,
        -0.9997391769635925,
        -0.00021927859496003035,
        -0.0006553591865229075,
        0.9988775642285423,
        1.9984259813473801,
        1.9980012197386663,
        2.997609262549747,
        2.997274467244459,
        2.996985841537399,
        2.996741314837405,
        3.9965221629611065,
        3.9963829174097483,
        3.9962981946380536,
        3.996269807834719,
        3.996298276871163,
        3.9963830722795395,
        3.99652273435672,
        3.99671480233867,
        3.996955968414682,
        3.9972449095185643,
        3.9975782951688568,
        3.9979587661906097,
        3.998343516635822,
        3.9987433432600503,
        1.9992603588895541,
        0.9997391769662537,
        0.00021927859510909235,
        0.0006553591872055959,
        -0.9988775642277317,
        -1.998425981346391,
        -1.9980012197384458,
        -2.997609262549304,
        -2.997274467237746,
        -2.996985841536256,
        -2.996741315128127,
        -3.9965221629687635,
        -3.9963829174122187,
        -3.9962981946382268,
        -3.9962698078356373
    ],
    "flux": [
        -0.0015415432982944838,
        -0.0012097884386340016,
        -0.00030281840316051495,
        -0.0025000851887732245,
        -9.610052679627043e-05,
        -0.0011073912417735457,
        -0.001043781615736,
        -0.00032461150955847017,
        -0.004007928926324482,
        0.005869906617947386,
        0.014543821296441564,
        0.006413207492906044,
        0.010016503040197727,
        0.008654508622332665,
        0.021596679137749507,
        0.017120911626778142,
        0.014769298829826876,
        0.008306571212813503,
        0.007577723266115739,
        0.007590260913394433,
        0.011374198283488348,
        0.009653111903798825,
        0.0073679111226874015,
        0.009107092446911828,
        0.009945197694486594,
        0.010174074017778124,
        0.009942013424753572,
        0.00910188625860493,
        0.007352153051079971,
        0.004543153563347077,
        0.0011052276917008544,
        0.0010437805077658133,
        0.00032461152221287303,
        0.00400792892511995,
        -0.0058699066196273,
        -0.014543821296787784,
        -0.00641320748499166,
        -0.010016503020208149,
        -0.00865450862452828,
        -0.021596679139690603,
        -0.01712091162870222,
        -0.014769298835081839,
        -0.008306571145813586,
        -0.007577723033773279,
        -0.007590261075120266,
        -0.011374198631041917,
        -0.009653025740210371,
        -0.007367911679345357,
        -0.009107092424919206,
        -0.00994519777506985,
        -0.010174074131222812,
        -0.009942013440459465,
        -0.009101886255611886,
        -0.007352153009131189,
        -0.0045431534612034655,
        -0.001105227922384347,
        -0.0010437805410049234,
        -0.0003246115726677689,
        -0.004007928960569569,
        0.0058699066150937175,
        0.014543821301540848,
        0.006413207489214692,
        0.010016503034942132,
        0.008654508623776458,
        0.02159667913748837,
        0.017120911627042476,
        0.01476929882874894,
        0.008306571040200165,
        0.007577723653718965,
        0.007590261819996957,
        0.011374198520889934,
        0.009653048889641335,
        0.007367911470134615,
        0.009107092321946205,
        0.009945197778113047,
        0.010174074154650074
    ],
    "timing": {
        "end_time": "2023-03-29T18:11:42.139598",
        "start_time": "2023-03-29T09:49:51.971979",