{
    "I_fc": [
        1.0,
        0.9921147013144779,
        0.9685831611286311,
        0.9297764858882513,
        0.8763066800438636,
        0.8090169943749475,
        0.7289686274214116,
        0.6374239897486896,
        0.5358267949789965,
        0.42577929156507266,
        0.30901699437494745,
        0.18738131458572452,
        0.0627905195293133,
        -0.0627905195293134,
        -0.18738131458572482,
        -0.30901699437494756,
        -0.4257792915650727,
        -0.5358267949789969,
        -0.6374239897486897,
        -0.7289686274214117,
        -0.8090169943749473,
        -0.8763066800438636,
        -0.9297764858882515,
        -0.9685831611286311,
        -0.9921147013144779,
        -1.0,
        -0.9921147013144779,
        -0.9685831611286311,
        -0.9297764858882512,
        -0.8763066800438635,
        -0.8090169943749472,
        -0.7289686274214116,
        -0.6374239897486895,
        -0.5358267949789963,
        -0.42577929156507216,
        -0.30901699437494756,
        -0.18738131458572463,
        -0.06279051952931321,
        0.06279051952931372,
        0.18738131458572513,
        0.30901699437494723,
        0.4257792915650726,
        0.5358267949789968,
        0.63742398974869,
        0.7289686274214119,
        0.8090169943749478,
        0.8763066800438636,
        0.9297764858882515,
        0.9685831611286312,
        0.9921147013144779,
        1.0,
        0.9921147013144779,
        0.9685831611286311,
        0.9297764858882513,
        0.8763066800438634,
        0.809016994374947,
        0.728968627421411,
        0.6374239897486896,
        0.5358267949789964,
        0.42577929156507227,
        0.30901699437494684,
        0.18738131458572388,
        0.06279051952931332,
        -0.0627905195293136,
        -0.18738131458572502,
        -0.3090169943749471,
        -0.4257792915650733,
        -0.5358267949789967,
        -0.6374239897486905,
        -0.7289686274214118,
        -0.8090169943749472,
        -0.8763066800438639,
        -0.9297764858882515,
        -0.9685831611286314,
        -0.9921147013144779,
        -1.0
    ],
    "args": {
        "I_fc": [
            1.0
        ],
        "current_units": "mA",
        "cycles": 1.5,
        "d": 0.2,
        "directory": "/scratch/users/lbvh/py-tdgl/results/17223170/70",
        "dt_init": 1e-06,
        "fc_center": [
            0,
            0,
            1
        ],
        "fc_radius": 2.4,
        "field_units": "mT",
        "film_points": 4000,
        "film_radius": 15.0,
        "film_shape": "box",
        "film_smooth": 100,
        "gamma": 1.0,
        "index": 70,
        "lam": 1.35,
        "max_edge_length": 0.5,
        "pl_center": null,
        "pl_radius": 0.8,
        "points_per_cycle": 51.0,
        "save_every": 500,
        "screening": false,
        "seed_solutions": true,
        "slot_radius": 0.1,
        "slot_size": [
            2.0,
            50.0
        ],
        "slot_top_center_x": [
            -10.0,
            10.0,
            101.0
        ],
        "slot_top_center_y": [
            -1.0,
            -1.0,
            101.0
        ],
        "solve_time": [
            10000.0,
            2000.0
        ],
        "squid_angle": 180.0,
        "squid_iterations": 5,
        "squid_points": 4000,
        "squid_position": [
            0.0,
            0.0,
            0.5
        ],
        "squid_smooth": 100,
        "squid_type": "hypres-small",
        "xi": 0.9
    },
    "film_fluxoid": [
        -0.00041196617478707885,
        -0.0004085273621654611,
        -0.00039836525946451826,
        -0.0003818254257363615,
        -0.00035930511299894763,
        -0.0003312298895875559,
        -0.0002980696906124633,
        -0.00026035014387485003,
        -0.0002186552030065495,
        -0.00017362402839759153,
        -0.00012594432719553842,
        -7.634342919431957e-05,
        -2.5577883376232555e-05,
        2.557788338151581e-05,
        7.634342918848634e-05,
        0.00012594432719370075,
        0.00017362402840304485,
        0.0002186552029994286,
        0.0002603501438724823,
        0.00029806969061379736,
        0.00033122988959495954,
        0.0003593051130067577,
        0.0003818254257338524,
        0.0003983652594501351,
        0.00040852736216828825,
        0.0004119661748024692,
        0.00040852736216455556,
        0.0003983652594449159,
        0.0003818254257199286,
        0.00035930511299274556,
        0.00033122988958190163,
        0.0002980696905959067,
        0.0002603501438666866,
        0.00021865520299087644,
        0.00017362402840154735,
        0.00012594432719772945,
        7.634342919138418e-05,
        2.5577883392188338e-05,
        -2.5577883377769825e-05,
        -7.634342920318757e-05,
        -0.00012594432720083935,
        -0.00017362402840776932,
        -0.00021865520300598407,
        -0.0002603501438859113,
        -0.00029806969061640367,
        -0.0003312298895957547,
        -0.00035930511298608406,
        -0.0003818254257386232,
        -0.0003983652594468132,
        -0.0004085273621639062,
        -0.0004119661747931572,
        -0.000408527362168571,
        -0.0003983652594682643,
        -0.00038182542575070934,
        -0.0003593051129983822,
        -0.000331229889587768,
        -0.0002980696906155688,
        -0.00026035014388432103,
        -0.0002186552030052066,
        -0.0001736240284034579,
        -0.00012594432719529103,
        -7.634342918189552e-05,
        -2.5577883387779735e-05,
        2.557788337566657e-05,
        7.634342918625995e-05,
        0.00012594432719617452,
        0.00017362402840431212,
        0.00021865520300161964,
        0.00026035014387799525,
        0.0002980696906056295,
        0.0003312298895786857,
        0.00035930511300011385,
        0.0003818254257236746,
        0.00039836525945882863,
        0.0004085273621676698,
        0.00041196617478991485
    ],