{
    "I_fc": [
        1.75,
        1.7362007273003364,
        1.6950205319751044,
        1.62710885030444,
        1.5335366900767613,
        1.415779740156158,
        1.2756950979874702,
        1.115491982060207,
        0.937696891213244,
        0.7451137602388771,
        0.540779740156158,
        0.3279173005250179,
        0.10988340917629828,
        -0.10988340917629845,
        -0.32791730052501844,
        -0.5407797401561583,
        -0.7451137602388772,
        -0.9376968912132445,
        -1.115491982060207,
        -1.2756950979874704,
        -1.4157797401561578,
        -1.5335366900767613,
        -1.62710885030444,
        -1.6950205319751044,
        -1.7362007273003364,
        -1.75,
        -1.7362007273003364,
        -1.6950205319751044,
        -1.6271088503044397,
        -1.533536690076761,
        -1.4157797401561576,
        -1.2756950979874702,
        -1.1154919820602067,
        -0.9376968912132435,
        -0.7451137602388763,
        -0.5407797401561583,
        -0.3279173005250181,
        -0.10988340917629812,
        0.10988340917629902,
        0.327917300525019,
        0.5407797401561576,
        0.7451137602388771,
        0.9376968912132444,
        1.1154919820602074,
        1.2756950979874708,
        1.4157797401561587,
        1.5335366900767613,
        1.62710885030444,
        1.6950205319751046,
        1.7362007273003364,
        1.75,
        1.7362007273003364,
        1.6950205319751044,
        1.62710885030444,
        1.5335366900767609,
        1.4157797401561574,
        1.2756950979874693,
        1.115491982060207,
        0.9376968912132437,
        0.7451137602388764,
        0.5407797401561569,
        0.3279173005250168,
        0.10988340917629831,
        -0.1098834091762988,
        -0.3279173005250188,
        -0.5407797401561575,
        -0.7451137602388783,
        -0.9376968912132442,
        -1.1154919820602085,
        -1.2756950979874706,
        -1.4157797401561576,
        -1.5335366900767617,
        -1.62710885030444,
        -1.695020531975105,
        -1.7362007273003364,
        -1.75
    ],
    "args": {
        "I_fc": [
            1.75
        ],
        "current_units": "mA",
        "cycles": 1.5,
        "d": 0.2,
        "directory": "/scratch/users/lbvh/py-tdgl/results/17223199/41",
        "dt_init": 1e-06,
        "fc_center": [
            0,
            0,
            1
        ],
        "fc_radius": 2.4,
        "field_units": "mT",
        "film_points": 4000,
        "film_radius": 15.0,
        "film_shape": "box",
        "film_smooth": 100,
        "gamma": 1.0,
        "index": 41,
        "lam": 1.35,
        "max_edge_length": 0.5,
        "pl_center": null,
        "pl_radius": 0.8,
        "points_per_cycle": 51.0,
        "save_every": 500,
        "screening": false,
        "seed_solutions": true,
        "slot_radius": 0.1,
        "slot_size": [
            2.0,
            50.0
        ],
        "slot_top_center_x": [
            -10.0,
            10.0,
            101.0
        ],
        "slot_top_center_y": [
            -1.0,
            -1.0,
            101.0
        ],
        "solve_time": [
            10000.0,
            2000.0
        ],
        "squid_angle": 180.0,
        "squid_iterations": 5,
        "squid_points": 4000,
        "squid_position": [
            0.0,
            0.0,
            0.5
        ],
        "squid_smooth": 100,
        "squid_type": "hypres-small",
        "xi": 0.9
    },
    "film_fluxoid": [
        0.9982083650089798,
        0.9982224904412335,
        0.9982646339513283,
        0.9983341090445698,
        0.9984298009324541,
        0.9985501937314755,
        0.9986934025963973,
        0.9988572370655527,
        -0.0009586639178533274,
        -0.0007614240344596839,
        -0.0005524938257685854,
        -0.0003349792770559294,
        -0.00011224355830747569,
        0.0001122435582182258,
        0.0003349792770551873,
        0.0005524938257343767,
        0.0007614239961092624,
        0.0009586639178504296,
        -0.9988572370655581,
        -0.998693402596405,
        -0.9985501937315184,
        -0.9984298009332071,
        -0.9983341090445711,
        -0.9982646339512093,
        -0.9982224904424754,
        -0.998208365008975,
        -0.9982224904424707,
        -0.9982646339511544,
        -0.9983341090445698,
        -0.9984298009324408,
        -0.9985501937314641,
        -0.998693402596403,
        -0.9988572370655574,
        0.0009586639178536808,
        0.0007614240344828667,
        0.0005524938257347478,
        0.00033497927705737835,
        0.00011224355822771445,
        -0.00011224355821372001,
        -0.00033497927714608045,
        -0.0005524938256935596,
        -0.0007614240345265462,
        -0.0009586639160497585,
        0.9988572370653922,
        0.998693402596405,
        0.9985501937314734,
        0.9984298009324475,
        0.9983341090455516,
        0.9982646339512083,
        0.9982224904422499,
        0.9982083650089777,
        0.9982224904424353,
        0.9982646339511213,
        0.99833410904457,
        0.9984298009324192,
        0.9985501937314258,
        0.9986934025963998,
        0.9988572370655564,
        -0.0009586639178013077,
        -0.0007614240344823454,
        -0.0005524938257344121,
        -0.0003349792762978619,
        -0.00011224355821820812,
        0.00011224355821978515,
        0.0003349792770553286,
        0.0005524938257329278,
        0.0007614240344134598,
        0.0009586639178533274,
        -0.9988572370649649,
        -0.998693402596403,
        -0.998550193731476,
        -0.998429800932428,
        -0.998334109044569,
        -0.9982646339495491,
        -0.9982224904424737,
        -0.9982083650089781
    ],