{
    "I_fc": [
        1.2,
        1.1905376415773734,
        1.1622997933543573,
        1.1157317830659015,
        1.0515680160526362,
        0.9708203932499369,
        0.8747623529056938,
        0.7649087876984275,
        0.6429921539747958,
        0.5109351498780872,
        0.37082039324993693,
        0.22485757750286942,
        0.07534862343517597,
        -0.07534862343517608,
        -0.22485757750286978,
        -0.37082039324993704,
        -0.5109351498780872,
        -0.6429921539747963,
        -0.7649087876984276,
        -0.8747623529056939,
        -0.9708203932499367,
        -1.0515680160526362,
        -1.1157317830659017,
        -1.1622997933543573,
        -1.1905376415773734,
        -1.2,
        -1.1905376415773734,
        -1.1622997933543573,
        -1.1157317830659015,
        -1.0515680160526362,
        -0.9708203932499366,
        -0.8747623529056938,
        -0.7649087876984274,
        -0.6429921539747956,
        -0.5109351498780865,
        -0.37082039324993704,
        -0.22485757750286955,
        -0.07534862343517584,
        0.07534862343517647,
        0.22485757750287014,
        0.37082039324993665,
        0.5109351498780871,
        0.6429921539747961,
        0.764908787698428,
        0.8747623529056943,
        0.9708203932499373,
        1.0515680160526362,
        1.1157317830659017,
        1.1622997933543573,
        1.1905376415773734,
        1.2,
        1.1905376415773734,
        1.1622997933543573,
        1.1157317830659015,
        1.051568016052636,
        0.9708203932499364,
        0.8747623529056932,
        0.7649087876984275,
        0.6429921539747957,
        0.5109351498780867,
        0.3708203932499362,
        0.22485757750286864,
        0.07534862343517598,
        -0.07534862343517632,
        -0.22485757750287003,
        -0.37082039324993654,
        -0.510935149878088,
        -0.6429921539747959,
        -0.7649087876984286,
        -0.8747623529056942,
        -0.9708203932499366,
        -1.0515680160526366,
        -1.1157317830659017,
        -1.1622997933543577,
        -1.1905376415773734,
        -1.2
    ],
    "args": {
        "I_fc": [
            1.2
        ],
        "current_units": "mA",
        "cycles": 1.5,
        "d": 0.2,
        "directory": "/scratch/users/lbvh/py-tdgl/results/17298304/86",
        "dt_init": 1e-06,
        "fc_center": [
            0,
            0,
            1
        ],
        "fc_radius": 2.4,
        "field_units": "mT",
        "film_points": 4000,
        "film_radius": 15.0,
        "film_shape": "box",
        "film_smooth": 100,
        "gamma": 1.0,
        "index": 86,
        "lam": 1.35,
        "max_edge_length": 0.5,
        "pl_center": null,
        "pl_radius": 0.8,
        "points_per_cycle": 51.0,
        "save_every": 500,
        "screening": false,
        "seed_solutions": true,
        "slot_radius": 0.1,
        "slot_size": [
            2.0,
            50.0
        ],
        "slot_top_center_x": [
            -10.0,
            10.0,
            101.0
        ],
        "slot_top_center_y": [
            5.0,
            5.0,
            101.0
        ],
        "solve_time": [
            10000.0,
            2000.0
        ],
        "squid_angle": 180.0,
        "squid_iterations": 5,
        "squid_points": 4000,
        "squid_position": [
            0.0,
            0.0,
            0.5
        ],
        "squid_smooth": 100,
        "squid_type": "hypres-small",
        "xi": 0.9
    },
    "film_fluxoid": [
        -0.0008139439253868358,
        -0.0008075052307654664,
        -0.0007882963430141626,
        -0.0007566344590307574,
        -0.0007130357908628159,
        -0.0006582021104550807,
        -0.0005930072434638093,
        -0.0005184833537688972,
        -0.00043580590853321886,
        -0.00034627650701265995,
        -0.0002513033649615814,
        -0.00015237975033358285,
        -5.1060797880192284e-05,
        5.106079788927454e-05,
        0.00015237975055254637,
        0.00025130336529313654,
        0.00034627650660031873,
        0.00043580590857590895,
        0.0005184833536799478,
        0.0005930072431130295,
        0.0006582021110930116,
        0.0007130357909978304,
        0.0007566344591788652,
        0.0007882963427935382,
        0.0008075052304819024,
        0.0008139439252702652,
        0.0008075052303845509,
        0.000788296342383918,
        0.0007566344594784381,
        0.0007130357909989171,
        0.0006582021107731892,
        0.0005930072436306073,
        0.0005184833532949593,
        0.00043580590782697667,
        0.0003462765070923152,
        0.0002513033649666349,
        0.00015237975027389443,
        5.1060797912492584e-05,
        -5.10607978930912e-05,
        -0.00015237975045382548,
        -0.0002513033651165097,
        -0.00034627650729841515,
        -0.00043580590861955323,
        -0.0005184833538041308,
        -0.000593007243335951,
        -0.0006582021110563998,
        -0.0007130357903548901,
        -0.0007566344597750779,
        -0.0007882963427597182,
        -0.0008075052307668093,
        -0.0008139439250816759,
        -0.0008075052304554684,
        -0.0007882963424390653,
        -0.0007566344595464314,
        -0.0007130357906385249,
        -0.0006582021106473099,
        -0.0005930072434555398,
        -0.0005184833526310715,
        -0.00043580590806394564,
        -0.0003462765068199537,
        -0.0002513033653326814,
        -0.00015237975019300232,
        -5.106079786570309e-05,
        5.106079782576946e-05,
        0.000152379750411047,
        0.00025130336532430594,
        0.0003462765066303573,
        0.0004358059085949834,
        0.0005184833532109926,
        0.0005930072429995896,
        0.0006582021106328914,
        0.0007130357905692596,
        0.0007566344591549404,
        0.0007882963427095715,
        0.0008075052304980171,
        0.0008139439252575252
    ],