{
    "I_fc": [
        8.86,
        8.790136253646274,
        8.58164680759967,
        8.237819664969907,
        7.764077185188631,
        7.167890570162034,
        6.4586620389537055,
        5.647576549173389,
        4.747425403513909,
        3.7724045232665437,
        2.737890570162034,
        1.660198447229519,
        0.5563240030297159,
        -0.5563240030297167,
        -1.660198447229522,
        -2.737890570162035,
        -3.772404523266544,
        -4.747425403513912,
        -5.647576549173391,
        -6.458662038953707,
        -7.167890570162033,
        -7.764077185188631,
        -8.237819664969907,
        -8.58164680759967,
        -8.790136253646274,
        -8.86,
        -8.790136253646274,
        -8.58164680759967,
        -8.237819664969905,
        -7.76407718518863,
        -7.167890570162032,
        -6.4586620389537055,
        -5.6475765491733885,
        -4.747425403513907,
        -3.7724045232665393,
        -2.737890570162035,
        -1.6601984472295201,
        -0.556324003029715,
        0.5563240030297195,
        1.6601984472295246,
        2.7378905701620324,
        3.772404523266543,
        4.747425403513911,
        5.647576549173393,
        6.458662038953709,
        7.167890570162037,
        7.764077185188631,
        8.237819664969907,
        8.581646807599672,
        8.790136253646274,
        8.86,
        8.790136253646274,
        8.58164680759967,
        8.237819664969907,
        7.764077185188629,
        7.16789057016203,
        6.458662038953701,
        5.647576549173389,
        4.747425403513908,
        3.77240452326654,
        2.737890570162029,
        1.6601984472295135,
        0.556324003029716,
        -0.5563240030297184,
        -1.6601984472295235,
        -2.737890570162031,
        -3.7724045232665495,
        -4.74742540351391,
        -5.647576549173397,
        -6.458662038953708,
        -7.167890570162032,
        -7.764077185188634,
        -8.237819664969907,
        -8.581646807599673,
        -8.790136253646274,
        -8.86
    ],
    "args": {
        "I_fc": [
            0.5,
            10.0,
            201.0
        ],
        "current_units": "mA",
        "cycles": 1.5,
        "d": 0.2,
        "directory": "/scratch/users/lbvh/py-tdgl/results/14122470/176",
        "dt_init": 1e-06,
        "fc_center": [
            0,
            0,
            1
        ],
        "fc_radius": 2.4,
        "field_units": "mT",
        "film_points": 4000,
        "film_radius": 15.0,
        "film_shape": "box",
        "film_smooth": 100,
        "gamma": 1.0,
        "index": 176,
        "lam": 1.35,
        "max_edge_length": 0.5,
        "pl_center": null,
        "pl_radius": 0.8,
        "points_per_cycle": 51.0,
        "save_every": 500,
        "screening": false,
        "seed_solutions": true,
        "slot_radius": 0,
        "slot_size": null,
        "slot_top_center_x": null,
        "slot_top_center_y": null,
        "solve_time": [
            20000.0,
            2000.0
        ],
        "squid_angle": 0,
        "squid_iterations": 5,
        "squid_points": 4000,
        "squid_position": [
            0.0,
            0.0,
            0.5
        ],
        "squid_smooth": 100,
        "squid_type": "hypres-small",
        "xi": 0.9
    },
    "film_fluxoid": [
        3.9961700015357504,
        3.9961993063417767,
        3.996286759380664,
        3.996430890175549,
        3.9966209239966544,
        3.996872166211444,
        3.9971577281071498,
        3.997502180926514,
        3.9978961188575797,
        3.9982942502849537,
        3.998709765582946,
        1.999238769970795,
        0.9997319010012261,
        0.00022656878635375947,
        0.0006772450514094963,
        -0.9988412913433997,
        -1.9983561540129129,
        -1.997936561996425,
        -2.997533306873356,
        -2.997187229254326,
        -2.9968884752427583,
        -2.9966520797977343,
        -3.996413736099418,
        -3.9962672468712706,
        -3.996179280116894,
        -3.996158433904226,
        -3.9961890011119547,
        -3.9962767095734635,
        -3.9964213728034634,
        -3.996620887651499,
        -3.9968721660884663,
        -3.9971577281083377,
        -3.9975021809270177,
        -3.9978961188600435,
        -3.9982942502882914,
        -3.998709765583319,
        -1.999238769969328,
        -0.9997319010014334,
        -0.00022656878535756115,
        -0.0006772450512057994,
        0.9988412913428928,
        1.9983561540166148,
        1.9979365619964935,
        2.9975333068715604,
        2.997187229255117,
        2.996888475243257,
        2.996652079788822,
        3.9964137360696292,
        3.996267246834392,
        3.996179280108369,
        3.996158434022685,
        3.9961890011325387,
        3.9962767095711382,
        3.9964213728060756,
        3.996620887652473,
        3.9968721660900943,
        3.9971577281095696,
        3.997502180929602,
        3.9978961188596833,
        3.9982942502864014,
        3.998709765582986,
        1.9992387699701608,
        0.9997319009996922,
        0.0002265687853747229,
        0.0006772450534058951,
        -0.9988412913434025,
        -1.998356154002679,
        -1.9979365619964735,
        -2.997533306870126,
        -2.9971872292547355,
        -2.996888475235486,
        -2.996652079757589,
        -3.9964137360014353,
        -3.996267246827173,
        -3.9961792801095544,
        -3.9961584338438443
    ],
    "flux": [
        -0.0030353282864501664,
        -0.0026586157573936816,
        -0.0015749364782131814,
        -3.7815320889036815e-05,
        -0.0013329415423178538,
        0.0010875898981826191,
        -0.0023756842074748588,
        -0.0015080303232014283,
        -0.005412457256542223,
        0.004571388956718112,
        0.014142568254888917,
        0.0058739876327342355,
        0.009777739518481108,
        0.008929536571217827,
        0.021983670690277464,
        0.01773735564684727,
        0.008647138638559815,
        0.009398021232110186,
        0.008859815208239334,
        0.008923685133891494,
        0.01199440547985063,
        0.006452632487805907,
        0.00871272887388939,
        0.010185670992557381,
        0.010643901083184814,
        0.007643606758846172,
        0.007255541985925799,
        0.00610278831953406,
        0.004071693066676764,
        0.0013341441250791452,
        -0.0010875826580723932,
        0.002375684243547856,
        0.0015080303810814872,
        0.0054124572597955625,
        -0.004571388950619143,
        -0.014142568255795063,
        -0.005873987635709045,
        -0.009777739517014746,
        -0.008929536565987248,
        -0.021983670708024955,
        -0.01773735564574671,
        -0.008647138973529252,
        -0.009398022108223218,
        -0.008859815699344614,
        -0.008923684886467956,
        -0.011994405435410275,
        -0.006452631983644854,
        -0.008712729621128354,
        -0.010185672357969001,
        -0.010643901795779703,
        -0.0076436040932437235,
        -0.007255541513935984,
        -0.006102788300584189,
        -0.004071693055753993,
        -0.0013341441259881307,
        0.0010875826579603738,
        -0.0023756842439425266,
        -0.001508030307793416,
        -0.005412457287323169,
        0.004571388957381065,
        0.014142568212171412,
        0.005873987583077783,
        0.009777739521825785,
        0.008929536573941868,
        0.021983670702245287,
        0.0177373556470082,
        0.008647137536916016,
        0.009398021168861665,
        0.008859815570448657,
        0.0089236855042085,
        0.011994406567149824,
        0.006452631203672145,
        0.008712731331727674,
        0.01018567268233073,
        0.010643901816575875,
        0.007643608117213508
    ],
    "timing": {
        "end_time": "2023-03-29T18:30:38.665408",
        "start_time": "2023-03-29T09:49:56.558557",