{
    "I_fc": [
        1.0,
        0.9921147013144777,
        0.9685831611286313,
        0.9297764858882512,
        0.8763066800438635,
        0.8090169943749476,
        0.7289686274214117,
        0.6374239897486896,
        0.5358267949789965,
        0.42577929156507266,
        0.3090169943749475,
        0.18738131458572452,
        0.06279051952931329,
        -0.0627905195293134,
        -0.18738131458572485,
        -0.3090169943749476,
        -0.42577929156507277,
        -0.5358267949789968,
        -0.6374239897486896,
        -0.7289686274214117,
        -0.8090169943749475,
        -0.8763066800438636,
        -0.9297764858882515,
        -0.9685831611286313,
        -0.9921147013144777,
        -1.0,
        -0.9921147013144777,
        -0.9685831611286312,
        -0.9297764858882512,
        -0.8763066800438635,
        -0.8090169943749473,
        -0.7289686274214117,
        -0.6374239897486895,
        -0.5358267949789962,
        -0.42577929156507216,
        -0.3090169943749476,
        -0.18738131458572466,
        -0.0627905195293132,
        0.06279051952931372,
        0.18738131458572516,
        0.3090169943749473,
        0.42577929156507266,
        0.5358267949789967,
        0.6374239897486899,
        0.7289686274214119,
        0.8090169943749479,
        0.8763066800438635,
        0.9297764858882513,
        0.9685831611286313,
        0.9921147013144777,
        1.0,
        0.9921147013144777,
        0.9685831611286312,
        0.9297764858882512,
        0.8763066800438633,
        0.8090169943749471,
        0.7289686274214111,
        0.6374239897486896,
        0.5358267949789963,
        0.42577929156507227,
        0.30901699437494695,
        0.1873813145857239,
        0.06279051952931332,
        -0.0627905195293136,
        -0.18738131458572505,
        -0.3090169943749471,
        -0.42577929156507327,
        -0.5358267949789965,
        -0.6374239897486905,
        -0.7289686274214119,
        -0.8090169943749473,
        -0.8763066800438639,
        -0.9297764858882513,
        -0.9685831611286315,
        -0.9921147013144777,
        -1.0
    ],
    "args": {
        "I_fc": [
            1.0
        ],
        "current_units": "mA",
        "cycles": 1.5,
        "d": 0.2,
        "directory": "/scratch/users/lbvh/py-tdgl/results/17223170/41",
        "dt_init": 1e-06,
        "fc_center": [
            0,
            0,
            1
        ],
        "fc_radius": 2.4,
        "field_units": "mT",
        "film_points": 4000,
        "film_radius": 15.0,
        "film_shape": "box",
        "film_smooth": 100,
        "gamma": 1.0,
        "index": 41,
        "lam": 1.35,
        "max_edge_length": 0.5,
        "pl_center": null,
        "pl_radius": 0.8,
        "points_per_cycle": 51.0,
        "save_every": 500,
        "screening": false,
        "seed_solutions": true,
        "slot_radius": 0.1,
        "slot_size": [
            2.0,
            50.0
        ],
        "slot_top_center_x": [
            -10.0,
            10.0,
            101.0
        ],
        "slot_top_center_y": [
            -1.0,
            -1.0,
            101.0
        ],
        "solve_time": [
            10000.0,
            2000.0
        ],
        "squid_angle": 180.0,
        "squid_iterations": 5,
        "squid_points": 4000,
        "squid_position": [
            0.0,
            0.0,
            0.5
        ],
        "squid_smooth": 100,
        "squid_type": "hypres-small",
        "xi": 0.9
    },
    "film_fluxoid": [
        -0.0010227825097416463,
        -0.001014627619855331,
        -0.000990389748738584,
        -0.0009505365803278797,
        -0.0008957212413022283,
        -0.0008268155803761832,
        -0.0007449079781071111,
        -0.0006512888834428875,
        -0.0005474314771456392,
        -0.00043496903974902466,
        -0.00031566962967171736,
        -0.00019140852437601695,
        -6.413888303904518e-05,
        6.413888304336543e-05,
        0.00019140852435801147,
        0.0003156696296540123,
        0.00043496903974913286,
        0.0005474314771442433,
        0.0006512888834028655,
        0.0007449079782298098,
        0.0008268155803761567,
        0.0008957212398180402,
        0.0009505365802543028,
        0.0009903897487383787,
        0.0010146276197361883,
        0.0010227825097415403,
        0.0010146276197361883,
        0.000990389748735799,
        0.0009505365802610173,
        0.0008957212398116084,
        0.0008268155803761832,
        0.0007449079782941631,
        0.0006512888834327273,
        0.0005474314771438899,
        0.00043496903418980605,
        0.0003156696296540476,
        0.00019140852435092591,
        6.413888304353329e-05,
        -6.41388830348928e-05,
        -0.00019140852417445813,
        -0.00031566962965423313,
        -0.0004349690394681618,
        -0.000547431477143616,
        -0.0006512888834331515,
        -0.0007449079782356055,
        -0.0008268155803732146,
        -0.0008957212398120325,
        -0.0009505365761623425,
        -0.000990389748738308,
        -0.0010146276197348454,
        -0.0010227825097654827,
        -0.0010146276197374982,
        -0.0009903897487390284,
        -0.0009505365802537727,
        -0.0008957212398146477,
        -0.0008268155811507542,
        -0.0007449079782272345,
        -0.0006512888834332575,
        -0.0005474314771605701,
        -0.00043496903973904344,
        -0.0003156696296586771,
        -0.00019140852434951233,
        -6.413888303826771e-05,
        6.413888303826771e-05,
        0.0001914085243784377,
        0.0003156696296280377,
        0.00043496903975137255,
        0.0005474314771440489,
        0.0006512888834341056,
        0.0007449079782104438,
        0.0008268155804314144,
        0.0008957212398110784,
        0.0009505365802569886,
        0.0009903897508025587,
        0.0010146276197359055,
        0.001022782509741717
    ],