{
    "I_fc": [
        1.1,
        1.0913261714459257,
        1.0654414772414942,
        1.0227541344770765,
        0.96393734804825,
        0.8899186938124423,
        0.8018654901635528,
        0.7011663887235586,
        0.5894094744768963,
        0.46835722072158,
        0.3399186938124422,
        0.206119446044297,
        0.06906957148224464,
        -0.06906957148224475,
        -0.20611944604429733,
        -0.33991869381244233,
        -0.46835722072158004,
        -0.5894094744768966,
        -0.7011663887235587,
        -0.8018654901635529,
        -0.8899186938124422,
        -0.96393734804825,
        -1.0227541344770767,
        -1.0654414772414942,
        -1.0913261714459257,
        -1.1,
        -1.0913261714459257,
        -1.0654414772414942,
        -1.0227541344770765,
        -0.9639373480482499,
        -0.889918693812442,
        -0.8018654901635528,
        -0.7011663887235585,
        -0.589409474476896,
        -0.4683572207215794,
        -0.33991869381244233,
        -0.2061194460442971,
        -0.06906957148224453,
        0.0690695714822451,
        0.20611944604429766,
        0.339918693812442,
        0.4683572207215799,
        0.5894094744768965,
        0.7011663887235591,
        0.8018654901635531,
        0.8899186938124426,
        0.96393734804825,
        1.0227541344770767,
        1.0654414772414944,
        1.0913261714459257,
        1.1,
        1.0913261714459257,
        1.0654414772414942,
        1.0227541344770765,
        0.9639373480482498,
        0.8899186938124418,
        0.8018654901635521,
        0.7011663887235586,
        0.5894094744768962,
        0.46835722072157954,
        0.33991869381244155,
        0.20611944604429627,
        0.06906957148224466,
        -0.06906957148224496,
        -0.20611944604429752,
        -0.33991869381244183,
        -0.4683572207215807,
        -0.5894094744768964,
        -0.7011663887235596,
        -0.801865490163553,
        -0.889918693812442,
        -0.9639373480482504,
        -1.0227541344770767,
        -1.0654414772414946,
        -1.0913261714459257,
        -1.1
    ],
    "args": {
        "I_fc": [
            1.1
        ],
        "current_units": "mA",
        "cycles": 1.5,
        "d": 0.2,
        "directory": "/scratch/users/lbvh/py-tdgl/results/17223196/17",
        "dt_init": 1e-06,
        "fc_center": [
            0,
            0,
            1
        ],
        "fc_radius": 2.4,
        "field_units": "mT",
        "film_points": 4000,
        "film_radius": 15.0,
        "film_shape": "box",
        "film_smooth": 100,
        "gamma": 1.0,
        "index": 17,
        "lam": 1.35,
        "max_edge_length": 0.5,
        "pl_center": null,
        "pl_radius": 0.8,
        "points_per_cycle": 51.0,
        "save_every": 500,
        "screening": false,
        "seed_solutions": true,
        "slot_radius": 0.1,
        "slot_size": [
            2.0,
            50.0
        ],
        "slot_top_center_x": [
            -10.0,
            10.0,
            101.0
        ],
        "slot_top_center_y": [
            -1.0,
            -1.0,
            101.0
        ],
        "solve_time": [
            10000.0,
            2000.0
        ],
        "squid_angle": 180.0,
        "squid_iterations": 5,
        "squid_points": 4000,
        "squid_position": [
            0.0,
            0.0,
            0.5
        ],
        "squid_smooth": 100,
        "squid_type": "hypres-small",
        "xi": 0.9
    },
    "film_fluxoid": [
        0.0003344767548481508,
        0.0003318400890189469,
        0.0003239714735270727,
        0.0003109944968241513,
        0.00029311320675693114,
        0.00027060906232534887,
        0.0002438365767010576,
        0.00021321774079942403,
        0.00017923535043374382,
        0.00014242536457557148,
        0.00010336842503933705,
        6.268067451385218e-05,
        2.1004018169009744e-05,
        -2.100401816369115e-05,
        -6.268067450805651e-05,
        -0.00010336842503711065,
        -0.00014242536457593593,
        -0.00017923535043396467,
        -0.00021321774079968906,
        -0.00024383657670109293,
        -0.0002706090623248541,
        -0.0002931132067566131,
        -0.0003109944968234445,
        -0.00032397147352657797,
        -0.0003318400890199629,
        -0.0003344767548472673,
        -0.00033184008902195964,
        -0.0003239714735271434,
        -0.0003109944968239393,
        -0.00029311320675657774,
        -0.00027060906232488944,
        -0.00024383657670031547,
        -0.00021321774079892928,
        -0.00017923535043431807,
        -0.00014242536457650137,
        -0.0001033684250374994,
        -6.268067450784446e-05,
        -2.1004018169142268e-05,
        2.100401816922178e-05,
        6.268067450804216e-05,
        0.00010336842503764075,
        0.0001424253645752998,
        0.00017923535043297517,
        0.0002132177407986819,
        0.00024383657670102227,
        0.0002706090623251898,
        0.00029311320675657774,
        0.00031099449682355055,
        0.0003239714735277088,
        0.0003318400890189734,
        0.0003344767548469139,
        0.0003318400890190441,
        0.000323971473528769,
        0.0003109944968233738,
        0.00029311320675657774,
        0.00027060906232478346,
        0.00024383657670052752,
        0.0002132177407991413,
        0.00017923535043332857,
        0.0001424253645753705,
        0.00010336842503848889,
        6.268067450655458e-05,
        2.100401816936314e-05,
        -2.1004018169751874e-05,
        -6.268067450784446e-05,
        -0.000103368425037146,
        -0.0001424253645752998,
        -0.00017923535043431807,
        -0.00021321774080112032,
        -0.00024383657670162302,
        -0.00027060906232570227,
        -0.0002931132067567898,
        -0.00031099449682397463,
        -0.0003239714735264366,
        -0.0003318400890192561,
        -0.00033447675484770024
    ],