{
    "I_fc": [
        1.0,
        0.9921147013144779,
        0.9685831611286311,
        0.9297764858882513,
        0.8763066800438636,
        0.8090169943749475,
        0.7289686274214116,
        0.6374239897486896,
        0.5358267949789965,
        0.42577929156507266,
        0.30901699437494745,
        0.18738131458572452,
        0.0627905195293133,
        -0.0627905195293134,
        -0.18738131458572482,
        -0.30901699437494756,
        -0.4257792915650727,
        -0.5358267949789969,
        -0.6374239897486897,
        -0.7289686274214117,
        -0.8090169943749473,
        -0.8763066800438636,
        -0.9297764858882515,
        -0.9685831611286311,
        -0.9921147013144779,
        -1.0,
        -0.9921147013144779,
        -0.9685831611286311,
        -0.9297764858882512,
        -0.8763066800438635,
        -0.8090169943749472,
        -0.7289686274214116,
        -0.6374239897486895,
        -0.5358267949789963,
        -0.42577929156507216,
        -0.30901699437494756,
        -0.18738131458572463,
        -0.06279051952931321,
        0.06279051952931372,
        0.18738131458572513,
        0.30901699437494723,
        0.4257792915650726,
        0.5358267949789968,
        0.63742398974869,
        0.7289686274214119,
        0.8090169943749478,
        0.8763066800438636,
        0.9297764858882515,
        0.9685831611286312,
        0.9921147013144779,
        1.0,
        0.9921147013144779,
        0.9685831611286311,
        0.9297764858882513,
        0.8763066800438634,
        0.809016994374947,
        0.728968627421411,
        0.6374239897486896,
        0.5358267949789964,
        0.42577929156507227,
        0.30901699437494684,
        0.18738131458572388,
        0.06279051952931332,
        -0.0627905195293136,
        -0.18738131458572502,
        -0.3090169943749471,
        -0.4257792915650733,
        -0.5358267949789967,
        -0.6374239897486905,
        -0.7289686274214118,
        -0.8090169943749472,
        -0.8763066800438639,
        -0.9297764858882515,
        -0.9685831611286314,
        -0.9921147013144779,
        -1.0
    ],
    "args": {
        "I_fc": [
            1.0
        ],
        "current_units": "mA",
        "cycles": 1.5,
        "d": 0.2,
        "directory": "/scratch/users/lbvh/py-tdgl/results/17223926/38",
        "dt_init": 1e-06,
        "fc_center": [
            0,
            0,
            1
        ],
        "fc_radius": 2.4,
        "field_units": "mT",
        "film_points": 4000,
        "film_radius": 15.0,
        "film_shape": "box",
        "film_smooth": 100,
        "gamma": 1.0,
        "index": 38,
        "lam": 1.35,
        "max_edge_length": 0.5,
        "pl_center": null,
        "pl_radius": 0.8,
        "points_per_cycle": 51.0,
        "save_every": 500,
        "screening": false,
        "seed_solutions": true,
        "slot_radius": 0.1,
        "slot_size": [
            2.0,
            50.0
        ],
        "slot_top_center_x": [
            -10.0,
            10.0,
            101.0
        ],
        "slot_top_center_y": [
            5.0,
            5.0,
            101.0
        ],
        "solve_time": [
            10000.0,
            2000.0
        ],
        "squid_angle": 180.0,
        "squid_iterations": 5,
        "squid_points": 4000,
        "squid_position": [
            0.0,
            0.0,
            0.5
        ],
        "squid_smooth": 100,
        "squid_type": "hypres-small",
        "xi": 0.9
    },
    "film_fluxoid": [
        -0.00043531118576660394,
        -0.0004318788456578887,
        -0.0004216359255651235,
        -0.00040474387671823745,
        -0.00038146896611171476,
        -0.000352178094608833,
        -0.0003173330324150201,
        -0.00027748315989498546,
        -0.0002332568247435001,
        -0.0001853514485230618,
        -0.0001345225360896397,
        -8.157175994767586e-05,
        -2.7334307542187707e-05,
        2.7334307542187707e-05,
        8.15717599477112e-05,
        0.00013452253608957785,
        0.00018535144852299115,
        0.00023325682474353545,
        0.0002774831598949943,
        0.0003173330324150201,
        0.00035217809460884623,
        0.0003814689661116794,
        0.00040474387671823745,
        0.0004216359255652295,
        0.00043187884565776497,
        0.0004353111857665509,
        0.0004318788456579218,
        0.0004216359255652295,
        0.00040474387671828163,
        0.00038146896611175005,
        0.000352178094608833,
        0.0003173330324151968,
        0.00027748315989487943,
        0.0002332568247435001,
        0.0001853514485230265,
        0.00013452253608957785,
        8.157175994767586e-05,
        2.7334307542178874e-05,
        -2.73343075421612e-05,
        -8.157175994764052e-05,
        -0.00013452253608957785,
        -0.0001853514485230618,
        -0.00023325682474350894,
        -0.0002774831598950208,
        -0.0003173330324153282,
        -0.00035217809460886835,
        -0.0003814689661117412,
        -0.00040474387671823745,
        -0.00042163592556516326,
        -0.00043187884565795936,
        -0.00043531118576658627,
        -0.0004318788456578887,
        -0.0004216359255651854,
        -0.00040474387671823745,
        -0.0003814689661116264,
        -0.00035217809460879766,
        -0.0003173330324151968,
        -0.00027748315989498546,
        -0.00023325682474335875,
        -0.0001853514485230265,
        -0.00013452253608963087,
        -8.157175994767586e-05,
        -2.7334307542187707e-05,
        2.7334307542258386e-05,
        8.15717599477112e-05,
        0.00013452253608964854,
        0.00018535144852288514,
        0.00023325682474353545,
        0.0002774831598949987,
        0.0003173330324150908,
        0.00035217809460885675,
        0.00038146896611189143,
        0.0004047438767182507,
        0.00042163592556515887,
        0.000431878845657924,
        0.0004353111857666216
    ],