{
    "I_fc": [
        0.9,
        0.89290323118303,
        0.871724845015768,
        0.8367988372994263,
        0.7886760120394772,
        0.7281152949374528,
        0.6560717646792704,
        0.5736815907738206,
        0.4822441154810969,
        0.3832013624085654,
        0.27811529493745274,
        0.16864318312715207,
        0.05651146757638197,
        -0.05651146757638206,
        -0.16864318312715235,
        -0.2781152949374528,
        -0.38320136240856545,
        -0.4822441154810972,
        -0.5736815907738207,
        -0.6560717646792705,
        -0.7281152949374526,
        -0.7886760120394772,
        -0.8367988372994263,
        -0.871724845015768,
        -0.89290323118303,
        -0.9,
        -0.89290323118303,
        -0.871724845015768,
        -0.8367988372994262,
        -0.7886760120394771,
        -0.7281152949374525,
        -0.6560717646792704,
        -0.5736815907738206,
        -0.4822441154810967,
        -0.38320136240856495,
        -0.2781152949374528,
        -0.16864318312715218,
        -0.05651146757638189,
        0.05651146757638235,
        0.16864318312715262,
        0.2781152949374525,
        0.38320136240856534,
        0.4822441154810971,
        0.573681590773821,
        0.6560717646792708,
        0.728115294937453,
        0.7886760120394772,
        0.8367988372994263,
        0.8717248450157681,
        0.89290323118303,
        0.9,
        0.89290323118303,
        0.871724845015768,
        0.8367988372994263,
        0.788676012039477,
        0.7281152949374523,
        0.6560717646792699,
        0.5736815907738206,
        0.4822441154810968,
        0.38320136240856506,
        0.2781152949374522,
        0.16864318312715149,
        0.05651146757638199,
        -0.056511467576382236,
        -0.1686431831271525,
        -0.2781152949374524,
        -0.383201362408566,
        -0.482244115481097,
        -0.5736815907738215,
        -0.6560717646792706,
        -0.7281152949374525,
        -0.7886760120394776,
        -0.8367988372994263,
        -0.8717248450157683,
        -0.89290323118303,
        -0.9
    ],
    "args": {
        "I_fc": [
            0.9
        ],
        "current_units": "mA",
        "cycles": 1.5,
        "d": 0.2,
        "directory": "/scratch/users/lbvh/py-tdgl/results/17289540/77",
        "dt_init": 1e-06,
        "fc_center": [
            0,
            0,
            1
        ],
        "fc_radius": 2.4,
        "field_units": "mT",
        "film_points": 4000,
        "film_radius": 15.0,
        "film_shape": "box",
        "film_smooth": 100,
        "gamma": 1.0,
        "index": 77,
        "lam": 1.35,
        "max_edge_length": 0.5,
        "pl_center": null,
        "pl_radius": 0.8,
        "points_per_cycle": 51.0,
        "save_every": 500,
        "screening": false,
        "seed_solutions": true,
        "slot_radius": 0.1,
        "slot_size": [
            2.0,
            50.0
        ],
        "slot_top_center_x": [
            -10.0,
            10.0,
            101.0
        ],
        "slot_top_center_y": [
            -1.0,
            -1.0,
            101.0
        ],
        "solve_time": [
            10000.0,
            2000.0
        ],
        "squid_angle": 180.0,
        "squid_iterations": 5,
        "squid_points": 4000,
        "squid_position": [
            0.0,
            0.0,
            0.5
        ],
        "squid_smooth": 100,
        "squid_type": "hypres-small",
        "xi": 0.9
    },
    "film_fluxoid": [
        -0.0008568220612695676,
        -0.0008500486430011809,
        -0.0008298388916096609,
        -0.0007965213269915977,
        -0.000750634264085812,
        -0.0006929140139476815,
        -0.0006242809009746221,
        -0.0005458236813439836,
        -0.00045878234004672626,
        -0.00036452906546625106,
        -0.0002645473347090832,
        -0.00016040921709778832,
        -5.375118608799498e-05,
        5.375118602106198e-05,
        0.0001604092171483238,
        0.00026454733470484247,
        0.0003645290653746511,
        0.0004587823397918578,
        0.0005458236813967808,
        0.000624280901104212,
        0.0006929140140179144,
        0.0007506342641396606,
        0.000796521326960605,
        0.0008298388919572602,
        0.000850048642779885,
        0.0008568220611062991,
        0.0008500486429667603,
        0.0008298388916856055,
        0.0007965213275258425,
        0.0007506342640635571,
        0.0006929140140576405,
        0.0006242809007654123,
        0.0005458236814294698,
        0.0004587823397474007,
        0.00036452906558329546,
        0.00026454733479637174,
        0.00016040921708831732,
        5.37511861138635e-05,
        -5.375118610425115e-05,
        -0.0001604092170900843,
        -0.00026454733478499244,
        -0.0003645290655691597,
        -0.0004587823399465741,
        -0.0005458236813896422,
        -0.000624280900865211,
        -0.0006929140141467666,
        -0.0007506342641397534,
        -0.0007965213269512223,
        -0.0008298388916877966,
        -0.0008500486430462742,
        -0.0008568220612568453,
        -0.0008500486429944664,
        -0.000829838891808481,
        -0.0007965213269215195,
        -0.0007506342643931508,
        -0.0006929140139375392,
        -0.0006242809010195387,
        -0.0005458236813094216,
        -0.00045878233993484137,
        -0.0003645290654984807,
        -0.00026454733475198537,
        -0.00016040921707036486,
        -5.375118588210708e-05,
        5.375118612976627e-05,
        0.00016040921716323705,
        0.00026454733470795234,
        0.00036452906541119213,
        0.00045878233973390103,
        0.0005458236813112239,
        0.000624280900874417,
        0.0006929140138690247,
        0.0007506342640083568,
        0.0007965213272949872,
        0.0008298388917126755,
        0.0008500486428471714,
        0.0008568220613226475
    ],