{
    "I_fc": [
        1.75,
        1.7362007273003364,
        1.6950205319751044,
        1.62710885030444,
        1.5335366900767613,
        1.415779740156158,
        1.2756950979874702,
        1.115491982060207,
        0.937696891213244,
        0.7451137602388771,
        0.540779740156158,
        0.3279173005250179,
        0.10988340917629828,
        -0.10988340917629845,
        -0.32791730052501844,
        -0.5407797401561583,
        -0.7451137602388772,
        -0.9376968912132445,
        -1.115491982060207,
        -1.2756950979874704,
        -1.4157797401561578,
        -1.5335366900767613,
        -1.62710885030444,
        -1.6950205319751044,
        -1.7362007273003364,
        -1.75,
        -1.7362007273003364,
        -1.6950205319751044,
        -1.6271088503044397,
        -1.533536690076761,
        -1.4157797401561576,
        -1.2756950979874702,
        -1.1154919820602067,
        -0.9376968912132435,
        -0.7451137602388763,
        -0.5407797401561583,
        -0.3279173005250181,
        -0.10988340917629812,
        0.10988340917629902,
        0.327917300525019,
        0.5407797401561576,
        0.7451137602388771,
        0.9376968912132444,
        1.1154919820602074,
        1.2756950979874708,
        1.4157797401561587,
        1.5335366900767613,
        1.62710885030444,
        1.6950205319751046,
        1.7362007273003364,
        1.75,
        1.7362007273003364,
        1.6950205319751044,
        1.62710885030444,
        1.5335366900767609,
        1.4157797401561574,
        1.2756950979874693,
        1.115491982060207,
        0.9376968912132437,
        0.7451137602388764,
        0.5407797401561569,
        0.3279173005250168,
        0.10988340917629831,
        -0.1098834091762988,
        -0.3279173005250188,
        -0.5407797401561575,
        -0.7451137602388783,
        -0.9376968912132442,
        -1.1154919820602085,
        -1.2756950979874706,
        -1.4157797401561576,
        -1.5335366900767617,
        -1.62710885030444,
        -1.695020531975105,
        -1.7362007273003364,
        -1.75
    ],
    "args": {
        "I_fc": [
            1.75
        ],
        "current_units": "mA",
        "cycles": 1.5,
        "d": 0.2,
        "directory": "/scratch/users/lbvh/py-tdgl/results/17224036/80",
        "dt_init": 1e-06,
        "fc_center": [
            0,
            0,
            1
        ],
        "fc_radius": 2.4,
        "field_units": "mT",
        "film_points": 4000,
        "film_radius": 15.0,
        "film_shape": "box",
        "film_smooth": 100,
        "gamma": 1.0,
        "index": 80,
        "lam": 1.35,
        "max_edge_length": 0.5,
        "pl_center": null,
        "pl_radius": 0.8,
        "points_per_cycle": 51.0,
        "save_every": 500,
        "screening": false,
        "seed_solutions": true,
        "slot_radius": 0.1,
        "slot_size": [
            2.0,
            50.0
        ],
        "slot_top_center_x": [
            -10.0,
            10.0,
            101.0
        ],
        "slot_top_center_y": [
            5.0,
            5.0,
            101.0
        ],
        "solve_time": [
            10000.0,
            2000.0
        ],
        "squid_angle": 180.0,
        "squid_iterations": 5,
        "squid_points": 4000,
        "squid_position": [
            0.0,
            0.0,
            0.5
        ],
        "squid_smooth": 100,
        "squid_type": "hypres-small",
        "xi": 0.9
    },
    "film_fluxoid": [
        0.9987506977858326,
        0.9987601579171806,
        0.9987883819919661,
        0.9988349080503696,
        0.9988989858347916,
        0.9989795978545899,
        0.9990754811488262,
        0.9991851518355123,
        0.9993069393984297,
        0.9994390533944408,
        0.9995798244289448,
        0.999737941657448,
        -7.519542198307452e-05,
        7.519542198037104e-05,
        0.00022442921148609033,
        0.00037021371909762204,
        0.0005103238631389179,
        0.0006426533823786762,
        0.0007652885873320462,
        0.0008766886934074543,
        -0.9989795978546028,
        -0.99889898583479,
        -0.9988349080503606,
        -0.9987883819919654,
        -0.9987601579171793,
        -0.9987506977858336,
        -0.9987601579171793,
        -0.9987883819919604,
        -0.998834908050368,
        -0.9988989858347904,
        -0.9989795978545926,
        -0.9990754811488253,
        -0.9991851518355146,
        -0.9993069393984377,
        -0.9994390533944332,
        -0.9995798244289718,
        -0.9997379411579633,
        7.519542198156375e-05,
        -7.5195421983905e-05,
        -0.00022442921148547188,
        -0.00037021371909953034,
        -0.0005103238631445083,
        -0.0006426533823393081,
        -0.0007652885873139701,
        -0.0008766886934193991,
        0.9989795978546001,
        0.9988989858347969,
        0.9988349080503653,
        0.9987883819919674,
        0.998760157917177,
        0.9987506977858297,
        0.9987601579171794,
        0.9987883819919613,
        0.998834908050373,
        0.9988989858347879,
        0.9989795978546004,
        0.9990754811488303,
        0.9991851518355193,
        0.9993069393984189,
        0.9994390533944181,
        0.9995798244289664,
        0.9997379410642554,
        -7.519542198266812e-05,
        7.519542198005299e-05,
        0.00022442921147760884,
        0.00037021371909554693,
        0.0005103238631356556,
        0.0006426533823717497,
        0.0007652885873130159,
        0.0008766886934161125,
        -0.9989795978545996,
        -0.9988989858347964,
        -0.9988349080503712,
        -0.9987883819919648,
        -0.9987601579171791,
        -0.9987506977858299
    ],