{
    "I_fc": [
        7.4825,
        7.42349825258558,
        7.247423503144982,
        6.957052555658841,
        6.5569647334282095,
        6.053469660410545,
        5.454507754680712,
        4.76952500329457,
        4.009323993430342,
        3.185893549135656,
        2.3122196604105443,
        1.4020806863876838,
        0.4698300623780868,
        -0.4698300623780875,
        -1.402080686387686,
        -2.312219660410545,
        -3.1858935491356566,
        -4.009323993430344,
        -4.769525003294571,
        -5.454507754680713,
        -6.053469660410544,
        -6.5569647334282095,
        -6.957052555658842,
        -7.247423503144982,
        -7.42349825258558,
        -7.4825,
        -7.42349825258558,
        -7.247423503144982,
        -6.95705255565884,
        -6.556964733428209,
        -6.053469660410543,
        -5.454507754680712,
        -4.76952500329457,
        -4.00932399343034,
        -3.1858935491356526,
        -2.312219660410545,
        -1.4020806863876845,
        -0.46983006237808606,
        0.4698300623780899,
        1.4020806863876882,
        2.3122196604105425,
        3.1858935491356557,
        4.0093239934303435,
        4.769525003294572,
        5.454507754680715,
        6.0534696604105465,
        6.5569647334282095,
        6.957052555658842,
        7.247423503144983,
        7.42349825258558,
        7.4825,
        7.42349825258558,
        7.247423503144982,
        6.957052555658841,
        6.556964733428208,
        6.053469660410541,
        5.454507754680708,
        4.76952500329457,
        4.009323993430341,
        3.185893549135653,
        2.31221966041054,
        1.402080686387679,
        0.4698300623780869,
        -0.469830062378089,
        -1.4020806863876873,
        -2.3122196604105416,
        -3.185893549135661,
        -4.009323993430343,
        -4.769525003294577,
        -5.454507754680714,
        -6.053469660410543,
        -6.556964733428211,
        -6.957052555658842,
        -7.247423503144985,
        -7.42349825258558,
        -7.4825
    ],
    "args": {
        "I_fc": [
            0.5,
            10.0,
            201.0
        ],
        "current_units": "mA",
        "cycles": 1.5,
        "d": 0.2,
        "directory": "/scratch/users/lbvh/py-tdgl/results/14122470/147",
        "dt_init": 1e-06,
        "fc_center": [
            0,
            0,
            1
        ],
        "fc_radius": 2.4,
        "field_units": "mT",
        "film_points": 4000,
        "film_radius": 15.0,
        "film_shape": "box",
        "film_smooth": 100,
        "gamma": 1.0,
        "index": 147,
        "lam": 1.35,
        "max_edge_length": 0.5,
        "pl_center": null,
        "pl_radius": 0.8,
        "points_per_cycle": 51.0,
        "save_every": 500,
        "screening": false,
        "seed_solutions": true,
        "slot_radius": 0,
        "slot_size": null,
        "slot_top_center_x": null,
        "slot_top_center_y": null,
        "solve_time": [
            20000.0,
            2000.0
        ],
        "squid_angle": 0,
        "squid_iterations": 5,
        "squid_points": 4000,
        "squid_position": [
            0.0,
            0.0,
            0.5
        ],
        "squid_smooth": 100,
        "squid_type": "hypres-small",
        "xi": 0.9
    },
    "film_fluxoid": [
        3.996728003866943,
        3.9967526737109007,
        3.99682622218551,
        3.9969476735863276,
        3.9971163239531604,
        3.9973280519923216,
        3.997583089120608,
        3.9978870414375445,
        3.998197879907906,
        3.9985315858633563,
        2.998929543189921,
        1.9993429101895894,
        0.9997670614337627,
        0.00019133480952956928,
        0.0005715836473292938,
        0.0009468356713741883,
        -1.9986174815406328,
        -1.998276472217471,
        -1.9979271440052206,
        -2.9976140326219625,
        -2.9973634762194528,
        -2.997145922756214,
        -2.9969775369994873,
        -2.996855322319852,
        -2.996782061060142,
        -2.996758092743812,
        -2.9967834555959807,
        -2.9968580331724968,
        -2.996980768141556,
        -2.9971497531510267,
        -2.9973621494155216,
        -2.997609137228785,
        -2.9979005126924996,
        -2.99822672364719,
        -2.9985756615861106,
        -2.9989295431867737,
        -1.9993429101901712,
        -0.9997670614334538,
        -0.00019133480952058423,
        -0.0005715836476921597,
        -0.0009468356728336421,
        1.9986174815420577,
        1.9982764722172623,
        1.9979271440015265,
        2.9976140326230074,
        2.9973634762203307,
        2.997145922755915,
        2.9969775370002267,
        2.996855322330448,
        2.9967820610902907,
        2.99675809276585,
        2.996783455601457,
        2.996858033178113,
        2.9969807681480365,
        2.997149753163957,
        2.9973621494068423,
        2.9976091372291775,
        2.997900512691639,
        2.998226723649474,
        2.998575661584727,
        2.9989295431890044,
        1.9993429101900553,
        0.9997670614350749,
        0.0001913348090279958,
        0.0005715836486681899,
        0.0009468356702882619,
        -1.9986174815408366,
        -1.9982764722178683,
        -1.9979271439999529,
        -2.9976140326218155,
        -2.99736347621856,
        -2.9971459227565624,
        -2.9969775370015097,
        -2.996855322330739,
        -2.996782061081985,
        -2.996758092743704
    ],
    "flux": [
        -0.004345357567134512,
        -0.003974154417613965,
        -0.00288373691908188,
        -0.0012112110862066649,
        0.0005032301668731468,
        5.608034552066642e-05,
        -0.0002591545658224419,
        -0.0056072504753236505,
        0.0020161914757825653,
        0.010577130450424846,
        0.009643633837660417,
        0.008310017505206472,
        0.010917239259979769,
        0.007589502751628323,
        0.019832567274290728,
        0.023648785816988344,
        0.011232307648719688,
        0.016071537554293382,
        0.009569832573794141,
        0.007493105981178284,
        0.011191073239530442,
        0.00950968787474247,
        0.011446607173169242,
        0.008620864905751334,
        0.009506328808948987,
        0.00975960629106028,
        0.009473319609766984,
        0.008558834313449917,
        0.006848001267821606,
        0.004297624268705263,
        0.0012963663759565944,
        0.0020845023910581848,
        0.002271970874181383,
        0.002726872185386886,
        -0.0001643207157355386,
        -0.00964363384560602,
        -0.008310017451261368,
        -0.0109172392632365,
        -0.007589502752275572,
        -0.01983256728959686,
        -0.02364878581657494,
        -0.011232307650461201,
        -0.01607153755533686,
        -0.009569832161487534,
        -0.007493105869179433,
        -0.011191072965984882,
        -0.009509687665988498,
        -0.011446607155332456,
        -0.008620865187763452,
        -0.009506327983323796,
        -0.00975960577838899,
        -0.00947331947824026,
        -0.008558834212980876,
        -0.006848001154712239,
        -0.004297624033917177,
        -0.0012963664693979799,
        -0.0020845024465147885,
        -0.002271970864592724,
        -0.002726872198357108,
        0.00016432071976078426,
        0.009643633841318083,
        0.008310017460647646,
        0.010917239257078437,
        0.00758950275236924,
        0.019832567287651297,
        0.0236487858175879,
        0.01123230764778285,
        0.016071537535670984,
        0.009569831995863207,
        0.0074931059427823755,
        0.011191073048470522,
        0.00950968750037042,
        0.01144660708443003,
        0.008620865210714276,
        0.009506328204696482,
        0.00975960627564391
    ],
    "timing": {
        "end_time": "2023-03-29T17:22:00.104646",
        "start_time": "2023-03-29T09:49:21.562415",