{
    "I_fc": [
        1.0,
        0.9921147013144779,
        0.9685831611286311,
        0.9297764858882513,
        0.8763066800438636,
        0.8090169943749475,
        0.7289686274214116,
        0.6374239897486896,
        0.5358267949789965,
        0.42577929156507266,
        0.30901699437494745,
        0.18738131458572452,
        0.0627905195293133,
        -0.0627905195293134,
        -0.18738131458572482,
        -0.30901699437494756,
        -0.4257792915650727,
        -0.5358267949789969,
        -0.6374239897486897,
        -0.7289686274214117,
        -0.8090169943749473,
        -0.8763066800438636,
        -0.9297764858882515,
        -0.9685831611286311,
        -0.9921147013144779,
        -1.0,
        -0.9921147013144779,
        -0.9685831611286311,
        -0.9297764858882512,
        -0.8763066800438635,
        -0.8090169943749472,
        -0.7289686274214116,
        -0.6374239897486895,
        -0.5358267949789963,
        -0.42577929156507216,
        -0.30901699437494756,
        -0.18738131458572463,
        -0.06279051952931321,
        0.06279051952931372,
        0.18738131458572513,
        0.30901699437494723,
        0.4257792915650726,
        0.5358267949789968,
        0.63742398974869,
        0.7289686274214119,
        0.8090169943749478,
        0.8763066800438636,
        0.9297764858882515,
        0.9685831611286312,
        0.9921147013144779,
        1.0,
        0.9921147013144779,
        0.9685831611286311,
        0.9297764858882513,
        0.8763066800438634,
        0.809016994374947,
        0.728968627421411,
        0.6374239897486896,
        0.5358267949789964,
        0.42577929156507227,
        0.30901699437494684,
        0.18738131458572388,
        0.06279051952931332,
        -0.0627905195293136,
        -0.18738131458572502,
        -0.3090169943749471,
        -0.4257792915650733,
        -0.5358267949789967,
        -0.6374239897486905,
        -0.7289686274214118,
        -0.8090169943749472,
        -0.8763066800438639,
        -0.9297764858882515,
        -0.9685831611286314,
        -0.9921147013144779,
        -1.0
    ],
    "args": {
        "I_fc": [
            1.0
        ],
        "current_units": "mA",
        "cycles": 1.5,
        "d": 0.2,
        "directory": "/scratch/users/lbvh/py-tdgl/results/17223926/54",
        "dt_init": 1e-06,
        "fc_center": [
            0,
            0,
            1
        ],
        "fc_radius": 2.4,
        "field_units": "mT",
        "film_points": 4000,
        "film_radius": 15.0,
        "film_shape": "box",
        "film_smooth": 100,
        "gamma": 1.0,
        "index": 54,
        "lam": 1.35,
        "max_edge_length": 0.5,
        "pl_center": null,
        "pl_radius": 0.8,
        "points_per_cycle": 51.0,
        "save_every": 500,
        "screening": false,
        "seed_solutions": true,
        "slot_radius": 0.1,
        "slot_size": [
            2.0,
            50.0
        ],
        "slot_top_center_x": [
            -10.0,
            10.0,
            101.0
        ],
        "slot_top_center_y": [
            5.0,
            5.0,
            101.0
        ],
        "solve_time": [
            10000.0,
            2000.0
        ],
        "squid_angle": 180.0,
        "squid_iterations": 5,
        "squid_points": 4000,
        "squid_position": [
            0.0,
            0.0,
            0.5
        ],
        "squid_smooth": 100,
        "squid_type": "hypres-small",
        "xi": 0.9
    },
    "film_fluxoid": [
        -0.0009252078233179464,
        -0.0009179036422136381,
        -0.0008961077659438007,
        -0.0008601680242943773,
        -0.0008106570427928621,
        -0.0007483620718027878,
        -0.0006742714747568982,
        -0.0005895583038420452,
        -0.0004955613107709779,
        -0.0003937636764217847,
        -0.000285769725716892,
        -0.00017327991204579068,
        -5.806439904887206e-05,
        5.806439902483237e-05,
        0.00017327991226266033,
        0.000285769725550549,
        0.0003937636764169785,
        0.0004955613108686209,
        0.0005895583040114804,
        0.0006742714753300673,
        0.0007483620719404705,
        0.0008106570424340249,
        0.0008601680240470184,
        0.0008961077666175658,
        0.0009179036416886876,
        0.0009252078232888443,
        0.0009179036417642257,
        0.000896107766718036,
        0.0008601680244211754,
        0.0008106570422144253,
        0.0007483620717472342,
        0.0006742714755981704,
        0.0005895583040116571,
        0.0004955613108674724,
        0.0003937636762343042,
        0.0002857697258610677,
        0.0001732799121277253,
        5.80643991012452e-05,
        -5.806439899708203e-05,
        -0.0001732799121898698,
        -0.0002857697258312153,
        -0.00039376367663749695,
        -0.0004955613109284684,
        -0.0005895583038884548,
        -0.0006742714752230416,
        -0.0007483620721031029,
        -0.0008106570424507759,
        -0.0008601680249739204,
        -0.0008961077659423165,
        -0.0009179036423080476,
        -0.0009252078232999409,
        -0.0009179036421268267,
        -0.000896107766905035,
        -0.0008601680242804535,
        -0.0008106570429654603,
        -0.0007483620714479263,
        -0.0006742714755173313,
        -0.0005895583040116041,
        -0.0004955613113106827,
        -0.00039376367631509474,
        -0.0002857697256320772,
        -0.00017327991231504228,
        -5.8064399067743354e-05,
        5.8064398991869456e-05,
        0.00017327991232382416,
        0.00028576972589606326,
        0.0003937636766517034,
        0.0004955613112653421,
        0.0005895583042657305,
        0.0006742714752593883,
        0.0007483620719303635,
        0.0008106570431369982,
        0.0008601680244268474,
        0.0008961077661614214,
        0.0009179036422865611,
        0.0009252078230898123
    ],