{
    "I_fc": [
        1.0,
        0.9921147013144779,
        0.9685831611286311,
        0.9297764858882513,
        0.8763066800438636,
        0.8090169943749475,
        0.7289686274214116,
        0.6374239897486896,
        0.5358267949789965,
        0.42577929156507266,
        0.30901699437494745,
        0.18738131458572452,
        0.0627905195293133,
        -0.0627905195293134,
        -0.18738131458572482,
        -0.30901699437494756,
        -0.4257792915650727,
        -0.5358267949789969,
        -0.6374239897486897,
        -0.7289686274214117,
        -0.8090169943749473,
        -0.8763066800438636,
        -0.9297764858882515,
        -0.9685831611286311,
        -0.9921147013144779,
        -1.0,
        -0.9921147013144779,
        -0.9685831611286311,
        -0.9297764858882512,
        -0.8763066800438635,
        -0.8090169943749472,
        -0.7289686274214116,
        -0.6374239897486895,
        -0.5358267949789963,
        -0.42577929156507216,
        -0.30901699437494756,
        -0.18738131458572463,
        -0.06279051952931321,
        0.06279051952931372,
        0.18738131458572513,
        0.30901699437494723,
        0.4257792915650726,
        0.5358267949789968,
        0.63742398974869,
        0.7289686274214119,
        0.8090169943749478,
        0.8763066800438636,
        0.9297764858882515,
        0.9685831611286312,
        0.9921147013144779,
        1.0,
        0.9921147013144779,
        0.9685831611286311,
        0.9297764858882513,
        0.8763066800438634,
        0.809016994374947,
        0.728968627421411,
        0.6374239897486896,
        0.5358267949789964,
        0.42577929156507227,
        0.30901699437494684,
        0.18738131458572388,
        0.06279051952931332,
        -0.0627905195293136,
        -0.18738131458572502,
        -0.3090169943749471,
        -0.4257792915650733,
        -0.5358267949789967,
        -0.6374239897486905,
        -0.7289686274214118,
        -0.8090169943749472,
        -0.8763066800438639,
        -0.9297764858882515,
        -0.9685831611286314,
        -0.9921147013144779,
        -1.0
    ],
    "args": {
        "I_fc": [
            1.0
        ],
        "current_units": "mA",
        "cycles": 1.5,
        "d": 0.2,
        "directory": "/scratch/users/lbvh/py-tdgl/results/17223926/73",
        "dt_init": 1e-06,
        "fc_center": [
            0,
            0,
            1
        ],
        "fc_radius": 2.4,
        "field_units": "mT",
        "film_points": 4000,
        "film_radius": 15.0,
        "film_shape": "box",
        "film_smooth": 100,
        "gamma": 1.0,
        "index": 73,
        "lam": 1.35,
        "max_edge_length": 0.5,
        "pl_center": null,
        "pl_radius": 0.8,
        "points_per_cycle": 51.0,
        "save_every": 500,
        "screening": false,
        "seed_solutions": true,
        "slot_radius": 0.1,
        "slot_size": [
            2.0,
            50.0
        ],
        "slot_top_center_x": [
            -10.0,
            10.0,
            101.0
        ],
        "slot_top_center_y": [
            5.0,
            5.0,
            101.0
        ],
        "solve_time": [
            10000.0,
            2000.0
        ],
        "squid_angle": 180.0,
        "squid_iterations": 5,
        "squid_points": 4000,
        "squid_position": [
            0.0,
            0.0,
            0.5
        ],
        "squid_smooth": 100,
        "squid_type": "hypres-small",
        "xi": 0.9
    },
    "film_fluxoid": [
        -0.0007951055701060232,
        -0.0007887511580914587,
        -0.0007698144225450265,
        -0.000738656153991634,
        -0.0006958349699631653,
        -0.0006420792113859661,
        -0.0005782704417808142,
        -0.0005054315024467141,
        -0.0004247141953454975,
        -0.00033738479321028406,
        -0.0002448070633338445,
        -0.00014842304118326143,
        -4.973198510138024e-05,
        4.973198510357129e-05,
        0.00014842304122694106,
        0.00024480706334041764,
        0.0003373847932718455,
        0.0004247141953782572,
        0.0005054315024127529,
        0.0005782704417536381,
        0.0006420792112555633,
        0.0006958349699570693,
        0.0007386561539426004,
        0.0007698144225586146,
        0.0007887511580705643,
        0.0007951055701532721,
        0.0007887511580981689,
        0.0007698144225190917,
        0.0007386561540277421,
        0.0006958349699215089,
        0.000642079211451565,
        0.0005782704417419584,
        0.0005054315024524745,
        0.0004247141953824803,
        0.0003373847932227589,
        0.0002448070633681238,
        0.00014842304119259107,
        4.973198512088764e-05,
        -4.9731985107812024e-05,
        -0.00014842304117962147,
        -0.00024480706331857785,
        -0.0003373847932469311,
        -0.00042471419541248353,
        -0.0005054315024021157,
        -0.0005782704418067446,
        -0.0006420792114223658,
        -0.0006958349700014733,
        -0.0007386561539282967,
        -0.0007698144225515378,
        -0.000788751158132488,
        -0.0007951055701364859,
        -0.0007887511581654596,
        -0.000769814422652706,
        -0.0007386561540416393,
        -0.0006958349699694204,
        -0.0006420792113051093,
        -0.000578270441779224,
        -0.0005054315024392222,
        -0.00042471419538232124,
        -0.0003373847932350924,
        -0.0002448070633574513,
        -0.00014842304122164013,
        -4.973198511063918e-05,
        4.973198511049783e-05,
        0.00014842304123436234,
        0.00024480706332960376,
        0.00033738479319947017,
        0.0004247141954313018,
        0.000505431502478449,
        0.0005782704417323638,
        0.000642079211295709,
        0.0006958349698726256,
        0.0007386561540281751,
        0.0007698144226046266,
        0.0007887511580713329,
        0.0007951055700529256
    ],