{
    "I_fc": [
        4.157500000000001,
        4.124716870714942,
        4.026884492392284,
        3.8655457400804054,
        3.6432450222823634,
        3.3634881541138446,
        3.030687068504519,
        2.6500902373801773,
        2.2276999001251783,
        1.7701774046817897,
        1.2847381541138443,
        0.7790378153901498,
        0.2610515849431201,
        -0.26105158494312053,
        -0.779037815390151,
        -1.2847381541138447,
        -1.7701774046817902,
        -2.22769990012518,
        -2.6500902373801782,
        -3.0306870685045193,
        -3.363488154113844,
        -3.6432450222823634,
        -3.865545740080406,
        -4.026884492392284,
        -4.124716870714942,
        -4.157500000000001,
        -4.124716870714942,
        -4.026884492392284,
        -3.865545740080405,
        -3.643245022282363,
        -3.3634881541138437,
        -3.030687068504519,
        -2.650090237380177,
        -2.2276999001251774,
        -1.7701774046817877,
        -1.2847381541138447,
        -0.7790378153901503,
        -0.2610515849431197,
        0.26105158494312186,
        0.7790378153901524,
        1.2847381541138434,
        1.7701774046817895,
        2.2276999001251796,
        2.650090237380179,
        3.03068706850452,
        3.363488154113846,
        3.6432450222823634,
        3.865545740080406,
        4.026884492392285,
        4.124716870714942,
        4.157500000000001,
        4.124716870714942,
        4.026884492392284,
        3.8655457400804054,
        3.6432450222823625,
        3.363488154113843,
        3.0306870685045166,
        2.6500902373801773,
        2.227699900125178,
        1.7701774046817882,
        1.2847381541138416,
        0.7790378153901472,
        0.26105158494312014,
        -0.2610515849431213,
        -0.7790378153901519,
        -1.2847381541138427,
        -1.7701774046817926,
        -2.227699900125179,
        -2.6500902373801813,
        -3.0306870685045197,
        -3.3634881541138437,
        -3.6432450222823647,
        -3.865545740080406,
        -4.026884492392286,
        -4.124716870714942,
        -4.157500000000001
    ],
    "args": {
        "I_fc": [
            0.5,
            10.0,
            201.0
        ],
        "current_units": "mA",
        "cycles": 1.5,
        "d": 0.2,
        "directory": "/scratch/users/lbvh/py-tdgl/results/14122470/77",
        "dt_init": 1e-06,
        "fc_center": [
            0,
            0,
            1
        ],
        "fc_radius": 2.4,
        "field_units": "mT",
        "film_points": 4000,
        "film_radius": 15.0,
        "film_shape": "box",
        "film_smooth": 100,
        "gamma": 1.0,
        "index": 77,
        "lam": 1.35,
        "max_edge_length": 0.5,
        "pl_center": null,
        "pl_radius": 0.8,
        "points_per_cycle": 51.0,
        "save_every": 500,
        "screening": false,
        "seed_solutions": true,
        "slot_radius": 0,
        "slot_size": null,
        "slot_top_center_x": null,
        "slot_top_center_y": null,
        "solve_time": [
            20000.0,
            2000.0
        ],
        "squid_angle": 0,
        "squid_iterations": 5,
        "squid_points": 4000,
        "squid_position": [
            0.0,
            0.0,
            0.5
        ],
        "squid_smooth": 100,
        "squid_type": "hypres-small",
        "xi": 0.9
    },
    "film_fluxoid": [
        1.9981857945090766,
        1.9981996239580455,
        1.9982408986605549,
        1.9983090189547357,
        1.998403285639885,
        1.9985271272728686,
        1.9986810555148136,
        1.9988365315100096,
        1.9990085483095692,
        1.9991942579842368,
        1.9993900166177176,
        0.9996413107250006,
        0.9998517769731328,
        0.00010630348251850452,
        0.0003173199890154717,
        0.0005236308181552452,
        0.000722369171964883,
        0.0009114128384961692,
        -0.9988774533290345,
        -0.9987200199496874,
        -1.9985445719633983,
        -1.9984292146575602,
        -1.998336839150435,
        -1.9982690376696304,
        -1.9982082685967735,
        -1.998193640783798,
        -1.9982017730006105,
        -2.998232026227225,
        -2.9982981993091973,
        -2.998389157159474,
        -2.998503330732646,
        -2.9986387828260517,
        -2.998793167572905,
        -2.998963496438571,
        -2.9991437890778516,
        -1.999390016619639,
        -0.9996413107280591,
        -0.9998517769727299,
        -0.00010630348244061627,
        -0.0003173199889710853,
        -0.0005236308188625476,
        -0.0007223691730450701,
        -0.0009114128385757936,
        0.9988774533290238,
        0.9987200199502531,
        1.9985445719656383,
        1.9984292146580465,
        1.9983368391503584,
        1.9982690376696695,
        1.9982082686000007,
        1.9981936408920118,
        1.9982017755718986,
        2.998232026228085,
        2.998298199308325,
        2.9983891571603305,
        2.9985033307342484,
        2.998638782830004,
        2.998793167570871,
        2.9989634964383907,
        2.9991437890765638,
        1.9993900166151952,
        0.9996413107276094,
        0.9998517769710159,
        0.00010630348259391901,
        0.0003173199881061158,
        0.0005236308176365498,
        0.0007223691716599739,
        0.0009114128377630161,
        -0.9988774533290554,
        -0.9987200199503592,
        -1.9985445719640955,
        -1.998429214656547,
        -1.9983368391496845,
        -1.9982690376698862,
        -1.998208268595775,
        -1.9981936408015961
    ],
    "flux": [
        -0.004862896905952496,
        -0.004602353000025128,
        -0.0038333859727241485,
        -0.0026216881349246605,
        -0.0012307697455630076,
        -0.00525601912931334,
        -0.009723731463865265,
        -0.005562465029812983,
        -0.0005513225930637448,
        0.0047160640962533255,
        0.00925197378405337,
        0.006701483946346952,
        0.01346617866081603,
        0.0042631131474259185,
        0.012236463284660631,
        0.01863682377251791,
        0.022677362634504084,
        0.023829853961325472,
        0.01712291639521636,
        0.019168473118087358,
        0.01277693741683567,
        0.014724770986858222,
        0.015743159939673575,
        0.016086678119376984,
        0.011072872596802131,
        0.011073992484587361,
        0.010155563125881924,
        0.008609831913819388,
        0.007123103041646219,
        0.0048829337912595,
        0.0018411009147615669,
        -0.0019331783012002412,
        -0.006189727813366496,
        -0.010422470871296068,
        -0.013347767658712999,
        -0.009251973777352745,
        -0.0067014839379630755,
        -0.013466178661602273,
        -0.0042631131475571946,
        -0.012236463286485557,
        -0.018636823781921903,
        -0.02267736263265503,
        -0.02382985399691862,
        -0.017122916395201346,
        -0.0191684731185885,
        -0.012776937420464854,
        -0.014724770987432986,
        -0.01574315994180108,
        -0.016086678098200954,
        -0.011072874049609745,
        -0.011074013833984386,
        -0.01015578882816819,
        -0.008609831974758803,
        -0.007123103088349637,
        -0.004882933754711869,
        -0.0018411008845542903,
        0.0019331782997889853,
        0.006189727817817152,
        0.010422470880397156,
        0.013347767661457028,
        0.00925197378918669,
        0.006701483939502631,
        0.013466178615312142,
        0.0042631131471656,
        0.012236463290088102,
        0.018636823783989637,
        0.022677362632801377,
        0.023829853997057445,
        0.0171229164012572,
        0.019168473118563723,
        0.012776937417821023,
        0.01472477098467187,
        0.015743159938724376,
        0.016086678097807672,
        0.011072872600168402,
        0.011073995995979224
    ],