{
    "I_fc": [
        1.75,
        1.7362007273003364,
        1.6950205319751044,
        1.62710885030444,
        1.5335366900767613,
        1.415779740156158,
        1.2756950979874702,
        1.115491982060207,
        0.937696891213244,
        0.7451137602388771,
        0.540779740156158,
        0.3279173005250179,
        0.10988340917629828,
        -0.10988340917629845,
        -0.32791730052501844,
        -0.5407797401561583,
        -0.7451137602388772,
        -0.9376968912132445,
        -1.115491982060207,
        -1.2756950979874704,
        -1.4157797401561578,
        -1.5335366900767613,
        -1.62710885030444,
        -1.6950205319751044,
        -1.7362007273003364,
        -1.75,
        -1.7362007273003364,
        -1.6950205319751044,
        -1.6271088503044397,
        -1.533536690076761,
        -1.4157797401561576,
        -1.2756950979874702,
        -1.1154919820602067,
        -0.9376968912132435,
        -0.7451137602388763,
        -0.5407797401561583,
        -0.3279173005250181,
        -0.10988340917629812,
        0.10988340917629902,
        0.327917300525019,
        0.5407797401561576,
        0.7451137602388771,
        0.9376968912132444,
        1.1154919820602074,
        1.2756950979874708,
        1.4157797401561587,
        1.5335366900767613,
        1.62710885030444,
        1.6950205319751046,
        1.7362007273003364,
        1.75,
        1.7362007273003364,
        1.6950205319751044,
        1.62710885030444,
        1.5335366900767609,
        1.4157797401561574,
        1.2756950979874693,
        1.115491982060207,
        0.9376968912132437,
        0.7451137602388764,
        0.5407797401561569,
        0.3279173005250168,
        0.10988340917629831,
        -0.1098834091762988,
        -0.3279173005250188,
        -0.5407797401561575,
        -0.7451137602388783,
        -0.9376968912132442,
        -1.1154919820602085,
        -1.2756950979874706,
        -1.4157797401561576,
        -1.5335366900767617,
        -1.62710885030444,
        -1.695020531975105,
        -1.7362007273003364,
        -1.75
    ],
    "args": {
        "I_fc": [
            1.75
        ],
        "current_units": "mA",
        "cycles": 1.5,
        "d": 0.2,
        "directory": "/scratch/users/lbvh/py-tdgl/results/17224036/1",
        "dt_init": 1e-06,
        "fc_center": [
            0,
            0,
            1
        ],
        "fc_radius": 2.4,
        "field_units": "mT",
        "film_points": 4000,
        "film_radius": 15.0,
        "film_shape": "box",
        "film_smooth": 100,
        "gamma": 1.0,
        "index": 1,
        "lam": 1.35,
        "max_edge_length": 0.5,
        "pl_center": null,
        "pl_radius": 0.8,
        "points_per_cycle": 51.0,
        "save_every": 500,
        "screening": false,
        "seed_solutions": true,
        "slot_radius": 0.1,
        "slot_size": [
            2.0,
            50.0
        ],
        "slot_top_center_x": [
            -10.0,
            10.0,
            101.0
        ],
        "slot_top_center_y": [
            5.0,
            5.0,
            101.0
        ],
        "solve_time": [
            10000.0,
            2000.0
        ],
        "squid_angle": 180.0,
        "squid_iterations": 5,
        "squid_points": 4000,
        "squid_position": [
            0.0,
            0.0,
            0.5
        ],
        "squid_smooth": 100,
        "squid_type": "hypres-small",
        "xi": 0.9
    },
    "film_fluxoid": [
        -0.00048661796453019617,
        -0.0004827808370176996,
        -0.00047132996824268247,
        -0.0004524459451079009,
        -0.0004264265796608998,
        -0.00039368221245828774,
        -0.0003547292413142254,
        -0.0003101819774669454,
        -0.00026074295758579766,
        -0.0002071918643945383,
        -0.000150373230632972,
        -9.118312027003057e-05,
        -3.055499701389503e-05,
        3.055499701390387e-05,
        9.118312027003057e-05,
        0.000150373230632972,
        0.00020719186439452947,
        0.00026074295758579766,
        0.00031018197746692774,
        0.0003547292413142254,
        0.00039368221245828774,
        0.00042642657966091745,
        0.0004524459451079009,
        0.0004713299682426648,
        0.0004827808370176996,
        0.0004866179645301608,
        0.0004827808370176996,
        0.0004713299682427885,
        0.00045244594510790534,
        0.0004264265796608821,
        0.00039368221245828774,
        0.0003547292413142431,
        0.0003101819774669454,
        0.00026074295758579766,
        0.00020719186439455598,
        0.0001503732306329941,
        9.118312027003057e-05,
        3.05549970138862e-05,
        -3.055499701385086e-05,
        -9.11831202699599e-05,
        -0.000150373230632972,
        -0.00020719186439457365,
        -0.00026074295758579766,
        -0.00031018197746701605,
        -0.0003547292413142254,
        -0.00039368221245828774,
        -0.0004264265796609704,
        -0.0004524459451079009,
        -0.0004713299682427178,
        -0.0004827808370176996,
        -0.0004866179645301608,
        -0.0004827808370176996,
        -0.0004713299682427178,
        -0.0004524459451078833,
        -0.0004264265796609108,
        -0.00039368221245828774,
        -0.0003547292413142254,
        -0.00031018197746673334,
        -0.00026074295758572697,
        -0.00020719186439457365,
        -0.000150373230632972,
        -9.118312027003057e-05,
        -3.0554997013921535e-05,
        3.0554997013921535e-05,
        9.118312027003057e-05,
        0.0001503732306331487,
        0.0002071918643945383,
        0.00026074295758579766,
        0.0003101819774669454,
        0.0003547292413142961,
        0.00039368221245827007,
        0.0004264265796608998,
        0.0004524459451079716,
        0.00047132996824275316,
        0.00048278083701771066,
        0.0004866179645301785
    ],