{
    "I_fc": [
        1.2,
        1.1905376415773734,
        1.1622997933543573,
        1.1157317830659015,
        1.0515680160526362,
        0.9708203932499369,
        0.8747623529056938,
        0.7649087876984275,
        0.6429921539747958,
        0.5109351498780872,
        0.37082039324993693,
        0.22485757750286942,
        0.07534862343517597,
        -0.07534862343517608,
        -0.22485757750286978,
        -0.37082039324993704,
        -0.5109351498780872,
        -0.6429921539747963,
        -0.7649087876984276,
        -0.8747623529056939,
        -0.9708203932499367,
        -1.0515680160526362,
        -1.1157317830659017,
        -1.1622997933543573,
        -1.1905376415773734,
        -1.2,
        -1.1905376415773734,
        -1.1622997933543573,
        -1.1157317830659015,
        -1.0515680160526362,
        -0.9708203932499366,
        -0.8747623529056938,
        -0.7649087876984274,
        -0.6429921539747956,
        -0.5109351498780865,
        -0.37082039324993704,
        -0.22485757750286955,
        -0.07534862343517584,
        0.07534862343517647,
        0.22485757750287014,
        0.37082039324993665,
        0.5109351498780871,
        0.6429921539747961,
        0.764908787698428,
        0.8747623529056943,
        0.9708203932499373,
        1.0515680160526362,
        1.1157317830659017,
        1.1622997933543573,
        1.1905376415773734,
        1.2,
        1.1905376415773734,
        1.1622997933543573,
        1.1157317830659015,
        1.051568016052636,
        0.9708203932499364,
        0.8747623529056932,
        0.7649087876984275,
        0.6429921539747957,
        0.5109351498780867,
        0.3708203932499362,
        0.22485757750286864,
        0.07534862343517598,
        -0.07534862343517632,
        -0.22485757750287003,
        -0.37082039324993654,
        -0.510935149878088,
        -0.6429921539747959,
        -0.7649087876984286,
        -0.8747623529056942,
        -0.9708203932499366,
        -1.0515680160526366,
        -1.1157317830659017,
        -1.1622997933543577,
        -1.1905376415773734,
        -1.2
    ],
    "args": {
        "I_fc": [
            1.2
        ],
        "current_units": "mA",
        "cycles": 1.5,
        "d": 0.2,
        "directory": "/scratch/users/lbvh/py-tdgl/results/17298299/89",
        "dt_init": 1e-06,
        "fc_center": [
            0,
            0,
            1
        ],
        "fc_radius": 2.4,
        "field_units": "mT",
        "film_points": 4000,
        "film_radius": 15.0,
        "film_shape": "box",
        "film_smooth": 100,
        "gamma": 1.0,
        "index": 89,
        "lam": 1.35,
        "max_edge_length": 0.5,
        "pl_center": null,
        "pl_radius": 0.8,
        "points_per_cycle": 51.0,
        "save_every": 500,
        "screening": false,
        "seed_solutions": true,
        "slot_radius": 0.1,
        "slot_size": [
            2.0,
            50.0
        ],
        "slot_top_center_x": [
            -10.0,
            10.0,
            101.0
        ],
        "slot_top_center_y": [
            -1.0,
            -1.0,
            101.0
        ],
        "solve_time": [
            10000.0,
            2000.0
        ],
        "squid_angle": 180.0,
        "squid_iterations": 5,
        "squid_points": 4000,
        "squid_position": [
            0.0,
            0.0,
            0.5
        ],
        "squid_smooth": 100,
        "squid_type": "hypres-small",
        "xi": 0.9
    },
    "film_fluxoid": [
        -0.0010036602622502755,
        -0.0009957538049416947,
        -0.0009721578881824192,
        -0.0009332410994845135,
        -0.0008796119178057042,
        -0.0008121101089641684,
        -0.0007317946514834193,
        -0.0006399279992462713,
        -0.0005379566754669487,
        -0.000427488493100174,
        -0.00031026691340065466,
        -0.00018814313115379292,
        -6.304645943760712e-05,
        6.304645943796051e-05,
        0.00018814313115379292,
        0.00031026691340069,
        0.000427488493100439,
        0.000537956675466878,
        0.0006399279992475613,
        0.0007317946514857518,
        0.0008121101089662534,
        0.0008796119178035839,
        0.0009332410994855561,
        0.0009721578881770034,
        0.000995753804947031,
        0.001003660262252302,
        0.0009957538049481971,
        0.0009721578881805373,
        0.0009332410994847079,
        0.0008796119178012514,
        0.0008121101089635146,
        0.0007317946514831013,
        0.0006399279992465982,
        0.0005379566754658884,
        0.0004274884930986897,
        0.0003102669134010434,
        0.0001881431311528741,
        6.304645943774847e-05,
        -6.304645943753644e-05,
        -0.00018814313115259138,
        -0.0003102669133997005,
        -0.00042748849309879575,
        -0.00053795667546656,
        -0.0006399279992461301,
        -0.000731794651485363,
        -0.0008121101089685151,
        -0.0008796119178008008,
        -0.0009332410994855384,
        -0.0009721578881793358,
        -0.0009957538049451403,
        -0.0010036602622509945,
        -0.0009957538049483827,
        -0.0009721578881803253,
        -0.0009332410994870315,
        -0.0008796119178030538,
        -0.0008121101089643097,
        -0.0007317946514848682,
        -0.0006399279992477203,
        -0.0005379566754669487,
        -0.0004274884931008101,
        -0.0003102669133999125,
        -0.0001881431311530331,
        -6.304645943757177e-05,
        6.304645943757177e-05,
        0.00018814313115379292,
        0.0003102669134001246,
        0.0004274884931001033,
        0.0005379566754660828,
        0.0006399279992468722,
        0.0007317946514837021,
        0.0008121101089629668,
        0.0008796119178007214,
        0.0009332410994855914,
        0.0009721578881806544,
        0.0009957538049455113,
        0.0010036602622513833
    ],