{
    "I_fc": [
        1.0,
        0.9921147013144779,
        0.9685831611286311,
        0.9297764858882513,
        0.8763066800438636,
        0.8090169943749475,
        0.7289686274214116,
        0.6374239897486896,
        0.5358267949789965,
        0.42577929156507266,
        0.30901699437494745,
        0.18738131458572452,
        0.0627905195293133,
        -0.0627905195293134,
        -0.18738131458572482,
        -0.30901699437494756,
        -0.4257792915650727,
        -0.5358267949789969,
        -0.6374239897486897,
        -0.7289686274214117,
        -0.8090169943749473,
        -0.8763066800438636,
        -0.9297764858882515,
        -0.9685831611286311,
        -0.9921147013144779,
        -1.0,
        -0.9921147013144779,
        -0.9685831611286311,
        -0.9297764858882512,
        -0.8763066800438635,
        -0.8090169943749472,
        -0.7289686274214116,
        -0.6374239897486895,
        -0.5358267949789963,
        -0.42577929156507216,
        -0.30901699437494756,
        -0.18738131458572463,
        -0.06279051952931321,
        0.06279051952931372,
        0.18738131458572513,
        0.30901699437494723,
        0.4257792915650726,
        0.5358267949789968,
        0.63742398974869,
        0.7289686274214119,
        0.8090169943749478,
        0.8763066800438636,
        0.9297764858882515,
        0.9685831611286312,
        0.9921147013144779,
        1.0,
        0.9921147013144779,
        0.9685831611286311,
        0.9297764858882513,
        0.8763066800438634,
        0.809016994374947,
        0.728968627421411,
        0.6374239897486896,
        0.5358267949789964,
        0.42577929156507227,
        0.30901699437494684,
        0.18738131458572388,
        0.06279051952931332,
        -0.0627905195293136,
        -0.18738131458572502,
        -0.3090169943749471,
        -0.4257792915650733,
        -0.5358267949789967,
        -0.6374239897486905,
        -0.7289686274214118,
        -0.8090169943749472,
        -0.8763066800438639,
        -0.9297764858882515,
        -0.9685831611286314,
        -0.9921147013144779,
        -1.0
    ],
    "args": {
        "I_fc": [
            1.0
        ],
        "current_units": "mA",
        "cycles": 1.5,
        "d": 0.2,
        "directory": "/scratch/users/lbvh/py-tdgl/results/17223926/94",
        "dt_init": 1e-06,
        "fc_center": [
            0,
            0,
            1
        ],
        "fc_radius": 2.4,
        "field_units": "mT",
        "film_points": 4000,
        "film_radius": 15.0,
        "film_shape": "box",
        "film_smooth": 100,
        "gamma": 1.0,
        "index": 94,
        "lam": 1.35,
        "max_edge_length": 0.5,
        "pl_center": null,
        "pl_radius": 0.8,
        "points_per_cycle": 51.0,
        "save_every": 500,
        "screening": false,
        "seed_solutions": true,
        "slot_radius": 0.1,
        "slot_size": [
            2.0,
            50.0
        ],
        "slot_top_center_x": [
            -10.0,
            10.0,
            101.0
        ],
        "slot_top_center_y": [
            5.0,
            5.0,
            101.0
        ],
        "solve_time": [
            10000.0,
            2000.0
        ],
        "squid_angle": 180.0,
        "squid_iterations": 5,
        "squid_points": 4000,
        "squid_position": [
            0.0,
            0.0,
            0.5
        ],
        "squid_smooth": 100,
        "squid_type": "hypres-small",
        "xi": 0.9
    },
    "film_fluxoid": [
        -0.0005465095776058965,
        -0.0005422051030281206,
        -0.0005293587722846504,
        -0.000508170950670156,
        -0.00047897252392604885,
        -0.00044222026052948005,
        -0.00039849025775431587,
        -0.0003484693894428627,
        -0.000292944826619054,
        -0.0002327917396618874,
        -0.00016895943037520557,
        -0.00010245616303971036,
        -3.433300807668926e-05,
        3.433300810138715e-05,
        0.00010245616295281054,
        0.00016895943067700488,
        0.00023279173992030869,
        0.0002929448264606005,
        0.00034846938936942723,
        0.00039849025861132516,
        0.00044222026069225376,
        0.00047897252410041393,
        0.0005081709505010919,
        0.0005293587722106494,
        0.0005422051029597033,
        0.0005465095777041757,
        0.0005422051030381569,
        0.000529358772177819,
        0.0005081709503342542,
        0.0004789725242423197,
        0.0004422202606504118,
        0.00039849025752254174,
        0.00034846938975599713,
        0.00029294482713438334,
        0.00023279174012469288,
        0.0001689594303820968,
        0.0001024561629753218,
        3.433300811141915e-05,
        -3.433300809438551e-05,
        -0.00010245616297199989,
        -0.0001689594302069984,
        -0.00023279173991392867,
        -0.0002929448268196757,
        -0.00034846938936836704,
        -0.00039849025740627483,
        -0.0004422202604496128,
        -0.0004789725243864562,
        -0.0005081709506384388,
        -0.0005293587721916369,
        -0.0005422051030820132,
        -0.000546509577685057,
        -0.0005422051032261631,
        -0.0005293587723522902,
        -0.0005081709526088101,
        -0.0004789725236221292,
        -0.00044222026070448123,
        -0.0003984902575826189,
        -0.0003484693896226701,
        -0.00029294482660030085,
        -0.00023279173986176757,
        -0.00016895943045998503,
        -0.00010245616300774579,
        -3.433300808759591e-05,
        3.4333008132781874e-05,
        0.00010245616303737796,
        0.00016895943037902224,
        0.00023279174005389958,
        0.000292944826501665,
        0.00034846938974872604,
        0.000398490258455902,
        0.0004422202604520512,
        0.0004789725243985379,
        0.0005081709529247453,
        0.0005293587722166572,
        0.0005422051031409949,
        0.0005465095777781059
    ],