{
    "I_fc": [
        1.1,
        1.0913261714459257,
        1.0654414772414942,
        1.0227541344770765,
        0.96393734804825,
        0.8899186938124423,
        0.8018654901635528,
        0.7011663887235586,
        0.5894094744768963,
        0.46835722072158,
        0.3399186938124422,
        0.206119446044297,
        0.06906957148224464,
        -0.06906957148224475,
        -0.20611944604429733,
        -0.33991869381244233,
        -0.46835722072158004,
        -0.5894094744768966,
        -0.7011663887235587,
        -0.8018654901635529,
        -0.8899186938124422,
        -0.96393734804825,
        -1.0227541344770767,
        -1.0654414772414942,
        -1.0913261714459257,
        -1.1,
        -1.0913261714459257,
        -1.0654414772414942,
        -1.0227541344770765,
        -0.9639373480482499,
        -0.889918693812442,
        -0.8018654901635528,
        -0.7011663887235585,
        -0.589409474476896,
        -0.4683572207215794,
        -0.33991869381244233,
        -0.2061194460442971,
        -0.06906957148224453,
        0.0690695714822451,
        0.20611944604429766,
        0.339918693812442,
        0.4683572207215799,
        0.5894094744768965,
        0.7011663887235591,
        0.8018654901635531,
        0.8899186938124426,
        0.96393734804825,
        1.0227541344770767,
        1.0654414772414944,
        1.0913261714459257,
        1.1,
        1.0913261714459257,
        1.0654414772414942,
        1.0227541344770765,
        0.9639373480482498,
        0.8899186938124418,
        0.8018654901635521,
        0.7011663887235586,
        0.5894094744768962,
        0.46835722072157954,
        0.33991869381244155,
        0.20611944604429627,
        0.06906957148224466,
        -0.06906957148224496,
        -0.20611944604429752,
        -0.33991869381244183,
        -0.4683572207215807,
        -0.5894094744768964,
        -0.7011663887235596,
        -0.801865490163553,
        -0.889918693812442,
        -0.9639373480482504,
        -1.0227541344770767,
        -1.0654414772414946,
        -1.0913261714459257,
        -1.1
    ],
    "args": {
        "I_fc": [
            1.1
        ],
        "current_units": "mA",
        "cycles": 1.5,
        "d": 0.2,
        "directory": "/scratch/users/lbvh/py-tdgl/results/17223927/56",
        "dt_init": 1e-06,
        "fc_center": [
            0,
            0,
            1
        ],
        "fc_radius": 2.4,
        "field_units": "mT",
        "film_points": 4000,
        "film_radius": 15.0,
        "film_shape": "box",
        "film_smooth": 100,
        "gamma": 1.0,
        "index": 56,
        "lam": 1.35,
        "max_edge_length": 0.5,
        "pl_center": null,
        "pl_radius": 0.8,
        "points_per_cycle": 51.0,
        "save_every": 500,
        "screening": false,
        "seed_solutions": true,
        "slot_radius": 0.1,
        "slot_size": [
            2.0,
            50.0
        ],
        "slot_top_center_x": [
            -10.0,
            10.0,
            101.0
        ],
        "slot_top_center_y": [
            5.0,
            5.0,
            101.0
        ],
        "solve_time": [
            10000.0,
            2000.0
        ],
        "squid_angle": 180.0,
        "squid_iterations": 5,
        "squid_points": 4000,
        "squid_position": [
            0.0,
            0.0,
            0.5
        ],
        "squid_smooth": 100,
        "squid_type": "hypres-small",
        "xi": 0.9
    },
    "film_fluxoid": [
        -0.000674349689251202,
        -0.0006690092703946733,
        -0.0006530768817785029,
        -0.0006268162375929182,
        -0.000590658130275751,
        -0.000545189675868063,
        -0.0004911420727574939,
        -0.00042937745728444414,
        -0.00036087483680400577,
        -0.0002867149220264107,
        -0.00020806375577406982,
        -0.00012615516854675994,
        -4.2272209697981714e-05,
        4.2272209698034725e-05,
        0.0001261551685467776,
        0.0002080637557740875,
        0.00028671492202622515,
        0.0003608748368041361,
        0.00042937745728442207,
        0.0004911420727575912,
        0.0005451896758678157,
        0.0005906581302754329,
        0.0006268162375926708,
        0.0006530768817786443,
        0.0006690092703946026,
        0.0006743496892509899,
        0.0006690092703942138,
        0.000653076881778715,
        0.0006268162375923174,
        0.0005906581302755102,
        0.0005451896758684959,
        0.0004911420727575381,
        0.00042937745728446625,
        0.0003608748368039704,
        0.00028671492202618097,
        0.00020806375577399913,
        0.0001261551685467246,
        4.227220969796405e-05,
        -4.227220969799939e-05,
        -0.00012615516854675994,
        -0.00020806375577414049,
        -0.0002867149220264637,
        -0.0003608748368041118,
        -0.0004293774572844486,
        -0.0004911420727576972,
        -0.0005451896758677891,
        -0.0005906581302752738,
        -0.0006268162375927415,
        -0.000653076881778715,
        -0.0006690092703943905,
        -0.0006743496892510606,
        -0.0006690092703941079,
        -0.0006530768817785736,
        -0.0006268162375927061,
        -0.0005906581302754152,
        -0.0005451896758678421,
        -0.0004911420727573073,
        -0.0004293774572846164,
        -0.0003608748368043415,
        -0.0002867149220263047,
        -0.00020806375577424652,
        -0.00012615516854675994,
        -4.2272209698034725e-05,
        4.227220969799939e-05,
        0.00012615516854670692,
        0.00020806375577405215,
        0.0002867149220263047,
        0.00036087483680417366,
        0.0004293774572845325,
        0.0004911420727572819,
        0.0005451896758680277,
        0.0005906581302755743,
        0.0006268162375924234,
        0.0006530768817788564,
        0.0006690092703941784,
        0.0006743496892512727
    ],