{
    "I_fc": [
        7.53,
        7.4706237008980185,
        7.293431203298592,
        7.001216938738533,
        6.598589300730293,
        6.091897967643354,
        5.489133764483229,
        4.7998026428076335,
        4.034775766191844,
        3.2061180654849974,
        2.3268979676433545,
        1.4109812988305057,
        0.4728126120557292,
        -0.47281261205572994,
        -1.410981298830508,
        -2.3268979676433554,
        -3.2061180654849974,
        -4.034775766191847,
        -4.799802642807634,
        -5.48913376448323,
        -6.091897967643353,
        -6.598589300730293,
        -7.0012169387385335,
        -7.293431203298592,
        -7.4706237008980185,
        -7.53,
        -7.4706237008980185,
        -7.293431203298592,
        -7.001216938738532,
        -6.598589300730292,
        -6.0918979676433525,
        -5.489133764483229,
        -4.799802642807633,
        -4.034775766191842,
        -3.2061180654849935,
        -2.3268979676433554,
        -1.4109812988305066,
        -0.47281261205572844,
        0.47281261205573233,
        1.4109812988305102,
        2.3268979676433528,
        3.206118065484997,
        4.034775766191846,
        4.799802642807635,
        5.489133764483232,
        6.091897967643357,
        6.598589300730293,
        7.0012169387385335,
        7.293431203298593,
        7.4706237008980185,
        7.53,
        7.4706237008980185,
        7.293431203298592,
        7.001216938738533,
        6.598589300730291,
        6.091897967643352,
        5.489133764483225,
        4.7998026428076335,
        4.034775766191843,
        3.2061180654849943,
        2.3268979676433497,
        1.4109812988305008,
        0.4728126120557293,
        -0.4728126120557314,
        -1.4109812988305095,
        -2.326897967643352,
        -3.2061180654850023,
        -4.034775766191845,
        -4.79980264280764,
        -5.489133764483231,
        -6.0918979676433525,
        -6.598589300730295,
        -7.0012169387385335,
        -7.293431203298595,
        -7.4706237008980185,
        -7.53
    ],
    "args": {
        "I_fc": [
            0.5,
            10.0,
            201.0
        ],
        "current_units": "mA",
        "cycles": 1.5,
        "d": 0.2,
        "directory": "/scratch/users/lbvh/py-tdgl/results/14122470/148",
        "dt_init": 1e-06,
        "fc_center": [
            0,
            0,
            1
        ],
        "fc_radius": 2.4,
        "field_units": "mT",
        "film_points": 4000,
        "film_radius": 15.0,
        "film_shape": "box",
        "film_smooth": 100,
        "gamma": 1.0,
        "index": 148,
        "lam": 1.35,
        "max_edge_length": 0.5,
        "pl_center": null,
        "pl_radius": 0.8,
        "points_per_cycle": 51.0,
        "save_every": 500,
        "screening": false,
        "seed_solutions": true,
        "slot_radius": 0,
        "slot_size": null,
        "slot_top_center_x": null,
        "slot_top_center_y": null,
        "solve_time": [
            20000.0,
            2000.0
        ],
        "squid_angle": 0,
        "squid_iterations": 5,
        "squid_points": 4000,
        "squid_position": [
            0.0,
            0.0,
            0.5
        ],
        "squid_smooth": 100,
        "squid_type": "hypres-small",
        "xi": 0.9
    },
    "film_fluxoid": [
        3.9967081512556644,
        3.9967329869387367,
        3.996807021592361,
        3.9969291604179795,
        3.9970986718870316,
        3.9973118371810363,
        3.9975685395632556,
        3.9978745998455243,
        3.9981875134671503,
        3.998523444312821,
        2.998923638244364,
        1.9993393294980162,
        0.9997658493277647,
        0.0001925496964977498,
        0.0005752227046995551,
        0.0009537221222157726,
        -1.9986091882594237,
        -1.998265689217778,
        -1.9979142692474647,
        -2.997599561280572,
        -2.9973473846319085,
        -2.9971284249560934,
        -2.9969589061781283,
        -2.9968359942157266,
        -2.99676228608047,
        -2.996738053717256,
        -2.996763558800745,
        -2.996838604457008,
        -2.996962120414439,
        -2.997132180526589,
        -2.9973459623399212,
        -2.997594549442946,
        -2.997887815142041,
        -2.998215970246519,
        -2.9985674301325704,
        -2.9989236382470765,
        -1.999339329496844,
        -0.9997658493262607,
        -0.0001925496968530531,
        -0.0005752227048623421,
        -0.0009537219913996999,
        1.9986091882586565,
        1.9982656892181856,
        1.9979142692470493,
        2.997599561282326,
        2.9973473846311602,
        2.99712842495641,
        2.996958906176875,
        2.9968359942037672,
        2.9967622860112537,
        2.996738053675443,
        2.9967635587882,
        2.9968386044620314,
        2.9969621204114767,
        2.997132180523329,
        2.9973459623403227,
        2.997594549445988,
        2.9978878151440553,
        2.998215970245474,
        2.998567430133292,
        2.9989236382472844,
        1.9993393294968762,
        0.9997658493290202,
        0.00019254969642192892,
        0.0005752227048727894,
        0.000953722129507795,
        -1.9986091882591333,
        -1.9982656892168678,
        -1.9979142692501606,
        -2.9975995612793875,
        -2.9973473846317393,
        -2.9971284249568,
        -2.9969589061770097,
        -2.996835994211098,
        -2.9967622860367067,
        -2.996738053706338
    ],
    "flux": [
        -0.004644433488033812,
        -0.004270104068063736,
        -0.0031647244045715523,
        -0.0014508744597531405,
        0.00038401663741127637,
        -0.0001393359449073128,
        -0.0004622284759608036,
        -0.005870336658005978,
        0.001742384441788414,
        0.010386552214453197,
        0.009504112142979625,
        0.00823387250823728,
        0.010878588365048472,
        0.0076361425522252085,
        0.01991802659552624,
        0.0232433108676994,
        0.0114186220810416,
        0.016090884773791315,
        0.009777532843737254,
        0.00774589951086659,
        0.011352652172069778,
        0.009747373501855465,
        0.011600464522694658,
        0.008869936746860124,
        0.009725049310079475,
        0.009970082043716012,
        0.009695324919262772,
        0.008807734234226629,
        0.007120089816844422,
        0.004564336811242178,
        0.0014997507217279346,
        0.002307661335705477,
        0.002490554989332835,
        0.002868776261484841,
        6.560778134988266e-05,
        -0.009504112136134883,
        -0.008233872510560286,
        -0.010878588365296914,
        -0.007636142561172434,
        -0.019918026596966863,
        -0.02324338994435894,
        -0.011418622079192347,
        -0.016090884774876392,
        -0.009777532911896258,
        -0.007745899371994477,
        -0.011352652423291964,
        -0.009747373518642974,
        -0.01160046449862075,
        -0.00886993677674719,
        -0.009725051154708583,
        -0.009970082943247206,
        -0.009695325170006845,
        -0.008807734170083778,
        -0.00712008981357741,
        -0.004564336893138615,
        -0.0014997507369489645,
        -0.0023076613533529744,
        -0.002490555009762672,
        -0.002868776229545065,
        -6.560778368323415e-05,
        0.009504112134728905,
        0.008233872509176128,
        0.01087858835874561,
        0.007636142556187077,
        0.019918026596309184,
        0.023243306459719205,
        0.011418622080157982,
        0.016090884773486743,
        0.009777533189554663,
        0.007745899726881933,
        0.011352652242700921,
        0.009747373302525276,
        0.011600464643955186,
        0.008869936756464074,
        0.009725050474244705,
        0.00997008225304676
    ],
    "timing": {
        "end_time": "2023-03-29T17:45:59.528941",
        "start_time": "2023-03-29T09:49:16.644619",