{
    "I_fc": [
        1.0,
        0.9921147013144779,
        0.9685831611286311,
        0.9297764858882513,
        0.8763066800438636,
        0.8090169943749475,
        0.7289686274214116,
        0.6374239897486896,
        0.5358267949789965,
        0.42577929156507266,
        0.30901699437494745,
        0.18738131458572452,
        0.0627905195293133,
        -0.0627905195293134,
        -0.18738131458572482,
        -0.30901699437494756,
        -0.4257792915650727,
        -0.5358267949789969,
        -0.6374239897486897,
        -0.7289686274214117,
        -0.8090169943749473,
        -0.8763066800438636,
        -0.9297764858882515,
        -0.9685831611286311,
        -0.9921147013144779,
        -1.0,
        -0.9921147013144779,
        -0.9685831611286311,
        -0.9297764858882512,
        -0.8763066800438635,
        -0.8090169943749472,
        -0.7289686274214116,
        -0.6374239897486895,
        -0.5358267949789963,
        -0.42577929156507216,
        -0.30901699437494756,
        -0.18738131458572463,
        -0.06279051952931321,
        0.06279051952931372,
        0.18738131458572513,
        0.30901699437494723,
        0.4257792915650726,
        0.5358267949789968,
        0.63742398974869,
        0.7289686274214119,
        0.8090169943749478,
        0.8763066800438636,
        0.9297764858882515,
        0.9685831611286312,
        0.9921147013144779,
        1.0,
        0.9921147013144779,
        0.9685831611286311,
        0.9297764858882513,
        0.8763066800438634,
        0.809016994374947,
        0.728968627421411,
        0.6374239897486896,
        0.5358267949789964,
        0.42577929156507227,
        0.30901699437494684,
        0.18738131458572388,
        0.06279051952931332,
        -0.0627905195293136,
        -0.18738131458572502,
        -0.3090169943749471,
        -0.4257792915650733,
        -0.5358267949789967,
        -0.6374239897486905,
        -0.7289686274214118,
        -0.8090169943749472,
        -0.8763066800438639,
        -0.9297764858882515,
        -0.9685831611286314,
        -0.9921147013144779,
        -1.0
    ],
    "args": {
        "I_fc": [
            1.0
        ],
        "current_units": "mA",
        "cycles": 1.5,
        "d": 0.2,
        "directory": "/scratch/users/lbvh/py-tdgl/results/17223926/18",
        "dt_init": 1e-06,
        "fc_center": [
            0,
            0,
            1
        ],
        "fc_radius": 2.4,
        "field_units": "mT",
        "film_points": 4000,
        "film_radius": 15.0,
        "film_shape": "box",
        "film_smooth": 100,
        "gamma": 1.0,
        "index": 18,
        "lam": 1.35,
        "max_edge_length": 0.5,
        "pl_center": null,
        "pl_radius": 0.8,
        "points_per_cycle": 51.0,
        "save_every": 500,
        "screening": false,
        "seed_solutions": true,
        "slot_radius": 0.1,
        "slot_size": [
            2.0,
            50.0
        ],
        "slot_top_center_x": [
            -10.0,
            10.0,
            101.0
        ],
        "slot_top_center_y": [
            5.0,
            5.0,
            101.0
        ],
        "solve_time": [
            10000.0,
            2000.0
        ],
        "squid_angle": 180.0,
        "squid_iterations": 5,
        "squid_points": 4000,
        "squid_position": [
            0.0,
            0.0,
            0.5
        ],
        "squid_smooth": 100,
        "squid_type": "hypres-small",
        "xi": 0.9
    },
    "film_fluxoid": [
        -0.0006024166244940006,
        -0.0005976663810945101,
        -0.0005834905673567515,
        -0.0005601127501224912,
        -0.0005279016184732671,
        -0.0004873651671574819,
        -0.0004391426841143027,
        -0.0003839946683872181,
        -0.0003227908370245951,
        -0.000256496409742638,
        -0.0001861568874176289,
        -0.00011288156433993917,
        -3.78260342104557e-05,
        3.7826034210515334e-05,
        0.00011288156433993917,
        0.00018615688741764326,
        0.000256496409742691,
        0.00032279083702455973,
        0.000383994668387211,
        0.00043914268411433805,
        0.0004873651671574664,
        0.0005279016184732758,
        0.0005601127501224912,
        0.0005834905673568752,
        0.0005976663810943687,
        0.0006024166244938593,
        0.0005976663810943864,
        0.0005834905673566632,
        0.0005601127501224559,
        0.0005279016184733378,
        0.0004873651671574664,
        0.00043914268411433805,
        0.00038399466838720043,
        0.0003227908370245774,
        0.00025649640974265565,
        0.00018615688741764326,
        0.0001128815643399215,
        3.782603421050871e-05,
        -3.782603421057939e-05,
        -0.0001128815643399215,
        -0.00018615688741771392,
        -0.0002564964097426468,
        -0.0003227908370246304,
        -0.0003839946683871474,
        -0.00043914268411433805,
        -0.00048736516715750173,
        -0.0005279016184732671,
        -0.0005601127501224294,
        -0.0005834905673568045,
        -0.0005976663810946161,
        -0.0006024166244939653,
        -0.0005976663810943687,
        -0.0005834905673567692,
        -0.0005601127501224206,
        -0.0005279016184732671,
        -0.00048736516715747966,
        -0.00043914268411433805,
        -0.0003839946683872888,
        -0.0003227908370246304,
        -0.0002564964097426203,
        -0.00018615688741766093,
        -0.00011288156433993986,
        -3.7826034210512854e-05,
        3.782603421055288e-05,
        0.00011288156433993917,
        0.00018615688741757257,
        0.0002564964097426203,
        0.00032279083702455973,
        0.0003839946683872159,
        0.0004391426841143734,
        0.00048736516715732506,
        0.0005279016184732935,
        0.0005601127501224206,
        0.0005834905673567692,
        0.0005976663810944747,
        0.0006024166244938593
    ],