{
    "I_fc": [
        1.1,
        1.0913261714459257,
        1.0654414772414942,
        1.0227541344770765,
        0.96393734804825,
        0.8899186938124423,
        0.8018654901635528,
        0.7011663887235586,
        0.5894094744768963,
        0.46835722072158,
        0.3399186938124422,
        0.206119446044297,
        0.06906957148224464,
        -0.06906957148224475,
        -0.20611944604429733,
        -0.33991869381244233,
        -0.46835722072158004,
        -0.5894094744768966,
        -0.7011663887235587,
        -0.8018654901635529,
        -0.8899186938124422,
        -0.96393734804825,
        -1.0227541344770767,
        -1.0654414772414942,
        -1.0913261714459257,
        -1.1,
        -1.0913261714459257,
        -1.0654414772414942,
        -1.0227541344770765,
        -0.9639373480482499,
        -0.889918693812442,
        -0.8018654901635528,
        -0.7011663887235585,
        -0.589409474476896,
        -0.4683572207215794,
        -0.33991869381244233,
        -0.2061194460442971,
        -0.06906957148224453,
        0.0690695714822451,
        0.20611944604429766,
        0.339918693812442,
        0.4683572207215799,
        0.5894094744768965,
        0.7011663887235591,
        0.8018654901635531,
        0.8899186938124426,
        0.96393734804825,
        1.0227541344770767,
        1.0654414772414944,
        1.0913261714459257,
        1.1,
        1.0913261714459257,
        1.0654414772414942,
        1.0227541344770765,
        0.9639373480482498,
        0.8899186938124418,
        0.8018654901635521,
        0.7011663887235586,
        0.5894094744768962,
        0.46835722072157954,
        0.33991869381244155,
        0.20611944604429627,
        0.06906957148224466,
        -0.06906957148224496,
        -0.20611944604429752,
        -0.33991869381244183,
        -0.4683572207215807,
        -0.5894094744768964,
        -0.7011663887235596,
        -0.801865490163553,
        -0.889918693812442,
        -0.9639373480482504,
        -1.0227541344770767,
        -1.0654414772414946,
        -1.0913261714459257,
        -1.1
    ],
    "args": {
        "I_fc": [
            1.1
        ],
        "current_units": "mA",
        "cycles": 1.5,
        "d": 0.2,
        "directory": "/scratch/users/lbvh/py-tdgl/results/17223196/86",
        "dt_init": 1e-06,
        "fc_center": [
            0,
            0,
            1
        ],
        "fc_radius": 2.4,
        "field_units": "mT",
        "film_points": 4000,
        "film_radius": 15.0,
        "film_shape": "box",
        "film_smooth": 100,
        "gamma": 1.0,
        "index": 86,
        "lam": 1.35,
        "max_edge_length": 0.5,
        "pl_center": null,
        "pl_radius": 0.8,
        "points_per_cycle": 51.0,
        "save_every": 500,
        "screening": false,
        "seed_solutions": true,
        "slot_radius": 0.1,
        "slot_size": [
            2.0,
            50.0
        ],
        "slot_top_center_x": [
            -10.0,
            10.0,
            101.0
        ],
        "slot_top_center_y": [
            -1.0,
            -1.0,
            101.0
        ],
        "solve_time": [
            10000.0,
            2000.0
        ],
        "squid_angle": 180.0,
        "squid_iterations": 5,
        "squid_points": 4000,
        "squid_position": [
            0.0,
            0.0,
            0.5
        ],
        "squid_smooth": 100,
        "squid_type": "hypres-small",
        "xi": 0.9
    },
    "film_fluxoid": [
        -0.0007021025663091646,
        -0.0006965666131495307,
        -0.0006800462371955292,
        -0.0006528023165667325,
        -0.0006152646133639943,
        -0.0005680247414635302,
        -0.0005118268950195079,
        -0.0004475563933808499,
        -0.0003762260267503164,
        -0.0002989602805719354,
        -0.000216977656522305,
        -0.00013157140683182146,
        -4.4089039951124844e-05,
        4.4089039951067415e-05,
        0.00013157140683133886,
        0.0002169776565229058,
        0.00029896028057167036,
        0.00037622602675127054,
        0.00044755639338357105,
        0.0005118268950183064,
        0.0005680247414646611,
        0.0006152646133630931,
        0.0006528023165625625,
        0.000680046237199876,
        0.0006965666131493363,
        0.0007021025663091867,
        0.0006965666131453607,
        0.0006800462371996287,
        0.0006528023165642588,
        0.0006152646133609904,
        0.0005680247414661454,
        0.0005118268950221672,
        0.00044755639338311167,
        0.0003762260267504401,
        0.0002989602805703805,
        0.00021697765652226966,
        0.0001315714068333709,
        4.408903995116902e-05,
        -4.408903995178746e-05,
        -0.00013157140683282313,
        -0.0002169776565214922,
        -0.0002989602805704644,
        -0.0003762260267529669,
        -0.00044755639338435737,
        -0.0005118268950195079,
        -0.0005680247414673469,
        -0.0006152646133597623,
        -0.0006528023165653896,
        -0.0006800462371951758,
        -0.0006965666131493894,
        -0.0007021025663124159,
        -0.0006965666131490359,
        -0.0006800462371997699,
        -0.000652802316565955,
        -0.00061526461335887,
        -0.0005680247414663927,
        -0.000511826895022229,
        -0.0004475563933837831,
        -0.00037622602675257814,
        -0.0002989602805712993,
        -0.00021697765652264073,
        -0.0001315714068326376,
        -4.4089039949932134e-05,
        4.4089039952405903e-05,
        0.00013157140683167458,
        0.0002169776565221283,
        0.00029896028057161734,
        0.00037622602675045776,
        0.0004475563933808499,
        0.0005118268950180943,
        0.0005680247414636539,
        0.0006152646133599303,
        0.0006528023165636933,
        0.0006800462371992045,
        0.0006965666131535484,
        0.0007021025663074905
    ],