{
    "I_fc": [
        1.5,
        1.4881720519717168,
        1.4528747416929466,
        1.394664728832377,
        1.3144600200657954,
        1.2135254915624212,
        1.0934529411321172,
        0.9561359846230344,
        0.8037401924684948,
        0.638668937347609,
        0.4635254915624212,
        0.2810719718785868,
        0.09418577929396996,
        -0.0941857792939701,
        -0.28107197187858723,
        -0.46352549156242134,
        -0.6386689373476091,
        -0.8037401924684953,
        -0.9561359846230346,
        -1.0934529411321174,
        -1.213525491562421,
        -1.3144600200657954,
        -1.3946647288323772,
        -1.4528747416929466,
        -1.4881720519717168,
        -1.5,
        -1.4881720519717168,
        -1.4528747416929466,
        -1.3946647288323768,
        -1.3144600200657952,
        -1.2135254915624207,
        -1.0934529411321172,
        -0.9561359846230343,
        -0.8037401924684945,
        -0.6386689373476082,
        -0.46352549156242134,
        -0.28107197187858696,
        -0.09418577929396982,
        0.09418577929397058,
        0.2810719718785877,
        0.46352549156242084,
        0.6386689373476089,
        0.8037401924684952,
        0.956135984623035,
        1.0934529411321179,
        1.2135254915624216,
        1.3144600200657954,
        1.3946647288323772,
        1.4528747416929468,
        1.4881720519717168,
        1.5,
        1.4881720519717168,
        1.4528747416929466,
        1.394664728832377,
        1.314460020065795,
        1.2135254915624205,
        1.0934529411321166,
        0.9561359846230344,
        0.8037401924684946,
        0.6386689373476084,
        0.4635254915624203,
        0.2810719718785858,
        0.09418577929396998,
        -0.0941857792939704,
        -0.2810719718785875,
        -0.4635254915624207,
        -0.63866893734761,
        -0.803740192468495,
        -0.9561359846230357,
        -1.0934529411321177,
        -1.2135254915624207,
        -1.3144600200657959,
        -1.3946647288323772,
        -1.452874741692947,
        -1.4881720519717168,
        -1.5
    ],
    "args": {
        "I_fc": [
            1.5
        ],
        "current_units": "mA",
        "cycles": 1.5,
        "d": 0.2,
        "directory": "/scratch/users/lbvh/py-tdgl/results/17223933/72",
        "dt_init": 1e-06,
        "fc_center": [
            0,
            0,
            1
        ],
        "fc_radius": 2.4,
        "field_units": "mT",
        "film_points": 4000,
        "film_radius": 15.0,
        "film_shape": "box",
        "film_smooth": 100,
        "gamma": 1.0,
        "index": 72,
        "lam": 1.35,
        "max_edge_length": 0.5,
        "pl_center": null,
        "pl_radius": 0.8,
        "points_per_cycle": 51.0,
        "save_every": 500,
        "screening": false,
        "seed_solutions": true,
        "slot_radius": 0.1,
        "slot_size": [
            2.0,
            50.0
        ],
        "slot_top_center_x": [
            -10.0,
            10.0,
            101.0
        ],
        "slot_top_center_y": [
            5.0,
            5.0,
            101.0
        ],
        "solve_time": [
            10000.0,
            2000.0
        ],
        "squid_angle": 180.0,
        "squid_iterations": 5,
        "squid_points": 4000,
        "squid_position": [
            0.0,
            0.0,
            0.5
        ],
        "squid_smooth": 100,
        "squid_type": "hypres-small",
        "xi": 0.9
    },
    "film_fluxoid": [
        0.998591496527238,
        0.9986023143383218,
        0.9986345854213003,
        0.9986877727675102,
        0.9987610099539804,
        0.9988531330231731,
        0.9989627164596067,
        0.9990881223815753,
        0.9992276006626037,
        0.9993796529209586,
        -0.0004220335474199931,
        -0.0002558123471222536,
        -8.570536038844281e-05,
        8.570536038844281e-05,
        0.00025581234712221824,
        0.0004220335474199224,
        0.0005818656699341523,
        0.0007329502373694967,
        0.0008732021525518084,
        0.0010018356358064105,
        -0.998853133023173,
        -0.9987610099539804,
        -0.9986877727675101,
        -0.9986345854213002,
        -0.9986023143383218,
        -0.9985914965272381,
        -0.9986023143383218,
        -0.9986345854213002,
        -0.9986877727675102,
        -0.9987610099539804,
        -0.9988531330231729,
        -0.9989627164596067,
        -0.9990881223815753,
        -0.9992276006626037,
        -0.9993796529209585,
        0.0004220335474199931,
        0.0002558123471222359,
        8.570536038842515e-05,
        -8.570536038842515e-05,
        -0.0002558123471222359,
        -0.0004220335474199931,
        -0.0005818656699340639,
        -0.0007329502373694261,
        -0.0008732021525518609,
        -0.0010018356358064636,
        0.998853133023173,
        0.9987610099539804,
        0.9986877727675101,
        0.9986345854213005,
        0.9986023143383216,
        0.998591496527238,
        0.9986023143383218,
        0.9986345854213005,
        0.9986877727675102,
        0.9987610099539803,
        0.9988531330231731,
        0.9989627164596065,
        0.9990881223815753,
        0.9992276006626037,
        0.9993796529209585,
        -0.0004220335474199931,
        -0.0002558123471222536,
        -8.570536038846048e-05,
        8.570536038844281e-05,
        0.00025581234712221824,
        0.0004220335474199931,
        0.0005818656699341612,
        0.0007329502373695674,
        0.0008732021525517024,
        0.0010018356358064812,
        -0.9988531330231731,
        -0.9987610099539803,
        -0.9986877727675103,
        -0.9986345854213005,
        -0.9986023143383218,
        -0.998591496527238
    ],