{
    "I_fc": [
        1.2,
        1.1905376415773734,
        1.1622997933543573,
        1.1157317830659015,
        1.0515680160526362,
        0.9708203932499369,
        0.8747623529056938,
        0.7649087876984275,
        0.6429921539747958,
        0.5109351498780872,
        0.37082039324993693,
        0.22485757750286942,
        0.07534862343517597,
        -0.07534862343517608,
        -0.22485757750286978,
        -0.37082039324993704,
        -0.5109351498780872,
        -0.6429921539747963,
        -0.7649087876984276,
        -0.8747623529056939,
        -0.9708203932499367,
        -1.0515680160526362,
        -1.1157317830659017,
        -1.1622997933543573,
        -1.1905376415773734,
        -1.2,
        -1.1905376415773734,
        -1.1622997933543573,
        -1.1157317830659015,
        -1.0515680160526362,
        -0.9708203932499366,
        -0.8747623529056938,
        -0.7649087876984274,
        -0.6429921539747956,
        -0.5109351498780865,
        -0.37082039324993704,
        -0.22485757750286955,
        -0.07534862343517584,
        0.07534862343517647,
        0.22485757750287014,
        0.37082039324993665,
        0.5109351498780871,
        0.6429921539747961,
        0.764908787698428,
        0.8747623529056943,
        0.9708203932499373,
        1.0515680160526362,
        1.1157317830659017,
        1.1622997933543573,
        1.1905376415773734,
        1.2,
        1.1905376415773734,
        1.1622997933543573,
        1.1157317830659015,
        1.051568016052636,
        0.9708203932499364,
        0.8747623529056932,
        0.7649087876984275,
        0.6429921539747957,
        0.5109351498780867,
        0.3708203932499362,
        0.22485757750286864,
        0.07534862343517598,
        -0.07534862343517632,
        -0.22485757750287003,
        -0.37082039324993654,
        -0.510935149878088,
        -0.6429921539747959,
        -0.7649087876984286,
        -0.8747623529056942,
        -0.9708203932499366,
        -1.0515680160526366,
        -1.1157317830659017,
        -1.1622997933543577,
        -1.1905376415773734,
        -1.2
    ],
    "args": {
        "I_fc": [
            1.2
        ],
        "current_units": "mA",
        "cycles": 1.5,
        "d": 0.2,
        "directory": "/scratch/users/lbvh/py-tdgl/results/17298304/100",
        "dt_init": 1e-06,
        "fc_center": [
            0,
            0,
            1
        ],
        "fc_radius": 2.4,
        "field_units": "mT",
        "film_points": 4000,
        "film_radius": 15.0,
        "film_shape": "box",
        "film_smooth": 100,
        "gamma": 1.0,
        "index": 100,
        "lam": 1.35,
        "max_edge_length": 0.5,
        "pl_center": null,
        "pl_radius": 0.8,
        "points_per_cycle": 51.0,
        "save_every": 500,
        "screening": false,
        "seed_solutions": true,
        "slot_radius": 0.1,
        "slot_size": [
            2.0,
            50.0
        ],
        "slot_top_center_x": [
            -10.0,
            10.0,
            101.0
        ],
        "slot_top_center_y": [
            5.0,
            5.0,
            101.0
        ],
        "solve_time": [
            10000.0,
            2000.0
        ],
        "squid_angle": 180.0,
        "squid_iterations": 5,
        "squid_points": 4000,
        "squid_position": [
            0.0,
            0.0,
            0.5
        ],
        "squid_smooth": 100,
        "squid_type": "hypres-small",
        "xi": 0.9
    },
    "film_fluxoid": [
        -0.0006587129546274212,
        -0.0006535375559985722,
        -0.0006380894779653449,
        -0.0006126027373966718,
        -0.0005774659105492878,
        -0.0005332189685845867,
        -0.0004805474152293989,
        -0.0004202732125156348,
        -0.00035334249248330905,
        -0.0002808104630235099,
        -0.0002038240955329152,
        -0.00012360318103950895,
        -4.142024944355051e-05,
        4.1420249430686934e-05,
        0.0001236031810251611,
        0.00020382409554160871,
        0.00028081046295700096,
        0.00035334249244392866,
        0.0004202732125290461,
        0.00048054741529025347,
        0.0005332189685094549,
        0.0005774659106498993,
        0.0006126027374356866,
        0.0006380894780616009,
        0.0006535375560855427,
        0.0006587129547037545,
        0.0006535375560879105,
        0.0006380894780157567,
        0.0006126027372997709,
        0.0005774659105261228,
        0.0005332189685489291,
        0.00048054741512649026,
        0.0004202732124269006,
        0.00035334249251917863,
        0.0002808104629888065,
        0.0002038240955587837,
        0.00012360318104141728,
        4.1420249445988936e-05,
        -4.142024945153723e-05,
        -0.000123603181039827,
        -0.000203824095566205,
        -0.0002808104629598281,
        -0.00035334249256159484,
        -0.0004202732125371035,
        -0.00048054741516352607,
        -0.0005332189685933342,
        -0.0005774659105785842,
        -0.0006126027374189357,
        -0.0006380894780090157,
        -0.0006535375561244161,
        -0.0006587129545895726,
        -0.0006535375559798423,
        -0.0006380894780226435,
        -0.0006126027374425424,
        -0.0005774659105841678,
        -0.0005332189686715925,
        -0.00048054741523653743,
        -0.00042027321247946483,
        -0.0003533424924993532,
        -0.00028081046298633275,
        -0.0002038240955480405,
        -0.00012360318104184134,
        -4.142024944400992e-05,
        4.1420249434786316e-05,
        0.0001236031810228287,
        0.00020382409554980748,
        0.000280810463060263,
        0.00035334249252166124,
        0.0004202732124962864,
        0.00048054741516221847,
        0.0005332189686384088,
        0.0005774659106872886,
        0.0006126027373830042,
        0.0006380894778292791,
        0.0006535375560284694,
        0.0006587129548064158
    ],