{
    "I_fc": [
        1.2,
        1.1905376415773734,
        1.1622997933543573,
        1.1157317830659015,
        1.0515680160526362,
        0.9708203932499369,
        0.8747623529056938,
        0.7649087876984275,
        0.6429921539747958,
        0.5109351498780872,
        0.37082039324993693,
        0.22485757750286942,
        0.07534862343517597,
        -0.07534862343517608,
        -0.22485757750286978,
        -0.37082039324993704,
        -0.5109351498780872,
        -0.6429921539747963,
        -0.7649087876984276,
        -0.8747623529056939,
        -0.9708203932499367,
        -1.0515680160526362,
        -1.1157317830659017,
        -1.1622997933543573,
        -1.1905376415773734,
        -1.2,
        -1.1905376415773734,
        -1.1622997933543573,
        -1.1157317830659015,
        -1.0515680160526362,
        -0.9708203932499366,
        -0.8747623529056938,
        -0.7649087876984274,
        -0.6429921539747956,
        -0.5109351498780865,
        -0.37082039324993704,
        -0.22485757750286955,
        -0.07534862343517584,
        0.07534862343517647,
        0.22485757750287014,
        0.37082039324993665,
        0.5109351498780871,
        0.6429921539747961,
        0.764908787698428,
        0.8747623529056943,
        0.9708203932499373,
        1.0515680160526362,
        1.1157317830659017,
        1.1622997933543573,
        1.1905376415773734,
        1.2,
        1.1905376415773734,
        1.1622997933543573,
        1.1157317830659015,
        1.051568016052636,
        0.9708203932499364,
        0.8747623529056932,
        0.7649087876984275,
        0.6429921539747957,
        0.5109351498780867,
        0.3708203932499362,
        0.22485757750286864,
        0.07534862343517598,
        -0.07534862343517632,
        -0.22485757750287003,
        -0.37082039324993654,
        -0.510935149878088,
        -0.6429921539747959,
        -0.7649087876984286,
        -0.8747623529056942,
        -0.9708203932499366,
        -1.0515680160526366,
        -1.1157317830659017,
        -1.1622997933543577,
        -1.1905376415773734,
        -1.2
    ],
    "args": {
        "I_fc": [
            1.2
        ],
        "current_units": "mA",
        "cycles": 1.5,
        "d": 0.2,
        "directory": "/scratch/users/lbvh/py-tdgl/results/17298299/69",
        "dt_init": 1e-06,
        "fc_center": [
            0,
            0,
            1
        ],
        "fc_radius": 2.4,
        "field_units": "mT",
        "film_points": 4000,
        "film_radius": 15.0,
        "film_shape": "box",
        "film_smooth": 100,
        "gamma": 1.0,
        "index": 69,
        "lam": 1.35,
        "max_edge_length": 0.5,
        "pl_center": null,
        "pl_radius": 0.8,
        "points_per_cycle": 51.0,
        "save_every": 500,
        "screening": false,
        "seed_solutions": true,
        "slot_radius": 0.1,
        "slot_size": [
            2.0,
            50.0
        ],
        "slot_top_center_x": [
            -10.0,
            10.0,
            101.0
        ],
        "slot_top_center_y": [
            -1.0,
            -1.0,
            101.0
        ],
        "solve_time": [
            10000.0,
            2000.0
        ],
        "squid_angle": 180.0,
        "squid_iterations": 5,
        "squid_points": 4000,
        "squid_position": [
            0.0,
            0.0,
            0.5
        ],
        "squid_smooth": 100,
        "squid_type": "hypres-small",
        "xi": 0.9
    },
    "film_fluxoid": [
        0.9993365560131854,
        0.999341485975381,
        0.9993561973286608,
        0.9993804572997909,
        0.999413887133916,
        0.9994559759159958,
        0.9995061032746606,
        0.9995635877627929,
        0.9996278622349843,
        -0.0002657888695975921,
        -0.0001927823930422684,
        -0.00011685351930810067,
        -3.914959161933558e-05,
        3.914959160944052e-05,
        0.00011685351935156825,
        0.0001927823930540718,
        0.0002657888696118339,
        0.0003347812389527644,
        0.00039875160979762893,
        0.0004568241934276307,
        0.0005084277986146542,
        -0.9994138871340448,
        -0.9993804572997633,
        -0.9993561973286209,
        -0.9993414859753365,
        -0.9993365560131603,
        -0.9993414859753343,
        -0.9993561973286527,
        -0.9993804572997925,
        -0.9994138871339568,
        -0.999455975916102,
        -0.9995061032747118,
        -0.9995635877628013,
        -0.9996278622350884,
        0.00026578886953387495,
        0.00019278239305357703,
        0.00011685351931377266,
        3.914959162680989e-05,
        -3.9149591628241136e-05,
        -0.00011685351933015252,
        -0.0001927823930308891,
        -0.0002657888695414553,
        -0.00033478123890261766,
        -0.0003987516098418386,
        -0.00045682419339770696,
        -0.0005084277985602358,
        0.9994138871339675,
        0.9993804572997018,
        0.9993561973286056,
        0.9993414859753241,
        0.9993365560131597,
        0.9993414859754123,
        0.9993561973287304,
        0.9993804572997345,
        0.9994138871339393,
        0.9994559759160363,
        0.999506103274706,
        0.999563587762742,
        0.9996278622349102,
        -0.0002657888696771766,
        -0.00019278239306940473,
        -0.00011685351930089142,
        -3.914959161873481e-05,
        3.91495916110308e-05,
        0.0001168535193228019,
        0.0001927823930276732,
        0.00026578886963586477,
        0.00033478123895758823,
        0.0003987516097363502,
        0.0004568241933891151,
        0.0005084277986036283,
        -0.999413887133906,
        -0.999380457299728,
        -0.9993561973286437,
        -0.9993414859753621,
        -0.9993365560131198
    ],