{
    "I_fc": [
        0.9,
        0.89290323118303,
        0.871724845015768,
        0.8367988372994263,
        0.7886760120394772,
        0.7281152949374528,
        0.6560717646792704,
        0.5736815907738206,
        0.4822441154810969,
        0.3832013624085654,
        0.27811529493745274,
        0.16864318312715207,
        0.05651146757638197,
        -0.05651146757638206,
        -0.16864318312715235,
        -0.2781152949374528,
        -0.38320136240856545,
        -0.4822441154810972,
        -0.5736815907738207,
        -0.6560717646792705,
        -0.7281152949374526,
        -0.7886760120394772,
        -0.8367988372994263,
        -0.871724845015768,
        -0.89290323118303,
        -0.9,
        -0.89290323118303,
        -0.871724845015768,
        -0.8367988372994262,
        -0.7886760120394771,
        -0.7281152949374525,
        -0.6560717646792704,
        -0.5736815907738206,
        -0.4822441154810967,
        -0.38320136240856495,
        -0.2781152949374528,
        -0.16864318312715218,
        -0.05651146757638189,
        0.05651146757638235,
        0.16864318312715262,
        0.2781152949374525,
        0.38320136240856534,
        0.4822441154810971,
        0.573681590773821,
        0.6560717646792708,
        0.728115294937453,
        0.7886760120394772,
        0.8367988372994263,
        0.8717248450157681,
        0.89290323118303,
        0.9,
        0.89290323118303,
        0.871724845015768,
        0.8367988372994263,
        0.788676012039477,
        0.7281152949374523,
        0.6560717646792699,
        0.5736815907738206,
        0.4822441154810968,
        0.38320136240856506,
        0.2781152949374522,
        0.16864318312715149,
        0.05651146757638199,
        -0.056511467576382236,
        -0.1686431831271525,
        -0.2781152949374524,
        -0.383201362408566,
        -0.482244115481097,
        -0.5736815907738215,
        -0.6560717646792706,
        -0.7281152949374525,
        -0.7886760120394776,
        -0.8367988372994263,
        -0.8717248450157683,
        -0.89290323118303,
        -0.9
    ],
    "args": {
        "I_fc": [
            0.9
        ],
        "current_units": "mA",
        "cycles": 1.5,
        "d": 0.2,
        "directory": "/scratch/users/lbvh/py-tdgl/results/17289543/36",
        "dt_init": 1e-06,
        "fc_center": [
            0,
            0,
            1
        ],
        "fc_radius": 2.4,
        "field_units": "mT",
        "film_points": 4000,
        "film_radius": 15.0,
        "film_shape": "box",
        "film_smooth": 100,
        "gamma": 1.0,
        "index": 36,
        "lam": 1.35,
        "max_edge_length": 0.5,
        "pl_center": null,
        "pl_radius": 0.8,
        "points_per_cycle": 51.0,
        "save_every": 500,
        "screening": false,
        "seed_solutions": true,
        "slot_radius": 0.1,
        "slot_size": [
            2.0,
            50.0
        ],
        "slot_top_center_x": [
            -10.0,
            10.0,
            101.0
        ],
        "slot_top_center_y": [
            5.0,
            5.0,
            101.0
        ],
        "solve_time": [
            10000.0,
            2000.0
        ],
        "squid_angle": 180.0,
        "squid_iterations": 5,
        "squid_points": 4000,
        "squid_position": [
            0.0,
            0.0,
            0.5
        ],
        "squid_smooth": 100,
        "squid_type": "hypres-small",
        "xi": 0.9
    },
    "film_fluxoid": [
        -0.0007130033822510723,
        -0.0007073812553960488,
        -0.0006906035235696103,
        -0.000662934736592402,
        -0.0006248111783917791,
        -0.0005768339951078018,
        -0.0005197597260459897,
        -0.00045448838531721636,
        -0.000382049280098133,
        -0.0003035847871733879,
        -0.0002203323419729665,
        -0.00013360492333827634,
        -4.4770341720234954e-05,
        4.477034172037631e-05,
        0.00013360492333820565,
        0.00022033234197402668,
        0.000303584787173812,
        0.0003820492800989458,
        0.0004544883853158381,
        0.0005197597260463961,
        0.0005768339951080359,
        0.0006248111783932303,
        0.0006629347365942485,
        0.0006906035235714656,
        0.0007073812553980985,
        0.0007130033822494466,
        0.0007073812553980985,
        0.0006906035235699638,
        0.0006629347365936742,
        0.0006248111783905776,
        0.0005768339951084379,
        0.0005197597260452122,
        0.0004544883853164389,
        0.00038204928009883977,
        0.0003035847871737413,
        0.00022033234197374398,
        0.00013360492333792294,
        4.477034171988156e-05,
        -4.477034172016428e-05,
        -0.00013360492333820565,
        -0.00022033234197406203,
        -0.0003035847871742007,
        -0.00038204928009843335,
        -0.00045448838531565256,
        -0.0005197597260468025,
        -0.0005768339951081552,
        -0.0006248111783920265,
        -0.0006629347365938156,
        -0.0006906035235698224,
        -0.0007073812553971796,
        -0.0007130033822517084,
        -0.0007073812553973917,
        -0.0006906035235689035,
        -0.000662934736594169,
        -0.0006248111783907189,
        -0.0005768339951069537,
        -0.0005197597260469085,
        -0.0004544883853162975,
        -0.0003820492800986984,
        -0.00030358478717359993,
        -0.00022033234197409737,
        -0.0001336049233379936,
        -4.477034172030563e-05,
        4.477034172030563e-05,
        0.0001336049233379936,
        0.0002203323419736733,
        0.00030358478717359993,
        0.0003820492800989458,
        0.000454488385315308,
        0.0005197597260467054,
        0.0005768339951076162,
        0.0006248111783924682,
        0.0006629347365935506,
        0.000690603523569999,
        0.000707381255397215,
        0.0007130033822495173
    ],