{
    "I_fc": [
        6.9125,
        6.857992872836328,
        6.695331101301662,
        6.427079958702537,
        6.057469925803207,
        5.592329973616824,
        5.038995637050507,
        4.406193329137817,
        3.7039027202923136,
        2.9431993529435645,
        2.136079973616824,
        1.2952733370738208,
        0.4340394662463782,
        -0.43403946624637885,
        -1.2952733370738228,
        -2.136079973616825,
        -2.943199352943565,
        -3.703902720292316,
        -4.4061933291378175,
        -5.038995637050508,
        -5.592329973616823,
        -6.057469925803207,
        -6.427079958702538,
        -6.695331101301662,
        -6.857992872836328,
        -6.9125,
        -6.857992872836328,
        -6.695331101301662,
        -6.427079958702536,
        -6.057469925803206,
        -5.592329973616822,
        -5.038995637050507,
        -4.406193329137816,
        -3.703902720292312,
        -2.943199352943561,
        -2.136079973616825,
        -1.2952733370738214,
        -0.4340394662463775,
        0.43403946624638107,
        1.295273337073825,
        2.136079973616823,
        2.943199352943564,
        3.703902720292315,
        4.406193329137819,
        5.038995637050509,
        5.592329973616827,
        6.057469925803207,
        6.427079958702538,
        6.6953311013016625,
        6.857992872836328,
        6.9125,
        6.857992872836328,
        6.695331101301662,
        6.427079958702537,
        6.057469925803205,
        5.592329973616821,
        5.038995637050503,
        4.406193329137817,
        3.7039027202923127,
        2.943199352943562,
        2.13607997361682,
        1.2952733370738163,
        0.4340394662463783,
        -0.43403946624638023,
        -1.295273337073824,
        -2.136079973616822,
        -2.9431993529435694,
        -3.703902720292314,
        -4.406193329137823,
        -5.038995637050508,
        -5.592329973616822,
        -6.057469925803209,
        -6.427079958702538,
        -6.695331101301664,
        -6.857992872836328,
        -6.9125
    ],
    "args": {
        "I_fc": [
            0.5,
            10.0,
            201.0
        ],
        "current_units": "mA",
        "cycles": 1.5,
        "d": 0.2,
        "directory": "/scratch/users/lbvh/py-tdgl/results/14122470/135",
        "dt_init": 1e-06,
        "fc_center": [
            0,
            0,
            1
        ],
        "fc_radius": 2.4,
        "field_units": "mT",
        "film_points": 4000,
        "film_radius": 15.0,
        "film_shape": "box",
        "film_smooth": 100,
        "gamma": 1.0,
        "index": 135,
        "lam": 1.35,
        "max_edge_length": 0.5,
        "pl_center": null,
        "pl_radius": 0.8,
        "points_per_cycle": 51.0,
        "save_every": 500,
        "screening": false,
        "seed_solutions": true,
        "slot_radius": 0,
        "slot_size": null,
        "slot_top_center_x": null,
        "slot_top_center_y": null,
        "solve_time": [
            20000.0,
            2000.0
        ],
        "squid_angle": 0,
        "squid_iterations": 5,
        "squid_points": 4000,
        "squid_position": [
            0.0,
            0.0,
            0.5
        ],
        "squid_smooth": 100,
        "squid_type": "hypres-small",
        "xi": 0.9
    },
    "film_fluxoid": [
        2.9969995055477927,
        2.9970225411300535,
        2.997091267696106,
        2.9972045605349864,
        2.9973604502186664,
        2.9975511066329354,
        2.997785099197676,
        2.998054271430261,
        2.9983643604917822,
        2.998674324535623,
        2.999000189341458,
        1.9993857960222476,
        0.9997816043799256,
        0.00017675655755130084,
        0.0005279344527585134,
        0.0008732951228381564,
        -1.9987168426445958,
        -1.9984040887966255,
        -2.99807571194154,
        -2.9977978561804695,
        -2.997556450017033,
        -2.9973618016272465,
        -2.9972005018232615,
        -2.9970877600001073,
        -2.9970192990880955,
        -2.9969963399259645,
        -2.997019309079386,
        -2.9970877696337723,
        -2.997200515436645,
        -2.9973557053427298,
        -2.9975511109021316,
        -2.99778509919753,
        -2.998054271431303,
        -2.9983643604916437,
        -2.998674324537309,
        -2.9990001893405593,
        -1.999385796021816,
        -0.9997816043814962,
        -0.0001767565571955028,
        -0.000527934452202305,
        -0.0008732951211999588,
        1.998716842644301,
        1.9984040887958747,
        2.9980757119422727,
        2.9977978561989618,
        2.99755645001544,
        2.997361801628213,
        2.99720050182391,
        2.997087760001212,
        2.9970192990889992,
        2.9969963399247983,
        2.9970193090831194,
        2.997087769635712,
        2.9972005154357406,
        2.9973557053470685,
        2.9975511109002193,
        2.997785099196028,
        2.998054271432749,
        2.998364360490342,
        2.998674324534619,
        2.999000189341667,
        1.999385796022426,
        0.999781604378721,
        0.00017675655719620958,
        0.0005279344510211353,
        0.0008732951203076364,
        -1.9987168426446302,
        -1.9984040887977068,
        -2.9980757119426467,
        -2.9977978561958625,
        -2.997556450015568,
        -2.997361801627414,
        -2.997200501820117,
        -2.997087760003423,
        -2.997019299087286,
        -2.9969963399257353
    ],
    "flux": [
        -0.006571632802561777,
        -0.006227909271080968,
        -0.005187319990386991,
        -0.0034747858698632498,
        -0.0013175228345333999,
        -0.002994940602007637,
        3.227302454677439e-05,
        -0.0004250050464296355,
        -0.005513042855437017,
        0.0029281155464087115,
        0.0112121959983836,
        0.00917233608658382,
        0.011377090476336414,
        0.007027614719808267,
        0.01874928118585415,
        0.02385456830251029,
        0.008818233647957462,
        0.015054798691340745,
        0.01147970113884695,
        0.010300409662169094,
        0.008472629136513612,
        0.011208155771368255,
        0.008727680563817328,
        0.010270076453938445,
        0.011048723893852676,
        0.0112748547607865,
        0.011047931831642136,
        0.010269137263513776,
        0.008725544229534856,
        0.006258540069282217,
        0.0029938474596437805,
        -3.2274085528536215e-05,
        0.000425005086769779,
        0.005513042813144228,
        -0.0029281155425562332,
        -0.011212195929294885,
        -0.009172336088387799,
        -0.011377090470888595,
        -0.007027614720551791,
        -0.018749281186787644,
        -0.023854568302657114,
        -0.008818233647937232,
        -0.015054798689585012,
        -0.011479701140049366,
        -0.01030041063246623,
        -0.008472629093264962,
        -0.011208155688336009,
        -0.008727680415690912,
        -0.010270076446159059,
        -0.011048723872870748,
        -0.011274854722406528,
        -0.011047931815277896,
        -0.010269137241730569,
        -0.008725544267695548,
        -0.006258539993992984,
        -0.002993847469259198,
        3.227401927430913e-05,
        -0.0004250050820018907,
        -0.005513042809267535,
        0.0029281155495248365,
        0.01121219599635707,
        0.00917233608709052,
        0.011377090474944519,
        0.0070276147204028265,
        0.01874928116674655,
        0.023854568304848323,
        0.008818233647492572,
        0.015054798692899302,
        0.011479701157057043,
        0.010300410463289012,
        0.008472629360551088,
        0.011208155879416572,
        0.008727680502443446,
        0.010270076495342052,
        0.011048723960185471,
        0.011274854770916557
    ],
    "timing": {
        "end_time": "2023-03-29T17:23:46.910116",
        "start_time": "2023-03-29T09:48:44.472067",