{
    "I_fc": [
        1.5,
        1.4881720519717168,
        1.4528747416929466,
        1.394664728832377,
        1.3144600200657954,
        1.2135254915624212,
        1.0934529411321172,
        0.9561359846230344,
        0.8037401924684948,
        0.638668937347609,
        0.4635254915624212,
        0.2810719718785868,
        0.09418577929396996,
        -0.0941857792939701,
        -0.28107197187858723,
        -0.46352549156242134,
        -0.6386689373476091,
        -0.8037401924684953,
        -0.9561359846230346,
        -1.0934529411321174,
        -1.213525491562421,
        -1.3144600200657954,
        -1.3946647288323772,
        -1.4528747416929466,
        -1.4881720519717168,
        -1.5,
        -1.4881720519717168,
        -1.4528747416929466,
        -1.3946647288323768,
        -1.3144600200657952,
        -1.2135254915624207,
        -1.0934529411321172,
        -0.9561359846230343,
        -0.8037401924684945,
        -0.6386689373476082,
        -0.46352549156242134,
        -0.28107197187858696,
        -0.09418577929396982,
        0.09418577929397058,
        0.2810719718785877,
        0.46352549156242084,
        0.6386689373476089,
        0.8037401924684952,
        0.956135984623035,
        1.0934529411321179,
        1.2135254915624216,
        1.3144600200657954,
        1.3946647288323772,
        1.4528747416929468,
        1.4881720519717168,
        1.5,
        1.4881720519717168,
        1.4528747416929466,
        1.394664728832377,
        1.314460020065795,
        1.2135254915624205,
        1.0934529411321166,
        0.9561359846230344,
        0.8037401924684946,
        0.6386689373476084,
        0.4635254915624203,
        0.2810719718785858,
        0.09418577929396998,
        -0.0941857792939704,
        -0.2810719718785875,
        -0.4635254915624207,
        -0.63866893734761,
        -0.803740192468495,
        -0.9561359846230357,
        -1.0934529411321177,
        -1.2135254915624207,
        -1.3144600200657959,
        -1.3946647288323772,
        -1.452874741692947,
        -1.4881720519717168,
        -1.5
    ],
    "args": {
        "I_fc": [
            1.5
        ],
        "current_units": "mA",
        "cycles": 1.5,
        "d": 0.2,
        "directory": "/scratch/users/lbvh/py-tdgl/results/17223933/95",
        "dt_init": 1e-06,
        "fc_center": [
            0,
            0,
            1
        ],
        "fc_radius": 2.4,
        "field_units": "mT",
        "film_points": 4000,
        "film_radius": 15.0,
        "film_shape": "box",
        "film_smooth": 100,
        "gamma": 1.0,
        "index": 95,
        "lam": 1.35,
        "max_edge_length": 0.5,
        "pl_center": null,
        "pl_radius": 0.8,
        "points_per_cycle": 51.0,
        "save_every": 500,
        "screening": false,
        "seed_solutions": true,
        "slot_radius": 0.1,
        "slot_size": [
            2.0,
            50.0
        ],
        "slot_top_center_x": [
            -10.0,
            10.0,
            101.0
        ],
        "slot_top_center_y": [
            5.0,
            5.0,
            101.0
        ],
        "solve_time": [
            10000.0,
            2000.0
        ],
        "squid_angle": 180.0,
        "squid_iterations": 5,
        "squid_points": 4000,
        "squid_position": [
            0.0,
            0.0,
            0.5
        ],
        "squid_smooth": 100,
        "squid_type": "hypres-small",
        "xi": 0.9
    },
    "film_fluxoid": [
        -0.0012263794644543488,
        -0.0012167263275537628,
        -0.0011879180794927876,
        -0.0011404036275517648,
        -0.001074920187625598,
        -0.0009924839629625547,
        -0.0008943792784937933,
        -0.0007821423330267945,
        -0.0006575382752325822,
        -0.0005225326490508393,
        -0.0003792588894734908,
        -0.0002299831827744965,
        -7.706764204838507e-05,
        7.706764205509957e-05,
        0.00022998318270897708,
        0.0003792588893646186,
        0.0005225326495812322,
        0.0006575382752325115,
        0.0007821423330269005,
        0.0008943792784938639,
        0.0009924839629625194,
        0.0010749201876255451,
        0.0011404036275516412,
        0.001187918079492549,
        0.0012167263275537981,
        0.00122637946445472,
        0.0012167263275538645,
        0.001187918079492717,
        0.0011404036275516765,
        0.001074920187625598,
        0.0009924839629628375,
        0.0008943792784938286,
        0.0007821423330268298,
        0.0006575382752323701,
        0.0005225326490503092,
        0.0003792588889164343,
        0.0002299831827566854,
        7.706764199360884e-05,
        -7.706764203962086e-05,
        -0.0002299831827308169,
        -0.00037925888900856435,
        -0.000522532649039354,
        -0.0006575382752324408,
        -0.0007821423330269613,
        -0.0008943792784938286,
        -0.0009924839629624927,
        -0.0010749201876254567,
        -0.0011404036275517472,
        -0.0011879180794927523,
        -0.0012167263275536567,
        -0.001226379464454508,
        -0.001216726327553586,
        -0.0011879180794924344,
        -0.0011404036275518001,
        -0.0010749201876254567,
        -0.0009924839629626607,
        -0.0008943792784938286,
        -0.0007821423330268298,
        -0.0006575382752323701,
        -0.0005225326490111044,
        -0.0003792588892371756,
        -0.00022998318272827244,
        -7.706764204181191e-05,
        7.706764205962302e-05,
        0.00022998318274876936,
        0.0003792588889745252,
        0.0005225326490801887,
        0.0006575382752324408,
        0.0007821423330270065,
        0.0008943792784938286,
        0.0009924839629626254,
        0.0010749201876254213,
        0.0011404036275519944,
        0.001187918079492589,
        0.0012167263275539041,
        0.0012263794644543666
    ],