{
    "I_fc": [
        1.75,
        1.736200727300336,
        1.6950205319751048,
        1.6271088503044397,
        1.533536690076761,
        1.4157797401561583,
        1.2756950979874704,
        1.115491982060207,
        0.937696891213244,
        0.7451137602388771,
        0.5407797401561582,
        0.3279173005250179,
        0.10988340917629826,
        -0.10988340917629845,
        -0.3279173005250185,
        -0.5407797401561584,
        -0.7451137602388773,
        -0.9376968912132444,
        -1.115491982060207,
        -1.2756950979874704,
        -1.415779740156158,
        -1.5335366900767613,
        -1.62710885030444,
        -1.6950205319751048,
        -1.736200727300336,
        -1.75,
        -1.736200727300336,
        -1.6950205319751046,
        -1.6271088503044397,
        -1.533536690076761,
        -1.4157797401561578,
        -1.2756950979874704,
        -1.1154919820602067,
        -0.9376968912132434,
        -0.7451137602388763,
        -0.5407797401561584,
        -0.32791730052501816,
        -0.10988340917629809,
        0.10988340917629902,
        0.327917300525019,
        0.5407797401561577,
        0.7451137602388771,
        0.9376968912132442,
        1.1154919820602072,
        1.2756950979874708,
        1.4157797401561587,
        1.533536690076761,
        1.62710885030444,
        1.6950205319751048,
        1.736200727300336,
        1.75,
        1.736200727300336,
        1.6950205319751046,
        1.6271088503044397,
        1.5335366900767606,
        1.4157797401561574,
        1.2756950979874695,
        1.115491982060207,
        0.9376968912132435,
        0.7451137602388764,
        0.5407797401561572,
        0.32791730052501683,
        0.10988340917629831,
        -0.1098834091762988,
        -0.32791730052501883,
        -0.5407797401561575,
        -0.7451137602388782,
        -0.937696891213244,
        -1.1154919820602085,
        -1.2756950979874708,
        -1.4157797401561578,
        -1.5335366900767617,
        -1.62710885030444,
        -1.6950205319751053,
        -1.736200727300336,
        -1.75
    ],
    "args": {
        "I_fc": [
            1.75
        ],
        "current_units": "mA",
        "cycles": 1.5,
        "d": 0.2,
        "directory": "/scratch/users/lbvh/py-tdgl/results/17224036/81",
        "dt_init": 1e-06,
        "fc_center": [
            0,
            0,
            1
        ],
        "fc_radius": 2.4,
        "field_units": "mT",
        "film_points": 4000,
        "film_radius": 15.0,
        "film_shape": "box",
        "film_smooth": 100,
        "gamma": 1.0,
        "index": 81,
        "lam": 1.35,
        "max_edge_length": 0.5,
        "pl_center": null,
        "pl_radius": 0.8,
        "points_per_cycle": 51.0,
        "save_every": 500,
        "screening": false,
        "seed_solutions": true,
        "slot_radius": 0.1,
        "slot_size": [
            2.0,
            50.0
        ],
        "slot_top_center_x": [
            -10.0,
            10.0,
            101.0
        ],
        "slot_top_center_y": [
            5.0,
            5.0,
            101.0
        ],
        "solve_time": [
            10000.0,
            2000.0
        ],
        "squid_angle": 180.0,
        "squid_iterations": 5,
        "squid_points": 4000,
        "squid_position": [
            0.0,
            0.0,
            0.5
        ],
        "squid_smooth": 100,
        "squid_type": "hypres-small",
        "xi": 0.9
    },
    "film_fluxoid": [
        0.9988988676308835,
        0.9989071098481974,
        0.9989317010230442,
        0.9989722405564317,
        0.9990280773049024,
        0.9990983275493752,
        0.9991818938647662,
        0.9992774866782388,
        0.9993836546031126,
        0.9994988433340004,
        0.99962160132555,
        0.9997536394311713,
        -6.55516681614966e-05,
        6.555166816142592e-05,
        0.00019564784780934738,
        0.0003227416374057527,
        0.00044489629236537596,
        0.0005602780904601361,
        0.0006672171134102879,
        0.0007643347770236666,
        0.0008513151961995352,
        -0.9990280773049022,
        -0.9989722405564317,
        -0.9989317010230442,
        -0.9989071098481975,
        -0.9988988676308838,
        -0.9989071098481974,
        -0.9989317010230442,
        -0.9989722405564317,
        -0.9990280773049022,
        -0.9990983275493752,
        -0.9991818938647662,
        -0.9992774866782388,
        -0.9993836546031126,
        -0.9994988433340005,
        -0.9996216013255502,
        -0.9997536394311713,
        6.555166816142592e-05,
        -6.555166816146127e-05,
        -0.00019564784780934738,
        -0.00032274163740587643,
        -0.00044489629236539363,
        -0.0005602780904602068,
        -0.0006672171134102702,
        -0.0007643347770235695,
        -0.0008513151961995705,
        0.9990280773049022,
        0.9989722405564316,
        0.9989317010230442,
        0.9989071098481974,
        0.9988988676308838,
        0.9989071098481974,
        0.9989317010230442,
        0.9989722405564317,
        0.9990280773049024,
        0.9990983275493752,
        0.9991818938647661,
        0.9992774866782389,
        0.9993836546031126,
        0.9994988433340005,
        0.99962160132555,
        0.9997536394311716,
        -6.55516681614966e-05,
        6.55516681614966e-05,
        0.00019564784780931206,
        0.00032274163740578807,
        0.00044489629236549967,
        0.0005602780904601715,
        0.0006672171134103586,
        0.0007643347770237285,
        0.0008513151961994998,
        -0.999028077304902,
        -0.9989722405564317,
        -0.9989317010230441,
        -0.9989071098481974,
        -0.9988988676308838
    ],