{
    "I_fc": [
        1.5,
        1.4881720519717168,
        1.4528747416929466,
        1.394664728832377,
        1.3144600200657954,
        1.2135254915624212,
        1.0934529411321172,
        0.9561359846230344,
        0.8037401924684948,
        0.638668937347609,
        0.4635254915624212,
        0.2810719718785868,
        0.09418577929396996,
        -0.0941857792939701,
        -0.28107197187858723,
        -0.46352549156242134,
        -0.6386689373476091,
        -0.8037401924684953,
        -0.9561359846230346,
        -1.0934529411321174,
        -1.213525491562421,
        -1.3144600200657954,
        -1.3946647288323772,
        -1.4528747416929466,
        -1.4881720519717168,
        -1.5,
        -1.4881720519717168,
        -1.4528747416929466,
        -1.3946647288323768,
        -1.3144600200657952,
        -1.2135254915624207,
        -1.0934529411321172,
        -0.9561359846230343,
        -0.8037401924684945,
        -0.6386689373476082,
        -0.46352549156242134,
        -0.28107197187858696,
        -0.09418577929396982,
        0.09418577929397058,
        0.2810719718785877,
        0.46352549156242084,
        0.6386689373476089,
        0.8037401924684952,
        0.956135984623035,
        1.0934529411321179,
        1.2135254915624216,
        1.3144600200657954,
        1.3946647288323772,
        1.4528747416929468,
        1.4881720519717168,
        1.5,
        1.4881720519717168,
        1.4528747416929466,
        1.394664728832377,
        1.314460020065795,
        1.2135254915624205,
        1.0934529411321166,
        0.9561359846230344,
        0.8037401924684946,
        0.6386689373476084,
        0.4635254915624203,
        0.2810719718785858,
        0.09418577929396998,
        -0.0941857792939704,
        -0.2810719718785875,
        -0.4635254915624207,
        -0.63866893734761,
        -0.803740192468495,
        -0.9561359846230357,
        -1.0934529411321177,
        -1.2135254915624207,
        -1.3144600200657959,
        -1.3946647288323772,
        -1.452874741692947,
        -1.4881720519717168,
        -1.5
    ],
    "args": {
        "I_fc": [
            1.5
        ],
        "current_units": "mA",
        "cycles": 1.5,
        "d": 0.2,
        "directory": "/scratch/users/lbvh/py-tdgl/results/17223933/81",
        "dt_init": 1e-06,
        "fc_center": [
            0,
            0,
            1
        ],
        "fc_radius": 2.4,
        "field_units": "mT",
        "film_points": 4000,
        "film_radius": 15.0,
        "film_shape": "box",
        "film_smooth": 100,
        "gamma": 1.0,
        "index": 81,
        "lam": 1.35,
        "max_edge_length": 0.5,
        "pl_center": null,
        "pl_radius": 0.8,
        "points_per_cycle": 51.0,
        "save_every": 500,
        "screening": false,
        "seed_solutions": true,
        "slot_radius": 0.1,
        "slot_size": [
            2.0,
            50.0
        ],
        "slot_top_center_x": [
            -10.0,
            10.0,
            101.0
        ],
        "slot_top_center_y": [
            5.0,
            5.0,
            101.0
        ],
        "solve_time": [
            10000.0,
            2000.0
        ],
        "squid_angle": 180.0,
        "squid_iterations": 5,
        "squid_points": 4000,
        "squid_position": [
            0.0,
            0.0,
            0.5
        ],
        "squid_smooth": 100,
        "squid_type": "hypres-small",
        "xi": 0.9
    },
    "film_fluxoid": [
        0.9990480856335484,
        0.9990551419803309,
        0.9990761989719058,
        0.9991109232571981,
        0.999158768081376,
        0.9992189853308158,
        0.9992906413753968,
        0.9993726382092409,
        0.9994637464095273,
        0.9995626786622763,
        0.9996684073120157,
        -0.00016769120941303512,
        -5.618689412336732e-05,
        5.618689412340266e-05,
        0.00016769120941307047,
        0.000276601573551077,
        0.0003812368266821657,
        0.0004799877221560017,
        0.0005713451052907517,
        0.0006539276722511972,
        0.0007265104133116316,
        0.0007880616255494049,
        0.0008378494165711986,
        -0.9990761989719058,
        -0.9990551419803309,
        -0.9990480856335487,
        -0.9990551419803311,
        -0.9990761989719058,
        -0.9991109232571979,
        -0.999158768081376,
        -0.9992189853308159,
        -0.9992906413753969,
        -0.9993726382092409,
        -0.9994637464095273,
        -0.9995626786622763,
        -0.9996684073120157,
        0.00016769120941303512,
        5.618689412340266e-05,
        -5.618689412340266e-05,
        -0.00016769120941303512,
        -0.000276601573551077,
        -0.00038123682668207736,
        -0.000479987722155984,
        -0.0005713451052907164,
        -0.0006539276722512149,
        -0.0007265104133116062,
        -0.0007880616255493342,
        -0.000837849416571202,
        0.9990761989719058,
        0.9990551419803309,
        0.9990480856335487,
        0.9990551419803309,
        0.9990761989719059,
        0.9991109232571979,
        0.9991587680813762,
        0.9992189853308159,
        0.9992906413753968,
        0.9993726382092409,
        0.9994637464095273,
        0.9995626786622762,
        0.9996684073120157,
        -0.00016769120941303512,
        -5.618689412347334e-05,
        5.618689412340266e-05,
        0.00016769120941309697,
        0.000276601573551077,
        0.0003812368266821304,
        0.0004799877221559487,
        0.000571345105290681,
        0.0006539276722511619,
        0.0007265104133116415,
        0.0007880616255493695,
        0.0008378494165711754,
        -0.999076198971906,
        -0.9990551419803309,
        -0.9990480856335487
    ],