{
    "I_fc": [
        1.2,
        1.1905376415773734,
        1.1622997933543573,
        1.1157317830659015,
        1.0515680160526362,
        0.9708203932499369,
        0.8747623529056938,
        0.7649087876984275,
        0.6429921539747958,
        0.5109351498780872,
        0.37082039324993693,
        0.22485757750286942,
        0.07534862343517597,
        -0.07534862343517608,
        -0.22485757750286978,
        -0.37082039324993704,
        -0.5109351498780872,
        -0.6429921539747963,
        -0.7649087876984276,
        -0.8747623529056939,
        -0.9708203932499367,
        -1.0515680160526362,
        -1.1157317830659017,
        -1.1622997933543573,
        -1.1905376415773734,
        -1.2,
        -1.1905376415773734,
        -1.1622997933543573,
        -1.1157317830659015,
        -1.0515680160526362,
        -0.9708203932499366,
        -0.8747623529056938,
        -0.7649087876984274,
        -0.6429921539747956,
        -0.5109351498780865,
        -0.37082039324993704,
        -0.22485757750286955,
        -0.07534862343517584,
        0.07534862343517647,
        0.22485757750287014,
        0.37082039324993665,
        0.5109351498780871,
        0.6429921539747961,
        0.764908787698428,
        0.8747623529056943,
        0.9708203932499373,
        1.0515680160526362,
        1.1157317830659017,
        1.1622997933543573,
        1.1905376415773734,
        1.2,
        1.1905376415773734,
        1.1622997933543573,
        1.1157317830659015,
        1.051568016052636,
        0.9708203932499364,
        0.8747623529056932,
        0.7649087876984275,
        0.6429921539747957,
        0.5109351498780867,
        0.3708203932499362,
        0.22485757750286864,
        0.07534862343517598,
        -0.07534862343517632,
        -0.22485757750287003,
        -0.37082039324993654,
        -0.510935149878088,
        -0.6429921539747959,
        -0.7649087876984286,
        -0.8747623529056942,
        -0.9708203932499366,
        -1.0515680160526366,
        -1.1157317830659017,
        -1.1622997933543577,
        -1.1905376415773734,
        -1.2
    ],
    "args": {
        "I_fc": [
            1.2
        ],
        "current_units": "mA",
        "cycles": 1.5,
        "d": 0.2,
        "directory": "/scratch/users/lbvh/py-tdgl/results/17298304/84",
        "dt_init": 1e-06,
        "fc_center": [
            0,
            0,
            1
        ],
        "fc_radius": 2.4,
        "field_units": "mT",
        "film_points": 4000,
        "film_radius": 15.0,
        "film_shape": "box",
        "film_smooth": 100,
        "gamma": 1.0,
        "index": 84,
        "lam": 1.35,
        "max_edge_length": 0.5,
        "pl_center": null,
        "pl_radius": 0.8,
        "points_per_cycle": 51.0,
        "save_every": 500,
        "screening": false,
        "seed_solutions": true,
        "slot_radius": 0.1,
        "slot_size": [
            2.0,
            50.0
        ],
        "slot_top_center_x": [
            -10.0,
            10.0,
            101.0
        ],
        "slot_top_center_y": [
            5.0,
            5.0,
            101.0
        ],
        "solve_time": [
            10000.0,
            2000.0
        ],
        "squid_angle": 180.0,
        "squid_iterations": 5,
        "squid_points": 4000,
        "squid_position": [
            0.0,
            0.0,
            0.5
        ],
        "squid_smooth": 100,
        "squid_type": "hypres-small",
        "xi": 0.9
    },
    "film_fluxoid": [
        -0.0010126795078069847,
        -0.0010046611033026993,
        -0.0009807414987901876,
        -0.0009413209212392829,
        -0.0008870481562631148,
        -0.0008188019010855423,
        -0.0007376731280321226,
        -0.0006449479907685168,
        -0.0005420894077115099,
        -0.00043071604811971697,
        -0.00031257839767121246,
        -0.00018953219837968344,
        -6.350982036902833e-05,
        6.350982036899298e-05,
        0.00018953219841562368,
        0.0003125783976988833,
        0.000430716048115971,
        0.0005420894076987876,
        0.0006449479907425201,
        0.0007376731280701831,
        0.0008188019010280097,
        0.0008870481565922316,
        0.0009413209212715656,
        0.0009807414988258806,
        0.0010046611034049012,
        0.0010126795076554223,
        0.00100466110343653,
        0.0009807414988525266,
        0.0009413209213182137,
        0.0008870481563429335,
        0.0008188019011038835,
        0.0007376731281087032,
        0.0006449479908341025,
        0.0005420894076419838,
        0.00043071604806932287,
        0.0003125783976614941,
        0.00018953219843516642,
        6.350982037169646e-05,
        -6.350982037819893e-05,
        -0.00018953219843778155,
        -0.0003125783976687034,
        -0.0004307160481323685,
        -0.000542089407631784,
        -0.000644947990706739,
        -0.0007376731280015539,
        -0.000818801901165922,
        -0.0008870481564794633,
        -0.000941320921285772,
        -0.0009807414989308387,
        -0.0010046611034312644,
        -0.0010126795079342598,
        -0.001004661103485051,
        -0.0009807414987163987,
        -0.0009413209212676782,
        -0.0008870481563897716,
        -0.0008188019010947306,
        -0.0007376731281016,
        -0.0006449479907660783,
        -0.0005420894076902001,
        -0.0004307160481139213,
        -0.00031257839768753935,
        -0.00018953219842025317,
        -6.350982038500178e-05,
        6.350982037300402e-05,
        0.00018953219845849051,
        0.0003125783976511043,
        0.00043071604819315247,
        0.0005420894076420147,
        0.0006449479906978333,
        0.0007376731280025433,
        0.0008188019010100925,
        0.0008870481563399429,
        0.0009413209211496442,
        0.000980741498816127,
        0.0010046611033163403,
        0.0010126795077476142
    ],