{
    "I_fc": [
        1.1,
        1.0913261714459257,
        1.0654414772414942,
        1.0227541344770765,
        0.96393734804825,
        0.8899186938124423,
        0.8018654901635528,
        0.7011663887235586,
        0.5894094744768963,
        0.46835722072158,
        0.3399186938124422,
        0.206119446044297,
        0.06906957148224464,
        -0.06906957148224475,
        -0.20611944604429733,
        -0.33991869381244233,
        -0.46835722072158004,
        -0.5894094744768966,
        -0.7011663887235587,
        -0.8018654901635529,
        -0.8899186938124422,
        -0.96393734804825,
        -1.0227541344770767,
        -1.0654414772414942,
        -1.0913261714459257,
        -1.1,
        -1.0913261714459257,
        -1.0654414772414942,
        -1.0227541344770765,
        -0.9639373480482499,
        -0.889918693812442,
        -0.8018654901635528,
        -0.7011663887235585,
        -0.589409474476896,
        -0.4683572207215794,
        -0.33991869381244233,
        -0.2061194460442971,
        -0.06906957148224453,
        0.0690695714822451,
        0.20611944604429766,
        0.339918693812442,
        0.4683572207215799,
        0.5894094744768965,
        0.7011663887235591,
        0.8018654901635531,
        0.8899186938124426,
        0.96393734804825,
        1.0227541344770767,
        1.0654414772414944,
        1.0913261714459257,
        1.1,
        1.0913261714459257,
        1.0654414772414942,
        1.0227541344770765,
        0.9639373480482498,
        0.8899186938124418,
        0.8018654901635521,
        0.7011663887235586,
        0.5894094744768962,
        0.46835722072157954,
        0.33991869381244155,
        0.20611944604429627,
        0.06906957148224466,
        -0.06906957148224496,
        -0.20611944604429752,
        -0.33991869381244183,
        -0.4683572207215807,
        -0.5894094744768964,
        -0.7011663887235596,
        -0.801865490163553,
        -0.889918693812442,
        -0.9639373480482504,
        -1.0227541344770767,
        -1.0654414772414946,
        -1.0913261714459257,
        -1.1
    ],
    "args": {
        "I_fc": [
            1.1
        ],
        "current_units": "mA",
        "cycles": 1.5,
        "d": 0.2,
        "directory": "/scratch/users/lbvh/py-tdgl/results/17223196/28",
        "dt_init": 1e-06,
        "fc_center": [
            0,
            0,
            1
        ],
        "fc_radius": 2.4,
        "field_units": "mT",
        "film_points": 4000,
        "film_radius": 15.0,
        "film_shape": "box",
        "film_smooth": 100,
        "gamma": 1.0,
        "index": 28,
        "lam": 1.35,
        "max_edge_length": 0.5,
        "pl_center": null,
        "pl_radius": 0.8,
        "points_per_cycle": 51.0,
        "save_every": 500,
        "screening": false,
        "seed_solutions": true,
        "slot_radius": 0.1,
        "slot_size": [
            2.0,
            50.0
        ],
        "slot_top_center_x": [
            -10.0,
            10.0,
            101.0
        ],
        "slot_top_center_y": [
            -1.0,
            -1.0,
            101.0
        ],
        "solve_time": [
            10000.0,
            2000.0
        ],
        "squid_angle": 180.0,
        "squid_iterations": 5,
        "squid_points": 4000,
        "squid_position": [
            0.0,
            0.0,
            0.5
        ],
        "squid_smooth": 100,
        "squid_type": "hypres-small",
        "xi": 0.9
    },
    "film_fluxoid": [
        1.0000394662955236,
        1.0000391441114063,
        1.0000381825537636,
        1.0000365965835873,
        1.0000344110515786,
        1.0000316605736668,
        1.0000283895006046,
        1.0000246529852765,
        1.0000205362950543,
        1.7374162669249425e-05,
        1.2616380021354023e-05,
        7.652960388732542e-06,
        2.564905572377355e-06,
        -2.564905572235997e-06,
        -7.65296038896508e-06,
        -1.2616380021919455e-05,
        -1.7374162670071068e-05,
        -2.1848339041853936e-05,
        -2.5964907448273385e-05,
        -2.9654136643816976e-05,
        -3.284822678704774e-05,
        -3.5446717355392596e-05,
        -1.0000365965835867,
        -1.000038182553764,
        -1.0000391441114043,
        -1.000039466295523,
        -1.000039144111406,
        -1.0000381825537632,
        -1.000036596583587,
        -1.0000344110515806,
        -1.0000316605736672,
        -1.000028389500605,
        -1.0000246529852845,
        -1.0000205362950543,
        -1.73741626692936e-05,
        -1.2616380021778097e-05,
        -7.652960388767882e-06,
        -2.5649055722713365e-06,
        2.5649055722890065e-06,
        7.652960388732542e-06,
        1.2616380022308188e-05,
        1.737416266952331e-05,
        2.1848339039795413e-05,
        2.5964907444598075e-05,
        2.9654136643976005e-05,
        3.284822678639396e-05,
        3.544671735500828e-05,
        1.0000365965835876,
        1.0000381825537636,
        1.000039144111406,
        1.0000394662955225,
        1.0000391441114054,
        1.0000381825537632,
        1.0000365965835876,
        1.0000344110515793,
        1.0000316605736665,
        1.000028389500605,
        1.0000246529852832,
        1.0000205362950538,
        1.737416266945263e-05,
        1.2616380021742757e-05,
        7.652960388626524e-06,
        2.564905572235997e-06,
        -2.564905572165318e-06,
        -7.652960388405652e-06,
        -1.2616380021636739e-05,
        -1.7374162669010884e-05,
        -2.1848339044928473e-05,
        -2.596490744488079e-05,
        -2.9654136643746297e-05,
        -3.2848226786605996e-05,
        -3.544671735489784e-05,
        -1.0000365965835876,
        -1.0000381825537643,
        -1.0000391441114065,
        -1.0000394662955223
    ],