{
    "I_fc": [
        2.97,
        2.946580662903999,
        2.876691988552035,
        2.7614361630881064,
        2.6026308397302746,
        2.4027804732935945,
        2.165036823441593,
        1.8931492495536084,
        1.5914055810876198,
        1.2645644959482658,
        0.9177804732935941,
        0.5565225043196018,
        0.18648784300206048,
        -0.1864878430020608,
        -0.5565225043196028,
        -0.9177804732935945,
        -1.2645644959482663,
        -1.5914055810876204,
        -1.8931492495536084,
        -2.165036823441593,
        -2.402780473293594,
        -2.602630839730275,
        -2.761436163088107,
        -2.876691988552035,
        -2.946580662903999,
        -2.97,
        -2.946580662903999,
        -2.876691988552035,
        -2.7614361630881064,
        -2.6026308397302746,
        -2.4027804732935936,
        -2.165036823441593,
        -1.893149249553608,
        -1.5914055810876189,
        -1.2645644959482645,
        -0.9177804732935945,
        -0.5565225043196023,
        -0.1864878430020602,
        0.18648784300206175,
        0.5565225043196037,
        0.9177804732935935,
        1.2645644959482658,
        1.5914055810876202,
        1.893149249553609,
        2.1650368234415933,
        2.4027804732935953,
        2.6026308397302746,
        2.761436163088107,
        2.876691988552035,
        2.946580662903999,
        2.97,
        2.946580662903999,
        2.876691988552035,
        2.7614361630881064,
        2.602630839730274,
        2.402780473293593,
        2.165036823441591,
        1.8931492495536084,
        1.591405581087619,
        1.2645644959482647,
        0.9177804732935925,
        0.5565225043196,
        0.18648784300206056,
        -0.1864878430020614,
        -0.5565225043196034,
        -0.917780473293593,
        -1.2645644959482676,
        -1.5914055810876198,
        -1.893149249553611,
        -2.1650368234415933,
        -2.4027804732935936,
        -2.602630839730276,
        -2.761436163088107,
        -2.876691988552036,
        -2.946580662903999,
        -2.97
    ],
    "args": {
        "I_fc": [
            0.5,
            10.0,
            201.0
        ],
        "current_units": "mA",
        "cycles": 1.5,
        "d": 0.2,
        "directory": "/scratch/users/lbvh/py-tdgl/results/14122470/52",
        "dt_init": 1e-06,
        "fc_center": [
            0,
            0,
            1
        ],
        "fc_radius": 2.4,
        "field_units": "mT",
        "film_points": 4000,
        "film_radius": 15.0,
        "film_shape": "box",
        "film_smooth": 100,
        "gamma": 1.0,
        "index": 52,
        "lam": 1.35,
        "max_edge_length": 0.5,
        "pl_center": null,
        "pl_radius": 0.8,
        "points_per_cycle": 51.0,
        "save_every": 500,
        "screening": false,
        "seed_solutions": true,
        "slot_radius": 0,
        "slot_size": null,
        "slot_top_center_x": null,
        "slot_top_center_y": null,
        "solve_time": [
            20000.0,
            2000.0
        ],
        "squid_angle": 0,
        "squid_iterations": 5,
        "squid_points": 4000,
        "squid_position": [
            0.0,
            0.0,
            0.5
        ],
        "squid_smooth": 100,
        "squid_type": "hypres-small",
        "xi": 0.9
    },
    "film_fluxoid": [
        1.998705883148692,
        1.998715460098036,
        1.9987440270678538,
        1.9987910987859037,
        1.9988558847524407,
        1.998937308727959,
        1.9990340244123423,
        1.9991444185085594,
        1.9992665766209161,
        1.999398092939808,
        1.9995346318623242,
        0.9997318202893538,
        0.9998818455623112,
        7.593898893799015e-05,
        0.0002266496528988236,
        0.0003738811036526751,
        0.0005153906861443215,
        0.000649055119571225,
        0.0007729284084469611,
        0.0008853212002948557,
        -0.9989790055974546,
        -0.9988969732277199,
        -0.9988315812896048,
        -0.9987839595117372,
        -0.9987549940373349,
        -0.9987452696184067,
        -0.9987549940379563,
        -0.9987839595116995,
        -0.998831581288975,
        -0.9988969732273736,
        -0.9989790055977024,
        -0.9990763336423857,
        -0.9991874097678503,
        -0.9993104935169108,
        -0.999443666496807,
        -0.999584851687112,
        -0.9997318202888813,
        -0.9998818455638523,
        -7.593898875352681e-05,
        -0.00022664965282199554,
        -0.000373881104352565,
        -0.0005153906859132542,
        -0.0006490551201630071,
        -0.0007729284093535959,
        -0.0008853211998097857,
        0.9989790055977904,
        0.9988969732278522,
        0.9988315812897708,
        0.998783959511122,
        0.998754994037705,
        0.9987452696176428,
        0.9987549940379212,
        0.9987839595107236,
        0.9988315812893755,
        0.9988969732276619,
        0.9989790055976013,
        0.9990763336425368,
        0.999187409768444,
        0.9993104935164299,
        0.9994436664969104,
        0.9995848516863972,
        0.9997318202888225,
        0.9998818455634333,
        7.593898863216214e-05,
        0.00022664965282789723,
        0.00037388110356294593,
        0.0005153906860355112,
        0.0006490551197964613,
        0.0007729284075032198,
        0.0008853211971604544,
        -0.9989790055976135,
        -0.998896973228007,
        -0.9988315812895598,
        -0.9987839595116224,
        -0.9987549940376165,
        -0.9987452696174065
    ],
    "flux": [
        -0.009099448458130186,
        -0.008853892056423394,
        -0.008106855109713656,
        -0.00683334154100316,
        -0.005011049627101944,
        -0.0026462307525639576,
        0.00019558139723680523,
        0.0033579956623407095,
        0.006565504594841802,
        0.009401603316325441,
        0.011302753198150819,
        0.0097750828445559,
        0.01424428592893332,
        0.0030526633396857337,
        0.008932580430859316,
        0.014166419604359897,
        0.018418766870978865,
        0.02147930531943851,
        0.023277825568212118,
        0.02386276900195986,
        0.015001842704379825,
        0.016759054365437842,
        0.01788865064944827,
        0.018542035063809977,
        0.018863441875419412,
        0.0189576688186246,
        0.0188634418749838,
        0.018542035063738315,
        0.017888650647963765,
        0.016759054364756228,
        0.015001842705255237,
        0.012493633041738273,
        0.00917498978795255,
        0.0050816027661117966,
        0.00036361661448592415,
        -0.004712216378712899,
        -0.009775082846020328,
        -0.014244285926242736,
        -0.0030526633399117434,
        -0.008932580431033975,
        -0.014166419578228525,
        -0.018418766898213812,
        -0.021479305290446053,
        -0.023277825566933377,
        -0.023862769010227835,
        -0.015001842705245357,
        -0.01675905436543109,
        -0.017888650649854256,
        -0.018542035059505767,
        -0.018863441876487273,
        -0.0189576688174001,
        -0.0188634418769701,
        -0.018542035061585863,
        -0.017888650648986558,
        -0.0167590543648543,
        -0.015001842704981103,
        -0.012493633041858548,
        -0.009174989786438947,
        -0.005081602762927932,
        -0.0003636166069607916,
        0.004712216379869916,
        0.009775082845009067,
        0.0142442859259015,
        0.003052663340024293,
        0.008932580430509774,
        0.01416641958790044,
        0.018418766897013626,
        0.021479305318513987,
        0.023277825562691416,
        0.023862769010297154,
        0.015001842703347429,
        0.01675905436087761,
        0.01788865064973262,
        0.018542035063816676,
        0.018863441876599715,
        0.018957668816695524
    ],
    "timing": {
        "end_time": "2023-03-29T19:38:56.730199",