{
    "I_fc": [
        1.1,
        1.0913261714459257,
        1.0654414772414942,
        1.0227541344770765,
        0.96393734804825,
        0.8899186938124423,
        0.8018654901635528,
        0.7011663887235586,
        0.5894094744768963,
        0.46835722072158,
        0.3399186938124422,
        0.206119446044297,
        0.06906957148224464,
        -0.06906957148224475,
        -0.20611944604429733,
        -0.33991869381244233,
        -0.46835722072158004,
        -0.5894094744768966,
        -0.7011663887235587,
        -0.8018654901635529,
        -0.8899186938124422,
        -0.96393734804825,
        -1.0227541344770767,
        -1.0654414772414942,
        -1.0913261714459257,
        -1.1,
        -1.0913261714459257,
        -1.0654414772414942,
        -1.0227541344770765,
        -0.9639373480482499,
        -0.889918693812442,
        -0.8018654901635528,
        -0.7011663887235585,
        -0.589409474476896,
        -0.4683572207215794,
        -0.33991869381244233,
        -0.2061194460442971,
        -0.06906957148224453,
        0.0690695714822451,
        0.20611944604429766,
        0.339918693812442,
        0.4683572207215799,
        0.5894094744768965,
        0.7011663887235591,
        0.8018654901635531,
        0.8899186938124426,
        0.96393734804825,
        1.0227541344770767,
        1.0654414772414944,
        1.0913261714459257,
        1.1,
        1.0913261714459257,
        1.0654414772414942,
        1.0227541344770765,
        0.9639373480482498,
        0.8899186938124418,
        0.8018654901635521,
        0.7011663887235586,
        0.5894094744768962,
        0.46835722072157954,
        0.33991869381244155,
        0.20611944604429627,
        0.06906957148224466,
        -0.06906957148224496,
        -0.20611944604429752,
        -0.33991869381244183,
        -0.4683572207215807,
        -0.5894094744768964,
        -0.7011663887235596,
        -0.801865490163553,
        -0.889918693812442,
        -0.9639373480482504,
        -1.0227541344770767,
        -1.0654414772414946,
        -1.0913261714459257,
        -1.1
    ],
    "args": {
        "I_fc": [
            1.1
        ],
        "current_units": "mA",
        "cycles": 1.5,
        "d": 0.2,
        "directory": "/scratch/users/lbvh/py-tdgl/results/17223196/83",
        "dt_init": 1e-06,
        "fc_center": [
            0,
            0,
            1
        ],
        "fc_radius": 2.4,
        "field_units": "mT",
        "film_points": 4000,
        "film_radius": 15.0,
        "film_shape": "box",
        "film_smooth": 100,
        "gamma": 1.0,
        "index": 83,
        "lam": 1.35,
        "max_edge_length": 0.5,
        "pl_center": null,
        "pl_radius": 0.8,
        "points_per_cycle": 51.0,
        "save_every": 500,
        "screening": false,
        "seed_solutions": true,
        "slot_radius": 0.1,
        "slot_size": [
            2.0,
            50.0
        ],
        "slot_top_center_x": [
            -10.0,
            10.0,
            101.0
        ],
        "slot_top_center_y": [
            -1.0,
            -1.0,
            101.0
        ],
        "solve_time": [
            10000.0,
            2000.0
        ],
        "squid_angle": 180.0,
        "squid_iterations": 5,
        "squid_points": 4000,
        "squid_position": [
            0.0,
            0.0,
            0.5
        ],
        "squid_smooth": 100,
        "squid_type": "hypres-small",
        "xi": 0.9
    },
    "film_fluxoid": [
        -0.000985522423322135,
        -0.0009777430114881575,
        -0.000954529714672693,
        -0.000916254328853517,
        -0.0008635273370132589,
        -0.0007971861041703247,
        -0.0007182805962797916,
        -0.00062805679353624,
        -0.0005279375712198971,
        -0.00041950085318302564,
        -0.00030445518920882057,
        -0.0001846130847959059,
        -6.186255859131474e-05,
        6.186255846370381e-05,
        0.0001846130848872938,
        0.0003044551887729432,
        0.0004195008532337025,
        0.0005279375711637074,
        0.0006280567934907757,
        0.0007182805958688639,
        0.0007971861050969882,
        0.0008635273377439869,
        0.0009162543284753976,
        0.0009545297134808332,
        0.0009777430121164583,
        0.0009855224218677202,
        0.0009777430112474248,
        0.0009545297129612719,
        0.0009162543282585015,
        0.0008635273368384299,
        0.0007971861037417007,
        0.0007182805959372811,
        0.0006280567938215004,
        0.0005279375717897996,
        0.0004195008529546265,
        0.00030445518886835983,
        0.00018461308425112987,
        6.186255855486204e-05,
        -6.186255867340838e-05,
        -0.00018461308431498834,
        -0.0003044551893829736,
        -0.0004195008534055231,
        -0.0005279375717672354,
        -0.0006280567948377936,
        -0.0007182805953281695,
        -0.0007971861058950069,
        -0.0008635273383325485,
        -0.0009162543294888461,
        -0.00095452971372252,
        -0.0009777430119783605,
        -0.0009855224210414298,
        -0.0009777430122326193,
        -0.0009545297137434763,
        -0.000916254328746434,
        -0.0008635273366304924,
        -0.000797186104499415,
        -0.000718280594982196,
        -0.0006280567945192434,
        -0.0005279375711620817,
        -0.0004195008531801985,
        -0.0003044551888763112,
        -0.00018461308425823312,
        -6.186255863552887e-05,
        6.186255890389258e-05,
        0.0001846130847559899,
        0.0003044551894616393,
        0.00041950085290802253,
        0.0005279375709677852,
        0.0006280567934986387,
        0.0007182805959431829,
        0.0007971861047139963,
        0.0008635273383272476,
        0.00091625432946948,
        0.0009545297128925719,
        0.0009777430118584447,
        0.0009855224209377436
    ],