{
    "I_fc": [
        1.1,
        1.0913261714459255,
        1.0654414772414944,
        1.0227541344770765,
        0.9639373480482499,
        0.8899186938124424,
        0.8018654901635529,
        0.7011663887235586,
        0.5894094744768963,
        0.46835722072158,
        0.3399186938124423,
        0.206119446044297,
        0.06906957148224463,
        -0.06906957148224475,
        -0.20611944604429736,
        -0.3399186938124424,
        -0.4683572207215801,
        -0.5894094744768965,
        -0.7011663887235586,
        -0.8018654901635529,
        -0.8899186938124423,
        -0.96393734804825,
        -1.0227541344770767,
        -1.0654414772414944,
        -1.0913261714459255,
        -1.1,
        -1.0913261714459255,
        -1.0654414772414944,
        -1.0227541344770765,
        -0.9639373480482499,
        -0.8899186938124422,
        -0.8018654901635529,
        -0.7011663887235585,
        -0.5894094744768958,
        -0.4683572207215794,
        -0.3399186938124424,
        -0.20611944604429713,
        -0.06906957148224452,
        0.0690695714822451,
        0.2061194460442977,
        0.33991869381244205,
        0.46835722072158,
        0.5894094744768964,
        0.7011663887235589,
        0.8018654901635531,
        0.8899186938124427,
        0.9639373480482499,
        1.0227541344770765,
        1.0654414772414944,
        1.0913261714459255,
        1.1,
        1.0913261714459255,
        1.0654414772414944,
        1.0227541344770765,
        0.9639373480482497,
        0.8899186938124419,
        0.8018654901635522,
        0.7011663887235586,
        0.589409474476896,
        0.46835722072157954,
        0.33991869381244166,
        0.2061194460442963,
        0.06906957148224466,
        -0.06906957148224496,
        -0.20611944604429758,
        -0.33991869381244183,
        -0.46835722072158065,
        -0.5894094744768963,
        -0.7011663887235596,
        -0.8018654901635531,
        -0.8899186938124422,
        -0.9639373480482504,
        -1.0227541344770765,
        -1.0654414772414948,
        -1.0913261714459255,
        -1.1
    ],
    "args": {
        "I_fc": [
            1.1
        ],
        "current_units": "mA",
        "cycles": 1.5,
        "d": 0.2,
        "directory": "/scratch/users/lbvh/py-tdgl/results/17223196/92",
        "dt_init": 1e-06,
        "fc_center": [
            0,
            0,
            1
        ],
        "fc_radius": 2.4,
        "field_units": "mT",
        "film_points": 4000,
        "film_radius": 15.0,
        "film_shape": "box",
        "film_smooth": 100,
        "gamma": 1.0,
        "index": 92,
        "lam": 1.35,
        "max_edge_length": 0.5,
        "pl_center": null,
        "pl_radius": 0.8,
        "points_per_cycle": 51.0,
        "save_every": 500,
        "screening": false,
        "seed_solutions": true,
        "slot_radius": 0.1,
        "slot_size": [
            2.0,
            50.0
        ],
        "slot_top_center_x": [
            -10.0,
            10.0,
            101.0
        ],
        "slot_top_center_y": [
            -1.0,
            -1.0,
            101.0
        ],
        "solve_time": [
            10000.0,
            2000.0
        ],
        "squid_angle": 180.0,
        "squid_iterations": 5,
        "squid_points": 4000,
        "squid_position": [
            0.0,
            0.0,
            0.5
        ],
        "squid_smooth": 100,
        "squid_type": "hypres-small",
        "xi": 0.9
    },
    "film_fluxoid": [
        -0.0006852248140744033,
        -0.0006798291900337259,
        -0.0006637260533087358,
        -0.0006371656072477806,
        -0.0006005614352126202,
        -0.0005544850829371172,
        -0.0004996580982858151,
        -0.000436941396744079,
        -0.000367322034353441,
        -0.0002918976457481095,
        -0.0002118589067807704,
        -0.00012847041912134356,
        -4.30504074407769e-05,
        4.305040743100553e-05,
        0.0001284704191326787,
        0.00021185890666478618,
        0.00029189764547984736,
        0.0003673220342287633,
        0.0004369413965789905,
        0.0004996580985408603,
        0.0005544850826783084,
        0.0006005614352551689,
        0.0006371656071256296,
        0.0006637260527240085,
        0.0006798291898814214,
        0.000685224814101005,
        0.0006798291897808011,
        0.0006637260524598458,
        0.0006371656075450741,
        0.0006005614349400224,
        0.0005544850826749865,
        0.0004996580982100826,
        0.0004369413967719442,
        0.0003673220340587803,
        0.0002918976456538237,
        0.0002118589067387164,
        0.00012847041914811324,
        4.3050407436006065e-05,
        -4.3050407427029834e-05,
        -0.0001284704191943373,
        -0.00021185890673786824,
        -0.00029189764557279027,
        -0.00036732203405955775,
        -0.00043694139673807126,
        -0.0004996580987289724,
        -0.000554485082635309,
        -0.0006005614352955973,
        -0.0006371656074618496,
        -0.0006637260526329034,
        -0.0006798291901150067,
        -0.0006852248137872608,
        -0.0006798291896421642,
        -0.0006637260527547539,
        -0.0006371656074771516,
        -0.0006005614350535924,
        -0.0005544850826772835,
        -0.0004996580984680962,
        -0.0004369413967036506,
        -0.00036732203417667284,
        -0.000291897645506617,
        -0.0002118589066727022,
        -0.00012847041912369365,
        -4.3050407420527365e-05,
        4.305040745024789e-05,
        0.00012847041911257938,
        0.0002118589067158164,
        0.00029189764552511725,
        0.0003673220340041454,
        0.0004369413967781816,
        0.0004996580986499533,
        0.0005544850829124679,
        0.0006005614350539282,
        0.0006371656070983475,
        0.0006637260526174953,
        0.0006798291899501436,
        0.0006852248138133416
    ],