{
    "I_fc": [
        1.0,
        0.9921147013144779,
        0.9685831611286311,
        0.9297764858882513,
        0.8763066800438636,
        0.8090169943749475,
        0.7289686274214116,
        0.6374239897486896,
        0.5358267949789965,
        0.42577929156507266,
        0.30901699437494745,
        0.18738131458572452,
        0.0627905195293133,
        -0.0627905195293134,
        -0.18738131458572482,
        -0.30901699437494756,
        -0.4257792915650727,
        -0.5358267949789969,
        -0.6374239897486897,
        -0.7289686274214117,
        -0.8090169943749473,
        -0.8763066800438636,
        -0.9297764858882515,
        -0.9685831611286311,
        -0.9921147013144779,
        -1.0,
        -0.9921147013144779,
        -0.9685831611286311,
        -0.9297764858882512,
        -0.8763066800438635,
        -0.8090169943749472,
        -0.7289686274214116,
        -0.6374239897486895,
        -0.5358267949789963,
        -0.42577929156507216,
        -0.30901699437494756,
        -0.18738131458572463,
        -0.06279051952931321,
        0.06279051952931372,
        0.18738131458572513,
        0.30901699437494723,
        0.4257792915650726,
        0.5358267949789968,
        0.63742398974869,
        0.7289686274214119,
        0.8090169943749478,
        0.8763066800438636,
        0.9297764858882515,
        0.9685831611286312,
        0.9921147013144779,
        1.0,
        0.9921147013144779,
        0.9685831611286311,
        0.9297764858882513,
        0.8763066800438634,
        0.809016994374947,
        0.728968627421411,
        0.6374239897486896,
        0.5358267949789964,
        0.42577929156507227,
        0.30901699437494684,
        0.18738131458572388,
        0.06279051952931332,
        -0.0627905195293136,
        -0.18738131458572502,
        -0.3090169943749471,
        -0.4257792915650733,
        -0.5358267949789967,
        -0.6374239897486905,
        -0.7289686274214118,
        -0.8090169943749472,
        -0.8763066800438639,
        -0.9297764858882515,
        -0.9685831611286314,
        -0.9921147013144779,
        -1.0
    ],
    "args": {
        "I_fc": [
            1.0
        ],
        "current_units": "mA",
        "cycles": 1.5,
        "d": 0.2,
        "directory": "/scratch/users/lbvh/py-tdgl/results/17223926/13",
        "dt_init": 1e-06,
        "fc_center": [
            0,
            0,
            1
        ],
        "fc_radius": 2.4,
        "field_units": "mT",
        "film_points": 4000,
        "film_radius": 15.0,
        "film_shape": "box",
        "film_smooth": 100,
        "gamma": 1.0,
        "index": 13,
        "lam": 1.35,
        "max_edge_length": 0.5,
        "pl_center": null,
        "pl_radius": 0.8,
        "points_per_cycle": 51.0,
        "save_every": 500,
        "screening": false,
        "seed_solutions": true,
        "slot_radius": 0.1,
        "slot_size": [
            2.0,
            50.0
        ],
        "slot_top_center_x": [
            -10.0,
            10.0,
            101.0
        ],
        "slot_top_center_y": [
            5.0,
            5.0,
            101.0
        ],
        "solve_time": [
            10000.0,
            2000.0
        ],
        "squid_angle": 180.0,
        "squid_iterations": 5,
        "squid_points": 4000,
        "squid_position": [
            0.0,
            0.0,
            0.5
        ],
        "squid_smooth": 100,
        "squid_type": "hypres-small",
        "xi": 0.9
    },
    "film_fluxoid": [
        -0.00037161524819274,
        -0.00036868494973096497,
        -0.00035994026721400234,
        -0.0003455191103250502,
        -0.00032564891035573984,
        -0.0003006430331698512,
        -0.00027089583702738913,
        -0.00023687645325243844,
        -0.0001991213878020242,
        -0.00015822606035972538,
        -0.00011483541433242236,
        -6.963374580141191e-05,
        -2.333391181137057e-05,
        2.3333911811441247e-05,
        6.963374580144725e-05,
        0.00011483541433242236,
        0.00015822606035972538,
        0.00019912138780207723,
        0.00023687645325243844,
        0.0002708958370274245,
        0.0003006430331697982,
        0.0003256489103556868,
        0.0003455191103250237,
        0.0003599402672140266,
        0.0003686849497309473,
        0.0003716152481928107,
        0.0003686849497308943,
        0.0003599402672139317,
        0.0003455191103250149,
        0.00032564891035566915,
        0.0003006430331699219,
        0.0002708958370274598,
        0.00023687645325243844,
        0.00019912138780205956,
        0.00015822606035972538,
        0.00011483541433235168,
        6.963374580139424e-05,
        2.333391181140591e-05,
        -2.333391181140591e-05,
        -6.963374580142405e-05,
        -0.00011483541433238701,
        -0.0001582260603596724,
        -0.00019912138780211257,
        -0.0002368764532524738,
        -0.00027089583702737146,
        -0.00030064303316983354,
        -0.0003256489103557575,
        -0.00034551911032503255,
        -0.0003599402672140377,
        -0.00036868494973096497,
        -0.00037161524819274,
        -0.00036868494973096497,
        -0.0003599402672140377,
        -0.0003455191103250502,
        -0.0003256489103557045,
        -0.0003006430331698512,
        -0.00027089583702738913,
        -0.0002368764532522971,
        -0.00019912138780205956,
        -0.00015822606035969004,
        -0.00011483541433236934,
        -6.963374580134123e-05,
        -2.3333911811441247e-05,
        2.3333911811441247e-05,
        6.963374580144725e-05,
        0.00011483541433233401,
        0.00015822606035972538,
        0.00019912138780211257,
        0.00023687645325243844,
        0.0002708958370274245,
        0.00030064303316988656,
        0.0003256489103557045,
        0.0003455191103250679,
        0.00035994026721402,
        0.0003686849497308943,
        0.0003716152481928107
    ],