{
    "I_fc": [
        1.1,
        1.0913261714459257,
        1.0654414772414942,
        1.0227541344770765,
        0.96393734804825,
        0.8899186938124423,
        0.8018654901635528,
        0.7011663887235586,
        0.5894094744768963,
        0.46835722072158,
        0.3399186938124422,
        0.206119446044297,
        0.06906957148224464,
        -0.06906957148224475,
        -0.20611944604429733,
        -0.33991869381244233,
        -0.46835722072158004,
        -0.5894094744768966,
        -0.7011663887235587,
        -0.8018654901635529,
        -0.8899186938124422,
        -0.96393734804825,
        -1.0227541344770767,
        -1.0654414772414942,
        -1.0913261714459257,
        -1.1,
        -1.0913261714459257,
        -1.0654414772414942,
        -1.0227541344770765,
        -0.9639373480482499,
        -0.889918693812442,
        -0.8018654901635528,
        -0.7011663887235585,
        -0.589409474476896,
        -0.4683572207215794,
        -0.33991869381244233,
        -0.2061194460442971,
        -0.06906957148224453,
        0.0690695714822451,
        0.20611944604429766,
        0.339918693812442,
        0.4683572207215799,
        0.5894094744768965,
        0.7011663887235591,
        0.8018654901635531,
        0.8899186938124426,
        0.96393734804825,
        1.0227541344770767,
        1.0654414772414944,
        1.0913261714459257,
        1.1,
        1.0913261714459257,
        1.0654414772414942,
        1.0227541344770765,
        0.9639373480482498,
        0.8899186938124418,
        0.8018654901635521,
        0.7011663887235586,
        0.5894094744768962,
        0.46835722072157954,
        0.33991869381244155,
        0.20611944604429627,
        0.06906957148224466,
        -0.06906957148224496,
        -0.20611944604429752,
        -0.33991869381244183,
        -0.4683572207215807,
        -0.5894094744768964,
        -0.7011663887235596,
        -0.801865490163553,
        -0.889918693812442,
        -0.9639373480482504,
        -1.0227541344770767,
        -1.0654414772414946,
        -1.0913261714459257,
        -1.1
    ],
    "args": {
        "I_fc": [
            1.1
        ],
        "current_units": "mA",
        "cycles": 1.5,
        "d": 0.2,
        "directory": "/scratch/users/lbvh/py-tdgl/results/17223927/3",
        "dt_init": 1e-06,
        "fc_center": [
            0,
            0,
            1
        ],
        "fc_radius": 2.4,
        "field_units": "mT",
        "film_points": 4000,
        "film_radius": 15.0,
        "film_shape": "box",
        "film_smooth": 100,
        "gamma": 1.0,
        "index": 3,
        "lam": 1.35,
        "max_edge_length": 0.5,
        "pl_center": null,
        "pl_radius": 0.8,
        "points_per_cycle": 51.0,
        "save_every": 500,
        "screening": false,
        "seed_solutions": true,
        "slot_radius": 0.1,
        "slot_size": [
            2.0,
            50.0
        ],
        "slot_top_center_x": [
            -10.0,
            10.0,
            101.0
        ],
        "slot_top_center_y": [
            5.0,
            5.0,
            101.0
        ],
        "solve_time": [
            10000.0,
            2000.0
        ],
        "squid_angle": 180.0,
        "squid_iterations": 5,
        "squid_points": 4000,
        "squid_position": [
            0.0,
            0.0,
            0.5
        ],
        "squid_smooth": 100,
        "squid_type": "hypres-small",
        "xi": 0.9
    },
    "film_fluxoid": [
        4.841158025050826e-05,
        4.80298402725897e-05,
        4.689064063402239e-05,
        4.5011947273127905e-05,
        4.242338842873166e-05,
        3.9165787369820095e-05,
        3.529051856925014e-05,
        3.085869747343521e-05,
        2.594021665708886e-05,
        2.0612643555581447e-05,
        1.4959997173639597e-05,
        9.071423054886607e-06,
        3.03978741177224e-06,
        -3.0397874118075793e-06,
        -9.071423054886607e-06,
        -1.4959997173674937e-05,
        -2.0612643555440087e-05,
        -2.5940216657071192e-05,
        -3.0858697473788606e-05,
        -3.5290518569285477e-05,
        -3.916578736999845e-05,
        -4.2423388428767e-05,
        -4.501194727325159e-05,
        -4.689064063403565e-05,
        -4.802984027261621e-05,
        -4.841158025047292e-05,
        -4.80298402725897e-05,
        -4.689064063405773e-05,
        -4.501194727314557e-05,
        -4.242338842873166e-05,
        -3.916578737008514e-05,
        -3.5290518569320815e-05,
        -3.085869747375327e-05,
        -2.5940216657071192e-05,
        -2.0612643555495307e-05,
        -1.4959997173604257e-05,
        -9.071423054568551e-06,
        -3.039787411763405e-06,
        3.03978741177224e-06,
        9.071423054851269e-06,
        1.4959997173851635e-05,
        2.0612643555546105e-05,
        2.5940216657084443e-05,
        3.085869747371792e-05,
        3.5290518569285477e-05,
        3.9165787369961455e-05,
        4.2423388428722824e-05,
        4.5011947272933535e-05,
        4.6890640634128415e-05,
        4.802984027255436e-05,
        4.8411580250437584e-05,
        4.8029840272625043e-05,
        4.689064063402239e-05,
        4.501194727311023e-05,
        4.242338842882001e-05,
        3.916578736999679e-05,
        3.5290518569320815e-05,
        3.0858697474142e-05,
        2.5940216657071192e-05,
        2.061264355554169e-05,
        1.4959997173692606e-05,
        9.071423054851269e-06,
        3.0397874117899097e-06,
        -3.03978741177224e-06,
        -9.071423054921947e-06,
        -1.4959997173568919e-05,
        -2.0612643555510767e-05,
        -2.5940216657089414e-05,
        -3.085869747371792e-05,
        -3.529051856933849e-05,
        -3.916578736999679e-05,
        -4.2423388428713995e-05,
        -4.5011947273074895e-05,
        -4.689064063402239e-05,
        -4.8029840272625043e-05,
        -4.8411580250437584e-05
    ],