{
    "I_fc": [
        1.5,
        1.4881720519717168,
        1.4528747416929466,
        1.394664728832377,
        1.3144600200657954,
        1.2135254915624212,
        1.0934529411321172,
        0.9561359846230344,
        0.8037401924684948,
        0.638668937347609,
        0.4635254915624212,
        0.2810719718785868,
        0.09418577929396996,
        -0.0941857792939701,
        -0.28107197187858723,
        -0.46352549156242134,
        -0.6386689373476091,
        -0.8037401924684953,
        -0.9561359846230346,
        -1.0934529411321174,
        -1.213525491562421,
        -1.3144600200657954,
        -1.3946647288323772,
        -1.4528747416929466,
        -1.4881720519717168,
        -1.5,
        -1.4881720519717168,
        -1.4528747416929466,
        -1.3946647288323768,
        -1.3144600200657952,
        -1.2135254915624207,
        -1.0934529411321172,
        -0.9561359846230343,
        -0.8037401924684945,
        -0.6386689373476082,
        -0.46352549156242134,
        -0.28107197187858696,
        -0.09418577929396982,
        0.09418577929397058,
        0.2810719718785877,
        0.46352549156242084,
        0.6386689373476089,
        0.8037401924684952,
        0.956135984623035,
        1.0934529411321179,
        1.2135254915624216,
        1.3144600200657954,
        1.3946647288323772,
        1.4528747416929468,
        1.4881720519717168,
        1.5,
        1.4881720519717168,
        1.4528747416929466,
        1.394664728832377,
        1.314460020065795,
        1.2135254915624205,
        1.0934529411321166,
        0.9561359846230344,
        0.8037401924684946,
        0.6386689373476084,
        0.4635254915624203,
        0.2810719718785858,
        0.09418577929396998,
        -0.0941857792939704,
        -0.2810719718785875,
        -0.4635254915624207,
        -0.63866893734761,
        -0.803740192468495,
        -0.9561359846230357,
        -1.0934529411321177,
        -1.2135254915624207,
        -1.3144600200657959,
        -1.3946647288323772,
        -1.452874741692947,
        -1.4881720519717168,
        -1.5
    ],
    "args": {
        "I_fc": [
            1.5
        ],
        "current_units": "mA",
        "cycles": 1.5,
        "d": 0.2,
        "directory": "/scratch/users/lbvh/py-tdgl/results/17223198/49",
        "dt_init": 1e-06,
        "fc_center": [
            0,
            0,
            1
        ],
        "fc_radius": 2.4,
        "field_units": "mT",
        "film_points": 4000,
        "film_radius": 15.0,
        "film_shape": "box",
        "film_smooth": 100,
        "gamma": 1.0,
        "index": 49,
        "lam": 1.35,
        "max_edge_length": 0.5,
        "pl_center": null,
        "pl_radius": 0.8,
        "points_per_cycle": 51.0,
        "save_every": 500,
        "screening": false,
        "seed_solutions": true,
        "slot_radius": 0.1,
        "slot_size": [
            2.0,
            50.0
        ],
        "slot_top_center_x": [
            -10.0,
            10.0,
            101.0
        ],
        "slot_top_center_y": [
            -1.0,
            -1.0,
            101.0
        ],
        "solve_time": [
            10000.0,
            2000.0
        ],
        "squid_angle": 180.0,
        "squid_iterations": 5,
        "squid_points": 4000,
        "squid_position": [
            0.0,
            0.0,
            0.5
        ],
        "squid_smooth": 100,
        "squid_type": "hypres-small",
        "xi": 0.9
    },
    "film_fluxoid": [
        0.9989184123879042,
        0.9989268991506032,
        0.99895222759936,
        0.9989940082662971,
        0.9990516155961484,
        0.9991242534209804,
        -0.0007841957042844289,
        -0.0006846600555908244,
        -0.0005751031176517835,
        -0.00045677047104629307,
        -0.0003314051950157831,
        -0.00020091822228648584,
        -6.73204517116271e-05,
        6.732045171996722e-05,
        0.0002009182222933417,
        0.00033140519507204354,
        0.0004567704710755895,
        0.0005751031175857339,
        0.0006846600554854773,
        0.0007841957043505226,
        -0.9991242534209516,
        -0.9990516155961727,
        -0.9989940082662594,
        -0.9989522275993528,
        -0.9989268991507295,
        -0.9989184123879543,
        -0.9989268991507305,
        -0.9989522275993536,
        -0.9989940082662707,
        -0.9990516155961555,
        -0.9991242534209258,
        0.0007841957041751768,
        0.0006846600554947362,
        0.0005751031176442914,
        0.00045677047103848307,
        0.0003314051950576957,
        0.00020091822226987627,
        6.73204517271058e-05,
        -6.73204517462598e-05,
        -0.0002009182222913627,
        -0.00033140519497436516,
        -0.00045677047105823783,
        -0.0005751031176536918,
        -0.0006846600556243262,
        -0.0007841957042927072,
        0.9991242534209739,
        0.9990516155961592,
        0.9989940082662795,
        0.9989522275993858,
        0.9989268991506978,
        0.9989184123879263,
        0.9989268991506892,
        0.9989522275993802,
        0.9989940082662556,
        0.999051615596139,
        0.999124253421014,
        -0.0007841957043348495,
        -0.0006846600554279092,
        -0.0005751031175128992,
        -0.0004567704711176082,
        -0.000331405195009634,
        -0.00020091822225277195,
        -6.73204516954416e-05,
        6.732045174018141e-05,
        0.00020091822230337811,
        0.00033140519512660775,
        0.00045677047108813503,
        0.0005751031175240312,
        0.0006846600556491345,
        0.0007841957044250889,
        -0.9991242534209106,
        -0.9990516155961877,
        -0.9989940082662723,
        -0.9989522275993397,
        -0.9989268991507247,
        -0.9989184123879967
    ],