{
    "I_fc": [
        1.2,
        1.1905376415773734,
        1.1622997933543573,
        1.1157317830659015,
        1.0515680160526362,
        0.9708203932499369,
        0.8747623529056938,
        0.7649087876984275,
        0.6429921539747958,
        0.5109351498780872,
        0.37082039324993693,
        0.22485757750286942,
        0.07534862343517597,
        -0.07534862343517608,
        -0.22485757750286978,
        -0.37082039324993704,
        -0.5109351498780872,
        -0.6429921539747963,
        -0.7649087876984276,
        -0.8747623529056939,
        -0.9708203932499367,
        -1.0515680160526362,
        -1.1157317830659017,
        -1.1622997933543573,
        -1.1905376415773734,
        -1.2,
        -1.1905376415773734,
        -1.1622997933543573,
        -1.1157317830659015,
        -1.0515680160526362,
        -0.9708203932499366,
        -0.8747623529056938,
        -0.7649087876984274,
        -0.6429921539747956,
        -0.5109351498780865,
        -0.37082039324993704,
        -0.22485757750286955,
        -0.07534862343517584,
        0.07534862343517647,
        0.22485757750287014,
        0.37082039324993665,
        0.5109351498780871,
        0.6429921539747961,
        0.764908787698428,
        0.8747623529056943,
        0.9708203932499373,
        1.0515680160526362,
        1.1157317830659017,
        1.1622997933543573,
        1.1905376415773734,
        1.2,
        1.1905376415773734,
        1.1622997933543573,
        1.1157317830659015,
        1.051568016052636,
        0.9708203932499364,
        0.8747623529056932,
        0.7649087876984275,
        0.6429921539747957,
        0.5109351498780867,
        0.3708203932499362,
        0.22485757750286864,
        0.07534862343517598,
        -0.07534862343517632,
        -0.22485757750287003,
        -0.37082039324993654,
        -0.510935149878088,
        -0.6429921539747959,
        -0.7649087876984286,
        -0.8747623529056942,
        -0.9708203932499366,
        -1.0515680160526366,
        -1.1157317830659017,
        -1.1622997933543577,
        -1.1905376415773734,
        -1.2
    ],
    "args": {
        "I_fc": [
            1.2
        ],
        "current_units": "mA",
        "cycles": 1.5,
        "d": 0.2,
        "directory": "/scratch/users/lbvh/py-tdgl/results/17298299/17",
        "dt_init": 1e-06,
        "fc_center": [
            0,
            0,
            1
        ],
        "fc_radius": 2.4,
        "field_units": "mT",
        "film_points": 4000,
        "film_radius": 15.0,
        "film_shape": "box",
        "film_smooth": 100,
        "gamma": 1.0,
        "index": 17,
        "lam": 1.35,
        "max_edge_length": 0.5,
        "pl_center": null,
        "pl_radius": 0.8,
        "points_per_cycle": 51.0,
        "save_every": 500,
        "screening": false,
        "seed_solutions": true,
        "slot_radius": 0.1,
        "slot_size": [
            2.0,
            50.0
        ],
        "slot_top_center_x": [
            -10.0,
            10.0,
            101.0
        ],
        "slot_top_center_y": [
            -1.0,
            -1.0,
            101.0
        ],
        "solve_time": [
            10000.0,
            2000.0
        ],
        "squid_angle": 180.0,
        "squid_iterations": 5,
        "squid_points": 4000,
        "squid_position": [
            0.0,
            0.0,
            0.5
        ],
        "squid_smooth": 100,
        "squid_type": "hypres-small",
        "xi": 0.9
    },
    "film_fluxoid": [
        0.0003648714243775777,
        0.00036199570138506634,
        0.0003534134060557969,
        0.00033925879952519746,
        0.0003197540061666571,
        0.0002952058175807977,
        0.00026600088793259856,
        0.00023259957360631338,
        0.00019552860379863993,
        0.0001553727188036387,
        0.000112765407460438,
        6.837888600645314e-05,
        2.2913473197327356e-05,
        -2.291347319723901e-05,
        -6.837888600638245e-05,
        -0.000112765407460438,
        -0.00015537271880385075,
        -0.00019552860379775644,
        -0.00023259957360670212,
        -0.0002660008879318741,
        -0.0002952058175804443,
        -0.0003197540061665687,
        -0.00033925879952758286,
        -0.00035341340605814697,
        -0.0003619957013851017,
        -0.00036487142437612876,
        -0.0003619957013855964,
        -0.0003534134060536235,
        -0.0003392587995254448,
        -0.00031975400616702815,
        -0.0002952058175804443,
        -0.0002660008879323335,
        -0.00023259957360808036,
        -0.00019552860379796848,
        -0.00015537271880395676,
        -0.00011276540746082674,
        -6.837888600643547e-05,
        -2.2913473196673576e-05,
        2.2913473197398036e-05,
        6.83788860064708e-05,
        0.00011276540746019062,
        0.00015537271880378006,
        0.00019552860379821584,
        0.00023259957360603065,
        0.00026600088793106127,
        0.00029520581757994953,
        0.00031975400616754055,
        0.00033925879952268834,
        0.00035341340605522266,
        0.00036199570138519,
        0.000364871424377295,
        0.00036199570138556106,
        0.0003534134060569808,
        0.00033925879952597494,
        0.000319754006166233,
        0.000295205817580515,
        0.00026600088793212145,
        0.00023259957360793898,
        0.00019552860379791988,
        0.00015537271880385075,
        0.000112765407460438,
        6.837888600673585e-05,
        2.2913473197451047e-05,
        -2.2913473197309687e-05,
        -6.837888600662984e-05,
        -0.00011276540746040267,
        -0.00015537271880360337,
        -0.0001955286037974914,
        -0.00023259957360610134,
        -0.0002660008879327576,
        -0.00029520581758069167,
        -0.00031975400616718715,
        -0.0003392587995240666,
        -0.0003534134060550371,
        -0.0003619957013858968,
        -0.00036487142437803706
    ],