{
    "I_fc": [
        1.5,
        1.4881720519717168,
        1.4528747416929466,
        1.394664728832377,
        1.3144600200657954,
        1.2135254915624212,
        1.0934529411321172,
        0.9561359846230344,
        0.8037401924684948,
        0.638668937347609,
        0.4635254915624212,
        0.2810719718785868,
        0.09418577929396996,
        -0.0941857792939701,
        -0.28107197187858723,
        -0.46352549156242134,
        -0.6386689373476091,
        -0.8037401924684953,
        -0.9561359846230346,
        -1.0934529411321174,
        -1.213525491562421,
        -1.3144600200657954,
        -1.3946647288323772,
        -1.4528747416929466,
        -1.4881720519717168,
        -1.5,
        -1.4881720519717168,
        -1.4528747416929466,
        -1.3946647288323768,
        -1.3144600200657952,
        -1.2135254915624207,
        -1.0934529411321172,
        -0.9561359846230343,
        -0.8037401924684945,
        -0.6386689373476082,
        -0.46352549156242134,
        -0.28107197187858696,
        -0.09418577929396982,
        0.09418577929397058,
        0.2810719718785877,
        0.46352549156242084,
        0.6386689373476089,
        0.8037401924684952,
        0.956135984623035,
        1.0934529411321179,
        1.2135254915624216,
        1.3144600200657954,
        1.3946647288323772,
        1.4528747416929468,
        1.4881720519717168,
        1.5,
        1.4881720519717168,
        1.4528747416929466,
        1.394664728832377,
        1.314460020065795,
        1.2135254915624205,
        1.0934529411321166,
        0.9561359846230344,
        0.8037401924684946,
        0.6386689373476084,
        0.4635254915624203,
        0.2810719718785858,
        0.09418577929396998,
        -0.0941857792939704,
        -0.2810719718785875,
        -0.4635254915624207,
        -0.63866893734761,
        -0.803740192468495,
        -0.9561359846230357,
        -1.0934529411321177,
        -1.2135254915624207,
        -1.3144600200657959,
        -1.3946647288323772,
        -1.452874741692947,
        -1.4881720519717168,
        -1.5
    ],
    "args": {
        "I_fc": [
            1.5
        ],
        "current_units": "mA",
        "cycles": 1.5,
        "d": 0.2,
        "directory": "/scratch/users/lbvh/py-tdgl/results/17223933/33",
        "dt_init": 1e-06,
        "fc_center": [
            0,
            0,
            1
        ],
        "fc_radius": 2.4,
        "field_units": "mT",
        "film_points": 4000,
        "film_radius": 15.0,
        "film_shape": "box",
        "film_smooth": 100,
        "gamma": 1.0,
        "index": 33,
        "lam": 1.35,
        "max_edge_length": 0.5,
        "pl_center": null,
        "pl_radius": 0.8,
        "points_per_cycle": 51.0,
        "save_every": 500,
        "screening": false,
        "seed_solutions": true,
        "slot_radius": 0.1,
        "slot_size": [
            2.0,
            50.0
        ],
        "slot_top_center_x": [
            -10.0,
            10.0,
            101.0
        ],
        "slot_top_center_y": [
            5.0,
            5.0,
            101.0
        ],
        "solve_time": [
            10000.0,
            2000.0
        ],
        "squid_angle": 180.0,
        "squid_iterations": 5,
        "squid_points": 4000,
        "squid_position": [
            0.0,
            0.0,
            0.5
        ],
        "squid_smooth": 100,
        "squid_type": "hypres-small",
        "xi": 0.9
    },
    "film_fluxoid": [
        0.9997132249281924,
        0.9997154856447216,
        0.9997222322050645,
        0.9997333583993732,
        0.9997486890651552,
        0.9997679828573413,
        0.999790936170065,
        -0.00018279236967685551,
        -0.00015365867939274626,
        -0.00012210126716699263,
        -8.861771384277327e-05,
        -5.373611991171763e-05,
        -1.800673890656621e-05,
        1.800673890582408e-05,
        5.373611991242442e-05,
        8.861771384107698e-05,
        0.00012210126716921904,
        0.0001536586793945839,
        0.00018279236968523098,
        0.00020904321204043763,
        -0.9997679828573249,
        -0.9997486890651409,
        -0.9997333583993724,
        -0.9997222322050702,
        -0.9997154856447021,
        -0.9997132249282016,
        -0.999715485644725,
        -0.9997222322050595,
        -0.9997333583993683,
        -0.999748689065158,
        -0.9997679828573399,
        -0.9997909361700416,
        0.00018279236967901123,
        0.00015365867938907095,
        0.0001221012671686536,
        8.861771384849828e-05,
        5.37361199111522e-05,
        1.8006738906106796e-05,
        -1.800673890653087e-05,
        -5.373611991334324e-05,
        -8.86177138420665e-05,
        -0.00012210126717257627,
        -0.00015365867939112063,
        -0.0001827923696895159,
        -0.00020904321204335313,
        0.9997679828573265,
        0.9997486890651485,
        0.9997333583993734,
        0.9997222322050585,
        0.999715485644713,
        0.9997132249281999,
        0.9997154856447228,
        0.9997222322050648,
        0.9997333583993768,
        0.999748689065143,
        0.9997679828573376,
        0.9997909361700489,
        -0.0001827923696730742,
        -0.00015365867939041384,
        -0.0001221012671689363,
        -8.861771383740167e-05,
        -5.373611991235374e-05,
        -1.8006738905612044e-05,
        1.800673890582408e-05,
        5.3736119911841316e-05,
        8.861771384298531e-05,
        0.00012210126716856082,
        0.0001536586793946546,
        0.00018279236968547836,
        0.0002090432120420279,
        -0.9997679828573299,
        -0.9997486890651385,
        -0.9997333583993745,
        -0.9997222322050634,
        -0.9997154856447182,
        -0.9997132249281859
    ],