{
    "I_fc": [
        1.1,
        1.0913261714459257,
        1.0654414772414942,
        1.0227541344770765,
        0.96393734804825,
        0.8899186938124423,
        0.8018654901635528,
        0.7011663887235586,
        0.5894094744768963,
        0.46835722072158,
        0.3399186938124422,
        0.206119446044297,
        0.06906957148224464,
        -0.06906957148224475,
        -0.20611944604429733,
        -0.33991869381244233,
        -0.46835722072158004,
        -0.5894094744768966,
        -0.7011663887235587,
        -0.8018654901635529,
        -0.8899186938124422,
        -0.96393734804825,
        -1.0227541344770767,
        -1.0654414772414942,
        -1.0913261714459257,
        -1.1,
        -1.0913261714459257,
        -1.0654414772414942,
        -1.0227541344770765,
        -0.9639373480482499,
        -0.889918693812442,
        -0.8018654901635528,
        -0.7011663887235585,
        -0.589409474476896,
        -0.4683572207215794,
        -0.33991869381244233,
        -0.2061194460442971,
        -0.06906957148224453,
        0.0690695714822451,
        0.20611944604429766,
        0.339918693812442,
        0.4683572207215799,
        0.5894094744768965,
        0.7011663887235591,
        0.8018654901635531,
        0.8899186938124426,
        0.96393734804825,
        1.0227541344770767,
        1.0654414772414944,
        1.0913261714459257,
        1.1,
        1.0913261714459257,
        1.0654414772414942,
        1.0227541344770765,
        0.9639373480482498,
        0.8899186938124418,
        0.8018654901635521,
        0.7011663887235586,
        0.5894094744768962,
        0.46835722072157954,
        0.33991869381244155,
        0.20611944604429627,
        0.06906957148224466,
        -0.06906957148224496,
        -0.20611944604429752,
        -0.33991869381244183,
        -0.4683572207215807,
        -0.5894094744768964,
        -0.7011663887235596,
        -0.801865490163553,
        -0.889918693812442,
        -0.9639373480482504,
        -1.0227541344770767,
        -1.0654414772414946,
        -1.0913261714459257,
        -1.1
    ],
    "args": {
        "I_fc": [
            1.1
        ],
        "current_units": "mA",
        "cycles": 1.5,
        "d": 0.2,
        "directory": "/scratch/users/lbvh/py-tdgl/results/17223196/40",
        "dt_init": 1e-06,
        "fc_center": [
            0,
            0,
            1
        ],
        "fc_radius": 2.4,
        "field_units": "mT",
        "film_points": 4000,
        "film_radius": 15.0,
        "film_shape": "box",
        "film_smooth": 100,
        "gamma": 1.0,
        "index": 40,
        "lam": 1.35,
        "max_edge_length": 0.5,
        "pl_center": null,
        "pl_radius": 0.8,
        "points_per_cycle": 51.0,
        "save_every": 500,
        "screening": false,
        "seed_solutions": true,
        "slot_radius": 0.1,
        "slot_size": [
            2.0,
            50.0
        ],
        "slot_top_center_x": [
            -10.0,
            10.0,
            101.0
        ],
        "slot_top_center_y": [
            -1.0,
            -1.0,
            101.0
        ],
        "solve_time": [
            10000.0,
            2000.0
        ],
        "squid_angle": 180.0,
        "squid_iterations": 5,
        "squid_points": 4000,
        "squid_position": [
            0.0,
            0.0,
            0.5
        ],
        "squid_smooth": 100,
        "squid_type": "hypres-small",
        "xi": 0.9
    },
    "film_fluxoid": [
        0.9998963235828547,
        0.9998971263868459,
        0.9998995272108336,
        0.9999035116136771,
        0.9999091569719584,
        -8.176998749789466e-05,
        -7.34840892839574e-05,
        -6.412928011564462e-05,
        -5.3826501594509766e-05,
        -4.272283277669588e-05,
        -3.0981325760622586e-05,
        -1.8776364949642563e-05,
        -6.290206033221133e-06,
        6.290206032196287e-06,
        1.8776364949271498e-05,
        3.0981325759942296e-05,
        4.2722832778957605e-05,
        5.3826501594624617e-05,
        6.412928011348892e-05,
        7.348408928333012e-05,
        8.176998749823039e-05,
        8.89487901380361e-05,
        -0.9999035116136749,
        -0.9998995272108334,
        -0.9998971263868467,
        -0.9998963235828542,
        -0.9998971263868457,
        -0.9998995272108339,
        -0.9999035116136756,
        -0.99990915697196,
        8.17699874990962e-05,
        7.34840892844875e-05,
        6.412928011460211e-05,
        5.382650159353793e-05,
        4.2722832776907914e-05,
        3.098132575939454e-05,
        1.8776364948635386e-05,
        6.290206032337646e-06,
        -6.290206032620362e-06,
        -1.8776364948918102e-05,
        -3.0981325759323854e-05,
        -4.272283277839217e-05,
        -5.3826501594227046e-05,
        -6.412928011514988e-05,
        -7.348408928381605e-05,
        -8.176998749902553e-05,
        -8.894879013732932e-05,
        0.9999035116136751,
        0.9998995272108339,
        0.9998971263868467,
        0.9998963235828543,
        0.9998971263868459,
        0.9998995272108351,
        0.9999035116136767,
        0.9999091569719596,
        -8.176998750050979e-05,
        -7.348408928459352e-05,
        -6.412928011391299e-05,
        -5.382650159405035e-05,
        -4.2722832777411506e-05,
        -3.098132575943429e-05,
        -1.877636494856471e-05,
        -6.290206033397831e-06,
        6.29020603272638e-06,
        1.8776364950084307e-05,
        3.098132576132054e-05,
        4.27228327772083e-05,
        5.382650159355118e-05,
        6.412928011440775e-05,
        7.348408928416944e-05,
        8.17699874994496e-05,
        8.89487901389991e-05,
        -0.9999035116136762,
        -0.9998995272108336,
        -0.999897126386847,
        -0.9998963235828547
    ],