{
    "I_fc": [
        1.1,
        1.0913261714459255,
        1.0654414772414944,
        1.0227541344770765,
        0.9639373480482499,
        0.8899186938124424,
        0.8018654901635529,
        0.7011663887235586,
        0.5894094744768963,
        0.46835722072158,
        0.3399186938124423,
        0.206119446044297,
        0.06906957148224463,
        -0.06906957148224475,
        -0.20611944604429736,
        -0.3399186938124424,
        -0.4683572207215801,
        -0.5894094744768965,
        -0.7011663887235586,
        -0.8018654901635529,
        -0.8899186938124423,
        -0.96393734804825,
        -1.0227541344770767,
        -1.0654414772414944,
        -1.0913261714459255,
        -1.1,
        -1.0913261714459255,
        -1.0654414772414944,
        -1.0227541344770765,
        -0.9639373480482499,
        -0.8899186938124422,
        -0.8018654901635529,
        -0.7011663887235585,
        -0.5894094744768958,
        -0.4683572207215794,
        -0.3399186938124424,
        -0.20611944604429713,
        -0.06906957148224452,
        0.0690695714822451,
        0.2061194460442977,
        0.33991869381244205,
        0.46835722072158,
        0.5894094744768964,
        0.7011663887235589,
        0.8018654901635531,
        0.8899186938124427,
        0.9639373480482499,
        1.0227541344770765,
        1.0654414772414944,
        1.0913261714459255,
        1.1,
        1.0913261714459255,
        1.0654414772414944,
        1.0227541344770765,
        0.9639373480482497,
        0.8899186938124419,
        0.8018654901635522,
        0.7011663887235586,
        0.589409474476896,
        0.46835722072157954,
        0.33991869381244166,
        0.2061194460442963,
        0.06906957148224466,
        -0.06906957148224496,
        -0.20611944604429758,
        -0.33991869381244183,
        -0.46835722072158065,
        -0.5894094744768963,
        -0.7011663887235596,
        -0.8018654901635531,
        -0.8899186938124422,
        -0.9639373480482504,
        -1.0227541344770765,
        -1.0654414772414948,
        -1.0913261714459255,
        -1.1
    ],
    "args": {
        "I_fc": [
            1.1
        ],
        "current_units": "mA",
        "cycles": 1.5,
        "d": 0.2,
        "directory": "/scratch/users/lbvh/py-tdgl/results/17223196/78",
        "dt_init": 1e-06,
        "fc_center": [
            0,
            0,
            1
        ],
        "fc_radius": 2.4,
        "field_units": "mT",
        "film_points": 4000,
        "film_radius": 15.0,
        "film_shape": "box",
        "film_smooth": 100,
        "gamma": 1.0,
        "index": 78,
        "lam": 1.35,
        "max_edge_length": 0.5,
        "pl_center": null,
        "pl_radius": 0.8,
        "points_per_cycle": 51.0,
        "save_every": 500,
        "screening": false,
        "seed_solutions": true,
        "slot_radius": 0.1,
        "slot_size": [
            2.0,
            50.0
        ],
        "slot_top_center_x": [
            -10.0,
            10.0,
            101.0
        ],
        "slot_top_center_y": [
            -1.0,
            -1.0,
            101.0
        ],
        "solve_time": [
            10000.0,
            2000.0
        ],
        "squid_angle": 180.0,
        "squid_iterations": 5,
        "squid_points": 4000,
        "squid_position": [
            0.0,
            0.0,
            0.5
        ],
        "squid_smooth": 100,
        "squid_type": "hypres-small",
        "xi": 0.9
    },
    "film_fluxoid": [
        -0.0009290560512566305,
        -0.0009216922025854168,
        -0.0008997276739817595,
        -0.0008635358647094161,
        -0.0008137186931226329,
        -0.0007510873641359403,
        -0.0006766456815461093,
        -0.0005915747140303333,
        -0.0004972164278527289,
        -0.0003950548471170841,
        -0.0002866944108913211,
        -0.00017383581732235173,
        -5.824989721770287e-05,
        5.8249897226785114e-05,
        0.0001738358173337487,
        0.0002866944109326772,
        0.0003950548471003332,
        0.0004972164276970938,
        0.0005915747140033604,
        0.0006766456814551985,
        0.0007510873640680177,
        0.0008137186930208022,
        0.0008635358646773455,
        0.0008997276738605451,
        0.000921692202504772,
        0.0009290560513348545,
        0.0009216922025683831,
        0.0008997276738573646,
        0.000863535864847894,
        0.0008137186930986198,
        0.0007510873641772167,
        0.0006766456814920708,
        0.0005915747140567231,
        0.0004972164277287226,
        0.00039505484710980417,
        0.00028669441091938954,
        0.00017383581731856708,
        5.824989722568959e-05,
        -5.824989723172381e-05,
        -0.00017383581734949246,
        -0.0002866944108979031,
        -0.0003950548470817446,
        -0.0004972164277223262,
        -0.0005915747139902848,
        -0.0006766456815264605,
        -0.0007510873641194366,
        -0.0008137186930373058,
        -0.0008635358646801263,
        -0.0008997276739381506,
        -0.0009216922025952942,
        -0.0009290560511716037,
        -0.0009216922025530457,
        -0.0008997276739031645,
        -0.0008635358646351855,
        -0.0008137186931364507,
        -0.000751087364083673,
        -0.0006766456815081547,
        -0.0005915747139929817,
        -0.0004972164277932879,
        -0.0003950548471289935,
        -0.0002866944109071179,
        -0.00017383581733132795,
        -5.824989719830148e-05,
        5.824989721858635e-05,
        0.00017383581731954224,
        0.0002866944109231355,
        0.00039505484715800725,
        0.0004972164277569942,
        0.0005915747140121247,
        0.00067664568146186,
        0.0007510873641577093,
        0.000813718693042218,
        0.0008635358647185513,
        0.0008997276739018923,
        0.0009216922025491584,
        0.0009290560513286347
    ],