{
    "I_fc": [
        1.1,
        1.0913261714459257,
        1.0654414772414942,
        1.0227541344770765,
        0.96393734804825,
        0.8899186938124423,
        0.8018654901635528,
        0.7011663887235586,
        0.5894094744768963,
        0.46835722072158,
        0.3399186938124422,
        0.206119446044297,
        0.06906957148224464,
        -0.06906957148224475,
        -0.20611944604429733,
        -0.33991869381244233,
        -0.46835722072158004,
        -0.5894094744768966,
        -0.7011663887235587,
        -0.8018654901635529,
        -0.8899186938124422,
        -0.96393734804825,
        -1.0227541344770767,
        -1.0654414772414942,
        -1.0913261714459257,
        -1.1,
        -1.0913261714459257,
        -1.0654414772414942,
        -1.0227541344770765,
        -0.9639373480482499,
        -0.889918693812442,
        -0.8018654901635528,
        -0.7011663887235585,
        -0.589409474476896,
        -0.4683572207215794,
        -0.33991869381244233,
        -0.2061194460442971,
        -0.06906957148224453,
        0.0690695714822451,
        0.20611944604429766,
        0.339918693812442,
        0.4683572207215799,
        0.5894094744768965,
        0.7011663887235591,
        0.8018654901635531,
        0.8899186938124426,
        0.96393734804825,
        1.0227541344770767,
        1.0654414772414944,
        1.0913261714459257,
        1.1,
        1.0913261714459257,
        1.0654414772414942,
        1.0227541344770765,
        0.9639373480482498,
        0.8899186938124418,
        0.8018654901635521,
        0.7011663887235586,
        0.5894094744768962,
        0.46835722072157954,
        0.33991869381244155,
        0.20611944604429627,
        0.06906957148224466,
        -0.06906957148224496,
        -0.20611944604429752,
        -0.33991869381244183,
        -0.4683572207215807,
        -0.5894094744768964,
        -0.7011663887235596,
        -0.801865490163553,
        -0.889918693812442,
        -0.9639373480482504,
        -1.0227541344770767,
        -1.0654414772414946,
        -1.0913261714459257,
        -1.1
    ],
    "args": {
        "I_fc": [
            1.1
        ],
        "current_units": "mA",
        "cycles": 1.5,
        "d": 0.2,
        "directory": "/scratch/users/lbvh/py-tdgl/results/17223196/48",
        "dt_init": 1e-06,
        "fc_center": [
            0,
            0,
            1
        ],
        "fc_radius": 2.4,
        "field_units": "mT",
        "film_points": 4000,
        "film_radius": 15.0,
        "film_shape": "box",
        "film_smooth": 100,
        "gamma": 1.0,
        "index": 48,
        "lam": 1.35,
        "max_edge_length": 0.5,
        "pl_center": null,
        "pl_radius": 0.8,
        "points_per_cycle": 51.0,
        "save_every": 500,
        "screening": false,
        "seed_solutions": true,
        "slot_radius": 0.1,
        "slot_size": [
            2.0,
            50.0
        ],
        "slot_top_center_x": [
            -10.0,
            10.0,
            101.0
        ],
        "slot_top_center_y": [
            -1.0,
            -1.0,
            101.0
        ],
        "solve_time": [
            10000.0,
            2000.0
        ],
        "squid_angle": 180.0,
        "squid_iterations": 5,
        "squid_points": 4000,
        "squid_position": [
            0.0,
            0.0,
            0.5
        ],
        "squid_smooth": 100,
        "squid_type": "hypres-small",
        "xi": 0.9
    },
    "film_fluxoid": [
        -0.000976838046634359,
        -0.0009689808141689248,
        -0.000945662680671466,
        -0.0009074109491211787,
        -0.000854898439306926,
        -0.0007889784788909914,
        -0.0007106976901723465,
        -0.0006212885472960678,
        -0.0005221537333419198,
        -0.00041484609505285704,
        -0.0003010454532185955,
        -0.00018253294083404856,
        -6.116342727666081e-05,
        6.116342727763376e-05,
        0.00018253294083337711,
        0.0003010454532197264,
        0.00041484609505649704,
        0.0005221537333395079,
        0.0006212885472989304,
        0.0007106976901761808,
        0.0007889784788888003,
        0.0008548984393078095,
        0.000907410949122177,
        0.0009456626806711126,
        0.0009689808141685097,
        0.0009768380466315318,
        0.0009689808141644632,
        0.0009456626806731269,
        0.0009074109491171323,
        0.0008548984393098239,
        0.0007889784788895601,
        0.000710697690171834,
        0.0006212885472982943,
        0.0005221537333431566,
        0.00041484609505518943,
        0.0003010454532216877,
        0.0001825329408350734,
        6.116342727757965e-05,
        -6.116342727694353e-05,
        -0.00018253294083383654,
        -0.0003010454532207159,
        -0.0004148460950534225,
        -0.0005221537333435454,
        -0.0006212885472999198,
        -0.0007106976901717987,
        -0.0007889784788898429,
        -0.0008548984393078802,
        -0.0009074109491206839,
        -0.0009456626806695356,
        -0.00096898081416517,
        -0.0009768380466315318,
        -0.0009689808141690927,
        -0.0009456626806702644,
        -0.0009074109491212494,
        -0.0008548984393051237,
        -0.0007889784788857965,
        -0.0007106976901742195,
        -0.0006212885472965272,
        -0.0005221537333421318,
        -0.0004148460950531751,
        -0.0003010454532192316,
        -0.00018253294083263498,
        -6.11634272778977e-05,
        6.116342727719974e-05,
        0.00018253294083399557,
        0.000301045453221564,
        0.00041484609505384654,
        0.0005221537333414692,
        0.0006212885472960325,
        0.0007106976901727529,
        0.000788978478888712,
        0.0008548984393073148,
        0.0009074109491182631,
        0.000945662680673869,
        0.0009689808141682446,
        0.0009768380466348891
    ],