{
    "I_fc": [
        1.0,
        0.9921147013144779,
        0.9685831611286311,
        0.9297764858882513,
        0.8763066800438636,
        0.8090169943749475,
        0.7289686274214116,
        0.6374239897486896,
        0.5358267949789965,
        0.42577929156507266,
        0.30901699437494745,
        0.18738131458572452,
        0.0627905195293133,
        -0.0627905195293134,
        -0.18738131458572482,
        -0.30901699437494756,
        -0.4257792915650727,
        -0.5358267949789969,
        -0.6374239897486897,
        -0.7289686274214117,
        -0.8090169943749473,
        -0.8763066800438636,
        -0.9297764858882515,
        -0.9685831611286311,
        -0.9921147013144779,
        -1.0,
        -0.9921147013144779,
        -0.9685831611286311,
        -0.9297764858882512,
        -0.8763066800438635,
        -0.8090169943749472,
        -0.7289686274214116,
        -0.6374239897486895,
        -0.5358267949789963,
        -0.42577929156507216,
        -0.30901699437494756,
        -0.18738131458572463,
        -0.06279051952931321,
        0.06279051952931372,
        0.18738131458572513,
        0.30901699437494723,
        0.4257792915650726,
        0.5358267949789968,
        0.63742398974869,
        0.7289686274214119,
        0.8090169943749478,
        0.8763066800438636,
        0.9297764858882515,
        0.9685831611286312,
        0.9921147013144779,
        1.0,
        0.9921147013144779,
        0.9685831611286311,
        0.9297764858882513,
        0.8763066800438634,
        0.809016994374947,
        0.728968627421411,
        0.6374239897486896,
        0.5358267949789964,
        0.42577929156507227,
        0.30901699437494684,
        0.18738131458572388,
        0.06279051952931332,
        -0.0627905195293136,
        -0.18738131458572502,
        -0.3090169943749471,
        -0.4257792915650733,
        -0.5358267949789967,
        -0.6374239897486905,
        -0.7289686274214118,
        -0.8090169943749472,
        -0.8763066800438639,
        -0.9297764858882515,
        -0.9685831611286314,
        -0.9921147013144779,
        -1.0
    ],
    "args": {
        "I_fc": [
            1.0
        ],
        "current_units": "mA",
        "cycles": 1.5,
        "d": 0.2,
        "directory": "/scratch/users/lbvh/py-tdgl/results/17223170/37",
        "dt_init": 1e-06,
        "fc_center": [
            0,
            0,
            1
        ],
        "fc_radius": 2.4,
        "field_units": "mT",
        "film_points": 4000,
        "film_radius": 15.0,
        "film_shape": "box",
        "film_smooth": 100,
        "gamma": 1.0,
        "index": 37,
        "lam": 1.35,
        "max_edge_length": 0.5,
        "pl_center": null,
        "pl_radius": 0.8,
        "points_per_cycle": 51.0,
        "save_every": 500,
        "screening": false,
        "seed_solutions": true,
        "slot_radius": 0.1,
        "slot_size": [
            2.0,
            50.0
        ],
        "slot_top_center_x": [
            -10.0,
            10.0,
            101.0
        ],
        "slot_top_center_y": [
            -1.0,
            -1.0,
            101.0
        ],
        "solve_time": [
            10000.0,
            2000.0
        ],
        "squid_angle": 180.0,
        "squid_iterations": 5,
        "squid_points": 4000,
        "squid_position": [
            0.0,
            0.0,
            0.5
        ],
        "squid_smooth": 100,
        "squid_type": "hypres-small",
        "xi": 0.9
    },
    "film_fluxoid": [
        0.9993793973547727,
        0.9993842772580168,
        0.9993988420680037,
        0.9994228710239078,
        0.9994560230642167,
        -0.000500497267073353,
        -0.0004508813472624368,
        -0.000394194461680398,
        -0.0003313220330129466,
        -0.000263249263786938,
        -0.0001910440161531949,
        -0.00011583951078538836,
        -3.8816314908452636e-05,
        3.881631490836429e-05,
        0.00011583951078540604,
        0.00019104401615322142,
        0.00026324926378690265,
        0.00033132203301298194,
        0.000394194461680398,
        0.0004508813472624544,
        0.0005004972670735121,
        0.0005422774728487918,
        0.0005756766459459571,
        -0.9993988420680033,
        -0.9993842772580174,
        -0.9993793973547728,
        -0.9993842772580168,
        -0.9993988420680033,
        -0.9994228710239083,
        -0.9994560230642175,
        0.0005004972670735828,
        0.0004508813472624544,
        0.00039419446168043336,
        0.0003313220330130173,
        0.00026324926378683196,
        0.00019104401615329208,
        0.00011583951078545904,
        3.88163149084173e-05,
        -3.88163149084173e-05,
        -0.00011583951078543253,
        -0.0001910440161533716,
        -0.000263249263786938,
        -0.000331322033013088,
        -0.00039419446168050405,
        -0.00045088134726238376,
        -0.0005004972670734414,
        -0.0005422774728487564,
        -0.0005756766459460278,
        0.9993988420680034,
        0.9993842772580174,
        0.9993793973547723,
        0.9993842772580174,
        0.9993988420680031,
        0.9994228710239078,
        0.9994560230642172,
        -0.0005004972670734944,
        -0.0004508813472624544,
        -0.00039419446168036267,
        -0.00033132203301305263,
        -0.0002632492637868673,
        -0.00019104401615329208,
        -0.00011583951078544137,
        -3.8816314908452636e-05,
        3.88163149084173e-05,
        0.00011583951078545904,
        0.00019104401615325676,
        0.0002632492637867613,
        0.0003313220330130173,
        0.0003941944616803274,
        0.0004508813472624544,
        0.0005004972670735121,
        0.0005422774728488978,
        0.0005756766459458864,
        -0.9993988420680034,
        -0.9993842772580177,
        -0.999379397354772
    ],