{
    "I_fc": [
        0.9,
        0.89290323118303,
        0.871724845015768,
        0.8367988372994263,
        0.7886760120394772,
        0.7281152949374528,
        0.6560717646792704,
        0.5736815907738206,
        0.4822441154810969,
        0.3832013624085654,
        0.27811529493745274,
        0.16864318312715207,
        0.05651146757638197,
        -0.05651146757638206,
        -0.16864318312715235,
        -0.2781152949374528,
        -0.38320136240856545,
        -0.4822441154810972,
        -0.5736815907738207,
        -0.6560717646792705,
        -0.7281152949374526,
        -0.7886760120394772,
        -0.8367988372994263,
        -0.871724845015768,
        -0.89290323118303,
        -0.9,
        -0.89290323118303,
        -0.871724845015768,
        -0.8367988372994262,
        -0.7886760120394771,
        -0.7281152949374525,
        -0.6560717646792704,
        -0.5736815907738206,
        -0.4822441154810967,
        -0.38320136240856495,
        -0.2781152949374528,
        -0.16864318312715218,
        -0.05651146757638189,
        0.05651146757638235,
        0.16864318312715262,
        0.2781152949374525,
        0.38320136240856534,
        0.4822441154810971,
        0.573681590773821,
        0.6560717646792708,
        0.728115294937453,
        0.7886760120394772,
        0.8367988372994263,
        0.8717248450157681,
        0.89290323118303,
        0.9,
        0.89290323118303,
        0.871724845015768,
        0.8367988372994263,
        0.788676012039477,
        0.7281152949374523,
        0.6560717646792699,
        0.5736815907738206,
        0.4822441154810968,
        0.38320136240856506,
        0.2781152949374522,
        0.16864318312715149,
        0.05651146757638199,
        -0.056511467576382236,
        -0.1686431831271525,
        -0.2781152949374524,
        -0.383201362408566,
        -0.482244115481097,
        -0.5736815907738215,
        -0.6560717646792706,
        -0.7281152949374525,
        -0.7886760120394776,
        -0.8367988372994263,
        -0.8717248450157683,
        -0.89290323118303,
        -0.9
    ],
    "args": {
        "I_fc": [
            0.9
        ],
        "current_units": "mA",
        "cycles": 1.5,
        "d": 0.2,
        "directory": "/scratch/users/lbvh/py-tdgl/results/17289543/68",
        "dt_init": 1e-06,
        "fc_center": [
            0,
            0,
            1
        ],
        "fc_radius": 2.4,
        "field_units": "mT",
        "film_points": 4000,
        "film_radius": 15.0,
        "film_shape": "box",
        "film_smooth": 100,
        "gamma": 1.0,
        "index": 68,
        "lam": 1.35,
        "max_edge_length": 0.5,
        "pl_center": null,
        "pl_radius": 0.8,
        "points_per_cycle": 51.0,
        "save_every": 500,
        "screening": false,
        "seed_solutions": true,
        "slot_radius": 0.1,
        "slot_size": [
            2.0,
            50.0
        ],
        "slot_top_center_x": [
            -10.0,
            10.0,
            101.0
        ],
        "slot_top_center_y": [
            5.0,
            5.0,
            101.0
        ],
        "solve_time": [
            10000.0,
            2000.0
        ],
        "squid_angle": 180.0,
        "squid_iterations": 5,
        "squid_points": 4000,
        "squid_position": [
            0.0,
            0.0,
            0.5
        ],
        "squid_smooth": 100,
        "squid_type": "hypres-small",
        "xi": 0.9
    },
    "film_fluxoid": [
        -0.000606784463968033,
        -0.0006019226199316366,
        -0.0005874367935825906,
        -0.0005636102447888821,
        -0.0005308789581591697,
        -0.0004898080044265481,
        -0.0004410778042142845,
        -0.0003854743989134502,
        -0.00032387972686365104,
        -0.00025726050376613546,
        -0.00018665545464430152,
        -0.00011316102464059957,
        -3.791582949415151e-05,
        3.791582948856787e-05,
        0.00011316102464335605,
        0.00018665545464469026,
        0.00025726050376644467,
        0.0003238797268657979,
        0.0003854743989134502,
        0.0004410778042151326,
        0.0004898080044277144,
        0.0005308789581573144,
        0.0005636102447892178,
        0.0005874367935814597,
        0.0006019226199341458,
        0.0006067844639696587,
        0.0006019226199325201,
        0.0005874367935816717,
        0.0005636102447936441,
        0.0005308789581562189,
        0.0004898080044258413,
        0.00044107780421790674,
        0.00038547439891235466,
        0.00032387972686798015,
        0.00025726050376553464,
        0.00018665545465091,
        0.00011316102464229586,
        3.79158294898931e-05,
        -3.791582949250822e-05,
        -0.00011316102464374478,
        -0.00018665545464506133,
        -0.00025726050376853854,
        -0.0003238797268705776,
        -0.00038547439891239,
        -0.000441077804221317,
        -0.0004898080044285801,
        -0.0005308789581584452,
        -0.0005636102447898009,
        -0.0005874367935800461,
        -0.0006019226199314002,
        -0.0006067844639693052,
        -0.0006019226199311065,
        -0.0005874367935826965,
        -0.000563610244790437,
        -0.0005308789581565016,
        -0.0004898080044266895,
        -0.0004410778042178184,
        -0.0003854743989117539,
        -0.00032387972686866927,
        -0.00025726050376636514,
        -0.00018665545464691664,
        -0.00011316102464222519,
        -3.7915829490193484e-05,
        3.791582949012281e-05,
        0.00011316102463784309,
        0.0001866554546461745,
        0.0002572605037724965,
        0.00032387972686845725,
        0.00038547439891832704,
        0.0004410778042154153,
        0.0004898080044275377,
        0.0005308789581590284,
        0.0005636102447921686,
        0.0005874367935803642,
        0.0006019226199317426,
        0.0006067844639711429
    ],