{
    "I_fc": [
        1.2,
        1.1905376415773734,
        1.1622997933543573,
        1.1157317830659015,
        1.0515680160526362,
        0.9708203932499369,
        0.8747623529056938,
        0.7649087876984275,
        0.6429921539747958,
        0.5109351498780872,
        0.37082039324993693,
        0.22485757750286942,
        0.07534862343517597,
        -0.07534862343517608,
        -0.22485757750286978,
        -0.37082039324993704,
        -0.5109351498780872,
        -0.6429921539747963,
        -0.7649087876984276,
        -0.8747623529056939,
        -0.9708203932499367,
        -1.0515680160526362,
        -1.1157317830659017,
        -1.1622997933543573,
        -1.1905376415773734,
        -1.2,
        -1.1905376415773734,
        -1.1622997933543573,
        -1.1157317830659015,
        -1.0515680160526362,
        -0.9708203932499366,
        -0.8747623529056938,
        -0.7649087876984274,
        -0.6429921539747956,
        -0.5109351498780865,
        -0.37082039324993704,
        -0.22485757750286955,
        -0.07534862343517584,
        0.07534862343517647,
        0.22485757750287014,
        0.37082039324993665,
        0.5109351498780871,
        0.6429921539747961,
        0.764908787698428,
        0.8747623529056943,
        0.9708203932499373,
        1.0515680160526362,
        1.1157317830659017,
        1.1622997933543573,
        1.1905376415773734,
        1.2,
        1.1905376415773734,
        1.1622997933543573,
        1.1157317830659015,
        1.051568016052636,
        0.9708203932499364,
        0.8747623529056932,
        0.7649087876984275,
        0.6429921539747957,
        0.5109351498780867,
        0.3708203932499362,
        0.22485757750286864,
        0.07534862343517598,
        -0.07534862343517632,
        -0.22485757750287003,
        -0.37082039324993654,
        -0.510935149878088,
        -0.6429921539747959,
        -0.7649087876984286,
        -0.8747623529056942,
        -0.9708203932499366,
        -1.0515680160526366,
        -1.1157317830659017,
        -1.1622997933543577,
        -1.1905376415773734,
        -1.2
    ],
    "args": {
        "I_fc": [
            1.2
        ],
        "current_units": "mA",
        "cycles": 1.5,
        "d": 0.2,
        "directory": "/scratch/users/lbvh/py-tdgl/results/17298304/59",
        "dt_init": 1e-06,
        "fc_center": [
            0,
            0,
            1
        ],
        "fc_radius": 2.4,
        "field_units": "mT",
        "film_points": 4000,
        "film_radius": 15.0,
        "film_shape": "box",
        "film_smooth": 100,
        "gamma": 1.0,
        "index": 59,
        "lam": 1.35,
        "max_edge_length": 0.5,
        "pl_center": null,
        "pl_radius": 0.8,
        "points_per_cycle": 51.0,
        "save_every": 500,
        "screening": false,
        "seed_solutions": true,
        "slot_radius": 0.1,
        "slot_size": [
            2.0,
            50.0
        ],
        "slot_top_center_x": [
            -10.0,
            10.0,
            101.0
        ],
        "slot_top_center_y": [
            5.0,
            5.0,
            101.0
        ],
        "solve_time": [
            10000.0,
            2000.0
        ],
        "squid_angle": 180.0,
        "squid_iterations": 5,
        "squid_points": 4000,
        "squid_position": [
            0.0,
            0.0,
            0.5
        ],
        "squid_smooth": 100,
        "squid_type": "hypres-small",
        "xi": 0.9
    },
    "film_fluxoid": [
        -0.0013113682820035054,
        -0.0013008665006042552,
        -0.0012696120045738734,
        -0.001218247506401076,
        -0.0011476905477835373,
        -0.001059114752620966,
        -0.0009539484202626598,
        -0.0008338624602911367,
        -0.0007007495857998282,
        -0.0005566979819214012,
        -0.00040396102951526853,
        -0.00024492392043963047,
        -8.206781363394493e-05,
        8.206781363374172e-05,
        0.00024492392043982925,
        0.00040396102951556007,
        0.0005566979819214122,
        0.0007007495858005439,
        0.0008338624602910483,
        0.0009539484202622954,
        0.0010591147526215314,
        0.0011476905477822651,
        0.001218247506401924,
        0.0012696120045744743,
        0.001300866500604697,
        0.0013113682820024054,
        0.001300866500605174,
        0.0012696120045751456,
        0.0012182475064013586,
        0.0011476905477831132,
        0.0010591147526225917,
        0.0009539484202618116,
        0.0008338624602909776,
        0.0007007495858000933,
        0.0005566979819216375,
        0.0004039610295159532,
        0.00024492392043953327,
        8.206781363372405e-05,
        -8.206781363383007e-05,
        -0.00024492392043947586,
        -0.0004039610295158781,
        -0.0005566979819218363,
        -0.0007007495857994131,
        -0.0008338624602906949,
        -0.0009539484202629956,
        -0.0010591147526228036,
        -0.0011476905477826893,
        -0.0012182475064009346,
        -0.0012696120045753224,
        -0.0013008665006043437,
        -0.0013113682820038322,
        -0.0013008665006033365,
        -0.0012696120045753224,
        -0.0012182475064018534,
        -0.00114769054778382,
        -0.0010591147526228743,
        -0.0009539484202615643,
        -0.0008338624602915784,
        -0.0007007495858001904,
        -0.0005566979819211566,
        -0.00040396102951605924,
        -0.00024492392043971216,
        -8.206781363359153e-05,
        8.206781363388309e-05,
        0.0002449239204395465,
        0.00040396102951626686,
        0.0005566979819212708,
        0.0007007495857993424,
        0.0008338624602902708,
        0.0009539484202618426,
        0.001059114752622203,
        0.0011476905477843854,
        0.0012182475064000864,
        0.0012696120045737674,
        0.0013008665006056335,
        0.0013113682820020387
    ],