{
    "I_fc": [
        2.6375,
        2.616702524716935,
        2.554638087476765,
        2.4522854815302626,
        2.31125886861569,
        2.1337823226639245,
        1.9226547548239734,
        1.681205772962169,
        1.4132431717571035,
        1.1229928815028791,
        0.8150323226639241,
        0.49421821721984843,
        0.16560999525856382,
        -0.1656099952585641,
        -0.4942182172198493,
        -0.8150323226639244,
        -1.1229928815028796,
        -1.4132431717571041,
        -1.681205772962169,
        -1.9226547548239734,
        -2.133782322663924,
        -2.3112588686156905,
        -2.4522854815302635,
        -2.554638087476765,
        -2.616702524716935,
        -2.6375,
        -2.616702524716935,
        -2.554638087476765,
        -2.4522854815302626,
        -2.31125886861569,
        -2.1337823226639236,
        -1.9226547548239734,
        -1.6812057729621688,
        -1.4132431717571026,
        -1.1229928815028778,
        -0.8150323226639244,
        -0.4942182172198488,
        -0.16560999525856357,
        0.16560999525856496,
        0.49421821721985015,
        0.8150323226639236,
        1.1229928815028791,
        1.4132431717571037,
        1.6812057729621697,
        1.922654754823974,
        2.1337823226639254,
        2.31125886861569,
        2.452285481530263,
        2.554638087476765,
        2.616702524716935,
        2.6375,
        2.616702524716935,
        2.554638087476765,
        2.4522854815302626,
        2.3112588686156896,
        2.133782322663923,
        1.9226547548239719,
        1.681205772962169,
        1.4132431717571028,
        1.1229928815028782,
        0.8150323226639227,
        0.4942182172198468,
        0.16560999525856387,
        -0.16560999525856462,
        -0.4942182172198498,
        -0.8150323226639231,
        -1.122992881502881,
        -1.4132431717571035,
        -1.6812057729621714,
        -1.922654754823974,
        -2.1337823226639236,
        -2.3112588686156914,
        -2.452285481530263,
        -2.554638087476766,
        -2.616702524716935,
        -2.6375
    ],
    "args": {
        "I_fc": [
            0.5,
            10.0,
            201.0
        ],
        "current_units": "mA",
        "cycles": 1.5,
        "d": 0.2,
        "directory": "/scratch/users/lbvh/py-tdgl/results/14122470/45",
        "dt_init": 1e-06,
        "fc_center": [
            0,
            0,
            1
        ],
        "fc_radius": 2.4,
        "field_units": "mT",
        "film_points": 4000,
        "film_radius": 15.0,
        "film_shape": "box",
        "film_smooth": 100,
        "gamma": 1.0,
        "index": 45,
        "lam": 1.35,
        "max_edge_length": 0.5,
        "pl_center": null,
        "pl_radius": 0.8,
        "points_per_cycle": 51.0,
        "save_every": 500,
        "screening": false,
        "seed_solutions": true,
        "slot_radius": 0,
        "slot_size": null,
        "slot_top_center_x": null,
        "slot_top_center_y": null,
        "solve_time": [
            20000.0,
            2000.0
        ],
        "squid_angle": 0,
        "squid_iterations": 5,
        "squid_points": 4000,
        "squid_position": [
            0.0,
            0.0,
            0.5
        ],
        "squid_smooth": 100,
        "squid_type": "hypres-small",
        "xi": 0.9
    },
    "film_fluxoid": [
        0.9988826333682304,
        0.9988911873968176,
        0.9989166955955009,
        0.9989587071486628,
        0.9990165005558278,
        0.9990891129491021,
        0.9991753647998052,
        0.9992738796359755,
        0.9993831019862364,
        0.9995013161676338,
        0.9996266648657574,
        0.9997571493408165,
        0.9998902043575673,
        6.743716733480688e-05,
        0.0002012690330439824,
        0.00033199157672730536,
        0.0004575920834412852,
        0.0005761475256062227,
        0.0006858585446644095,
        0.0007850795050510584,
        0.000872341616322127,
        0.0009464295198394042,
        -0.9989587071488956,
        -0.9989166955952301,
        -0.9988911873974933,
        -0.9988826333689849,
        -0.9988911873974841,
        -0.9989166955949939,
        -0.9989587071486594,
        -0.99901650055581,
        -0.9990891129488035,
        -0.9991753647995064,
        -0.9992738796355229,
        -0.9993831019855822,
        -0.9995013161674657,
        -0.9996266648652818,
        -0.9997571493403906,
        -0.9998902043592675,
        -6.74371674342169e-05,
        -0.0002012690326719282,
        -0.000331991575857565,
        -0.0004575920832856235,
        -0.0005761475244677873,
        -0.0006858585448960599,
        -0.000785079505708161,
        -0.00087234161622459,
        -0.0009464295222311725,
        0.9989587071489708,
        0.9989166955950366,
        0.9988911873967359,
        0.9988826333685384,
        0.9988911873971724,
        0.9989166955951767,
        0.9989587071485818,
        0.999016500555876,
        0.9990891129489564,
        0.9991753647993781,
        0.9992738796354447,
        0.9993831019864894,
        0.9995013161678652,
        0.9996266648647797,
        0.9997571493391311,
        0.9998902043570598,
        6.74371675346694e-05,
        0.00020126903317035645,
        0.0003319915755734001,
        0.00045759208475275597,
        0.0005761475257110749,
        0.0006858585468649117,
        0.000785079506797819,
        0.0008723416169081266,
        0.0009464295229780021,
        -0.9989587071491498,
        -0.998916695595136,
        -0.9988911873975159,
        -0.9988826333689619
    ],
    "flux": [
        -0.01702850635215123,
        -0.016869193138100716,
        -0.01636945834029197,
        -0.015469347963943638,
        -0.014085793055117929,
        -0.0121343993098331,
        -0.00955466372805675,
        -0.0063348786570133625,
        -0.0025323879971836877,
        0.0017150798877987327,
        0.006189594113644878,
        0.010599779346049231,
        0.014430097867726347,
        0.0027123208562041135,
        0.007970006426217672,
        0.012747842496273346,
        0.016792597063237207,
        0.01993962262346819,
        0.02212708739349101,
        0.023392733301356373,
        0.023853315468148572,
        0.023652440247852933,
        0.01546934796433939,
        0.01636945833798907,
        0.016869193139309575,
        0.01702850633744151,
        0.016869193139299365,
        0.016369458338349678,
        0.015469347963750305,
        0.014085793056328483,
        0.01213439930984616,
        0.009554663727756553,
        0.0063348786570644414,
        0.002532387989795731,
        -0.0017150798897735636,
        -0.006189594112626694,
        -0.01059977934669206,
        -0.0144300978505759,
        -0.00271232085640326,
        -0.007970006423480924,
        -0.01274784249788662,
        -0.01679259709800611,
        -0.01993962262668832,
        -0.022127087393430035,
        -0.023392733302505103,
        -0.023853315470628977,
        -0.023652440202667838,
        -0.015469347963808808,
        -0.01636945833953367,
        -0.016869193137867902,
        -0.017028506352840568,
        -0.01686919312528856,
        -0.01636945833516699,
        -0.015469347963664637,
        -0.014085793056404098,
        -0.012134399309838896,
        -0.009554663727693858,
        -0.0063348786559886015,
        -0.002532387992102767,
        0.0017150798805519534,
        0.006189594081881903,
        0.010599779347205525,
        0.014430097869088875,
        0.002712320856272822,
        0.007970006425792068,
        0.012747842475859158,
        0.01679259709533674,
        0.019939622624733526,
        0.022127087390976807,
        0.023392733298811117,
        0.02385331546985835,
        0.02365244024277789,
        0.015469347962755441,
        0.016369458339763047,
        0.01686919312106056,
        0.017028506353689188
    ],