{
    "I_fc": [
        1.5,
        1.4881720519717165,
        1.452874741692947,
        1.3946647288323768,
        1.3144600200657952,
        1.2135254915624214,
        1.0934529411321174,
        0.9561359846230344,
        0.8037401924684948,
        0.638668937347609,
        0.4635254915624213,
        0.2810719718785868,
        0.09418577929396993,
        -0.0941857792939701,
        -0.2810719718785873,
        -0.4635254915624214,
        -0.6386689373476091,
        -0.8037401924684952,
        -0.9561359846230344,
        -1.0934529411321174,
        -1.2135254915624212,
        -1.3144600200657954,
        -1.3946647288323772,
        -1.452874741692947,
        -1.4881720519717165,
        -1.5,
        -1.4881720519717165,
        -1.4528747416929468,
        -1.3946647288323768,
        -1.3144600200657952,
        -1.213525491562421,
        -1.0934529411321174,
        -0.9561359846230343,
        -0.8037401924684944,
        -0.6386689373476082,
        -0.4635254915624214,
        -0.281071971878587,
        -0.09418577929396979,
        0.09418577929397058,
        0.28107197187858773,
        0.46352549156242095,
        0.638668937347609,
        0.803740192468495,
        0.9561359846230348,
        1.0934529411321179,
        1.2135254915624218,
        1.3144600200657952,
        1.394664728832377,
        1.452874741692947,
        1.4881720519717165,
        1.5,
        1.4881720519717165,
        1.4528747416929468,
        1.3946647288323768,
        1.3144600200657948,
        1.2135254915624207,
        1.0934529411321168,
        0.9561359846230344,
        0.8037401924684945,
        0.6386689373476084,
        0.4635254915624204,
        0.28107197187858585,
        0.09418577929396998,
        -0.0941857792939704,
        -0.28107197187858757,
        -0.4635254915624207,
        -0.6386689373476099,
        -0.8037401924684948,
        -0.9561359846230357,
        -1.0934529411321179,
        -1.213525491562421,
        -1.3144600200657959,
        -1.394664728832377,
        -1.4528747416929473,
        -1.4881720519717165,
        -1.5
    ],
    "args": {
        "I_fc": [
            1.5
        ],
        "current_units": "mA",
        "cycles": 1.5,
        "d": 0.2,
        "directory": "/scratch/users/lbvh/py-tdgl/results/17223198/90",
        "dt_init": 1e-06,
        "fc_center": [
            0,
            0,
            1
        ],
        "fc_radius": 2.4,
        "field_units": "mT",
        "film_points": 4000,
        "film_radius": 15.0,
        "film_shape": "box",
        "film_smooth": 100,
        "gamma": 1.0,
        "index": 90,
        "lam": 1.35,
        "max_edge_length": 0.5,
        "pl_center": null,
        "pl_radius": 0.8,
        "points_per_cycle": 51.0,
        "save_every": 500,
        "screening": false,
        "seed_solutions": true,
        "slot_radius": 0.1,
        "slot_size": [
            2.0,
            50.0
        ],
        "slot_top_center_x": [
            -10.0,
            10.0,
            101.0
        ],
        "slot_top_center_y": [
            -1.0,
            -1.0,
            101.0
        ],
        "solve_time": [
            10000.0,
            2000.0
        ],
        "squid_angle": 180.0,
        "squid_iterations": 5,
        "squid_points": 4000,
        "squid_position": [
            0.0,
            0.0,
            0.5
        ],
        "squid_smooth": 100,
        "squid_type": "hypres-small",
        "xi": 0.9
    },
    "film_fluxoid": [
        -0.001138271890440929,
        -0.0011293172307563451,
        -0.0011025926001836499,
        -0.001058511643452204,
        -0.0009977540388914504,
        -0.000921258381036428,
        -0.0008302134435963029,
        -0.0007260435214401211,
        -0.0006103868562223707,
        -0.00048506867151002484,
        -0.00035207052578291504,
        -0.00021349742281884834,
        -7.154345849798494e-05,
        7.15434584157676e-05,
        0.00021349742291152616,
        0.00035207052544743725,
        0.0004850686711403737,
        0.0006103868560422099,
        0.0007260435212560907,
        0.0008302134435962322,
        0.0009212583810362513,
        0.0009977540388914062,
        0.0010585116434525487,
        0.0011025926001833979,
        0.001129317230756279,
        0.0011382718904406552,
        0.0011293172307560713,
        0.0011025926001841002,
        0.0010585116434524162,
        0.0009977540388916622,
        0.0009212583810365693,
        0.0008302134435963736,
        0.000726043521418087,
        0.0006103868562111327,
        0.00048506867123791075,
        0.00035207052554857884,
        0.00021349742252290655,
        7.154345848668956e-05,
        -7.154345844110603e-05,
        -0.0002134974227717938,
        -0.0003520705255828228,
        -0.00048506867088663613,
        -0.0006103868558253314,
        -0.0007260435209412864,
        -0.0008302134435961615,
        -0.0009212583810359951,
        -0.0009977540388914834,
        -0.0010585116434525751,
        -0.001102592600183897,
        -0.0011293172307558857,
        -0.001138271890440717,
        -0.0011293172307563098,
        -0.0011025926001838795,
        -0.001058511643452098,
        -0.000997754038891203,
        -0.0009212583810365693,
        -0.0008302134435963736,
        -0.0007260435213621622,
        -0.0006103868560637317,
        -0.0004850686709400518,
        -0.0003520705255542685,
        -0.0002134974226543253,
        -7.15434584923483e-05,
        7.154345843202378e-05,
        0.0002134974227629589,
        0.0003520705261641134,
        0.00048506867077729575,
        0.0006103868562738249,
        0.0007260435213119978,
        0.0008302134435965857,
        0.0009212583810362159,
        0.0009977540388915562,
        0.0010585116434522748,
        0.0011025926001840384,
        0.0011293172307560095,
        0.0011382718904407877
    ],