{
    "I_fc": [
        1.0,
        0.9921147013144779,
        0.9685831611286311,
        0.9297764858882513,
        0.8763066800438636,
        0.8090169943749475,
        0.7289686274214116,
        0.6374239897486896,
        0.5358267949789965,
        0.42577929156507266,
        0.30901699437494745,
        0.18738131458572452,
        0.0627905195293133,
        -0.0627905195293134,
        -0.18738131458572482,
        -0.30901699437494756,
        -0.4257792915650727,
        -0.5358267949789969,
        -0.6374239897486897,
        -0.7289686274214117,
        -0.8090169943749473,
        -0.8763066800438636,
        -0.9297764858882515,
        -0.9685831611286311,
        -0.9921147013144779,
        -1.0,
        -0.9921147013144779,
        -0.9685831611286311,
        -0.9297764858882512,
        -0.8763066800438635,
        -0.8090169943749472,
        -0.7289686274214116,
        -0.6374239897486895,
        -0.5358267949789963,
        -0.42577929156507216,
        -0.30901699437494756,
        -0.18738131458572463,
        -0.06279051952931321,
        0.06279051952931372,
        0.18738131458572513,
        0.30901699437494723,
        0.4257792915650726,
        0.5358267949789968,
        0.63742398974869,
        0.7289686274214119,
        0.8090169943749478,
        0.8763066800438636,
        0.9297764858882515,
        0.9685831611286312,
        0.9921147013144779,
        1.0,
        0.9921147013144779,
        0.9685831611286311,
        0.9297764858882513,
        0.8763066800438634,
        0.809016994374947,
        0.728968627421411,
        0.6374239897486896,
        0.5358267949789964,
        0.42577929156507227,
        0.30901699437494684,
        0.18738131458572388,
        0.06279051952931332,
        -0.0627905195293136,
        -0.18738131458572502,
        -0.3090169943749471,
        -0.4257792915650733,
        -0.5358267949789967,
        -0.6374239897486905,
        -0.7289686274214118,
        -0.8090169943749472,
        -0.8763066800438639,
        -0.9297764858882515,
        -0.9685831611286314,
        -0.9921147013144779,
        -1.0
    ],
    "args": {
        "I_fc": [
            1.0
        ],
        "current_units": "mA",
        "cycles": 1.5,
        "d": 0.2,
        "directory": "/scratch/users/lbvh/py-tdgl/results/17223926/72",
        "dt_init": 1e-06,
        "fc_center": [
            0,
            0,
            1
        ],
        "fc_radius": 2.4,
        "field_units": "mT",
        "film_points": 4000,
        "film_radius": 15.0,
        "film_shape": "box",
        "film_smooth": 100,
        "gamma": 1.0,
        "index": 72,
        "lam": 1.35,
        "max_edge_length": 0.5,
        "pl_center": null,
        "pl_radius": 0.8,
        "points_per_cycle": 51.0,
        "save_every": 500,
        "screening": false,
        "seed_solutions": true,
        "slot_radius": 0.1,
        "slot_size": [
            2.0,
            50.0
        ],
        "slot_top_center_x": [
            -10.0,
            10.0,
            101.0
        ],
        "slot_top_center_y": [
            5.0,
            5.0,
            101.0
        ],
        "solve_time": [
            10000.0,
            2000.0
        ],
        "squid_angle": 180.0,
        "squid_iterations": 5,
        "squid_points": 4000,
        "squid_position": [
            0.0,
            0.0,
            0.5
        ],
        "squid_smooth": 100,
        "squid_type": "hypres-small",
        "xi": 0.9
    },
    "film_fluxoid": [
        -0.0009138449769391508,
        -0.0009065239831336486,
        -0.0008847165838059946,
        -0.0008488568320532689,
        -0.0007996005770766339,
        -0.0007377907556976631,
        -0.0006644417224629919,
        -0.0005807281867118868,
        -0.0004879722861953116,
        -0.0003876273880641022,
        -0.0002812587344183366,
        -0.00017052140652331873,
        -5.713617392394717e-05,
        5.713617392401785e-05,
        0.00017052140652324804,
        0.0002812587344182659,
        0.00038762738806406686,
        0.00048797228619541766,
        0.0005807281867118515,
        0.0006644417224629742,
        0.0007377907556976631,
        0.0007996005770766339,
        0.0008488568320531629,
        0.0008847165838062066,
        0.0009065239831335602,
        0.0009138449769392568,
        0.000906523983133472,
        0.0008847165838060299,
        0.0008488568320531452,
        0.0007996005770766692,
        0.0007377907556976808,
        0.0006644417224629919,
        0.0005807281867118868,
        0.0004879722861953823,
        0.0003876273880641905,
        0.0002812587344184161,
        0.00017052140652335407,
        5.713617392398251e-05,
        -5.713617392398251e-05,
        -0.00017052140652328338,
        -0.0002812587344182747,
        -0.00038762738806412866,
        -0.0004879722861953823,
        -0.0005807281867119111,
        -0.0006644417224629212,
        -0.0007377907556977514,
        -0.0007996005770766692,
        -0.0008488568320531275,
        -0.0008847165838059415,
        -0.0009065239831336133,
        -0.0009138449769392922,
        -0.000906523983133684,
        -0.0008847165838060652,
        -0.0008488568320531982,
        -0.0007996005770767046,
        -0.0007377907556977691,
        -0.0006644417224629919,
        -0.0005807281867119045,
        -0.0004879722861955237,
        -0.00038762738806417284,
        -0.00028125873441829023,
        -0.00017052140652331873,
        -5.713617392398251e-05,
        5.713617392398251e-05,
        0.00017052140652331873,
        0.0002812587344182747,
        0.0003876273880641375,
        0.0004879722861954,
        0.0005807281867119222,
        0.00066444172246293,
        0.0007377907556978045,
        0.0007996005770766339,
        0.0008488568320531982,
        0.0008847165838059946,
        0.0009065239831335072,
        0.0009138449769391331
    ],