{
    "I_fc": [
        0.9,
        0.89290323118303,
        0.871724845015768,
        0.8367988372994263,
        0.7886760120394772,
        0.7281152949374528,
        0.6560717646792704,
        0.5736815907738206,
        0.4822441154810969,
        0.3832013624085654,
        0.27811529493745274,
        0.16864318312715207,
        0.05651146757638197,
        -0.05651146757638206,
        -0.16864318312715235,
        -0.2781152949374528,
        -0.38320136240856545,
        -0.4822441154810972,
        -0.5736815907738207,
        -0.6560717646792705,
        -0.7281152949374526,
        -0.7886760120394772,
        -0.8367988372994263,
        -0.871724845015768,
        -0.89290323118303,
        -0.9,
        -0.89290323118303,
        -0.871724845015768,
        -0.8367988372994262,
        -0.7886760120394771,
        -0.7281152949374525,
        -0.6560717646792704,
        -0.5736815907738206,
        -0.4822441154810967,
        -0.38320136240856495,
        -0.2781152949374528,
        -0.16864318312715218,
        -0.05651146757638189,
        0.05651146757638235,
        0.16864318312715262,
        0.2781152949374525,
        0.38320136240856534,
        0.4822441154810971,
        0.573681590773821,
        0.6560717646792708,
        0.728115294937453,
        0.7886760120394772,
        0.8367988372994263,
        0.8717248450157681,
        0.89290323118303,
        0.9,
        0.89290323118303,
        0.871724845015768,
        0.8367988372994263,
        0.788676012039477,
        0.7281152949374523,
        0.6560717646792699,
        0.5736815907738206,
        0.4822441154810968,
        0.38320136240856506,
        0.2781152949374522,
        0.16864318312715149,
        0.05651146757638199,
        -0.056511467576382236,
        -0.1686431831271525,
        -0.2781152949374524,
        -0.383201362408566,
        -0.482244115481097,
        -0.5736815907738215,
        -0.6560717646792706,
        -0.7281152949374525,
        -0.7886760120394776,
        -0.8367988372994263,
        -0.8717248450157683,
        -0.89290323118303,
        -0.9
    ],
    "args": {
        "I_fc": [
            0.9
        ],
        "current_units": "mA",
        "cycles": 1.5,
        "d": 0.2,
        "directory": "/scratch/users/lbvh/py-tdgl/results/17289540/0",
        "dt_init": 1e-06,
        "fc_center": [
            0,
            0,
            1
        ],
        "fc_radius": 2.4,
        "field_units": "mT",
        "film_points": 4000,
        "film_radius": 15.0,
        "film_shape": "box",
        "film_smooth": 100,
        "gamma": 1.0,
        "index": 0,
        "lam": 1.35,
        "max_edge_length": 0.5,
        "pl_center": null,
        "pl_radius": 0.8,
        "points_per_cycle": 51.0,
        "save_every": 500,
        "screening": false,
        "seed_solutions": true,
        "slot_radius": 0.1,
        "slot_size": [
            2.0,
            50.0
        ],
        "slot_top_center_x": [
            -10.0,
            10.0,
            101.0
        ],
        "slot_top_center_y": [
            -1.0,
            -1.0,
            101.0
        ],
        "solve_time": [
            10000.0,
            2000.0
        ],
        "squid_angle": 180.0,
        "squid_iterations": 5,
        "squid_points": 4000,
        "squid_position": [
            0.0,
            0.0,
            0.5
        ],
        "squid_smooth": 100,
        "squid_type": "hypres-small",
        "xi": 0.9
    },
    "film_fluxoid": [
        -0.00041875164178572984,
        -0.00041544965978762663,
        -0.00040559578805778734,
        -0.0003893454281568691,
        -0.00036695485810264917,
        -0.00033877719073311974,
        -0.000305256804854036,
        -0.0002669223371032185,
        -0.00022437834501623331,
        -0.00017829577278936698,
        -0.00012940137008881516,
        -7.846623078060048e-05,
        -2.629363233313228e-05,
        2.6293632334121785e-05,
        7.846623078063583e-05,
        0.00012940137008837343,
        0.00017829577278942,
        0.00022437834501612728,
        0.00026692233710307717,
        0.0003052568048559444,
        0.0003387771907325013,
        0.00036695485810264917,
        0.0003893454281573285,
        0.0004055957880629292,
        0.0004154496597849762,
        0.00041875164178073373,
        0.000415449659785895,
        0.0004055957880629292,
        0.0003893454281573638,
        0.00036695485810427477,
        0.00033877719073334943,
        0.0003052568048540228,
        0.00026692233710233504,
        0.00022437834501715212,
        0.00017829577278938465,
        0.0001294013700847158,
        7.846623078060048e-05,
        2.629363233380373e-05,
        -2.6293632334157123e-05,
        -7.846623078067117e-05,
        -0.0001294013700883911,
        -0.00017829577278930073,
        -0.00022437834501623331,
        -0.0002669223370739044,
        -0.000305256804854036,
        -0.00033877719073266915,
        -0.00036695485810254313,
        -0.0003893454281574345,
        -0.00040559578806312357,
        -0.0004154496597882804,
        -0.00041875164178360947,
        -0.0004154496597914433,
        -0.0004055957880626465,
        -0.0003893454281576465,
        -0.0003669548581025785,
        -0.0003387771907361236,
        -0.000305256804854036,
        -0.0002669223371004267,
        -0.00022437834501517313,
        -0.00017829577278954367,
        -0.000129401370103269,
        -7.846623078067117e-05,
        -2.6293632334757896e-05,
        2.629363233447518e-05,
        7.84662307800704e-05,
        0.0001294013700885159,
        0.00017829577278927864,
        0.00022437834501623331,
        0.00026692233710318315,
        0.00030525680485393,
        0.0003387771907255748,
        0.0003669548581025608,
        0.00038934542815739916,
        0.00040559578806278785,
        0.0004154496597876973,
        0.00041875164178408657
    ],