{
    "I_fc": [
        1.5,
        1.4881720519717168,
        1.4528747416929466,
        1.394664728832377,
        1.3144600200657954,
        1.2135254915624212,
        1.0934529411321172,
        0.9561359846230344,
        0.8037401924684948,
        0.638668937347609,
        0.4635254915624212,
        0.2810719718785868,
        0.09418577929396996,
        -0.0941857792939701,
        -0.28107197187858723,
        -0.46352549156242134,
        -0.6386689373476091,
        -0.8037401924684953,
        -0.9561359846230346,
        -1.0934529411321174,
        -1.213525491562421,
        -1.3144600200657954,
        -1.3946647288323772,
        -1.4528747416929466,
        -1.4881720519717168,
        -1.5,
        -1.4881720519717168,
        -1.4528747416929466,
        -1.3946647288323768,
        -1.3144600200657952,
        -1.2135254915624207,
        -1.0934529411321172,
        -0.9561359846230343,
        -0.8037401924684945,
        -0.6386689373476082,
        -0.46352549156242134,
        -0.28107197187858696,
        -0.09418577929396982,
        0.09418577929397058,
        0.2810719718785877,
        0.46352549156242084,
        0.6386689373476089,
        0.8037401924684952,
        0.956135984623035,
        1.0934529411321179,
        1.2135254915624216,
        1.3144600200657954,
        1.3946647288323772,
        1.4528747416929468,
        1.4881720519717168,
        1.5,
        1.4881720519717168,
        1.4528747416929466,
        1.394664728832377,
        1.314460020065795,
        1.2135254915624205,
        1.0934529411321166,
        0.9561359846230344,
        0.8037401924684946,
        0.6386689373476084,
        0.4635254915624203,
        0.2810719718785858,
        0.09418577929396998,
        -0.0941857792939704,
        -0.2810719718785875,
        -0.4635254915624207,
        -0.63866893734761,
        -0.803740192468495,
        -0.9561359846230357,
        -1.0934529411321177,
        -1.2135254915624207,
        -1.3144600200657959,
        -1.3946647288323772,
        -1.452874741692947,
        -1.4881720519717168,
        -1.5
    ],
    "args": {
        "I_fc": [
            1.5
        ],
        "current_units": "mA",
        "cycles": 1.5,
        "d": 0.2,
        "directory": "/scratch/users/lbvh/py-tdgl/results/17223198/43",
        "dt_init": 1e-06,
        "fc_center": [
            0,
            0,
            1
        ],
        "fc_radius": 2.4,
        "field_units": "mT",
        "film_points": 4000,
        "film_radius": 15.0,
        "film_shape": "box",
        "film_smooth": 100,
        "gamma": 1.0,
        "index": 43,
        "lam": 1.35,
        "max_edge_length": 0.5,
        "pl_center": null,
        "pl_radius": 0.8,
        "points_per_cycle": 51.0,
        "save_every": 500,
        "screening": false,
        "seed_solutions": true,
        "slot_radius": 0.1,
        "slot_size": [
            2.0,
            50.0
        ],
        "slot_top_center_x": [
            -10.0,
            10.0,
            101.0
        ],
        "slot_top_center_y": [
            -1.0,
            -1.0,
            101.0
        ],
        "solve_time": [
            10000.0,
            2000.0
        ],
        "squid_angle": 180.0,
        "squid_iterations": 5,
        "squid_points": 4000,
        "squid_position": [
            0.0,
            0.0,
            0.5
        ],
        "squid_smooth": 100,
        "squid_type": "hypres-small",
        "xi": 0.9
    },
    "film_fluxoid": [
        0.998989099676414,
        0.9989970486349226,
        0.9990207694815361,
        0.9990598881015431,
        0.9991137946448259,
        0.9991816700153392,
        0.9992625927352914,
        -0.00064233078510085,
        -0.0005396037411940525,
        -0.00042861796153204973,
        -0.00031100181166322853,
        -0.00018855712063967927,
        -6.318010829266982e-05,
        6.318010830249421e-05,
        0.00018855712062950148,
        0.0003110018116619916,
        0.00042861796153098955,
        0.0005396037412769236,
        0.0006423307850546966,
        -0.9992625927351331,
        -0.9991816700154731,
        -0.9991137946447383,
        -0.9990598881016716,
        -0.9990207694815264,
        -0.9989970486349219,
        -0.9989890996764148,
        -0.99899704863502,
        -0.9990207694817305,
        -0.9990598881016857,
        -0.999113794644737,
        -0.9991816700153746,
        -0.9992625927352665,
        0.0006423307850884812,
        0.000539603741248546,
        0.0004286179615555505,
        0.00031100181167563267,
        0.00018855712064264779,
        6.318010829956103e-05,
        -6.318010830009112e-05,
        -0.00018855712064717124,
        -0.00031100181168118097,
        -0.00042861796154611487,
        -0.0005396037412439342,
        -0.0006423307850683377,
        0.9992625927351613,
        0.9991816700154037,
        0.9991137946446854,
        0.9990598881016854,
        0.9990207694816616,
        0.9989970486348281,
        0.9989890996764852,
        0.9989970486348833,
        0.9990207694817023,
        0.9990598881016343,
        0.9991137946448836,
        0.9991816700154534,
        0.9992625927351636,
        -0.0006423307851211349,
        -0.000539603741241054,
        -0.00042861796155512644,
        -0.00031100181169457466,
        -0.00018855712063762958,
        -6.318010830178742e-05,
        6.318010830104528e-05,
        0.00018855712062794655,
        0.0003110018116701197,
        0.00042861796151939823,
        0.0005396037412222181,
        0.0006423307851050907,
        -0.9992625927353335,
        -0.999181670015278,
        -0.9991137946448312,
        -0.9990598881016255,
        -0.9990207694816068,
        -0.9989970486348397,
        -0.9989890996763057
    ],