{
    "I_fc": [
        4.205,
        4.1718423190273795,
        4.072892192545893,
        3.909710123160097,
        3.6848695895844465,
        3.401916461346654,
        3.0653130783070357,
        2.6803678768932397,
        2.2531516728866805,
        1.7904019210311306,
        1.2994164613466541,
        0.7879384278329716,
        0.2640341346207625,
        -0.26403413462076286,
        -0.7879384278329729,
        -1.2994164613466546,
        -1.7904019210311308,
        -2.253151672886682,
        -2.6803678768932406,
        -3.065313078307036,
        -3.4019164613466537,
        -3.6848695895844465,
        -3.9097101231600973,
        -4.072892192545893,
        -4.1718423190273795,
        -4.205,
        -4.1718423190273795,
        -4.072892192545893,
        -3.9097101231600964,
        -3.684869589584446,
        -3.4019164613466533,
        -3.0653130783070357,
        -2.6803678768932393,
        -2.2531516728866796,
        -1.7904019210311284,
        -1.2994164613466546,
        -0.7879384278329721,
        -0.26403413462076203,
        0.2640341346207642,
        0.7879384278329742,
        1.2994164613466532,
        1.7904019210311304,
        2.2531516728866814,
        2.6803678768932415,
        3.065313078307037,
        3.4019164613466555,
        3.6848695895844465,
        3.9097101231600973,
        4.072892192545894,
        4.1718423190273795,
        4.205,
        4.1718423190273795,
        4.072892192545893,
        3.909710123160097,
        3.6848695895844457,
        3.4019164613466524,
        3.0653130783070335,
        2.6803678768932397,
        2.25315167288668,
        1.7904019210311288,
        1.2994164613466515,
        0.787938427832969,
        0.26403413462076253,
        -0.2640341346207637,
        -0.7879384278329737,
        -1.2994164613466526,
        -1.7904019210311333,
        -2.253151672886681,
        -2.6803678768932437,
        -3.0653130783070366,
        -3.4019164613466533,
        -3.684869589584448,
        -3.9097101231600973,
        -4.072892192545895,
        -4.1718423190273795,
        -4.205
    ],
    "args": {
        "I_fc": [
            0.5,
            10.0,
            201.0
        ],
        "current_units": "mA",
        "cycles": 1.5,
        "d": 0.2,
        "directory": "/scratch/users/lbvh/py-tdgl/results/14122470/78",
        "dt_init": 1e-06,
        "fc_center": [
            0,
            0,
            1
        ],
        "fc_radius": 2.4,
        "field_units": "mT",
        "film_points": 4000,
        "film_radius": 15.0,
        "film_shape": "box",
        "film_smooth": 100,
        "gamma": 1.0,
        "index": 78,
        "lam": 1.35,
        "max_edge_length": 0.5,
        "pl_center": null,
        "pl_radius": 0.8,
        "points_per_cycle": 51.0,
        "save_every": 500,
        "screening": false,
        "seed_solutions": true,
        "slot_radius": 0,
        "slot_size": null,
        "slot_top_center_x": null,
        "slot_top_center_y": null,
        "solve_time": [
            20000.0,
            2000.0
        ],
        "squid_angle": 0,
        "squid_iterations": 5,
        "squid_points": 4000,
        "squid_position": [
            0.0,
            0.0,
            0.5
        ],
        "squid_smooth": 100,
        "squid_type": "hypres-small",
        "xi": 0.9
    },
    "film_fluxoid": [
        1.998165756787712,
        1.9981797441058118,
        1.9982214870706911,
        1.9982903600404576,
        1.9983855660072172,
        1.998511076161652,
        1.9986529935728443,
        1.9988241811448055,
        1.998998197465436,
        1.9991860657589675,
        1.9993841356778967,
        1.9995760196812902,
        0.9998505702937862,
        0.0001075180942167806,
        0.0003209477971112473,
        0.0005296270058125602,
        0.0007306760590915598,
        0.0009220426117736773,
        -0.9988649907472389,
        -0.9987055752378774,
        -1.9985287675456134,
        -1.9984119782378806,
        -1.9983183680443697,
        -1.9982493725196424,
        -1.9981880818834763,
        -2.9981587766716924,
        -2.998172430587883,
        -2.998213127230341,
        -2.9982800999218298,
        -2.9983721428831167,
        -2.9984876648887644,
        -2.9986247082107305,
        -2.998780909976122,
        -2.9989532812216253,
        -2.9991361610684146,
        -1.9993841356793522,
        -1.9995760197644838,
        -0.9998505702945648,
        -0.00010751809435891605,
        -0.000320947798357932,
        -0.0005296270055882958,
        -0.0007306760582215543,
        -0.0009220426101310267,
        0.9988649907472477,
        0.9987055752369698,
        1.9985287675443584,
        1.9984119782388097,
        1.9983183680442715,
        1.998249372519669,
        1.998188081893374,
        2.998158776671049,
        2.998172430588568,
        2.9982131272308625,
        2.998280099924761,
        2.9983721428822556,
        2.99848766488727,
        2.998624708211673,
        2.9987809099774094,
        2.998953281221914,
        2.999136161066783,
        1.9993841356801179,
        1.9995760199521337,
        0.9998505702955595,
        0.00010751809409471798,
        0.00032094779838297445,
        0.0005296270054456656,
        0.0007306760602539288,
        0.0009220426132770724,
        -0.9988649907470489,
        -0.9987055752379255,
        -1.9985287675446348,
        -1.9984119782392253,
        -1.9983183680452232,
        -1.998249372519357,
        -1.9981880818882574,
        -2.9981587766722235
    ],
    "flux": [
        -0.005241846803896904,
        -0.0049772186787555685,
        -0.004193044965988521,
        -0.002943207611972776,
        -0.0014491521910205923,
        -0.005577314705183849,
        -0.0032704724834171045,
        -0.005911436802870524,
        -0.0008555543209517998,
        0.004496905629757291,
        0.009140739640916235,
        0.011445379641074676,
        0.013432757305789586,
        0.004311340361136253,
        0.012363576775380145,
        0.01879323803559652,
        0.022789188072717823,
        0.023794932813895834,
        0.017343579193871896,
        0.019265935293626902,
        0.013082127176426327,
        0.014955168595846093,
        0.01587672840525803,
        0.01606723512631102,
        0.011266578643808353,
        0.010080215560095574,
        0.009821658469876577,
        0.0090081575010922,
        0.007543105498060703,
        0.005316708103736453,
        0.0022693988992573315,
        -0.0015384670806816787,
        -0.005860832599634443,
        -0.010192574170979306,
        -0.013305959449137877,
        -0.009140739637592118,
        -0.011445382792472772,
        -0.013432757303157655,
        -0.004311340361290916,
        -0.01236357677303483,
        -0.018793238036385596,
        -0.02278918805761801,
        -0.02379493281803279,
        -0.017343579180820454,
        -0.01926593528622739,
        -0.013082127142766188,
        -0.014955168604079652,
        -0.015876728390917427,
        -0.016067235126131226,
        -0.011266580816317068,
        -0.010080215560963024,
        -0.009821658510165787,
        -0.00900815756386381,
        -0.0075431055035351975,
        -0.005316708103669516,
        -0.0022693989047459532,
        0.001538467019490784,
        0.0058608325970424015,
        0.010192574077714617,
        0.013305959453936417,
        0.009140739636197126,
        0.011445390034814158,
        0.01343275729940965,
        0.004311340352301958,
        0.012363576768284961,
        0.018793238009636035,
        0.022789188070830114,
        0.023794932814398487,
        0.017343579192022222,
        0.01926593529364008,
        0.013082127143408097,
        0.014955168580074858,
        0.015876728391954954,
        0.016067235126437943,
        0.011266579693244483,
        0.010080215562276802
    ],
    "timing": {
        "end_time": "2023-03-29T14:49:51.296507",