{
    "I_fc": [
        1.75,
        1.7362007273003364,
        1.6950205319751044,
        1.62710885030444,
        1.5335366900767613,
        1.415779740156158,
        1.2756950979874702,
        1.115491982060207,
        0.937696891213244,
        0.7451137602388771,
        0.540779740156158,
        0.3279173005250179,
        0.10988340917629828,
        -0.10988340917629845,
        -0.32791730052501844,
        -0.5407797401561583,
        -0.7451137602388772,
        -0.9376968912132445,
        -1.115491982060207,
        -1.2756950979874704,
        -1.4157797401561578,
        -1.5335366900767613,
        -1.62710885030444,
        -1.6950205319751044,
        -1.7362007273003364,
        -1.75,
        -1.7362007273003364,
        -1.6950205319751044,
        -1.6271088503044397,
        -1.533536690076761,
        -1.4157797401561576,
        -1.2756950979874702,
        -1.1154919820602067,
        -0.9376968912132435,
        -0.7451137602388763,
        -0.5407797401561583,
        -0.3279173005250181,
        -0.10988340917629812,
        0.10988340917629902,
        0.327917300525019,
        0.5407797401561576,
        0.7451137602388771,
        0.9376968912132444,
        1.1154919820602074,
        1.2756950979874708,
        1.4157797401561587,
        1.5335366900767613,
        1.62710885030444,
        1.6950205319751046,
        1.7362007273003364,
        1.75,
        1.7362007273003364,
        1.6950205319751044,
        1.62710885030444,
        1.5335366900767609,
        1.4157797401561574,
        1.2756950979874693,
        1.115491982060207,
        0.9376968912132437,
        0.7451137602388764,
        0.5407797401561569,
        0.3279173005250168,
        0.10988340917629831,
        -0.1098834091762988,
        -0.3279173005250188,
        -0.5407797401561575,
        -0.7451137602388783,
        -0.9376968912132442,
        -1.1154919820602085,
        -1.2756950979874706,
        -1.4157797401561576,
        -1.5335366900767617,
        -1.62710885030444,
        -1.695020531975105,
        -1.7362007273003364,
        -1.75
    ],
    "args": {
        "I_fc": [
            1.75
        ],
        "current_units": "mA",
        "cycles": 1.5,
        "d": 0.2,
        "directory": "/scratch/users/lbvh/py-tdgl/results/17224036/91",
        "dt_init": 1e-06,
        "fc_center": [
            0,
            0,
            1
        ],
        "fc_radius": 2.4,
        "field_units": "mT",
        "film_points": 4000,
        "film_radius": 15.0,
        "film_shape": "box",
        "film_smooth": 100,
        "gamma": 1.0,
        "index": 91,
        "lam": 1.35,
        "max_edge_length": 0.5,
        "pl_center": null,
        "pl_radius": 0.8,
        "points_per_cycle": 51.0,
        "save_every": 500,
        "screening": false,
        "seed_solutions": true,
        "slot_radius": 0.1,
        "slot_size": [
            2.0,
            50.0
        ],
        "slot_top_center_x": [
            -10.0,
            10.0,
            101.0
        ],
        "slot_top_center_y": [
            5.0,
            5.0,
            101.0
        ],
        "solve_time": [
            10000.0,
            2000.0
        ],
        "squid_angle": 180.0,
        "squid_iterations": 5,
        "squid_points": 4000,
        "squid_position": [
            0.0,
            0.0,
            0.5
        ],
        "squid_smooth": 100,
        "squid_type": "hypres-small",
        "xi": 0.9
    },
    "film_fluxoid": [
        0.998668778816347,
        0.9986788335549663,
        0.9987088425073635,
        0.9987583415707052,
        0.9988265631231946,
        0.9989124456171332,
        0.9990146480921936,
        0.9991315698292634,
        0.9992613747092838,
        0.9994020192343892,
        0.9995512838707297,
        0.9997068515384786,
        -8.024207764007632e-05,
        8.024207764276211e-05,
        0.00023945897128086654,
        0.00039489425453526506,
        0.0005440940302792111,
        0.0006847049747237951,
        0.0008145143841427554,
        0.0009314904142133232,
        0.0010338228206584717,
        0.0011199645254938908,
        0.0011886785836063168,
        0.0012391732948724987,
        -0.9986788335549646,
        -0.9986687788163462,
        -0.9986788335549701,
        -0.9987088425073671,
        -0.9987583415707063,
        -0.998826563123189,
        -0.9989124456171268,
        -0.9990146480921938,
        -0.9991315698292769,
        -0.9992613747092709,
        -0.9994020192344298,
        -0.9995512838707074,
        -0.9997068515384139,
        8.024207763673673e-05,
        -8.024207764437005e-05,
        -0.00023945897127577764,
        -0.0003948942545332154,
        -0.0005440940302682205,
        -0.000684704974700577,
        -0.0008145143841538696,
        -0.0009314904142335198,
        -0.0010338228206788714,
        -0.0011199645254981138,
        -0.0011886785834205017,
        -0.0012391732948605538,
        0.9986788335549672,
        0.9986687788163546,
        0.998678833554964,
        0.9987088425073595,
        0.9987583415707063,
        0.9988265631231957,
        0.9989124456171321,
        0.9990146480921928,
        0.9991315698292675,
        0.9992613747092776,
        0.9994020192344173,
        0.9995512838707359,
        0.9997068515384365,
        -8.024207764256774e-05,
        8.024207764147223e-05,
        0.00023945897128266883,
        0.00039489425452840916,
        0.0005440940302977996,
        0.0006847049747190066,
        0.0008145143841630933,
        0.0009314904142105668,
        0.0010338228206834832,
        0.001119964525426887,
        0.0011886785835040178,
        0.0012391732949057178,
        -0.9986788335549501,
        -0.9986687788163557
    ],