{
    "I_fc": [
        1.0,
        0.9921147013144777,
        0.9685831611286313,
        0.9297764858882512,
        0.8763066800438635,
        0.8090169943749476,
        0.7289686274214117,
        0.6374239897486896,
        0.5358267949789965,
        0.42577929156507266,
        0.3090169943749475,
        0.18738131458572452,
        0.06279051952931329,
        -0.0627905195293134,
        -0.18738131458572485,
        -0.3090169943749476,
        -0.42577929156507277,
        -0.5358267949789968,
        -0.6374239897486896,
        -0.7289686274214117,
        -0.8090169943749475,
        -0.8763066800438636,
        -0.9297764858882515,
        -0.9685831611286313,
        -0.9921147013144777,
        -1.0,
        -0.9921147013144777,
        -0.9685831611286312,
        -0.9297764858882512,
        -0.8763066800438635,
        -0.8090169943749473,
        -0.7289686274214117,
        -0.6374239897486895,
        -0.5358267949789962,
        -0.42577929156507216,
        -0.3090169943749476,
        -0.18738131458572466,
        -0.0627905195293132,
        0.06279051952931372,
        0.18738131458572516,
        0.3090169943749473,
        0.42577929156507266,
        0.5358267949789967,
        0.6374239897486899,
        0.7289686274214119,
        0.8090169943749479,
        0.8763066800438635,
        0.9297764858882513,
        0.9685831611286313,
        0.9921147013144777,
        1.0,
        0.9921147013144777,
        0.9685831611286312,
        0.9297764858882512,
        0.8763066800438633,
        0.8090169943749471,
        0.7289686274214111,
        0.6374239897486896,
        0.5358267949789963,
        0.42577929156507227,
        0.30901699437494695,
        0.1873813145857239,
        0.06279051952931332,
        -0.0627905195293136,
        -0.18738131458572505,
        -0.3090169943749471,
        -0.42577929156507327,
        -0.5358267949789965,
        -0.6374239897486905,
        -0.7289686274214119,
        -0.8090169943749473,
        -0.8763066800438639,
        -0.9297764858882513,
        -0.9685831611286315,
        -0.9921147013144777,
        -1.0
    ],
    "args": {
        "I_fc": [
            1.0
        ],
        "current_units": "mA",
        "cycles": 1.5,
        "d": 0.2,
        "directory": "/scratch/users/lbvh/py-tdgl/results/17223926/67",
        "dt_init": 1e-06,
        "fc_center": [
            0,
            0,
            1
        ],
        "fc_radius": 2.4,
        "field_units": "mT",
        "film_points": 4000,
        "film_radius": 15.0,
        "film_shape": "box",
        "film_smooth": 100,
        "gamma": 1.0,
        "index": 67,
        "lam": 1.35,
        "max_edge_length": 0.5,
        "pl_center": null,
        "pl_radius": 0.8,
        "points_per_cycle": 51.0,
        "save_every": 500,
        "screening": false,
        "seed_solutions": true,
        "slot_radius": 0.1,
        "slot_size": [
            2.0,
            50.0
        ],
        "slot_top_center_x": [
            -10.0,
            10.0,
            101.0
        ],
        "slot_top_center_y": [
            5.0,
            5.0,
            101.0
        ],
        "solve_time": [
            10000.0,
            2000.0
        ],
        "squid_angle": 180.0,
        "squid_iterations": 5,
        "squid_points": 4000,
        "squid_position": [
            0.0,
            0.0,
            0.5
        ],
        "squid_smooth": 100,
        "squid_type": "hypres-small",
        "xi": 0.9
    },
    "film_fluxoid": [
        -0.0008047582793602152,
        -0.0007981034964052622,
        -0.0007785115957263149,
        -0.0007465946504369432,
        -0.0007029844073307458,
        -0.0006484229654433035,
        -0.000583794342519879,
        -0.0005101232165315658,
        -0.00042856385461535187,
        -0.0003403851427878642,
        -0.0002469531636634732,
        -0.00014971180388017642,
        -5.016174662884173e-05,
        5.016174663150986e-05,
        0.00014971180387693623,
        0.0002469531636647277,
        0.00034038514278574386,
        0.00042856385462005205,
        0.0005101232165325156,
        0.0005837943425231655,
        0.0006484229654473675,
        0.0007029844073433973,
        0.0007465946504505577,
        0.0007785115957286474,
        0.0007981034964060396,
        0.0008047582793628546,
        0.0007981034964071351,
        0.0007785115957239119,
        0.0007465946504401238,
        0.000702984407345447,
        0.0006484229654440986,
        0.0005837943425196139,
        0.0005101232165361467,
        0.00042856385461605866,
        0.00034038514278433027,
        0.00024695316366524017,
        0.00014971180387388433,
        5.016174662938066e-05,
        -5.016174662205655e-05,
        -0.00014971180387764302,
        -0.0002469531636650458,
        -0.0003403851427849664,
        -0.00042856385462040545,
        -0.0005101232165266138,
        -0.000583794342519985,
        -0.0006484229654455299,
        -0.000702984407343468,
        -0.0007465946504483115,
        -0.0007785115957247247,
        -0.0007981034963998199,
        -0.0008047582793738408,
        -0.000798103496400138,
        -0.0007785115957240533,
        -0.0007465946504483225,
        -0.0007029844073296679,
        -0.0006484229654338855,
        -0.0005837943425114241,
        -0.0005101232165315526,
        -0.0004285638546160233,
        -0.0003403851427858145,
        -0.0002469531636663357,
        -0.00014971180388197432,
        -5.01617466290361e-05,
        5.016174662943367e-05,
        0.00014971180388082358,
        0.00024695316365949747,
        0.00034038514278729876,
        0.00042856385462033476,
        0.0005101232165357668,
        0.0005837943425191369,
        0.0006484229654473675,
        0.0007029844073403934,
        0.0007465946504471828,
        0.0007785115957283646,
        0.0007981034964029298,
        0.0008047582793798618
    ],