{
    "I_fc": [
        1.2,
        1.1905376415773734,
        1.1622997933543573,
        1.1157317830659015,
        1.0515680160526362,
        0.9708203932499369,
        0.8747623529056938,
        0.7649087876984275,
        0.6429921539747958,
        0.5109351498780872,
        0.37082039324993693,
        0.22485757750286942,
        0.07534862343517597,
        -0.07534862343517608,
        -0.22485757750286978,
        -0.37082039324993704,
        -0.5109351498780872,
        -0.6429921539747963,
        -0.7649087876984276,
        -0.8747623529056939,
        -0.9708203932499367,
        -1.0515680160526362,
        -1.1157317830659017,
        -1.1622997933543573,
        -1.1905376415773734,
        -1.2,
        -1.1905376415773734,
        -1.1622997933543573,
        -1.1157317830659015,
        -1.0515680160526362,
        -0.9708203932499366,
        -0.8747623529056938,
        -0.7649087876984274,
        -0.6429921539747956,
        -0.5109351498780865,
        -0.37082039324993704,
        -0.22485757750286955,
        -0.07534862343517584,
        0.07534862343517647,
        0.22485757750287014,
        0.37082039324993665,
        0.5109351498780871,
        0.6429921539747961,
        0.764908787698428,
        0.8747623529056943,
        0.9708203932499373,
        1.0515680160526362,
        1.1157317830659017,
        1.1622997933543573,
        1.1905376415773734,
        1.2,
        1.1905376415773734,
        1.1622997933543573,
        1.1157317830659015,
        1.051568016052636,
        0.9708203932499364,
        0.8747623529056932,
        0.7649087876984275,
        0.6429921539747957,
        0.5109351498780867,
        0.3708203932499362,
        0.22485757750286864,
        0.07534862343517598,
        -0.07534862343517632,
        -0.22485757750287003,
        -0.37082039324993654,
        -0.510935149878088,
        -0.6429921539747959,
        -0.7649087876984286,
        -0.8747623529056942,
        -0.9708203932499366,
        -1.0515680160526366,
        -1.1157317830659017,
        -1.1622997933543577,
        -1.1905376415773734,
        -1.2
    ],
    "args": {
        "I_fc": [
            1.2
        ],
        "current_units": "mA",
        "cycles": 1.5,
        "d": 0.2,
        "directory": "/scratch/users/lbvh/py-tdgl/results/17298304/53",
        "dt_init": 1e-06,
        "fc_center": [
            0,
            0,
            1
        ],
        "fc_radius": 2.4,
        "field_units": "mT",
        "film_points": 4000,
        "film_radius": 15.0,
        "film_shape": "box",
        "film_smooth": 100,
        "gamma": 1.0,
        "index": 53,
        "lam": 1.35,
        "max_edge_length": 0.5,
        "pl_center": null,
        "pl_radius": 0.8,
        "points_per_cycle": 51.0,
        "save_every": 500,
        "screening": false,
        "seed_solutions": true,
        "slot_radius": 0.1,
        "slot_size": [
            2.0,
            50.0
        ],
        "slot_top_center_x": [
            -10.0,
            10.0,
            101.0
        ],
        "slot_top_center_y": [
            5.0,
            5.0,
            101.0
        ],
        "solve_time": [
            10000.0,
            2000.0
        ],
        "squid_angle": 180.0,
        "squid_iterations": 5,
        "squid_points": 4000,
        "squid_position": [
            0.0,
            0.0,
            0.5
        ],
        "squid_smooth": 100,
        "squid_type": "hypres-small",
        "xi": 0.9
    },
    "film_fluxoid": [
        -0.0013091638723808003,
        -0.0012988275725219875,
        -0.00126798408202067,
        -0.0012171264023786354,
        -0.0011470657590480502,
        -0.0010589168478616726,
        -0.0009540785250486646,
        -0.0008342105771356573,
        -0.0007012069879165939,
        -0.0005571660230946186,
        -0.0004043574282954422,
        -0.0002451871213353909,
        -8.215982537162307e-05,
        8.215982566925231e-05,
        0.00024518712130079353,
        0.0004043574280558492,
        0.0005571660231417261,
        0.0007012069878908182,
        0.0008342105768894824,
        0.0009540785251935742,
        0.0010589168477339555,
        0.0011470657592526836,
        0.0012171264027609028,
        0.001267984081672068,
        0.0012988275725197963,
        0.0013091638722953494,
        0.0012988275718684894,
        0.0012679840822788604,
        0.0012171264025908138,
        0.00114706575935796,
        0.0010589168482473324,
        0.0009540785251340979,
        0.0008342105769931331,
        0.0007012069881124498,
        0.000557166022902407,
        0.000404357428194972,
        0.0002451871214326452,
        8.215982534430565e-05,
        -8.215982536823048e-05,
        -0.00024518712147296754,
        -0.00040435742838435635,
        -0.0005571660229943603,
        -0.0007012069882651871,
        -0.0008342105772221252,
        -0.0009540785251026457,
        -0.0010589168478163673,
        -0.0011470657597646822,
        -0.0012171264027498062,
        -0.0012679840816268908,
        -0.0012988275725669745,
        -0.0013091638724873134,
        -0.0012988275720180816,
        -0.001267984081860476,
        -0.001217126402600055,
        -0.0011470657594810473,
        -0.0010589168480185976,
        -0.000954078525062606,
        -0.0008342105769442918,
        -0.0007012069881528429,
        -0.0005571660230581745,
        -0.00040435742824564884,
        -0.0002451871212211736,
        -8.215982536917581e-05,
        8.215982568617993e-05,
        0.0002451871217302037,
        0.00040435742823808615,
        0.000557166023061046,
        0.0007012069881903027,
        0.0008342105770817292,
        0.0009540785252247437,
        0.0010589168481960592,
        0.0011470657598427825,
        0.0012171264023841484,
        0.001267984081760642,
        0.0012988275718355,
        0.0013091638720950805
    ],