{
    "I_fc": [
        1.1,
        1.0913261714459257,
        1.0654414772414942,
        1.0227541344770765,
        0.96393734804825,
        0.8899186938124423,
        0.8018654901635528,
        0.7011663887235586,
        0.5894094744768963,
        0.46835722072158,
        0.3399186938124422,
        0.206119446044297,
        0.06906957148224464,
        -0.06906957148224475,
        -0.20611944604429733,
        -0.33991869381244233,
        -0.46835722072158004,
        -0.5894094744768966,
        -0.7011663887235587,
        -0.8018654901635529,
        -0.8899186938124422,
        -0.96393734804825,
        -1.0227541344770767,
        -1.0654414772414942,
        -1.0913261714459257,
        -1.1,
        -1.0913261714459257,
        -1.0654414772414942,
        -1.0227541344770765,
        -0.9639373480482499,
        -0.889918693812442,
        -0.8018654901635528,
        -0.7011663887235585,
        -0.589409474476896,
        -0.4683572207215794,
        -0.33991869381244233,
        -0.2061194460442971,
        -0.06906957148224453,
        0.0690695714822451,
        0.20611944604429766,
        0.339918693812442,
        0.4683572207215799,
        0.5894094744768965,
        0.7011663887235591,
        0.8018654901635531,
        0.8899186938124426,
        0.96393734804825,
        1.0227541344770767,
        1.0654414772414944,
        1.0913261714459257,
        1.1,
        1.0913261714459257,
        1.0654414772414942,
        1.0227541344770765,
        0.9639373480482498,
        0.8899186938124418,
        0.8018654901635521,
        0.7011663887235586,
        0.5894094744768962,
        0.46835722072157954,
        0.33991869381244155,
        0.20611944604429627,
        0.06906957148224466,
        -0.06906957148224496,
        -0.20611944604429752,
        -0.33991869381244183,
        -0.4683572207215807,
        -0.5894094744768964,
        -0.7011663887235596,
        -0.801865490163553,
        -0.889918693812442,
        -0.9639373480482504,
        -1.0227541344770767,
        -1.0654414772414946,
        -1.0913261714459257,
        -1.1
    ],
    "args": {
        "I_fc": [
            1.1
        ],
        "current_units": "mA",
        "cycles": 1.5,
        "d": 0.2,
        "directory": "/scratch/users/lbvh/py-tdgl/results/17223927/78",
        "dt_init": 1e-06,
        "fc_center": [
            0,
            0,
            1
        ],
        "fc_radius": 2.4,
        "field_units": "mT",
        "film_points": 4000,
        "film_radius": 15.0,
        "film_shape": "box",
        "film_smooth": 100,
        "gamma": 1.0,
        "index": 78,
        "lam": 1.35,
        "max_edge_length": 0.5,
        "pl_center": null,
        "pl_radius": 0.8,
        "points_per_cycle": 51.0,
        "save_every": 500,
        "screening": false,
        "seed_solutions": true,
        "slot_radius": 0.1,
        "slot_size": [
            2.0,
            50.0
        ],
        "slot_top_center_x": [
            -10.0,
            10.0,
            101.0
        ],
        "slot_top_center_y": [
            5.0,
            5.0,
            101.0
        ],
        "solve_time": [
            10000.0,
            2000.0
        ],
        "squid_angle": 180.0,
        "squid_iterations": 5,
        "squid_points": 4000,
        "squid_position": [
            0.0,
            0.0,
            0.5
        ],
        "squid_smooth": 100,
        "squid_type": "hypres-small",
        "xi": 0.9
    },
    "film_fluxoid": [
        -0.0009703264983833065,
        -0.0009626081235864467,
        -0.0009395933244774097,
        -0.0009016912865912972,
        -0.0008495535843587504,
        -0.0007840478085356413,
        -0.0007062371367842426,
        -0.0006173636637061307,
        -0.0005188318287455359,
        -0.0004121897304893941,
        -0.00029910761129180006,
        -0.00018135364391639013,
        -6.0767522388368696e-05,
        6.0767522387348266e-05,
        0.00018135364390469279,
        0.0002991076112609133,
        0.0004121897305044841,
        0.0005188318287476386,
        0.000617363663787765,
        0.0007062371367684017,
        0.0007840478086735095,
        0.0008495535843463462,
        0.0009016912866525405,
        0.0009395933245363914,
        0.0009626081237455628,
        0.0009703264982796205,
        0.0009626081236428486,
        0.0009395933244363806,
        0.0009016912866745614,
        0.0008495535844367093,
        0.0007840478085675883,
        0.0007062371367027474,
        0.0006173636636483153,
        0.0005188318286921535,
        0.00041218973052529903,
        0.00029910761120465287,
        0.0001813536438881009,
        6.076752239029028e-05,
        -6.076752239046698e-05,
        -0.0001813536439098877,
        -0.00029910761132141456,
        -0.00041218973063281947,
        -0.0005188318288619619,
        -0.0006173636637474073,
        -0.0007062371367403421,
        -0.0007840478085953562,
        -0.0008495535842102892,
        -0.0009016912865658174,
        -0.0009395933246472868,
        -0.0009626081237065393,
        -0.0009703264983113199,
        -0.0009626081236154252,
        -0.0009395933243569728,
        -0.0009016912866447747,
        -0.0008495535844019706,
        -0.0007840478086647718,
        -0.000706237136685778,
        -0.0006173636636823826,
        -0.0005188318287732333,
        -0.00041218973061018453,
        -0.0002991076112791485,
        -0.0001813536439286883,
        -6.076752238691315e-05,
        6.0767522392172105e-05,
        0.0001813536438893201,
        0.0002991076112995747,
        0.000412189730569014,
        0.0005188318287595481,
        0.0006173636636587758,
        0.0007062371366909375,
        0.0007840478085489312,
        0.0008495535843755366,
        0.0009016912865434122,
        0.0009395933243498695,
        0.0009626081235048169,
        0.0009703264982860523
    ],