{
    "I_fc": [
        0.9,
        0.89290323118303,
        0.871724845015768,
        0.8367988372994263,
        0.7886760120394772,
        0.7281152949374528,
        0.6560717646792704,
        0.5736815907738206,
        0.4822441154810969,
        0.3832013624085654,
        0.27811529493745274,
        0.16864318312715207,
        0.05651146757638197,
        -0.05651146757638206,
        -0.16864318312715235,
        -0.2781152949374528,
        -0.38320136240856545,
        -0.4822441154810972,
        -0.5736815907738207,
        -0.6560717646792705,
        -0.7281152949374526,
        -0.7886760120394772,
        -0.8367988372994263,
        -0.871724845015768,
        -0.89290323118303,
        -0.9,
        -0.89290323118303,
        -0.871724845015768,
        -0.8367988372994262,
        -0.7886760120394771,
        -0.7281152949374525,
        -0.6560717646792704,
        -0.5736815907738206,
        -0.4822441154810967,
        -0.38320136240856495,
        -0.2781152949374528,
        -0.16864318312715218,
        -0.05651146757638189,
        0.05651146757638235,
        0.16864318312715262,
        0.2781152949374525,
        0.38320136240856534,
        0.4822441154810971,
        0.573681590773821,
        0.6560717646792708,
        0.728115294937453,
        0.7886760120394772,
        0.8367988372994263,
        0.8717248450157681,
        0.89290323118303,
        0.9,
        0.89290323118303,
        0.871724845015768,
        0.8367988372994263,
        0.788676012039477,
        0.7281152949374523,
        0.6560717646792699,
        0.5736815907738206,
        0.4822441154810968,
        0.38320136240856506,
        0.2781152949374522,
        0.16864318312715149,
        0.05651146757638199,
        -0.056511467576382236,
        -0.1686431831271525,
        -0.2781152949374524,
        -0.383201362408566,
        -0.482244115481097,
        -0.5736815907738215,
        -0.6560717646792706,
        -0.7281152949374525,
        -0.7886760120394776,
        -0.8367988372994263,
        -0.8717248450157683,
        -0.89290323118303,
        -0.9
    ],
    "args": {
        "I_fc": [
            0.9
        ],
        "current_units": "mA",
        "cycles": 1.5,
        "d": 0.2,
        "directory": "/scratch/users/lbvh/py-tdgl/results/17289540/81",
        "dt_init": 1e-06,
        "fc_center": [
            0,
            0,
            1
        ],
        "fc_radius": 2.4,
        "field_units": "mT",
        "film_points": 4000,
        "film_radius": 15.0,
        "film_shape": "box",
        "film_smooth": 100,
        "gamma": 1.0,
        "index": 81,
        "lam": 1.35,
        "max_edge_length": 0.5,
        "pl_center": null,
        "pl_radius": 0.8,
        "points_per_cycle": 51.0,
        "save_every": 500,
        "screening": false,
        "seed_solutions": true,
        "slot_radius": 0.1,
        "slot_size": [
            2.0,
            50.0
        ],
        "slot_top_center_x": [
            -10.0,
            10.0,
            101.0
        ],
        "slot_top_center_y": [
            -1.0,
            -1.0,
            101.0
        ],
        "solve_time": [
            10000.0,
            2000.0
        ],
        "squid_angle": 180.0,
        "squid_iterations": 5,
        "squid_points": 4000,
        "squid_position": [
            0.0,
            0.0,
            0.5
        ],
        "squid_smooth": 100,
        "squid_type": "hypres-small",
        "xi": 0.9
    },
    "film_fluxoid": [
        -0.00050212550715718,
        -0.0004981599459471597,
        -0.00048632706914049004,
        -0.0004668168940446043,
        -0.00043994166611658687,
        -0.0004061298072982407,
        -0.00036591829147059084,
        -0.00031994373294912776,
        -0.0002689322772133983,
        -0.00021368830763636635,
        -0.00015508200910888603,
        -9.403590198982977e-05,
        -3.151052329907668e-05,
        3.151052329897066e-05,
        9.4035902004584e-05,
        0.00015508200907008327,
        0.00021368830758515943,
        0.00026893227729018663,
        0.0003199437328888209,
        0.0003659182915085808,
        0.0004061298073271484,
        0.0004399416661280015,
        0.0004668168940359108,
        0.0004863270691273084,
        0.0004981599460504924,
        0.0005021255071410652,
        0.0004981599460071176,
        0.0004863270692788795,
        0.0004668168939650374,
        0.00043994166619783237,
        0.00040612980731658194,
        0.0003659182914992512,
        0.00031994373293744803,
        0.0002689322772354855,
        0.0002136883075979523,
        0.00015508200906506507,
        9.4035902004584e-05,
        3.151052329457089e-05,
        -3.151052329769844e-05,
        -9.403590199643825e-05,
        -0.00015508200909708264,
        -0.00021368830763248342,
        -0.00026893227721756834,
        -0.0003199437329322576,
        -0.0003659182914303745,
        -0.0004061298073314952,
        -0.00043994166619336193,
        -0.00046681689404167115,
        -0.0004863270691675601,
        -0.000498159946110945,
        -0.000502125507168312,
        -0.0004981599460587882,
        -0.00048632706914875947,
        -0.00046681689401286943,
        -0.0004399416661098017,
        -0.0004061298073028967,
        -0.00036591829147023745,
        -0.00031994373295642537,
        -0.0002689322772180631,
        -0.0002136883076558119,
        -0.0001550820090829115,
        -9.403590200516711e-05,
        -3.15105232976631e-05,
        3.151052329907668e-05,
        9.403590200449565e-05,
        0.00015508200909505063,
        0.00021368830765852422,
        0.0002689322772200289,
        0.0003199437329328539,
        0.0003659182914371597,
        0.0004061298073485288,
        0.0004399416661170463,
        0.0004668168940725225,
        0.00048632706912967615,
        0.0004981599460363853,
        0.0005021255070675591
    ],