{
    "I_fc": [
        9.2875,
        9.214265288458213,
        8.99571610898216,
        8.635299112687134,
        8.138698290907383,
        7.513745335257324,
        6.770296127176359,
        5.920075304790955,
        4.97649135836743,
        3.9544251704106124,
        2.8699953352573244,
        1.7403039592149163,
        0.5831669501284973,
        -0.5831669501284982,
        -1.7403039592149192,
        -2.8699953352573253,
        -3.954425170410613,
        -4.976491358367434,
        -5.920075304790956,
        -6.77029612717636,
        -7.513745335257323,
        -8.138698290907383,
        -8.635299112687136,
        -8.99571610898216,
        -9.214265288458213,
        -9.2875,
        -9.214265288458213,
        -8.99571610898216,
        -8.635299112687132,
        -8.138698290907382,
        -7.5137453352573225,
        -6.770296127176359,
        -5.920075304790954,
        -4.976491358367428,
        -3.9544251704106075,
        -2.8699953352573253,
        -1.7403039592149174,
        -0.5831669501284964,
        0.5831669501285012,
        1.740303959214922,
        2.869995335257322,
        3.9544251704106115,
        4.976491358367432,
        5.920075304790958,
        6.770296127176363,
        7.513745335257327,
        8.138698290907383,
        8.635299112687136,
        8.995716108982162,
        9.214265288458213,
        9.2875,
        9.214265288458213,
        8.99571610898216,
        8.635299112687134,
        8.138698290907382,
        7.51374533525732,
        6.770296127176354,
        5.920075304790955,
        4.976491358367429,
        3.9544251704106084,
        2.8699953352573186,
        1.7403039592149105,
        0.5831669501284974,
        -0.5831669501285,
        -1.740303959214921,
        -2.8699953352573213,
        -3.954425170410618,
        -4.976491358367431,
        -5.920075304790963,
        -6.770296127176362,
        -7.5137453352573225,
        -8.138698290907385,
        -8.635299112687136,
        -8.995716108982164,
        -9.214265288458213,
        -9.2875
    ],
    "args": {
        "I_fc": [
            0.5,
            10.0,
            201.0
        ],
        "current_units": "mA",
        "cycles": 1.5,
        "d": 0.2,
        "directory": "/scratch/users/lbvh/py-tdgl/results/14122470/185",
        "dt_init": 1e-06,
        "fc_center": [
            0,
            0,
            1
        ],
        "fc_radius": 2.4,
        "field_units": "mT",
        "film_points": 4000,
        "film_radius": 15.0,
        "film_shape": "box",
        "film_smooth": 100,
        "gamma": 1.0,
        "index": 185,
        "lam": 1.35,
        "max_edge_length": 0.5,
        "pl_center": null,
        "pl_radius": 0.8,
        "points_per_cycle": 51.0,
        "save_every": 500,
        "screening": false,
        "seed_solutions": true,
        "slot_radius": 0,
        "slot_size": null,
        "slot_top_center_x": null,
        "slot_top_center_y": null,
        "solve_time": [
            20000.0,
            2000.0
        ],
        "squid_angle": 0,
        "squid_iterations": 5,
        "squid_points": 4000,
        "squid_position": [
            0.0,
            0.0,
            0.5
        ],
        "squid_smooth": 100,
        "squid_type": "hypres-small",
        "xi": 0.9
    },
    "film_fluxoid": [
        4.995948364302071,
        4.995979098556299,
        4.9960708069900175,
        4.996222050553881,
        4.996430519437958,
        4.996683184171656,
        4.996997276123482,
        4.997364243941732,
        4.9977621368106195,
        4.998176719699601,
        3.9986579111206555,
        2.999154842206385,
        0.9997209859518045,
        0.0002375045009831252,
        0.0007101044575081034,
        -1.9987467633509686,
        -1.99829960876067,
        -1.9978387390040266,
        -2.9974188688588046,
        -2.997056137729329,
        -3.9967164678638674,
        -3.9964521794063668,
        -3.996244162322684,
        -3.9961009816134707,
        -3.996010460986318,
        -3.99597992761798,
        -3.9960108538760726,
        -3.996102780494629,
        -3.9962541661058233,
        -3.9964631031053655,
        -3.9967263801065798,
        -3.997027269299604,
        -3.9973845525909684,
        -3.9978018675603737,
        -3.998220231225184,
        -3.9986579111191847,
        -2.999154842205073,
        -0.9997209859540134,
        -0.0002375045002621288,
        -0.0007101044560427158,
        1.9987467633490896,
        1.9982996087603642,
        1.9978387390013155,
        2.997418868859385,
        2.997056137730419,
        3.9967164678681897,
        3.996452179375618,
        3.9962441623381544,
        3.996100981618238,
        3.996010460973544,
        3.9959799276218866,
        3.996010853876767,
        3.996102780495916,
        3.9962541661061968,
        3.9964631031028994,
        3.996726380106794,
        3.9970272692991284,
        3.997384552590702,
        3.9978018675630143,
        3.9982202312220543,
        3.9986579111196434,
        2.999154842205303,
        0.9997209859549054,
        0.0002375045005039923,
        0.0007101044579767051,
        -1.9987467633496503,
        -1.998299608760534,
        -1.997838739012022,
        -2.9974188688570127,
        -2.997056137725858,
        -3.9967164678528992,
        -3.9964521793951153,
        -3.996244162342992,
        -3.996100981605871,
        -3.9960104609734883,
        -3.995979927616944
    ],
    "flux": [
        -0.0047458086069186115,
        -0.004318129521456979,
        -0.003031506026350945,
        -0.0009862624525182283,
        0.0012448548183922367,
        0.0008452232724613009,
        0.0014870135887708417,
        -0.001526402104979048,
        0.0023083415246085235,
        0.012390342358942616,
        0.013267754028583495,
        0.013373060698495374,
        0.00941689857744023,
        0.009339750139236776,
        0.022503086107914294,
        0.008034212968716054,
        0.015984187719229798,
        0.010879637345514257,
        0.010603994453717812,
        0.010654534428642193,
        0.009158856030744164,
        0.008299017046507293,
        0.010365549429875118,
        0.008310324673752154,
        0.009198683758424656,
        0.00945025661691575,
        0.009192916311670381,
        0.008276097461493905,
        0.006407195237172484,
        0.0034789218527635562,
        9.34988804520624e-05,
        0.004513127495660603,
        -0.0006183191338321647,
        0.007309767487683331,
        -0.002607951483454972,
        -0.013267754031632323,
        -0.013373060704108902,
        -0.009416898570300286,
        -0.009339750144699599,
        -0.022503086102235576,
        -0.008034212966931319,
        -0.015984187718380803,
        -0.0108796375093325,
        -0.01060399435496681,
        -0.01065453428280361,
        -0.009158855171834311,
        -0.008299017979736562,
        -0.010365548733043262,
        -0.008310324584666089,
        -0.009198683981344304,
        -0.00945025653577429,
        -0.009192916266368964,
        -0.008276097458646157,
        -0.006407195232005845,
        -0.0034789218485232207,
        -9.349888280551118e-05,
        -0.004513127485587161,
        0.0006183191386797209,
        -0.007309767492915232,
        0.002607951480373006,
        0.013267754026018635,
        0.01337306069760671,
        0.009416898561832787,
        0.009339750148241682,
        0.022503086088263905,
        0.008034212965796398,
        0.015984187718788186,
        0.010879636846526644,
        0.01060399475878251,
        0.010654534798713268,
        0.009158858210306403,
        0.00829901738713198,
        0.01036554846950481,
        0.008310324806056495,
        0.00919868395404221,
        0.009450256585662373
    ],
    "timing": {
        "end_time": "2023-03-29T18:20:42.065167",
        "start_time": "2023-03-29T09:49:52.038710",
        "total_seconds": 30650.026457
    }
}