{
    "I_fc": [
        1.5,
        1.4881720519717168,
        1.4528747416929466,
        1.394664728832377,
        1.3144600200657954,
        1.2135254915624212,
        1.0934529411321172,
        0.9561359846230344,
        0.8037401924684948,
        0.638668937347609,
        0.4635254915624212,
        0.2810719718785868,
        0.09418577929396996,
        -0.0941857792939701,
        -0.28107197187858723,
        -0.46352549156242134,
        -0.6386689373476091,
        -0.8037401924684953,
        -0.9561359846230346,
        -1.0934529411321174,
        -1.213525491562421,
        -1.3144600200657954,
        -1.3946647288323772,
        -1.4528747416929466,
        -1.4881720519717168,
        -1.5,
        -1.4881720519717168,
        -1.4528747416929466,
        -1.3946647288323768,
        -1.3144600200657952,
        -1.2135254915624207,
        -1.0934529411321172,
        -0.9561359846230343,
        -0.8037401924684945,
        -0.6386689373476082,
        -0.46352549156242134,
        -0.28107197187858696,
        -0.09418577929396982,
        0.09418577929397058,
        0.2810719718785877,
        0.46352549156242084,
        0.6386689373476089,
        0.8037401924684952,
        0.956135984623035,
        1.0934529411321179,
        1.2135254915624216,
        1.3144600200657954,
        1.3946647288323772,
        1.4528747416929468,
        1.4881720519717168,
        1.5,
        1.4881720519717168,
        1.4528747416929466,
        1.394664728832377,
        1.314460020065795,
        1.2135254915624205,
        1.0934529411321166,
        0.9561359846230344,
        0.8037401924684946,
        0.6386689373476084,
        0.4635254915624203,
        0.2810719718785858,
        0.09418577929396998,
        -0.0941857792939704,
        -0.2810719718785875,
        -0.4635254915624207,
        -0.63866893734761,
        -0.803740192468495,
        -0.9561359846230357,
        -1.0934529411321177,
        -1.2135254915624207,
        -1.3144600200657959,
        -1.3946647288323772,
        -1.452874741692947,
        -1.4881720519717168,
        -1.5
    ],
    "args": {
        "I_fc": [
            1.5
        ],
        "current_units": "mA",
        "cycles": 1.5,
        "d": 0.2,
        "directory": "/scratch/users/lbvh/py-tdgl/results/17223933/83",
        "dt_init": 1e-06,
        "fc_center": [
            0,
            0,
            1
        ],
        "fc_radius": 2.4,
        "field_units": "mT",
        "film_points": 4000,
        "film_radius": 15.0,
        "film_shape": "box",
        "film_smooth": 100,
        "gamma": 1.0,
        "index": 83,
        "lam": 1.35,
        "max_edge_length": 0.5,
        "pl_center": null,
        "pl_radius": 0.8,
        "points_per_cycle": 51.0,
        "save_every": 500,
        "screening": false,
        "seed_solutions": true,
        "slot_radius": 0.1,
        "slot_size": [
            2.0,
            50.0
        ],
        "slot_top_center_x": [
            -10.0,
            10.0,
            101.0
        ],
        "slot_top_center_y": [
            5.0,
            5.0,
            101.0
        ],
        "solve_time": [
            10000.0,
            2000.0
        ],
        "squid_angle": 180.0,
        "squid_iterations": 5,
        "squid_points": 4000,
        "squid_position": [
            0.0,
            0.0,
            0.5
        ],
        "squid_smooth": 100,
        "squid_type": "hypres-small",
        "xi": 0.9
    },
    "film_fluxoid": [
        -0.0014076569823799252,
        -0.0013959355130703027,
        -0.0013617197736992346,
        -0.0013061430035771087,
        -0.00123021640190886,
        -0.0011351453211453665,
        -0.001022398628790024,
        -0.0008937138822013587,
        -0.00075108102571828,
        -0.0005967148012244641,
        -0.00043301992589576455,
        -0.00026255204988600065,
        -8.797624868453785e-05,
        8.797612776486706e-05,
        0.00026255204976701255,
        0.0004330199204492767,
        0.0005967148085872714,
        0.0007510809360939597,
        0.0008937138809927126,
        0.0010223986340337937,
        0.0011351453185425421,
        0.0012302164146503034,
        0.0013061430016852618,
        0.0013617196538114418,
        0.0013959356639169256,
        0.0014076571434494033,
        0.0013959356626538214,
        0.0013617197786818564,
        0.001306143010354747,
        0.0012302164084386094,
        0.0011351453206671525,
        0.0010223986676103816,
        0.0008937138789931332,
        0.0007510810277785064,
        0.0005967148115242663,
        0.0004330199202036142,
        0.00026255204909782383,
        8.797624819152205e-05,
        -8.797624866884711e-05,
        -0.0002625520938233492,
        -0.00043301992899392517,
        -0.0005967148453842218,
        -0.0007510810581147739,
        -0.0008937138859357893,
        -0.001022398634386811,
        -0.001135145304119323,
        -0.001230216391674648,
        -0.0013061430160587362,
        -0.0013617198905008514,
        -0.001395935816151631,
        -0.0014076570141023537,
        -0.0013959356822585308,
        -0.0013617197710965867,
        -0.0013061430718544294,
        -0.001230216338960276,
        -0.0011351451711423858,
        -0.0010223986442707733,
        -0.0008937138711705059,
        -0.0007510810172609024,
        -0.0005967149016106505,
        -0.00043301997399391475,
        -0.00026255190560345944,
        -8.797611835848261e-05,
        8.797618832580875e-05,
        0.00026255205417384774,
        0.00043301991891253865,
        0.0005967148083225786,
        0.0007510810322231504,
        0.0008937138818042488,
        0.0010223985794357746,
        0.001135145302430983,
        0.001230216413649489,
        0.0013061428499440547,
        0.0013617197125206646,
        0.0013959356642117985,
        0.0014076569876914163
    ],