{
    "I_fc": [
        1.1,
        1.0913261714459257,
        1.0654414772414942,
        1.0227541344770765,
        0.96393734804825,
        0.8899186938124423,
        0.8018654901635528,
        0.7011663887235586,
        0.5894094744768963,
        0.46835722072158,
        0.3399186938124422,
        0.206119446044297,
        0.06906957148224464,
        -0.06906957148224475,
        -0.20611944604429733,
        -0.33991869381244233,
        -0.46835722072158004,
        -0.5894094744768966,
        -0.7011663887235587,
        -0.8018654901635529,
        -0.8899186938124422,
        -0.96393734804825,
        -1.0227541344770767,
        -1.0654414772414942,
        -1.0913261714459257,
        -1.1,
        -1.0913261714459257,
        -1.0654414772414942,
        -1.0227541344770765,
        -0.9639373480482499,
        -0.889918693812442,
        -0.8018654901635528,
        -0.7011663887235585,
        -0.589409474476896,
        -0.4683572207215794,
        -0.33991869381244233,
        -0.2061194460442971,
        -0.06906957148224453,
        0.0690695714822451,
        0.20611944604429766,
        0.339918693812442,
        0.4683572207215799,
        0.5894094744768965,
        0.7011663887235591,
        0.8018654901635531,
        0.8899186938124426,
        0.96393734804825,
        1.0227541344770767,
        1.0654414772414944,
        1.0913261714459257,
        1.1,
        1.0913261714459257,
        1.0654414772414942,
        1.0227541344770765,
        0.9639373480482498,
        0.8899186938124418,
        0.8018654901635521,
        0.7011663887235586,
        0.5894094744768962,
        0.46835722072157954,
        0.33991869381244155,
        0.20611944604429627,
        0.06906957148224466,
        -0.06906957148224496,
        -0.20611944604429752,
        -0.33991869381244183,
        -0.4683572207215807,
        -0.5894094744768964,
        -0.7011663887235596,
        -0.801865490163553,
        -0.889918693812442,
        -0.9639373480482504,
        -1.0227541344770767,
        -1.0654414772414946,
        -1.0913261714459257,
        -1.1
    ],
    "args": {
        "I_fc": [
            1.1
        ],
        "current_units": "mA",
        "cycles": 1.5,
        "d": 0.2,
        "directory": "/scratch/users/lbvh/py-tdgl/results/17223927/45",
        "dt_init": 1e-06,
        "fc_center": [
            0,
            0,
            1
        ],
        "fc_radius": 2.4,
        "field_units": "mT",
        "film_points": 4000,
        "film_radius": 15.0,
        "film_shape": "box",
        "film_smooth": 100,
        "gamma": 1.0,
        "index": 45,
        "lam": 1.35,
        "max_edge_length": 0.5,
        "pl_center": null,
        "pl_radius": 0.8,
        "points_per_cycle": 51.0,
        "save_every": 500,
        "screening": false,
        "seed_solutions": true,
        "slot_radius": 0.1,
        "slot_size": [
            2.0,
            50.0
        ],
        "slot_top_center_x": [
            -10.0,
            10.0,
            101.0
        ],
        "slot_top_center_y": [
            5.0,
            5.0,
            101.0
        ],
        "solve_time": [
            10000.0,
            2000.0
        ],
        "squid_angle": 180.0,
        "squid_iterations": 5,
        "squid_points": 4000,
        "squid_position": [
            0.0,
            0.0,
            0.5
        ],
        "squid_smooth": 100,
        "squid_type": "hypres-small",
        "xi": 0.9
    },
    "film_fluxoid": [
        -0.00036873605214230197,
        -0.0003658287947584089,
        -0.00035715282537889496,
        -0.00034284483618191725,
        -0.00032313027082738345,
        -0.00029831979636352006,
        -0.0002688044372014139,
        -0.00023504944347431161,
        -0.0001975869857395882,
        -0.00015700778643715278,
        -0.00011395181650268336,
        -6.909820160021318e-05,
        -2.315449709875562e-05,
        2.3154497098296207e-05,
        6.90982016004252e-05,
        0.00011395181650268336,
        0.00015700778643709976,
        0.00019758698574015365,
        0.00023504944347595488,
        0.00026880443720151987,
        0.0002983197963648983,
        0.0003231302708276308,
        0.00034284483618310114,
        0.00035715282537629754,
        0.0003658287947585679,
        0.0003687360521439585,
        0.00036582879475632386,
        0.0003571528253774814,
        0.0003428448361795672,
        0.0003231302708250157,
        0.000298319796365075,
        0.0002688044372004155,
        0.00023504944347731545,
        0.0001975869857397296,
        0.00015700778643720577,
        0.00011395181650265243,
        6.909820160046055e-05,
        2.3154497099002998e-05,
        -2.315449709893232e-05,
        -6.909820160053123e-05,
        -0.00011395181650250666,
        -0.00015700778643805392,
        -0.00019758698573939826,
        -0.00023504944347568985,
        -0.00026880443719932886,
        -0.00029831979636488724,
        -0.0003231302708270654,
        -0.00034284483618098077,
        -0.00035715282537804685,
        -0.0003658287947569246,
        -0.00036873605214286743,
        -0.00036582879475423883,
        -0.000357152825377128,
        -0.0003428448361795495,
        -0.00032313027082749826,
        -0.000298319796365393,
        -0.0002688044372012018,
        -0.00023504944347623762,
        -0.00019758698573951755,
        -0.00015700778643732064,
        -0.00011395181650218861,
        -6.909820160035453e-05,
        -2.3154497098967657e-05,
        2.3154497099321052e-05,
        6.909820160035453e-05,
        0.00011395181650268336,
        0.0001570077864377182,
        0.00019758698574008299,
        0.00023504944347761586,
        0.00026880443720095446,
        0.0002983197963658171,
        0.000323130270828691,
        0.00034284483618214693,
        0.0003571528253764035,
        0.0003658287947584619,
        0.0003687360521411976
    ],