{
    "I_fc": [
        1.2,
        1.1905376415773734,
        1.1622997933543573,
        1.1157317830659015,
        1.0515680160526362,
        0.9708203932499369,
        0.8747623529056938,
        0.7649087876984275,
        0.6429921539747958,
        0.5109351498780872,
        0.37082039324993693,
        0.22485757750286942,
        0.07534862343517597,
        -0.07534862343517608,
        -0.22485757750286978,
        -0.37082039324993704,
        -0.5109351498780872,
        -0.6429921539747963,
        -0.7649087876984276,
        -0.8747623529056939,
        -0.9708203932499367,
        -1.0515680160526362,
        -1.1157317830659017,
        -1.1622997933543573,
        -1.1905376415773734,
        -1.2,
        -1.1905376415773734,
        -1.1622997933543573,
        -1.1157317830659015,
        -1.0515680160526362,
        -0.9708203932499366,
        -0.8747623529056938,
        -0.7649087876984274,
        -0.6429921539747956,
        -0.5109351498780865,
        -0.37082039324993704,
        -0.22485757750286955,
        -0.07534862343517584,
        0.07534862343517647,
        0.22485757750287014,
        0.37082039324993665,
        0.5109351498780871,
        0.6429921539747961,
        0.764908787698428,
        0.8747623529056943,
        0.9708203932499373,
        1.0515680160526362,
        1.1157317830659017,
        1.1622997933543573,
        1.1905376415773734,
        1.2,
        1.1905376415773734,
        1.1622997933543573,
        1.1157317830659015,
        1.051568016052636,
        0.9708203932499364,
        0.8747623529056932,
        0.7649087876984275,
        0.6429921539747957,
        0.5109351498780867,
        0.3708203932499362,
        0.22485757750286864,
        0.07534862343517598,
        -0.07534862343517632,
        -0.22485757750287003,
        -0.37082039324993654,
        -0.510935149878088,
        -0.6429921539747959,
        -0.7649087876984286,
        -0.8747623529056942,
        -0.9708203932499366,
        -1.0515680160526366,
        -1.1157317830659017,
        -1.1622997933543577,
        -1.1905376415773734,
        -1.2
    ],
    "args": {
        "I_fc": [
            1.2
        ],
        "current_units": "mA",
        "cycles": 1.5,
        "d": 0.2,
        "directory": "/scratch/users/lbvh/py-tdgl/results/17298299/75",
        "dt_init": 1e-06,
        "fc_center": [
            0,
            0,
            1
        ],
        "fc_radius": 2.4,
        "field_units": "mT",
        "film_points": 4000,
        "film_radius": 15.0,
        "film_shape": "box",
        "film_smooth": 100,
        "gamma": 1.0,
        "index": 75,
        "lam": 1.35,
        "max_edge_length": 0.5,
        "pl_center": null,
        "pl_radius": 0.8,
        "points_per_cycle": 51.0,
        "save_every": 500,
        "screening": false,
        "seed_solutions": true,
        "slot_radius": 0.1,
        "slot_size": [
            2.0,
            50.0
        ],
        "slot_top_center_x": [
            -10.0,
            10.0,
            101.0
        ],
        "slot_top_center_y": [
            -1.0,
            -1.0,
            101.0
        ],
        "solve_time": [
            10000.0,
            2000.0
        ],
        "squid_angle": 180.0,
        "squid_iterations": 5,
        "squid_points": 4000,
        "squid_position": [
            0.0,
            0.0,
            0.5
        ],
        "squid_smooth": 100,
        "squid_type": "hypres-small",
        "xi": 0.9
    },
    "film_fluxoid": [
        -0.000658688481262471,
        -0.0006532094957687142,
        -0.0006370537024563565,
        -0.0006107800414233066,
        -0.0005749757389335263,
        -0.0005302706706646773,
        -0.0004773814672142112,
        -0.0004171296548369296,
        -0.00035044273738759317,
        -0.0002783461511003629,
        -0.00020195000425732887,
        -0.00012243265582043136,
        -4.102234541789165e-05,
        4.1022345417679615e-05,
        0.00012243265581954346,
        0.00020195000425768226,
        0.00027834615109955014,
        0.0003504427373913568,
        0.0004171296548330776,
        0.0004773814672123029,
        0.0005302706706631224,
        0.0005749757389365655,
        0.0006107800414225468,
        0.0006370537024578761,
        0.0006532094957698452,
        0.0006586884812610574,
        0.0006532094957726017,
        0.0006370537024571693,
        0.0006107800414268892,
        0.000574975738934021,
        0.0005302706706661439,
        0.0004773814672136281,
        0.0004171296548352333,
        0.00035044273738930713,
        0.00027834615110039826,
        0.00020195000425739953,
        0.00012243265581901778,
        4.102234541785631e-05,
        -4.102234541803301e-05,
        -0.00012243265582057272,
        -0.00020195000425821236,
        -0.000278346151098808,
        -0.00035044273739034964,
        -0.0004171296548376187,
        -0.0004773814672118258,
        -0.0005302706706653841,
        -0.0005749757389362915,
        -0.0006107800414241195,
        -0.0006370537024567099,
        -0.0006532094957721775,
        -0.0006586884812659696,
        -0.0006532094957716121,
        -0.0006370537024553316,
        -0.0006107800414206562,
        -0.000574975738934127,
        -0.0005302706706651721,
        -0.000477381467215024,
        -0.00041712965483682357,
        -0.00035044273738829996,
        -0.00027834615110099907,
        -0.00020195000425647587,
        -0.00012243265582057272,
        -4.102234541760893e-05,
        4.102234541849242e-05,
        0.0001224326558208488,
        0.00020195000425747022,
        0.00027834615110075166,
        0.00035044273738999625,
        0.0004171296548358694,
        0.0004773814672120202,
        0.0005302706706644122,
        0.0005749757389362827,
        0.0006107800414250869,
        0.0006370537024575933,
        0.0006532094957717535,
        0.0006586884812650684
    ],