{
    "I_fc": [
        9.8575,
        9.779770668207465,
        9.547808510825481,
        9.165271709643438,
        8.638193098532385,
        7.974885022051044,
        7.185808244806564,
        6.283406978947708,
        5.281912631505459,
        4.197119366602704,
        3.0461350220510446,
        1.8471113085287794,
        0.6189575462602059,
        -0.6189575462602068,
        -1.8471113085287825,
        -3.0461350220510455,
        -4.1971193666027045,
        -5.281912631505461,
        -6.283406978947709,
        -7.185808244806565,
        -7.974885022051043,
        -8.638193098532385,
        -9.165271709643438,
        -9.547808510825481,
        -9.779770668207465,
        -9.8575,
        -9.779770668207465,
        -9.547808510825481,
        -9.165271709643436,
        -8.638193098532383,
        -7.974885022051042,
        -7.185808244806564,
        -6.283406978947707,
        -5.281912631505456,
        -4.197119366602699,
        -3.0461350220510455,
        -1.8471113085287805,
        -0.6189575462602049,
        0.61895754626021,
        1.8471113085287854,
        3.0461350220510424,
        4.197119366602704,
        5.2819126315054605,
        6.283406978947712,
        7.185808244806568,
        7.974885022051048,
        8.638193098532385,
        9.165271709643438,
        9.547808510825481,
        9.779770668207465,
        9.8575,
        9.779770668207465,
        9.547808510825481,
        9.165271709643438,
        8.638193098532383,
        7.97488502205104,
        7.185808244806559,
        6.283406978947708,
        5.281912631505457,
        4.1971193666027,
        3.0461350220510384,
        1.8471113085287731,
        0.618957546260206,
        -0.6189575462602087,
        -1.8471113085287842,
        -3.046135022051041,
        -4.197119366602711,
        -5.28191263150546,
        -6.283406978947717,
        -7.185808244806567,
        -7.974885022051042,
        -8.638193098532389,
        -9.165271709643438,
        -9.547808510825485,
        -9.779770668207465,
        -9.8575
    ],
    "args": {
        "I_fc": [
            0.5,
            10.0,
            201.0
        ],
        "current_units": "mA",
        "cycles": 1.5,
        "d": 0.2,
        "directory": "/scratch/users/lbvh/py-tdgl/results/14122470/197",
        "dt_init": 1e-06,
        "fc_center": [
            0,
            0,
            1
        ],
        "fc_radius": 2.4,
        "field_units": "mT",
        "film_points": 4000,
        "film_radius": 15.0,
        "film_shape": "box",
        "film_smooth": 100,
        "gamma": 1.0,
        "index": 197,
        "lam": 1.35,
        "max_edge_length": 0.5,
        "pl_center": null,
        "pl_radius": 0.8,
        "points_per_cycle": 51.0,
        "save_every": 500,
        "screening": false,
        "seed_solutions": true,
        "slot_radius": 0,
        "slot_size": null,
        "slot_top_center_x": null,
        "slot_top_center_y": null,
        "solve_time": [
            20000.0,
            2000.0
        ],
        "squid_angle": 0,
        "squid_iterations": 5,
        "squid_points": 4000,
        "squid_position": [
            0.0,
            0.0,
            0.5
        ],
        "squid_smooth": 100,
        "squid_type": "hypres-small",
        "xi": 0.9
    },
    "film_fluxoid": [
        4.995716496570697,
        4.995749056308205,
        4.995846254694865,
        4.996006658738928,
        4.996220848075341,
        4.9964992316934955,
        4.996822421353391,
        4.997205072827869,
        4.997637184362101,
        4.998078959842539,
        3.9985877073401563,
        2.9991143980026456,
        0.9997064307515025,
        0.0002520863005722581,
        0.000753985318947626,
        -1.9986747330580037,
        -1.9981684274731597,
        -2.9976861678104645,
        -2.997260836234481,
        -2.9968808698369056,
        -3.9965283995870635,
        -3.9962439282959883,
        -3.9960295649675666,
        -3.995869382042209,
        -4.995741787946216,
        -4.995709041116642,
        -4.99574168941278,
        -4.995839097228584,
        -4.995999658393353,
        -4.996220835957866,
        -4.9964992316577845,
        -4.9968224213536985,
        -4.997205072828392,
        -4.997637184362544,
        -4.9980789598451025,
        -3.998587707339892,
        -2.9991143980012844,
        -0.999706430750712,
        -0.000252086300968579,
        -0.0007539853178803025,
        1.9986747330570334,
        1.9981684274731588,
        2.997686167809374,
        2.9972608362328463,
        2.9968808698304037,
        3.9965283994317367,
        3.996243928276821,
        3.996029564985089,
        3.9958693820731566,
        4.995741787986146,
        4.995709041114462,
        4.995741689411341,
        4.995839097231857,
        4.995999658395011,
        4.996220835956081,
        4.996499231656209,
        4.996822421355556,
        4.997205072830225,
        4.997637184365133,
        4.99807895984232,
        3.998587707340958,
        2.9991143980038184,
        0.9997064307538284,
        0.00025208629983945556,
        0.0007539853186778443,
        -1.9986747330580237,
        -1.9981684274731597,
        -2.997686167808373,
        -2.9972608362321473,
        -2.996880869829,
        -3.99652839941976,
        -3.9962439282636346,
        -3.996029564947432,
        -3.995869382042683,
        -4.995741787951525,
        -4.995709041113504
    ],
    "flux": [
        -0.0035767630410351897,
        -0.0031493605694232468,
        -0.001895897866491711,
        -2.5338622064615727e-05,
        -0.0010013021340401207,
        0.001647498529925003,
        -0.0006873720171767802,
        0.000897606040018991,
        -0.0006971832796593325,
        0.010174788797314302,
        0.01184201787398969,
        0.013114360600619629,
        0.008931033790018458,
        0.00988214849002394,
        0.02307558814552312,
        0.009879738783440834,
        0.010453591738033292,
        0.006191767273677547,
        0.00780460927060233,
        0.012006439143810688,
        0.007198003203788988,
        0.010333021890060839,
        0.009032733599543135,
        0.010057514942382578,
        0.007397679071254659,
        0.007761671429127165,
        0.00740091131140627,
        0.006213728567727151,
        0.0040302362682224525,
        0.001001802983267478,
        -0.0016474964560001012,
        0.0006873719884078111,
        -0.0008976060362599378,
        0.0006971832750323566,
        -0.010174788792765923,
        -0.011842017869003092,
        -0.013114360535820511,
        -0.008931033791046025,
        -0.009882148487967929,
        -0.023075588187531745,
        -0.00987973878090853,
        -0.010453591737962715,
        -0.006191767426898579,
        -0.007804609628488741,
        -0.012006440812291309,
        -0.007198008078301065,
        -0.010333022588172001,
        -0.00903273351053919,
        -0.010057514945141106,
        -0.00739767782171896,
        -0.007761671419592281,
        -0.007400911309237737,
        -0.006213728576318516,
        -0.004030236271132716,
        -0.0010018030031261557,
        0.0016474964174854122,
        -0.00068737199191294,
        0.0008976060307151356,
        -0.0006971832888134151,
        0.010174788799677703,
        0.011842017872481733,
        0.013114360596523414,
        0.008931033783342354,
        0.009882148490189016,
        0.023075588193292102,
        0.00987973878427204,
        0.010453591738012266,
        0.006191767332890476,
        0.007804609295274573,
        0.012006441100445213,
        0.007198008454099621,
        0.010333023096486546,
        0.009032733700668205,
        0.010057514933149355,
        0.007397678904037045,
        0.007761671469180165
    ],
    "timing": {
        "end_time": "2023-03-29T17:55:38.834135",
        "start_time": "2023-03-29T09:48:39.332499",
        "total_seconds": 29219.501636
    }
}