{
    "I_fc": [
        0.9,
        0.89290323118303,
        0.871724845015768,
        0.8367988372994263,
        0.7886760120394772,
        0.7281152949374528,
        0.6560717646792704,
        0.5736815907738206,
        0.4822441154810969,
        0.3832013624085654,
        0.27811529493745274,
        0.16864318312715207,
        0.05651146757638197,
        -0.05651146757638206,
        -0.16864318312715235,
        -0.2781152949374528,
        -0.38320136240856545,
        -0.4822441154810972,
        -0.5736815907738207,
        -0.6560717646792705,
        -0.7281152949374526,
        -0.7886760120394772,
        -0.8367988372994263,
        -0.871724845015768,
        -0.89290323118303,
        -0.9,
        -0.89290323118303,
        -0.871724845015768,
        -0.8367988372994262,
        -0.7886760120394771,
        -0.7281152949374525,
        -0.6560717646792704,
        -0.5736815907738206,
        -0.4822441154810967,
        -0.38320136240856495,
        -0.2781152949374528,
        -0.16864318312715218,
        -0.05651146757638189,
        0.05651146757638235,
        0.16864318312715262,
        0.2781152949374525,
        0.38320136240856534,
        0.4822441154810971,
        0.573681590773821,
        0.6560717646792708,
        0.728115294937453,
        0.7886760120394772,
        0.8367988372994263,
        0.8717248450157681,
        0.89290323118303,
        0.9,
        0.89290323118303,
        0.871724845015768,
        0.8367988372994263,
        0.788676012039477,
        0.7281152949374523,
        0.6560717646792699,
        0.5736815907738206,
        0.4822441154810968,
        0.38320136240856506,
        0.2781152949374522,
        0.16864318312715149,
        0.05651146757638199,
        -0.056511467576382236,
        -0.1686431831271525,
        -0.2781152949374524,
        -0.383201362408566,
        -0.482244115481097,
        -0.5736815907738215,
        -0.6560717646792706,
        -0.7281152949374525,
        -0.7886760120394776,
        -0.8367988372994263,
        -0.8717248450157683,
        -0.89290323118303,
        -0.9
    ],
    "args": {
        "I_fc": [
            0.9
        ],
        "current_units": "mA",
        "cycles": 1.5,
        "d": 0.2,
        "directory": "/scratch/users/lbvh/py-tdgl/results/17289543/42",
        "dt_init": 1e-06,
        "fc_center": [
            0,
            0,
            1
        ],
        "fc_radius": 2.4,
        "field_units": "mT",
        "film_points": 4000,
        "film_radius": 15.0,
        "film_shape": "box",
        "film_smooth": 100,
        "gamma": 1.0,
        "index": 42,
        "lam": 1.35,
        "max_edge_length": 0.5,
        "pl_center": null,
        "pl_radius": 0.8,
        "points_per_cycle": 51.0,
        "save_every": 500,
        "screening": false,
        "seed_solutions": true,
        "slot_radius": 0.1,
        "slot_size": [
            2.0,
            50.0
        ],
        "slot_top_center_x": [
            -10.0,
            10.0,
            101.0
        ],
        "slot_top_center_y": [
            5.0,
            5.0,
            101.0
        ],
        "solve_time": [
            10000.0,
            2000.0
        ],
        "squid_angle": 180.0,
        "squid_iterations": 5,
        "squid_points": 4000,
        "squid_position": [
            0.0,
            0.0,
            0.5
        ],
        "squid_smooth": 100,
        "squid_type": "hypres-small",
        "xi": 0.9
    },
    "film_fluxoid": [
        -0.0007658616672326634,
        -0.0007598228921741067,
        -0.0007418017637791859,
        -0.0007120823763677696,
        -0.0006711332569713018,
        -0.0006195999994110571,
        -0.0005582951110274082,
        -0.00048818522721189934,
        -0.0004103758923798648,
        -0.00032609414300361017,
        -0.0002366691655144126,
        -0.00014351133232829867,
        -4.808994726360482e-05,
        4.808994726236794e-05,
        0.0001435113323313732,
        0.00023666916551584385,
        0.00032609414300304476,
        0.0004103758923915622,
        0.0004881852272080915,
        0.0005582951110350062,
        0.0006195999994211643,
        0.0006711332569434985,
        0.0007120823763600656,
        0.0007418017637708104,
        0.0007598228921860161,
        0.000765861667251146,
        0.0007598228921697599,
        0.0007418017637895007,
        0.0007120823763620799,
        0.0006711332569431451,
        0.0006195999994204222,
        0.0005582951110242231,
        0.00048818522723508207,
        0.0004103758923799355,
        0.00032609414301081947,
        0.00023666916550760974,
        0.00014351133232260902,
        4.8089947266361305e-05,
        -4.808994726284502e-05,
        -0.00014351133232656704,
        -0.00023666916550600181,
        -0.00032609414300859306,
        -0.0004103758923829747,
        -0.000488185227232891,
        -0.00055829511102656,
        -0.0006195999994163228,
        -0.0006711332569708866,
        -0.0007120823763817817,
        -0.0007418017637861124,
        -0.0007598228921757322,
        -0.0007658616672561996,
        -0.0007598228921930663,
        -0.0007418017637837094,
        -0.0007120823763749789,
        -0.0006711332569749683,
        -0.0006195999993899065,
        -0.0005582951110294579,
        -0.0004881852272223598,
        -0.00041037589238382286,
        -0.0003260941430108548,
        -0.0002366691655106136,
        -0.0001435113323243053,
        -4.808994726176717e-05,
        4.808994726272133e-05,
        0.0001435113323251888,
        0.00023666916550375773,
        0.00032609414301021866,
        0.00041037589237702,
        0.00048818522722198876,
        0.0005582951110277969,
        0.0006195999993895354,
        0.0006711332569511318,
        0.000712082376408198,
        0.0007418017638158418,
        0.0007598228921835776,
        0.0007658616672225917
    ],