{
    "I_fc": [
        1.75,
        1.7362007273003364,
        1.6950205319751044,
        1.62710885030444,
        1.5335366900767613,
        1.415779740156158,
        1.2756950979874702,
        1.115491982060207,
        0.937696891213244,
        0.7451137602388771,
        0.540779740156158,
        0.3279173005250179,
        0.10988340917629828,
        -0.10988340917629845,
        -0.32791730052501844,
        -0.5407797401561583,
        -0.7451137602388772,
        -0.9376968912132445,
        -1.115491982060207,
        -1.2756950979874704,
        -1.4157797401561578,
        -1.5335366900767613,
        -1.62710885030444,
        -1.6950205319751044,
        -1.7362007273003364,
        -1.75,
        -1.7362007273003364,
        -1.6950205319751044,
        -1.6271088503044397,
        -1.533536690076761,
        -1.4157797401561576,
        -1.2756950979874702,
        -1.1154919820602067,
        -0.9376968912132435,
        -0.7451137602388763,
        -0.5407797401561583,
        -0.3279173005250181,
        -0.10988340917629812,
        0.10988340917629902,
        0.327917300525019,
        0.5407797401561576,
        0.7451137602388771,
        0.9376968912132444,
        1.1154919820602074,
        1.2756950979874708,
        1.4157797401561587,
        1.5335366900767613,
        1.62710885030444,
        1.6950205319751046,
        1.7362007273003364,
        1.75,
        1.7362007273003364,
        1.6950205319751044,
        1.62710885030444,
        1.5335366900767609,
        1.4157797401561574,
        1.2756950979874693,
        1.115491982060207,
        0.9376968912132437,
        0.7451137602388764,
        0.5407797401561569,
        0.3279173005250168,
        0.10988340917629831,
        -0.1098834091762988,
        -0.3279173005250188,
        -0.5407797401561575,
        -0.7451137602388783,
        -0.9376968912132442,
        -1.1154919820602085,
        -1.2756950979874706,
        -1.4157797401561576,
        -1.5335366900767617,
        -1.62710885030444,
        -1.695020531975105,
        -1.7362007273003364,
        -1.75
    ],
    "args": {
        "I_fc": [
            1.75
        ],
        "current_units": "mA",
        "cycles": 1.5,
        "d": 0.2,
        "directory": "/scratch/users/lbvh/py-tdgl/results/17223199/12",
        "dt_init": 1e-06,
        "fc_center": [
            0,
            0,
            1
        ],
        "fc_radius": 2.4,
        "field_units": "mT",
        "film_points": 4000,
        "film_radius": 15.0,
        "film_shape": "box",
        "film_smooth": 100,
        "gamma": 1.0,
        "index": 12,
        "lam": 1.35,
        "max_edge_length": 0.5,
        "pl_center": null,
        "pl_radius": 0.8,
        "points_per_cycle": 51.0,
        "save_every": 500,
        "screening": false,
        "seed_solutions": true,
        "slot_radius": 0.1,
        "slot_size": [
            2.0,
            50.0
        ],
        "slot_top_center_x": [
            -10.0,
            10.0,
            101.0
        ],
        "slot_top_center_y": [
            -1.0,
            -1.0,
            101.0
        ],
        "solve_time": [
            10000.0,
            2000.0
        ],
        "squid_angle": 180.0,
        "squid_iterations": 5,
        "squid_points": 4000,
        "squid_position": [
            0.0,
            0.0,
            0.5
        ],
        "squid_smooth": 100,
        "squid_type": "hypres-small",
        "xi": 0.9
    },
    "film_fluxoid": [
        0.9989989747243515,
        0.9990068668246929,
        0.9990304186354321,
        0.9990692586573677,
        0.9991227742621069,
        0.9991901213776083,
        0.9992702378171927,
        0.9993618600343451,
        0.9994635430287755,
        0.9995736830531581,
        0.9996905425680376,
        0.9998122751184217,
        -6.284390607421272e-05,
        6.284390607400068e-05,
        0.00018754073901556883,
        0.00030928026378190267,
        0.0004261427937871603,
        0.0005362855645860062,
        0.0006379718089011658,
        0.0007295981916140109,
        0.0008097202929752793,
        0.000877077420375206,
        -0.9990692586573684,
        -0.9990304186354321,
        -0.9990068668246922,
        -0.9989989747243514,
        -0.9990068668246929,
        -0.9990304186354321,
        -0.9990692586573676,
        -0.9991227742621067,
        -0.9991901213776083,
        -0.9992702378171927,
        -0.999361860034345,
        -0.9994635430287755,
        -0.9995736830531582,
        -0.999690542568037,
        -0.9998122751184229,
        6.284390607399184e-05,
        -6.284390607401835e-05,
        -0.00018754073901570135,
        -0.00030928026378225607,
        -0.0004261427937878671,
        -0.0005362855645864314,
        -0.0006379718089007416,
        -0.0007295981916136376,
        -0.0008097202929737244,
        -0.0008770774203750646,
        0.9990692586573683,
        0.9990304186354322,
        0.9990068668246929,
        0.9989989747243511,
        0.9990068668246925,
        0.9990304186354324,
        0.9990692586573684,
        0.9991227742621067,
        0.9991901213776083,
        0.9992702378171927,
        0.9993618600343451,
        0.9994635430287753,
        0.9995736830531579,
        0.9996905425680378,
        0.9998122751184206,
        -6.284390607412437e-05,
        6.284390607405368e-05,
        0.00018754073901503874,
        0.0003092802637813372,
        0.0004261427937889273,
        0.0005362855645871205,
        0.000637971808901307,
        0.0007295981916130899,
        0.0008097202929761629,
        0.0008770774203724495,
        -0.9990692586573682,
        -0.9990304186354323,
        -0.9990068668246921,
        -0.9989989747243514
    ],