{
    "I_fc": [
        0.9,
        0.89290323118303,
        0.871724845015768,
        0.8367988372994263,
        0.7886760120394772,
        0.7281152949374528,
        0.6560717646792704,
        0.5736815907738206,
        0.4822441154810969,
        0.3832013624085654,
        0.27811529493745274,
        0.16864318312715207,
        0.05651146757638197,
        -0.05651146757638206,
        -0.16864318312715235,
        -0.2781152949374528,
        -0.38320136240856545,
        -0.4822441154810972,
        -0.5736815907738207,
        -0.6560717646792705,
        -0.7281152949374526,
        -0.7886760120394772,
        -0.8367988372994263,
        -0.871724845015768,
        -0.89290323118303,
        -0.9,
        -0.89290323118303,
        -0.871724845015768,
        -0.8367988372994262,
        -0.7886760120394771,
        -0.7281152949374525,
        -0.6560717646792704,
        -0.5736815907738206,
        -0.4822441154810967,
        -0.38320136240856495,
        -0.2781152949374528,
        -0.16864318312715218,
        -0.05651146757638189,
        0.05651146757638235,
        0.16864318312715262,
        0.2781152949374525,
        0.38320136240856534,
        0.4822441154810971,
        0.573681590773821,
        0.6560717646792708,
        0.728115294937453,
        0.7886760120394772,
        0.8367988372994263,
        0.8717248450157681,
        0.89290323118303,
        0.9,
        0.89290323118303,
        0.871724845015768,
        0.8367988372994263,
        0.788676012039477,
        0.7281152949374523,
        0.6560717646792699,
        0.5736815907738206,
        0.4822441154810968,
        0.38320136240856506,
        0.2781152949374522,
        0.16864318312715149,
        0.05651146757638199,
        -0.056511467576382236,
        -0.1686431831271525,
        -0.2781152949374524,
        -0.383201362408566,
        -0.482244115481097,
        -0.5736815907738215,
        -0.6560717646792706,
        -0.7281152949374525,
        -0.7886760120394776,
        -0.8367988372994263,
        -0.8717248450157683,
        -0.89290323118303,
        -0.9
    ],
    "args": {
        "I_fc": [
            0.9
        ],
        "current_units": "mA",
        "cycles": 1.5,
        "d": 0.2,
        "directory": "/scratch/users/lbvh/py-tdgl/results/17289543/19",
        "dt_init": 1e-06,
        "fc_center": [
            0,
            0,
            1
        ],
        "fc_radius": 2.4,
        "field_units": "mT",
        "film_points": 4000,
        "film_radius": 15.0,
        "film_shape": "box",
        "film_smooth": 100,
        "gamma": 1.0,
        "index": 19,
        "lam": 1.35,
        "max_edge_length": 0.5,
        "pl_center": null,
        "pl_radius": 0.8,
        "points_per_cycle": 51.0,
        "save_every": 500,
        "screening": false,
        "seed_solutions": true,
        "slot_radius": 0.1,
        "slot_size": [
            2.0,
            50.0
        ],
        "slot_top_center_x": [
            -10.0,
            10.0,
            101.0
        ],
        "slot_top_center_y": [
            5.0,
            5.0,
            101.0
        ],
        "solve_time": [
            10000.0,
            2000.0
        ],
        "squid_angle": 180.0,
        "squid_iterations": 5,
        "squid_points": 4000,
        "squid_position": [
            0.0,
            0.0,
            0.5
        ],
        "squid_smooth": 100,
        "squid_type": "hypres-small",
        "xi": 0.9
    },
    "film_fluxoid": [
        -0.0003851652277033261,
        -0.0003821280784669523,
        -0.00037306452997105743,
        -0.0003581175238506905,
        -0.00033752278845227605,
        -0.0003116051197799265,
        -0.00028077325831966395,
        -0.00024551344265613505,
        -0.00020638174137900823,
        -0.00016399528396682673,
        -0.00011902252874185207,
        -7.217272124984757e-05,
        -2.4184709254798197e-05,
        2.4184709254851204e-05,
        7.217272124984977e-05,
        0.00011902252874192275,
        0.00016399528396679138,
        0.00020638174137904355,
        0.0002455134426561439,
        0.00028077325831966395,
        0.0003116051197799265,
        0.00033752278845220536,
        0.0003581175238507612,
        0.0003730645299710221,
        0.00038212807846691696,
        0.0003851652277034675,
        0.00038212807846694347,
        0.00037306452997088076,
        0.00035811752385072585,
        0.00033752278845220536,
        0.00031160511977989115,
        0.0002807732583196728,
        0.00024551344265613505,
        0.00020638174137904355,
        0.0001639952839667958,
        0.00011902252874185207,
        7.21727212498056e-05,
        2.4184709254815866e-05,
        -2.4184709254815866e-05,
        -7.217272124987628e-05,
        -0.00011902252874185207,
        -0.00016399528396680906,
        -0.0002063817413789729,
        -0.0002455134426561704,
        -0.0002807732583196816,
        -0.00031160511977990605,
        -0.0003375227884522584,
        -0.0003581175238506905,
        -0.00037306452997101216,
        -0.000382128078467129,
        -0.0003851652277035382,
        -0.0003821280784669523,
        -0.00037306452997105743,
        -0.0003581175238506905,
        -0.00033752278845227605,
        -0.0003116051197799265,
        -0.00028077325831966395,
        -0.00024551344265618806,
        -0.0002063817413789729,
        -0.00016399528396679138,
        -0.00011902252874188742,
        -7.217272124984977e-05,
        -2.4184709254762855e-05,
        2.4184709254762855e-05,
        7.21727212498321e-05,
        0.00011902252874192275,
        0.00016399528396679138,
        0.00020638174137904355,
        0.00024551344265613944,
        0.00028077325831966395,
        0.0003116051197799265,
        0.00033752278845227605,
        0.0003581175238506905,
        0.0003730645299709868,
        0.0003821280784669523,
        0.0003851652277035205
    ],