{
    "I_fc": [
        1.0,
        0.9921147013144779,
        0.9685831611286311,
        0.9297764858882513,
        0.8763066800438636,
        0.8090169943749475,
        0.7289686274214116,
        0.6374239897486896,
        0.5358267949789965,
        0.42577929156507266,
        0.30901699437494745,
        0.18738131458572452,
        0.0627905195293133,
        -0.0627905195293134,
        -0.18738131458572482,
        -0.30901699437494756,
        -0.4257792915650727,
        -0.5358267949789969,
        -0.6374239897486897,
        -0.7289686274214117,
        -0.8090169943749473,
        -0.8763066800438636,
        -0.9297764858882515,
        -0.9685831611286311,
        -0.9921147013144779,
        -1.0,
        -0.9921147013144779,
        -0.9685831611286311,
        -0.9297764858882512,
        -0.8763066800438635,
        -0.8090169943749472,
        -0.7289686274214116,
        -0.6374239897486895,
        -0.5358267949789963,
        -0.42577929156507216,
        -0.30901699437494756,
        -0.18738131458572463,
        -0.06279051952931321,
        0.06279051952931372,
        0.18738131458572513,
        0.30901699437494723,
        0.4257792915650726,
        0.5358267949789968,
        0.63742398974869,
        0.7289686274214119,
        0.8090169943749478,
        0.8763066800438636,
        0.9297764858882515,
        0.9685831611286312,
        0.9921147013144779,
        1.0,
        0.9921147013144779,
        0.9685831611286311,
        0.9297764858882513,
        0.8763066800438634,
        0.809016994374947,
        0.728968627421411,
        0.6374239897486896,
        0.5358267949789964,
        0.42577929156507227,
        0.30901699437494684,
        0.18738131458572388,
        0.06279051952931332,
        -0.0627905195293136,
        -0.18738131458572502,
        -0.3090169943749471,
        -0.4257792915650733,
        -0.5358267949789967,
        -0.6374239897486905,
        -0.7289686274214118,
        -0.8090169943749472,
        -0.8763066800438639,
        -0.9297764858882515,
        -0.9685831611286314,
        -0.9921147013144779,
        -1.0
    ],
    "args": {
        "I_fc": [
            1.0
        ],
        "current_units": "mA",
        "cycles": 1.5,
        "d": 0.2,
        "directory": "/scratch/users/lbvh/py-tdgl/results/17223926/10",
        "dt_init": 1e-06,
        "fc_center": [
            0,
            0,
            1
        ],
        "fc_radius": 2.4,
        "field_units": "mT",
        "film_points": 4000,
        "film_radius": 15.0,
        "film_shape": "box",
        "film_smooth": 100,
        "gamma": 1.0,
        "index": 10,
        "lam": 1.35,
        "max_edge_length": 0.5,
        "pl_center": null,
        "pl_radius": 0.8,
        "points_per_cycle": 51.0,
        "save_every": 500,
        "screening": false,
        "seed_solutions": true,
        "slot_radius": 0.1,
        "slot_size": [
            2.0,
            50.0
        ],
        "slot_top_center_x": [
            -10.0,
            10.0,
            101.0
        ],
        "slot_top_center_y": [
            5.0,
            5.0,
            101.0
        ],
        "solve_time": [
            10000.0,
            2000.0
        ],
        "squid_angle": 180.0,
        "squid_iterations": 5,
        "squid_points": 4000,
        "squid_position": [
            0.0,
            0.0,
            0.5
        ],
        "squid_smooth": 100,
        "squid_type": "hypres-small",
        "xi": 0.9
    },
    "film_fluxoid": [
        0.0001859170678280502,
        0.00018445064473233925,
        0.00018007444885264915,
        0.00017293095857429585,
        0.00016292014901895632,
        0.0001504099461974405,
        0.00013552756542114245,
        0.0001185077001522693,
        9.961928597678997e-05,
        7.915928533694215e-05,
        5.7646812611631464e-05,
        3.483733603501445e-05,
        1.1764547463313106e-05,
        -1.167365586459413e-05,
        -3.4837205354292035e-05,
        -5.745134021004078e-05,
        -7.917305853466717e-05,
        -9.955253941278883e-05,
        -0.00011850793158310431,
        -0.00013552805535526981,
        -0.00015058459010201109,
        -0.00016270844920460945,
        -0.0001728648404773156,
        -0.00018009429988830803,
        -0.00018445091776316853,
        -0.00018591674562218793,
        -0.00018445033820684123,
        -0.00018006931905606937,
        -0.0001728499137869496,
        -0.00016292292975268193,
        -0.0001504098704015712,
        -0.0001355274565313543,
        -0.00011850715286227168,
        -9.961855751906694e-05,
        -7.937081282488718e-05,
        -5.745140873198152e-05,
        -3.484306397444699e-05,
        -1.1674138215930736e-05,
        1.1673728723927965e-05,
        3.483786199357075e-05,
        5.745147869489022e-05,
        7.917010947535064e-05,
        9.961935346368987e-05,
        0.00011871017242440057,
        0.00013554079584811998,
        0.00015042783716665145,
        0.00016271996805909333,
        0.00017285975487198982,
        0.00018007605458174295,
        0.0001844567937034404,
        0.000186021209503832,
        0.00018446495663244057,
        0.0001800774924825079,
        0.0001730465185590646,
        0.00016292095348555746,
        0.00015039649887861484,
        0.00013552768178198284,
        0.00011850938418900479,
        9.96192058904761e-05,
        7.914187469621239e-05,
        5.745557271000043e-05,
        3.483836747222845e-05,
        1.1672359644800363e-05,
        -1.1744485732357103e-05,
        -3.486799376074438e-05,
        -5.745137932188713e-05,
        -7.916896067378927e-05,
        -9.961965422520999e-05,
        -0.00011850768216201392,
        -0.0001355276146025189,
        -0.00015040976562554783,
        -0.00016291744849655806,
        -0.0001728610631041997,
        -0.00018006341984180588,
        -0.0001844513994145661,
        -0.00018591676212963777
    ],