{
    "I_fc": [
        0.9,
        0.89290323118303,
        0.871724845015768,
        0.8367988372994263,
        0.7886760120394772,
        0.7281152949374528,
        0.6560717646792704,
        0.5736815907738206,
        0.4822441154810969,
        0.3832013624085654,
        0.27811529493745274,
        0.16864318312715207,
        0.05651146757638197,
        -0.05651146757638206,
        -0.16864318312715235,
        -0.2781152949374528,
        -0.38320136240856545,
        -0.4822441154810972,
        -0.5736815907738207,
        -0.6560717646792705,
        -0.7281152949374526,
        -0.7886760120394772,
        -0.8367988372994263,
        -0.871724845015768,
        -0.89290323118303,
        -0.9,
        -0.89290323118303,
        -0.871724845015768,
        -0.8367988372994262,
        -0.7886760120394771,
        -0.7281152949374525,
        -0.6560717646792704,
        -0.5736815907738206,
        -0.4822441154810967,
        -0.38320136240856495,
        -0.2781152949374528,
        -0.16864318312715218,
        -0.05651146757638189,
        0.05651146757638235,
        0.16864318312715262,
        0.2781152949374525,
        0.38320136240856534,
        0.4822441154810971,
        0.573681590773821,
        0.6560717646792708,
        0.728115294937453,
        0.7886760120394772,
        0.8367988372994263,
        0.8717248450157681,
        0.89290323118303,
        0.9,
        0.89290323118303,
        0.871724845015768,
        0.8367988372994263,
        0.788676012039477,
        0.7281152949374523,
        0.6560717646792699,
        0.5736815907738206,
        0.4822441154810968,
        0.38320136240856506,
        0.2781152949374522,
        0.16864318312715149,
        0.05651146757638199,
        -0.056511467576382236,
        -0.1686431831271525,
        -0.2781152949374524,
        -0.383201362408566,
        -0.482244115481097,
        -0.5736815907738215,
        -0.6560717646792706,
        -0.7281152949374525,
        -0.7886760120394776,
        -0.8367988372994263,
        -0.8717248450157683,
        -0.89290323118303,
        -0.9
    ],
    "args": {
        "I_fc": [
            0.9
        ],
        "current_units": "mA",
        "cycles": 1.5,
        "d": 0.2,
        "directory": "/scratch/users/lbvh/py-tdgl/results/17289543/4",
        "dt_init": 1e-06,
        "fc_center": [
            0,
            0,
            1
        ],
        "fc_radius": 2.4,
        "field_units": "mT",
        "film_points": 4000,
        "film_radius": 15.0,
        "film_shape": "box",
        "film_smooth": 100,
        "gamma": 1.0,
        "index": 4,
        "lam": 1.35,
        "max_edge_length": 0.5,
        "pl_center": null,
        "pl_radius": 0.8,
        "points_per_cycle": 51.0,
        "save_every": 500,
        "screening": false,
        "seed_solutions": true,
        "slot_radius": 0.1,
        "slot_size": [
            2.0,
            50.0
        ],
        "slot_top_center_x": [
            -10.0,
            10.0,
            101.0
        ],
        "slot_top_center_y": [
            5.0,
            5.0,
            101.0
        ],
        "solve_time": [
            10000.0,
            2000.0
        ],
        "squid_angle": 180.0,
        "squid_iterations": 5,
        "squid_points": 4000,
        "squid_position": [
            0.0,
            0.0,
            0.5
        ],
        "squid_smooth": 100,
        "squid_type": "hypres-small",
        "xi": 0.9
    },
    "film_fluxoid": [
        0.0001883159822547838,
        0.00018683105434412695,
        0.00018239968883163604,
        0.00017509177105372051,
        0.00016502255132402945,
        0.00015235082735603475,
        0.00013727643991468097,
        0.00012003712119309418,
        0.00010090474561933485,
        8.018104222327453e-05,
        5.819283618344031e-05,
        3.528689459813853e-05,
        1.1824457767978579e-05,
        -1.1824457767907899e-05,
        -3.5286894598067846e-05,
        -5.819283618340496e-05,
        -8.018104222329219e-05,
        -0.00010090474561921117,
        -0.0001200371211930235,
        -0.00013727643991468097,
        -0.00015235082735606787,
        -0.00016502255132395878,
        -0.00017509177105372051,
        -0.00018239968883160073,
        -0.00018683105434412695,
        -0.0001883159822548037,
        -0.00018683105434412695,
        -0.00018239968883160073,
        -0.00017509177105368517,
        -0.00016502255132402945,
        -0.00015235082735609438,
        -0.00013727643991482235,
        -0.00012003712119305885,
        -0.00010090474561931277,
        -8.018104222336288e-05,
        -5.8192836183510984e-05,
        -3.528689459813853e-05,
        -1.1824457767978579e-05,
        1.1824457767978579e-05,
        3.528689459799717e-05,
        5.819283618340496e-05,
        8.018104222338054e-05,
        0.00010090474561928185,
        0.00012003712119316485,
        0.00013727643991482235,
        0.00015235082735604136,
        0.0001650225513238881,
        0.00017509177105372051,
        0.0001823996888314947,
        0.00018683105434412695,
        0.00018831598225476615,
        0.00018683105434412695,
        0.00018239968883158305,
        0.00017509177105372051,
        0.00016502255132402945,
        0.00015235082735608554,
        0.00013727643991475166,
        0.00012003712119309418,
        0.00010090474561928185,
        8.018104222330986e-05,
        5.819283618344031e-05,
        3.5286894598209205e-05,
        1.1824457767907899e-05,
        -1.1824457767907899e-05,
        -3.5286894598067846e-05,
        -5.819283618344031e-05,
        -8.01810422233452e-05,
        -0.0001009047456193702,
        -0.00012003712119309418,
        -0.00013727643991468097,
        -0.00015235082735604136,
        -0.00016502255132402945,
        -0.00017509177105368517,
        -0.00018239968883156538,
        -0.0001868310543440563,
        -0.00018831598225478601
    ],