{
    "I_fc": [
        0.9,
        0.89290323118303,
        0.871724845015768,
        0.8367988372994263,
        0.7886760120394772,
        0.7281152949374528,
        0.6560717646792704,
        0.5736815907738206,
        0.4822441154810969,
        0.3832013624085654,
        0.27811529493745274,
        0.16864318312715207,
        0.05651146757638197,
        -0.05651146757638206,
        -0.16864318312715235,
        -0.2781152949374528,
        -0.38320136240856545,
        -0.4822441154810972,
        -0.5736815907738207,
        -0.6560717646792705,
        -0.7281152949374526,
        -0.7886760120394772,
        -0.8367988372994263,
        -0.871724845015768,
        -0.89290323118303,
        -0.9,
        -0.89290323118303,
        -0.871724845015768,
        -0.8367988372994262,
        -0.7886760120394771,
        -0.7281152949374525,
        -0.6560717646792704,
        -0.5736815907738206,
        -0.4822441154810967,
        -0.38320136240856495,
        -0.2781152949374528,
        -0.16864318312715218,
        -0.05651146757638189,
        0.05651146757638235,
        0.16864318312715262,
        0.2781152949374525,
        0.38320136240856534,
        0.4822441154810971,
        0.573681590773821,
        0.6560717646792708,
        0.728115294937453,
        0.7886760120394772,
        0.8367988372994263,
        0.8717248450157681,
        0.89290323118303,
        0.9,
        0.89290323118303,
        0.871724845015768,
        0.8367988372994263,
        0.788676012039477,
        0.7281152949374523,
        0.6560717646792699,
        0.5736815907738206,
        0.4822441154810968,
        0.38320136240856506,
        0.2781152949374522,
        0.16864318312715149,
        0.05651146757638199,
        -0.056511467576382236,
        -0.1686431831271525,
        -0.2781152949374524,
        -0.383201362408566,
        -0.482244115481097,
        -0.5736815907738215,
        -0.6560717646792706,
        -0.7281152949374525,
        -0.7886760120394776,
        -0.8367988372994263,
        -0.8717248450157683,
        -0.89290323118303,
        -0.9
    ],
    "args": {
        "I_fc": [
            0.9
        ],
        "current_units": "mA",
        "cycles": 1.5,
        "d": 0.2,
        "directory": "/scratch/users/lbvh/py-tdgl/results/17289543/95",
        "dt_init": 1e-06,
        "fc_center": [
            0,
            0,
            1
        ],
        "fc_radius": 2.4,
        "field_units": "mT",
        "film_points": 4000,
        "film_radius": 15.0,
        "film_shape": "box",
        "film_smooth": 100,
        "gamma": 1.0,
        "index": 95,
        "lam": 1.35,
        "max_edge_length": 0.5,
        "pl_center": null,
        "pl_radius": 0.8,
        "points_per_cycle": 51.0,
        "save_every": 500,
        "screening": false,
        "seed_solutions": true,
        "slot_radius": 0.1,
        "slot_size": [
            2.0,
            50.0
        ],
        "slot_top_center_x": [
            -10.0,
            10.0,
            101.0
        ],
        "slot_top_center_y": [
            5.0,
            5.0,
            101.0
        ],
        "solve_time": [
            10000.0,
            2000.0
        ],
        "squid_angle": 180.0,
        "squid_iterations": 5,
        "squid_points": 4000,
        "squid_position": [
            0.0,
            0.0,
            0.5
        ],
        "squid_smooth": 100,
        "squid_type": "hypres-small",
        "xi": 0.9
    },
    "film_fluxoid": [
        -0.0007362481950715559,
        -0.0007304458091385654,
        -0.0007131296499944716,
        -0.0006845713759547293,
        -0.0006452192892622193,
        -0.000595691640811609,
        -0.000536767272889323,
        -0.0004693736764446853,
        -0.0003945725740059603,
        -0.0003135432699244164,
        -0.00022756402579916118,
        -0.00013799179288935998,
        -4.624065507463382e-05,
        4.6240655038092775e-05,
        0.00013799179304054235,
        0.0002275640257012708,
        0.0003135432698117011,
        0.0003945725740301149,
        0.0004693736767090424,
        0.0005367672726161839,
        0.0005956916408114677,
        0.0006452192892622546,
        0.0006845713759544995,
        0.0007131296499945113,
        0.0007304458091384947,
        0.0007362481950716266,
        0.0007304458091385654,
        0.0007131296499945113,
        0.0006845713759545172,
        0.0006452192892622193,
        0.000595691640811609,
        0.000536767272601094,
        0.0004693736765732681,
        0.0003945725742993135,
        0.00031354326993957704,
        0.0002275640257576726,
        0.0001379917929690152,
        4.6240655061840916e-05,
        -4.624065502098846e-05,
        -0.0001379917929830803,
        -0.0002275640258028365,
        -0.0003135432697966641,
        -0.00039457257428172324,
        -0.00046937367692468404,
        -0.0005367672726249835,
        -0.0005956916408114368,
        -0.0006452192892621839,
        -0.0006845713759544995,
        -0.0007131296499944406,
        -0.0007304458091383887,
        -0.0007362481950715913,
        -0.0007304458091384947,
        -0.0007131296499944539,
        -0.0006845713759543758,
        -0.0006452192892622193,
        -0.0005956916408115737,
        -0.0005367672727239341,
        -0.0004693736766276556,
        -0.00039457257410164203,
        -0.0003135432699057925,
        -0.0002275640257721618,
        -0.0001379917929837871,
        -4.624065505470234e-05,
        4.624065505689339e-05,
        0.00013799179290816058,
        0.00022756402581435717,
        0.00031354326993508893,
        0.0003945725742502092,
        0.0004693736764302138,
        0.0005367672727351367,
        0.0005956916408115737,
        0.0006452192892622546,
        0.0006845713759545526,
        0.000713129649994476,
        0.000730445809138424,
        0.0007362481950716266
    ],