{
    "I_fc": [
        1.1,
        1.0913261714459257,
        1.0654414772414942,
        1.0227541344770765,
        0.96393734804825,
        0.8899186938124423,
        0.8018654901635528,
        0.7011663887235586,
        0.5894094744768963,
        0.46835722072158,
        0.3399186938124422,
        0.206119446044297,
        0.06906957148224464,
        -0.06906957148224475,
        -0.20611944604429733,
        -0.33991869381244233,
        -0.46835722072158004,
        -0.5894094744768966,
        -0.7011663887235587,
        -0.8018654901635529,
        -0.8899186938124422,
        -0.96393734804825,
        -1.0227541344770767,
        -1.0654414772414942,
        -1.0913261714459257,
        -1.1,
        -1.0913261714459257,
        -1.0654414772414942,
        -1.0227541344770765,
        -0.9639373480482499,
        -0.889918693812442,
        -0.8018654901635528,
        -0.7011663887235585,
        -0.589409474476896,
        -0.4683572207215794,
        -0.33991869381244233,
        -0.2061194460442971,
        -0.06906957148224453,
        0.0690695714822451,
        0.20611944604429766,
        0.339918693812442,
        0.4683572207215799,
        0.5894094744768965,
        0.7011663887235591,
        0.8018654901635531,
        0.8899186938124426,
        0.96393734804825,
        1.0227541344770767,
        1.0654414772414944,
        1.0913261714459257,
        1.1,
        1.0913261714459257,
        1.0654414772414942,
        1.0227541344770765,
        0.9639373480482498,
        0.8899186938124418,
        0.8018654901635521,
        0.7011663887235586,
        0.5894094744768962,
        0.46835722072157954,
        0.33991869381244155,
        0.20611944604429627,
        0.06906957148224466,
        -0.06906957148224496,
        -0.20611944604429752,
        -0.33991869381244183,
        -0.4683572207215807,
        -0.5894094744768964,
        -0.7011663887235596,
        -0.801865490163553,
        -0.889918693812442,
        -0.9639373480482504,
        -1.0227541344770767,
        -1.0654414772414946,
        -1.0913261714459257,
        -1.1
    ],
    "args": {
        "I_fc": [
            1.1
        ],
        "current_units": "mA",
        "cycles": 1.5,
        "d": 0.2,
        "directory": "/scratch/users/lbvh/py-tdgl/results/17223196/84",
        "dt_init": 1e-06,
        "fc_center": [
            0,
            0,
            1
        ],
        "fc_radius": 2.4,
        "field_units": "mT",
        "film_points": 4000,
        "film_radius": 15.0,
        "film_shape": "box",
        "film_smooth": 100,
        "gamma": 1.0,
        "index": 84,
        "lam": 1.35,
        "max_edge_length": 0.5,
        "pl_center": null,
        "pl_radius": 0.8,
        "points_per_cycle": 51.0,
        "save_every": 500,
        "screening": false,
        "seed_solutions": true,
        "slot_radius": 0.1,
        "slot_size": [
            2.0,
            50.0
        ],
        "slot_top_center_x": [
            -10.0,
            10.0,
            101.0
        ],
        "slot_top_center_y": [
            -1.0,
            -1.0,
            101.0
        ],
        "solve_time": [
            10000.0,
            2000.0
        ],
        "squid_angle": 180.0,
        "squid_iterations": 5,
        "squid_points": 4000,
        "squid_position": [
            0.0,
            0.0,
            0.5
        ],
        "squid_smooth": 100,
        "squid_type": "hypres-small",
        "xi": 0.9
    },
    "film_fluxoid": [
        -0.0008843263339216224,
        -0.0008773482836412095,
        -0.0008565255944529273,
        -0.0008221902136263885,
        -0.0007748878041148937,
        -0.0007153677445471485,
        -0.0006445706744535872,
        -0.0005636137385706317,
        -0.0004737733917569393,
        -0.0003764657035817705,
        -0.0002732243223082276,
        -0.00016567643699519927,
        -5.5517167006917e-05,
        5.551716700486731e-05,
        0.00016567643701343446,
        0.0002732243223136169,
        0.00037646570362020445,
        0.0004737733917749625,
        0.000563613738555312,
        0.0006445706744622807,
        0.0007153677444695606,
        0.0007748878041416104,
        0.0008221902136265828,
        0.0008565255945436438,
        0.0008773482836256424,
        0.0008843263339071686,
        0.000877348283575478,
        0.0008565255944749262,
        0.0008221902137000183,
        0.0007748878040197598,
        0.0007153677445098542,
        0.0006445706744962066,
        0.0005636137385877359,
        0.0004737733917442878,
        0.00037646570358603116,
        0.0002732243223022552,
        0.00016567643700216115,
        5.5517167003736446e-05,
        -5.5517167005856813e-05,
        -0.00016567643700064156,
        -0.00027322432229018236,
        -0.0003764657036190029,
        -0.00047377339175506635,
        -0.0005636137386113427,
        -0.0006445706744701614,
        -0.0007153677445603124,
        -0.0007748878040694537,
        -0.0008221902136332267,
        -0.0008565255945275643,
        -0.0008773482836360047,
        -0.0008843263338978744,
        -0.0008773482835790827,
        -0.0008565255944964126,
        -0.0008221902136055911,
        -0.0007748878040423771,
        -0.0007153677445074092,
        -0.0006445706744530925,
        -0.0005636137386046812,
        -0.0004737733917473977,
        -0.0003764657036074822,
        -0.00027322432230638994,
        -0.00016567643701520144,
        -5.551716700105065e-05,
        5.551716699999046e-05,
        0.00016567643699749634,
        0.0002732243223018179,
        0.0003764657036172359,
        0.000473773391808429,
        0.0005636137385736708,
        0.0006445706744208275,
        0.0007153677445733527,
        0.000774887804119912,
        0.0008221902136570455,
        0.0008565255945314518,
        0.0008773482836191665,
        0.0008843263339215165
    ],