{
    "I_fc": [
        1.5,
        1.4881720519717165,
        1.452874741692947,
        1.3946647288323768,
        1.3144600200657952,
        1.2135254915624214,
        1.0934529411321174,
        0.9561359846230344,
        0.8037401924684948,
        0.638668937347609,
        0.4635254915624213,
        0.2810719718785868,
        0.09418577929396993,
        -0.0941857792939701,
        -0.2810719718785873,
        -0.4635254915624214,
        -0.6386689373476091,
        -0.8037401924684952,
        -0.9561359846230344,
        -1.0934529411321174,
        -1.2135254915624212,
        -1.3144600200657954,
        -1.3946647288323772,
        -1.452874741692947,
        -1.4881720519717165,
        -1.5,
        -1.4881720519717165,
        -1.4528747416929468,
        -1.3946647288323768,
        -1.3144600200657952,
        -1.213525491562421,
        -1.0934529411321174,
        -0.9561359846230343,
        -0.8037401924684944,
        -0.6386689373476082,
        -0.4635254915624214,
        -0.281071971878587,
        -0.09418577929396979,
        0.09418577929397058,
        0.28107197187858773,
        0.46352549156242095,
        0.638668937347609,
        0.803740192468495,
        0.9561359846230348,
        1.0934529411321179,
        1.2135254915624218,
        1.3144600200657952,
        1.394664728832377,
        1.452874741692947,
        1.4881720519717165,
        1.5,
        1.4881720519717165,
        1.4528747416929468,
        1.3946647288323768,
        1.3144600200657948,
        1.2135254915624207,
        1.0934529411321168,
        0.9561359846230344,
        0.8037401924684945,
        0.6386689373476084,
        0.4635254915624204,
        0.28107197187858585,
        0.09418577929396998,
        -0.0941857792939704,
        -0.28107197187858757,
        -0.4635254915624207,
        -0.6386689373476099,
        -0.8037401924684948,
        -0.9561359846230357,
        -1.0934529411321179,
        -1.213525491562421,
        -1.3144600200657959,
        -1.394664728832377,
        -1.4528747416929473,
        -1.4881720519717165,
        -1.5
    ],
    "args": {
        "I_fc": [
            1.5
        ],
        "current_units": "mA",
        "cycles": 1.5,
        "d": 0.2,
        "directory": "/scratch/users/lbvh/py-tdgl/results/17223198/87",
        "dt_init": 1e-06,
        "fc_center": [
            0,
            0,
            1
        ],
        "fc_radius": 2.4,
        "field_units": "mT",
        "film_points": 4000,
        "film_radius": 15.0,
        "film_shape": "box",
        "film_smooth": 100,
        "gamma": 1.0,
        "index": 87,
        "lam": 1.35,
        "max_edge_length": 0.5,
        "pl_center": null,
        "pl_radius": 0.8,
        "points_per_cycle": 51.0,
        "save_every": 500,
        "screening": false,
        "seed_solutions": true,
        "slot_radius": 0.1,
        "slot_size": [
            2.0,
            50.0
        ],
        "slot_top_center_x": [
            -10.0,
            10.0,
            101.0
        ],
        "slot_top_center_y": [
            -1.0,
            -1.0,
            101.0
        ],
        "solve_time": [
            10000.0,
            2000.0
        ],
        "squid_angle": 180.0,
        "squid_iterations": 5,
        "squid_points": 4000,
        "squid_position": [
            0.0,
            0.0,
            0.5
        ],
        "squid_smooth": 100,
        "squid_type": "hypres-small",
        "xi": 0.9
    },
    "film_fluxoid": [
        -0.0008457055359666894,
        -0.000839025094037052,
        -0.0008191010362088131,
        -0.0007862692417640473,
        -0.0007410583914780511,
        -0.0006841778335365794,
        -0.0006165138878472368,
        -0.0005391232669031615,
        -0.00045321984664596534,
        -0.00036015588469103194,
        -0.0002613997066058483,
        -0.0001585113513966532,
        -5.311704113506862e-05,
        5.31170411349626e-05,
        0.00015851135139651184,
        0.00026139970660604266,
        0.00036015588469074923,
        0.0004532198466459755,
        0.0005391232669032322,
        0.0006165138878474842,
        0.0006841778335365794,
        0.0007410583914761428,
        0.0007862692417639766,
        0.0008191010362087601,
        0.0008390250940371757,
        0.0008457055359671754,
        0.0008390250940363982,
        0.000819101036209679,
        0.0007862692417641533,
        0.0007410583914757363,
        0.0006841778335374629,
        0.0006165138878471307,
        0.0005391232669031262,
        0.0004532198466459755,
        0.0003601558846911026,
        0.0002613997066058836,
        0.00015851135139654718,
        5.31170411349626e-05,
        -5.311704113506862e-05,
        -0.0001585113513961938,
        -0.0002613997066058836,
        -0.0003601558846908906,
        -0.00045321984664576346,
        -0.0005391232669031262,
        -0.0006165138878459822,
        -0.0006841778335366349,
        -0.0007410583914761472,
        -0.0007862692417641887,
        -0.000819101036208601,
        -0.0008390250940382888,
        -0.0008457055359667601,
        -0.0008390250940359123,
        -0.0008191010362082477,
        -0.0007862692417640473,
        -0.0007410583914761428,
        -0.0006841778335365794,
        -0.0006165138878471043,
        -0.0005391232669036209,
        -0.00045321984664603403,
        -0.00036015588469113797,
        -0.0002613997066054949,
        -0.00015851135139626445,
        -5.311704113503328e-05,
        5.311704113556337e-05,
        0.0001585113513964058,
        0.0002613997066057953,
        0.0003601558846905549,
        0.00045321984664618755,
        0.0005391232669030732,
        0.0006165138878472014,
        0.0006841778335367208,
        0.0007410583914762842,
        0.0007862692417640473,
        0.0008191010362087601,
        0.000839025094037317,
        0.0008457055359668308
    ],