{
    "I_fc": [
        0.9,
        0.89290323118303,
        0.871724845015768,
        0.8367988372994263,
        0.7886760120394772,
        0.7281152949374528,
        0.6560717646792704,
        0.5736815907738206,
        0.4822441154810969,
        0.3832013624085654,
        0.27811529493745274,
        0.16864318312715207,
        0.05651146757638197,
        -0.05651146757638206,
        -0.16864318312715235,
        -0.2781152949374528,
        -0.38320136240856545,
        -0.4822441154810972,
        -0.5736815907738207,
        -0.6560717646792705,
        -0.7281152949374526,
        -0.7886760120394772,
        -0.8367988372994263,
        -0.871724845015768,
        -0.89290323118303,
        -0.9,
        -0.89290323118303,
        -0.871724845015768,
        -0.8367988372994262,
        -0.7886760120394771,
        -0.7281152949374525,
        -0.6560717646792704,
        -0.5736815907738206,
        -0.4822441154810967,
        -0.38320136240856495,
        -0.2781152949374528,
        -0.16864318312715218,
        -0.05651146757638189,
        0.05651146757638235,
        0.16864318312715262,
        0.2781152949374525,
        0.38320136240856534,
        0.4822441154810971,
        0.573681590773821,
        0.6560717646792708,
        0.728115294937453,
        0.7886760120394772,
        0.8367988372994263,
        0.8717248450157681,
        0.89290323118303,
        0.9,
        0.89290323118303,
        0.871724845015768,
        0.8367988372994263,
        0.788676012039477,
        0.7281152949374523,
        0.6560717646792699,
        0.5736815907738206,
        0.4822441154810968,
        0.38320136240856506,
        0.2781152949374522,
        0.16864318312715149,
        0.05651146757638199,
        -0.056511467576382236,
        -0.1686431831271525,
        -0.2781152949374524,
        -0.383201362408566,
        -0.482244115481097,
        -0.5736815907738215,
        -0.6560717646792706,
        -0.7281152949374525,
        -0.7886760120394776,
        -0.8367988372994263,
        -0.8717248450157683,
        -0.89290323118303,
        -0.9
    ],
    "args": {
        "I_fc": [
            0.9
        ],
        "current_units": "mA",
        "cycles": 1.5,
        "d": 0.2,
        "directory": "/scratch/users/lbvh/py-tdgl/results/17289543/44",
        "dt_init": 1e-06,
        "fc_center": [
            0,
            0,
            1
        ],
        "fc_radius": 2.4,
        "field_units": "mT",
        "film_points": 4000,
        "film_radius": 15.0,
        "film_shape": "box",
        "film_smooth": 100,
        "gamma": 1.0,
        "index": 44,
        "lam": 1.35,
        "max_edge_length": 0.5,
        "pl_center": null,
        "pl_radius": 0.8,
        "points_per_cycle": 51.0,
        "save_every": 500,
        "screening": false,
        "seed_solutions": true,
        "slot_radius": 0.1,
        "slot_size": [
            2.0,
            50.0
        ],
        "slot_top_center_x": [
            -10.0,
            10.0,
            101.0
        ],
        "slot_top_center_y": [
            5.0,
            5.0,
            101.0
        ],
        "solve_time": [
            10000.0,
            2000.0
        ],
        "squid_angle": 180.0,
        "squid_iterations": 5,
        "squid_points": 4000,
        "squid_position": [
            0.0,
            0.0,
            0.5
        ],
        "squid_smooth": 100,
        "squid_type": "hypres-small",
        "xi": 0.9
    },
    "film_fluxoid": [
        -0.0004516619185770518,
        -0.0004481006559305177,
        -0.0004374729994225332,
        -0.00041994646277906955,
        -0.00039579731275064215,
        -0.0003654062314907419,
        -0.0003292523360300205,
        -0.00028790564590708035,
        -0.0002420181145662062,
        -0.00019231336299961225,
        -0.00013957527529688692,
        -8.463563486770312e-05,
        -2.8360996608146428e-05,
        2.8360996608358464e-05,
        8.463563486791516e-05,
        0.00013957527529888362,
        0.00019231336300436097,
        0.00024201811456272084,
        0.0002879056459123813,
        0.00032925233603975655,
        0.00036540623150130844,
        0.00039579731274272606,
        0.0004199464627701287,
        0.0004374729994180274,
        0.0004481006559188866,
        0.0004516619185790131,
        0.00044810065592728416,
        0.00043747299942620846,
        0.000419946462781614,
        0.00039579731274011097,
        0.00036540623148893965,
        0.000329252336044068,
        0.00028790564591086166,
        0.00024201811456632988,
        0.00019231336300619864,
        0.00013957527530105698,
        8.463563486803029e-05,
        2.8360996607598665e-05,
        -2.8360996606724012e-05,
        -8.463563486664295e-05,
        -0.00013957527529738167,
        -0.00019231336300322129,
        -0.00024201811456528736,
        -0.00028790564589697325,
        -0.0003292523360277058,
        -0.0003654062314943112,
        -0.0003957973127433975,
        -0.00041994646276726617,
        -0.0004374729994281168,
        -0.000448100655918944,
        -0.0004516619185948452,
        -0.000448100655910711,
        -0.00043747299942797544,
        -0.00041994646277984703,
        -0.0003957973127420546,
        -0.0003654062314891163,
        -0.000329252336036682,
        -0.0002879056458991996,
        -0.00024201811456443922,
        -0.00019231336300104128,
        -0.00013957527529568538,
        -8.463563486826856e-05,
        -2.8360996608287787e-05,
        2.8360996608570503e-05,
        8.463563486706702e-05,
        0.00013957527529682507,
        0.00019231336300549185,
        0.00024201811456492513,
        0.0002879056459058788,
        0.0003292523360316285,
        0.0003654062315024393,
        0.0003957973127340679,
        0.00041994646277744395,
        0.0004374729994332764,
        0.00044810065593924655,
        0.0004516619185834305
    ],