{
    "I_fc": [
        1.5,
        1.4881720519717168,
        1.4528747416929466,
        1.394664728832377,
        1.3144600200657954,
        1.2135254915624212,
        1.0934529411321172,
        0.9561359846230344,
        0.8037401924684948,
        0.638668937347609,
        0.4635254915624212,
        0.2810719718785868,
        0.09418577929396996,
        -0.0941857792939701,
        -0.28107197187858723,
        -0.46352549156242134,
        -0.6386689373476091,
        -0.8037401924684953,
        -0.9561359846230346,
        -1.0934529411321174,
        -1.213525491562421,
        -1.3144600200657954,
        -1.3946647288323772,
        -1.4528747416929466,
        -1.4881720519717168,
        -1.5,
        -1.4881720519717168,
        -1.4528747416929466,
        -1.3946647288323768,
        -1.3144600200657952,
        -1.2135254915624207,
        -1.0934529411321172,
        -0.9561359846230343,
        -0.8037401924684945,
        -0.6386689373476082,
        -0.46352549156242134,
        -0.28107197187858696,
        -0.09418577929396982,
        0.09418577929397058,
        0.2810719718785877,
        0.46352549156242084,
        0.6386689373476089,
        0.8037401924684952,
        0.956135984623035,
        1.0934529411321179,
        1.2135254915624216,
        1.3144600200657954,
        1.3946647288323772,
        1.4528747416929468,
        1.4881720519717168,
        1.5,
        1.4881720519717168,
        1.4528747416929466,
        1.394664728832377,
        1.314460020065795,
        1.2135254915624205,
        1.0934529411321166,
        0.9561359846230344,
        0.8037401924684946,
        0.6386689373476084,
        0.4635254915624203,
        0.2810719718785858,
        0.09418577929396998,
        -0.0941857792939704,
        -0.2810719718785875,
        -0.4635254915624207,
        -0.63866893734761,
        -0.803740192468495,
        -0.9561359846230357,
        -1.0934529411321177,
        -1.2135254915624207,
        -1.3144600200657959,
        -1.3946647288323772,
        -1.452874741692947,
        -1.4881720519717168,
        -1.5
    ],
    "args": {
        "I_fc": [
            1.5
        ],
        "current_units": "mA",
        "cycles": 1.5,
        "d": 0.2,
        "directory": "/scratch/users/lbvh/py-tdgl/results/17223198/55",
        "dt_init": 1e-06,
        "fc_center": [
            0,
            0,
            1
        ],
        "fc_radius": 2.4,
        "field_units": "mT",
        "film_points": 4000,
        "film_radius": 15.0,
        "film_shape": "box",
        "film_smooth": 100,
        "gamma": 1.0,
        "index": 55,
        "lam": 1.35,
        "max_edge_length": 0.5,
        "pl_center": null,
        "pl_radius": 0.8,
        "points_per_cycle": 51.0,
        "save_every": 500,
        "screening": false,
        "seed_solutions": true,
        "slot_radius": 0.1,
        "slot_size": [
            2.0,
            50.0
        ],
        "slot_top_center_x": [
            -10.0,
            10.0,
            101.0
        ],
        "slot_top_center_y": [
            -1.0,
            -1.0,
            101.0
        ],
        "solve_time": [
            10000.0,
            2000.0
        ],
        "squid_angle": 180.0,
        "squid_iterations": 5,
        "squid_points": 4000,
        "squid_position": [
            0.0,
            0.0,
            0.5
        ],
        "squid_smooth": 100,
        "squid_type": "hypres-small",
        "xi": 0.9
    },
    "film_fluxoid": [
        0.9988610408764641,
        0.9988699273664898,
        0.9988964442972571,
        0.9989401710035754,
        0.9990004293272134,
        0.9990763228795568,
        0.9991668396902793,
        0.9992719062592949,
        -0.0006020481819298173,
        -0.00047795409453032573,
        -0.00034668479215404103,
        -0.00021015045105961732,
        -7.040901529817535e-05,
        7.04090152986701e-05,
        0.0002101504510561894,
        0.0003466847921533696,
        0.00047795409453060844,
        0.00060204818193041,
        0.0007174575427615053,
        -0.9991668396903669,
        -0.9990763228794511,
        -0.9990004293271912,
        -0.9989401710036303,
        -0.9988964442972396,
        -0.9988699273665035,
        -0.9988610408763702,
        -0.9988699273666285,
        -0.9988964442971856,
        -0.9989401710035454,
        -0.9990004293272465,
        -0.9990763228794907,
        -0.999166839690291,
        -0.999271906259198,
        0.0006020481819290663,
        0.00047795409453375365,
        0.00034668479215156726,
        0.00021015045105650745,
        7.040901529799865e-05,
        -7.040901530096717e-05,
        -0.0002101504510589547,
        -0.00034668479215057776,
        -0.0004779540945264384,
        -0.0006020481819282624,
        -0.0007174575427577947,
        0.9991668396902971,
        0.9990763228795342,
        0.9990004293273005,
        0.99894017100356,
        0.9988964442972554,
        0.9988699273666005,
        0.9988610408763469,
        0.9988699273665154,
        0.9988964442972017,
        0.9989401710035787,
        0.9990004293273365,
        0.999076322879482,
        0.9991668396902793,
        0.9992719062592895,
        -0.0006020481819286157,
        -0.0004779540945325168,
        -0.0003466847921554899,
        -0.00021015045105657814,
        -7.04090152984934e-05,
        7.040901529874077e-05,
        0.00021015045106113694,
        0.0003466847921524507,
        0.0004779540945341424,
        0.0006020481819269721,
        0.0007174575427589609,
        -0.9991668396903203,
        -0.9990763228796328,
        -0.9990004293272322,
        -0.9989401710035767,
        -0.998896444297155,
        -0.9988699273665972,
        -0.9988610408764104
    ],