{
    "I_fc": [
        1.1,
        1.0913261714459257,
        1.0654414772414942,
        1.0227541344770765,
        0.96393734804825,
        0.8899186938124423,
        0.8018654901635528,
        0.7011663887235586,
        0.5894094744768963,
        0.46835722072158,
        0.3399186938124422,
        0.206119446044297,
        0.06906957148224464,
        -0.06906957148224475,
        -0.20611944604429733,
        -0.33991869381244233,
        -0.46835722072158004,
        -0.5894094744768966,
        -0.7011663887235587,
        -0.8018654901635529,
        -0.8899186938124422,
        -0.96393734804825,
        -1.0227541344770767,
        -1.0654414772414942,
        -1.0913261714459257,
        -1.1,
        -1.0913261714459257,
        -1.0654414772414942,
        -1.0227541344770765,
        -0.9639373480482499,
        -0.889918693812442,
        -0.8018654901635528,
        -0.7011663887235585,
        -0.589409474476896,
        -0.4683572207215794,
        -0.33991869381244233,
        -0.2061194460442971,
        -0.06906957148224453,
        0.0690695714822451,
        0.20611944604429766,
        0.339918693812442,
        0.4683572207215799,
        0.5894094744768965,
        0.7011663887235591,
        0.8018654901635531,
        0.8899186938124426,
        0.96393734804825,
        1.0227541344770767,
        1.0654414772414944,
        1.0913261714459257,
        1.1,
        1.0913261714459257,
        1.0654414772414942,
        1.0227541344770765,
        0.9639373480482498,
        0.8899186938124418,
        0.8018654901635521,
        0.7011663887235586,
        0.5894094744768962,
        0.46835722072157954,
        0.33991869381244155,
        0.20611944604429627,
        0.06906957148224466,
        -0.06906957148224496,
        -0.20611944604429752,
        -0.33991869381244183,
        -0.4683572207215807,
        -0.5894094744768964,
        -0.7011663887235596,
        -0.801865490163553,
        -0.889918693812442,
        -0.9639373480482504,
        -1.0227541344770767,
        -1.0654414772414946,
        -1.0913261714459257,
        -1.1
    ],
    "args": {
        "I_fc": [
            1.1
        ],
        "current_units": "mA",
        "cycles": 1.5,
        "d": 0.2,
        "directory": "/scratch/users/lbvh/py-tdgl/results/17223927/66",
        "dt_init": 1e-06,
        "fc_center": [
            0,
            0,
            1
        ],
        "fc_radius": 2.4,
        "field_units": "mT",
        "film_points": 4000,
        "film_radius": 15.0,
        "film_shape": "box",
        "film_smooth": 100,
        "gamma": 1.0,
        "index": 66,
        "lam": 1.35,
        "max_edge_length": 0.5,
        "pl_center": null,
        "pl_radius": 0.8,
        "points_per_cycle": 51.0,
        "save_every": 500,
        "screening": false,
        "seed_solutions": true,
        "slot_radius": 0.1,
        "slot_size": [
            2.0,
            50.0
        ],
        "slot_top_center_x": [
            -10.0,
            10.0,
            101.0
        ],
        "slot_top_center_y": [
            5.0,
            5.0,
            101.0
        ],
        "solve_time": [
            10000.0,
            2000.0
        ],
        "squid_angle": 180.0,
        "squid_iterations": 5,
        "squid_points": 4000,
        "squid_position": [
            0.0,
            0.0,
            0.5
        ],
        "squid_smooth": 100,
        "squid_type": "hypres-small",
        "xi": 0.9
    },
    "film_fluxoid": [
        0.9989474417444932,
        0.9989555525475723,
        0.9989797622881927,
        0.9990197085436646,
        0.9990748077486837,
        0.9991442968699107,
        0.9992273480945384,
        0.9993237780664939,
        -0.0005484254460224428,
        -0.0004355831097689918,
        -0.0003160215069620355,
        -0.0001915844857548974,
        -6.419162840645497e-05,
        6.419162840645718e-05,
        0.00019158448575493274,
        0.00031602150696207967,
        0.00043558310976902717,
        0.0005484254460223721,
        0.0006528096481454577,
        0.0007471316047443399,
        0.0008299581614121577,
        0.0009001057622573102,
        -0.9990197085436647,
        -0.9989797622881927,
        -0.9989555525475723,
        -0.9989474417444936,
        -0.9989555525475724,
        -0.9989797622881926,
        -0.9990197085436647,
        -0.9990748077486834,
        -0.9991442968699105,
        -0.9992273480945384,
        -0.9993237780664939,
        0.0005484254460223898,
        0.0004355831097689565,
        0.00031602150696203994,
        0.00019158448575486205,
        6.419162840650799e-05,
        -6.41916284064373e-05,
        -0.00019158448575487972,
        -0.00031602150696207084,
        -0.0004355831097690625,
        -0.0005484254460224428,
        -0.0006528096481454224,
        -0.0007471316047444812,
        -0.0008299581614121577,
        -0.0009001057622573102,
        0.9990197085436647,
        0.9989797622881927,
        0.9989555525475723,
        0.9989474417444933,
        0.9989555525475723,
        0.9989797622881927,
        0.9990197085436644,
        0.9990748077486837,
        0.9991442968699107,
        0.9992273480945384,
        0.9993237780664936,
        -0.0005484254460223721,
        -0.0004355831097689565,
        -0.00031602150696207084,
        -0.0001915844857549018,
        -6.419162840644614e-05,
        6.419162840646381e-05,
        0.00019158448575486205,
        0.00031602150696203994,
        0.0004355831097689918,
        0.0005484254460224428,
        0.0006528096481453164,
        0.0007471316047443399,
        0.0008299581614121577,
        0.0009001057622573059,
        -0.9990197085436647,
        -0.9989797622881927,
        -0.9989555525475723,
        -0.9989474417444933
    ],