{
    "I_fc": [
        1.1,
        1.0913261714459257,
        1.0654414772414942,
        1.0227541344770765,
        0.96393734804825,
        0.8899186938124423,
        0.8018654901635528,
        0.7011663887235586,
        0.5894094744768963,
        0.46835722072158,
        0.3399186938124422,
        0.206119446044297,
        0.06906957148224464,
        -0.06906957148224475,
        -0.20611944604429733,
        -0.33991869381244233,
        -0.46835722072158004,
        -0.5894094744768966,
        -0.7011663887235587,
        -0.8018654901635529,
        -0.8899186938124422,
        -0.96393734804825,
        -1.0227541344770767,
        -1.0654414772414942,
        -1.0913261714459257,
        -1.1,
        -1.0913261714459257,
        -1.0654414772414942,
        -1.0227541344770765,
        -0.9639373480482499,
        -0.889918693812442,
        -0.8018654901635528,
        -0.7011663887235585,
        -0.589409474476896,
        -0.4683572207215794,
        -0.33991869381244233,
        -0.2061194460442971,
        -0.06906957148224453,
        0.0690695714822451,
        0.20611944604429766,
        0.339918693812442,
        0.4683572207215799,
        0.5894094744768965,
        0.7011663887235591,
        0.8018654901635531,
        0.8899186938124426,
        0.96393734804825,
        1.0227541344770767,
        1.0654414772414944,
        1.0913261714459257,
        1.1,
        1.0913261714459257,
        1.0654414772414942,
        1.0227541344770765,
        0.9639373480482498,
        0.8899186938124418,
        0.8018654901635521,
        0.7011663887235586,
        0.5894094744768962,
        0.46835722072157954,
        0.33991869381244155,
        0.20611944604429627,
        0.06906957148224466,
        -0.06906957148224496,
        -0.20611944604429752,
        -0.33991869381244183,
        -0.4683572207215807,
        -0.5894094744768964,
        -0.7011663887235596,
        -0.801865490163553,
        -0.889918693812442,
        -0.9639373480482504,
        -1.0227541344770767,
        -1.0654414772414946,
        -1.0913261714459257,
        -1.1
    ],
    "args": {
        "I_fc": [
            1.1
        ],
        "current_units": "mA",
        "cycles": 1.5,
        "d": 0.2,
        "directory": "/scratch/users/lbvh/py-tdgl/results/17223196/70",
        "dt_init": 1e-06,
        "fc_center": [
            0,
            0,
            1
        ],
        "fc_radius": 2.4,
        "field_units": "mT",
        "film_points": 4000,
        "film_radius": 15.0,
        "film_shape": "box",
        "film_smooth": 100,
        "gamma": 1.0,
        "index": 70,
        "lam": 1.35,
        "max_edge_length": 0.5,
        "pl_center": null,
        "pl_radius": 0.8,
        "points_per_cycle": 51.0,
        "save_every": 500,
        "screening": false,
        "seed_solutions": true,
        "slot_radius": 0.1,
        "slot_size": [
            2.0,
            50.0
        ],
        "slot_top_center_x": [
            -10.0,
            10.0,
            101.0
        ],
        "slot_top_center_y": [
            -1.0,
            -1.0,
            101.0
        ],
        "solve_time": [
            10000.0,
            2000.0
        ],
        "squid_angle": 180.0,
        "squid_iterations": 5,
        "squid_points": 4000,
        "squid_position": [
            0.0,
            0.0,
            0.5
        ],
        "squid_smooth": 100,
        "squid_type": "hypres-small",
        "xi": 0.9
    },
    "film_fluxoid": [
        0.9995047972267974,
        0.999508341481559,
        0.9995189191094039,
        0.9995363668017435,
        0.9995604195180435,
        0.9995907223536232,
        0.9996268529109996,
        0.9996683770437144,
        0.9997150881125352,
        -0.00019103383365356207,
        -0.00013855532366163038,
        -8.398125287740705e-05,
        -2.8135798897192596e-05,
        2.813579889941898e-05,
        8.398125287086924e-05,
        0.00013855532365981038,
        0.00019103383363143955,
        0.0002406274572321098,
        0.0002865952692346301,
        0.00032825846215522793,
        0.0003650162318451852,
        0.00039637295792882153,
        0.00042203716794874177,
        -0.9995189191094391,
        -0.999508341481614,
        -0.9995047972267463,
        -0.9995083414815384,
        -0.9995189191094273,
        -0.99953636680177,
        -0.9995604195180537,
        -0.9995907223536585,
        -0.9996268529110431,
        -0.9996683770437204,
        -0.9997150881125704,
        0.00019103383362949588,
        0.00013855532366009312,
        8.3981252885248e-05,
        2.8135798894997127e-05,
        -2.8135798901981096e-05,
        -8.3981252882814e-05,
        -0.00013855532366853924,
        -0.00019103383364548702,
        -0.00024062745722716226,
        -0.0002865952692388178,
        -0.0003282584621488227,
        -0.00036501623185686494,
        -0.0003963729579248282,
        -0.0004220371679355734,
        0.9995189191094255,
        0.9995083414815551,
        0.9995047972267942,
        0.999508341481559,
        0.999518919109422,
        0.999536366801651,
        0.9995604195180381,
        0.9995907223536689,
        0.9996268529109923,
        0.999668377043718,
        0.9997150881125507,
        -0.0001910338336297256,
        -0.00013855532366299094,
        -8.398125288369748e-05,
        -2.813579889874753e-05,
        2.8135798891043523e-05,
        8.398125288348544e-05,
        0.00013855532366111796,
        0.00019103383364253617,
        0.00024062745725621134,
        0.0002865952692446665,
        0.0003282584621492202,
        0.00036501623182829296,
        0.00039637295793161335,
        0.0004220371679337446,
        -0.9995189191094318,
        -0.9995083414815338,
        -0.9995047972268586
    ],