{
    "I_fc": [
        1.75,
        1.7362007273003364,
        1.6950205319751044,
        1.62710885030444,
        1.5335366900767613,
        1.415779740156158,
        1.2756950979874702,
        1.115491982060207,
        0.937696891213244,
        0.7451137602388771,
        0.540779740156158,
        0.3279173005250179,
        0.10988340917629828,
        -0.10988340917629845,
        -0.32791730052501844,
        -0.5407797401561583,
        -0.7451137602388772,
        -0.9376968912132445,
        -1.115491982060207,
        -1.2756950979874704,
        -1.4157797401561578,
        -1.5335366900767613,
        -1.62710885030444,
        -1.6950205319751044,
        -1.7362007273003364,
        -1.75,
        -1.7362007273003364,
        -1.6950205319751044,
        -1.6271088503044397,
        -1.533536690076761,
        -1.4157797401561576,
        -1.2756950979874702,
        -1.1154919820602067,
        -0.9376968912132435,
        -0.7451137602388763,
        -0.5407797401561583,
        -0.3279173005250181,
        -0.10988340917629812,
        0.10988340917629902,
        0.327917300525019,
        0.5407797401561576,
        0.7451137602388771,
        0.9376968912132444,
        1.1154919820602074,
        1.2756950979874708,
        1.4157797401561587,
        1.5335366900767613,
        1.62710885030444,
        1.6950205319751046,
        1.7362007273003364,
        1.75,
        1.7362007273003364,
        1.6950205319751044,
        1.62710885030444,
        1.5335366900767609,
        1.4157797401561574,
        1.2756950979874693,
        1.115491982060207,
        0.9376968912132437,
        0.7451137602388764,
        0.5407797401561569,
        0.3279173005250168,
        0.10988340917629831,
        -0.1098834091762988,
        -0.3279173005250188,
        -0.5407797401561575,
        -0.7451137602388783,
        -0.9376968912132442,
        -1.1154919820602085,
        -1.2756950979874706,
        -1.4157797401561576,
        -1.5335366900767617,
        -1.62710885030444,
        -1.695020531975105,
        -1.7362007273003364,
        -1.75
    ],
    "args": {
        "I_fc": [
            1.75
        ],
        "current_units": "mA",
        "cycles": 1.5,
        "d": 0.2,
        "directory": "/scratch/users/lbvh/py-tdgl/results/17223199/21",
        "dt_init": 1e-06,
        "fc_center": [
            0,
            0,
            1
        ],
        "fc_radius": 2.4,
        "field_units": "mT",
        "film_points": 4000,
        "film_radius": 15.0,
        "film_shape": "box",
        "film_smooth": 100,
        "gamma": 1.0,
        "index": 21,
        "lam": 1.35,
        "max_edge_length": 0.5,
        "pl_center": null,
        "pl_radius": 0.8,
        "points_per_cycle": 51.0,
        "save_every": 500,
        "screening": false,
        "seed_solutions": true,
        "slot_radius": 0.1,
        "slot_size": [
            2.0,
            50.0
        ],
        "slot_top_center_x": [
            -10.0,
            10.0,
            101.0
        ],
        "slot_top_center_y": [
            -1.0,
            -1.0,
            101.0
        ],
        "solve_time": [
            10000.0,
            2000.0
        ],
        "squid_angle": 180.0,
        "squid_iterations": 5,
        "squid_points": 4000,
        "squid_position": [
            0.0,
            0.0,
            0.5
        ],
        "squid_smooth": 100,
        "squid_type": "hypres-small",
        "xi": 0.9
    },
    "film_fluxoid": [
        0.9998289550722458,
        0.9998302991510737,
        0.9998343096637106,
        0.9998409220619415,
        0.9998500305720004,
        0.9998614903264801,
        0.9998751198518593,
        0.9998907039356725,
        0.9999079968900073,
        0.9999267260793151,
        0.9999465951320784,
        -3.190294223823433e-05,
        -1.0690041766876706e-05,
        1.069004176949183e-05,
        3.190294223614488e-05,
        5.261714156847065e-05,
        7.250982037625442e-05,
        9.127370561518896e-05,
        0.000108632456804289,
        -0.9998751198518587,
        -0.9998614903264772,
        -0.9998500305719885,
        -0.9998409220619507,
        -0.9998343096636872,
        -0.9998302991510613,
        -0.9998289550722598,
        -0.9998302991510595,
        -0.9998343096636881,
        -0.9998409220619492,
        -0.9998500305720021,
        -0.9998614903264746,
        -0.9998751198518553,
        -0.9998907039356688,
        -0.9999079968900025,
        -0.9999267260793145,
        -0.9999465951320836,
        3.1902942238039966e-05,
        1.0690041765357107e-05,
        -1.069004176590487e-05,
        -3.190294222833927e-05,
        -5.261714157780028e-05,
        -7.250982036862108e-05,
        -9.127370563349482e-05,
        -0.00010863245682079254,
        0.999875119851854,
        0.9998614903264904,
        0.9998500305719984,
        0.9998409220619413,
        0.9998343096636982,
        0.999830299151053,
        0.9998289550722484,
        0.9998302991510686,
        0.9998343096636833,
        0.9998409220619564,
        0.9998500305719906,
        0.9998614903264783,
        0.9998751198518532,
        0.9998907039356693,
        0.9999079968900045,
        0.9999267260793155,
        0.9999465951320797,
        -3.190294223314544e-05,
        -1.0690041766876706e-05,
        1.0690041765392447e-05,
        3.190294223777492e-05,
        5.261714157645738e-05,
        7.250982037985904e-05,
        9.127370564469745e-05,
        0.00010863245680499578,
        -0.9998751198518595,
        -0.9998614903264749,
        -0.9998500305719913,
        -0.9998409220619482,
        -0.9998343096636975,
        -0.9998302991510852,
        -0.9998289550722277
    ],