{
    "I_fc": [
        4.395,
        4.36034411227713,
        4.256922993160333,
        4.086367655478864,
        3.85136785879278,
        3.5556296902778937,
        3.2038171175171035,
        2.8014784349454906,
        2.3549587639326894,
        1.8712999864284943,
        1.3581296902778939,
        0.8235408776042592,
        0.27596433333133197,
        -0.27596433333133236,
        -0.8235408776042605,
        -1.3581296902778943,
        -1.8712999864284945,
        -2.354958763932691,
        -2.801478434945491,
        -3.203817117517104,
        -3.555629690277893,
        -3.85136785879278,
        -4.086367655478865,
        -4.256922993160333,
        -4.36034411227713,
        -4.395,
        -4.36034411227713,
        -4.256922993160333,
        -4.086367655478864,
        -3.8513678587927798,
        -3.5556296902778928,
        -3.2038171175171035,
        -2.80147843494549,
        -2.3549587639326885,
        -1.871299986428492,
        -1.3581296902778943,
        -0.8235408776042596,
        -0.2759643333313315,
        0.2759643333313338,
        0.8235408776042619,
        1.358129690277893,
        1.8712999864284938,
        2.3549587639326908,
        2.801478434945492,
        3.203817117517105,
        3.555629690277895,
        3.85136785879278,
        4.086367655478865,
        4.256922993160334,
        4.36034411227713,
        4.395,
        4.36034411227713,
        4.256922993160333,
        4.086367655478864,
        3.8513678587927793,
        3.555629690277892,
        3.203817117517101,
        2.8014784349454906,
        2.354958763932689,
        1.8712999864284925,
        1.3581296902778912,
        0.8235408776042563,
        0.275964333331332,
        -0.27596433333133324,
        -0.8235408776042614,
        -1.3581296902778925,
        -1.8712999864284972,
        -2.35495876393269,
        -2.8014784349454946,
        -3.2038171175171044,
        -3.5556296902778928,
        -3.8513678587927815,
        -4.086367655478865,
        -4.256922993160335,
        -4.36034411227713,
        -4.395
    ],
    "args": {
        "I_fc": [
            0.5,
            10.0,
            201.0
        ],
        "current_units": "mA",
        "cycles": 1.5,
        "d": 0.2,
        "directory": "/scratch/users/lbvh/py-tdgl/results/14122470/82",
        "dt_init": 1e-06,
        "fc_center": [
            0,
            0,
            1
        ],
        "fc_radius": 2.4,
        "field_units": "mT",
        "film_points": 4000,
        "film_radius": 15.0,
        "film_shape": "box",
        "film_smooth": 100,
        "gamma": 1.0,
        "index": 82,
        "lam": 1.35,
        "max_edge_length": 0.5,
        "pl_center": null,
        "pl_radius": 0.8,
        "points_per_cycle": 51.0,
        "save_every": 500,
        "screening": false,
        "seed_solutions": true,
        "slot_radius": 0,
        "slot_size": null,
        "slot_top_center_x": null,
        "slot_top_center_y": null,
        "solve_time": [
            20000.0,
            2000.0
        ],
        "squid_angle": 0,
        "squid_iterations": 5,
        "squid_points": 4000,
        "squid_position": [
            0.0,
            0.0,
            0.5
        ],
        "squid_smooth": 100,
        "squid_type": "hypres-small",
        "xi": 0.9
    },
    "film_fluxoid": [
        1.9980855899325167,
        1.9981002157794738,
        1.9981438518674992,
        1.9982158016877223,
        1.9983150117596593,
        1.9984408018537758,
        1.998594059638309,
        1.998774750344016,
        1.998956775733772,
        1.9991532785206103,
        1.9993605771601026,
        1.999569067759227,
        0.9998457417077392,
        0.00011237656965002001,
        0.0003354599366615562,
        0.0005536178851998693,
        0.0007639357624853508,
        -0.9989986022006613,
        -0.9988150545407924,
        -0.9986473404937198,
        -1.9984654257838919,
        -1.9983427584855218,
        -1.9982243183722104,
        -1.9981522528337996,
        -2.998094677608886,
        -2.998080344312916,
        -2.998094677609059,
        -2.9981373769244266,
        -2.998207589111975,
        -2.998304007490302,
        -2.9984249469646027,
        -2.9985683666974237,
        -2.998731834166715,
        -2.998912343508031,
        -2.9991050017557828,
        -1.9993605771621599,
        -1.9995690677601323,
        -0.9998457417086856,
        -0.00011237656964385327,
        -0.0003354599364030831,
        -0.0005536178850954676,
        -0.0007639357605026636,
        0.9989986022006513,
        0.9988150545404894,
        0.9986473404940269,
        1.998465425784007,
        1.9983427584843845,
        1.998224318372599,
        1.9981522528200608,
        2.998094677608493,
        2.9980803443158983,
        2.998094677609799,
        2.998137376923203,
        2.9982075891142816,
        2.9983040074886973,
        2.99842494696487,
        2.9985683667001783,
        2.998731834167056,
        2.9989123435106984,
        2.9991050017569223,
        1.9993605771608893,
        1.999569067756779,
        0.9998457417072191,
        0.000112376569472174,
        0.0003354599348337974,
        0.0005536178844559817,
        0.0007639357616237738,
        -0.998998602200443,
        -0.9988150545406184,
        -0.9986473404940028,
        -1.998465425783345,
        -1.9983427584854545,
        -1.9982243183729889,
        -1.9981522527500335,
        -2.998094677609351,
        -2.9980803443164334
    ],
    "flux": [
        -0.006757526066428901,
        -0.006482527413411455,
        -0.005657172369977055,
        -0.0042991951260431495,
        -0.0025206521909998726,
        -0.0009001796645148807,
        -0.004001961228854798,
        -0.007281152933117643,
        -0.002074313276103805,
        0.003603494981030016,
        0.008676610424161974,
        0.011554368964217375,
        0.013297821020557246,
        0.0045040840398360045,
        0.012867671300225536,
        0.019399549086284575,
        0.023185289876556322,
        0.01453134942065241,
        0.018132344789088668,
        0.019448423215547666,
        0.014186424958876957,
        0.015694925969679103,
        0.010841663155169086,
        0.012001259690597529,
        0.011188013238884995,
        0.011410069722892912,
        0.011188013239833568,
        0.010470021780163475,
        0.009122485728097677,
        0.006986337520518505,
        0.003951814857757289,
        3.9462438926763184e-05,
        -0.004524003902136925,
        -0.009234175052168777,
        -0.01300651634858149,
        -0.008676610420275567,
        -0.011554368962744775,
        -0.01329782103033643,
        -0.0045040840402935135,
        -0.01286767130101202,
        -0.019399549087224088,
        -0.023185289881410154,
        -0.014531349420513812,
        -0.018132344780588994,
        -0.019448423200293302,
        -0.014186424959973786,
        -0.015694925966637466,
        -0.010841663296252252,
        -0.012001258483389636,
        -0.011188013238669395,
        -0.011410069659303163,
        -0.01118801324206347,
        -0.010470021777818623,
        -0.009122485734884033,
        -0.006986337516326086,
        -0.00395181485867687,
        -3.9462385305526115e-05,
        0.0045240038958153945,
        0.009234175044123848,
        0.013006516405254886,
        0.008676610422306316,
        0.011554368968855406,
        0.013297821033210044,
        0.004504084038718288,
        0.012867671303853308,
        0.019399549088287855,
        0.02318528987978658,
        0.014531349419950596,
        0.018132344788036752,
        0.019448423215912822,
        0.014186424958252654,
        0.01569492597340179,
        0.01084166396039162,
        0.012001252330145864,
        0.011188013241339455,
        0.011410069660191494
    ],
    "timing": {
        "end_time": "2023-03-29T14:59:41.019240",
        "start_time": "2023-03-29T09:46:33.450655",