{
    "I_fc": [
        9.335,
        9.261390736770652,
        9.041723809135773,
        8.679463495766827,
        8.180322858209466,
        7.552173642490136,
        6.8049221369788775,
        5.950352944304019,
        5.001943131128933,
        3.9746496867599537,
        2.8846736424901347,
        1.7492045716577385,
        0.5861494998061397,
        -0.5861494998061406,
        -1.7492045716577413,
        -2.8846736424901356,
        -3.974649686759954,
        -5.001943131128936,
        -5.9503529443040195,
        -6.804922136978878,
        -7.552173642490134,
        -8.180322858209466,
        -8.679463495766829,
        -9.041723809135773,
        -9.261390736770652,
        -9.335,
        -9.261390736770652,
        -9.041723809135773,
        -8.679463495766827,
        -8.180322858209466,
        -7.552173642490133,
        -6.8049221369788775,
        -5.950352944304017,
        -5.0019431311289315,
        -3.974649686759949,
        -2.8846736424901356,
        -1.7492045716577396,
        -0.5861494998061388,
        0.5861494998061436,
        1.7492045716577442,
        2.8846736424901325,
        3.9746496867599532,
        5.001943131128935,
        5.950352944304021,
        6.80492213697888,
        7.552173642490138,
        8.180322858209466,
        8.679463495766829,
        9.041723809135773,
        9.261390736770652,
        9.335,
        9.261390736770652,
        9.041723809135773,
        8.679463495766827,
        8.180322858209465,
        7.552173642490131,
        6.804922136978872,
        5.950352944304019,
        5.001943131128932,
        3.97464968675995,
        2.884673642490129,
        1.7492045716577325,
        0.5861494998061398,
        -0.5861494998061425,
        -1.7492045716577431,
        -2.8846736424901316,
        -3.97464968675996,
        -5.001943131128934,
        -5.950352944304027,
        -6.804922136978879,
        -7.552173642490133,
        -8.18032285820947,
        -8.679463495766829,
        -9.041723809135775,
        -9.261390736770652,
        -9.335
    ],
    "args": {
        "I_fc": [
            0.5,
            10.0,
            201.0
        ],
        "current_units": "mA",
        "cycles": 1.5,
        "d": 0.2,
        "directory": "/scratch/users/lbvh/py-tdgl/results/14122470/186",
        "dt_init": 1e-06,
        "fc_center": [
            0,
            0,
            1
        ],
        "fc_radius": 2.4,
        "field_units": "mT",
        "film_points": 4000,
        "film_radius": 15.0,
        "film_shape": "box",
        "film_smooth": 100,
        "gamma": 1.0,
        "index": 186,
        "lam": 1.35,
        "max_edge_length": 0.5,
        "pl_center": null,
        "pl_radius": 0.8,
        "points_per_cycle": 51.0,
        "save_every": 500,
        "screening": false,
        "seed_solutions": true,
        "slot_radius": 0,
        "slot_size": null,
        "slot_top_center_x": null,
        "slot_top_center_y": null,
        "solve_time": [
            20000.0,
            2000.0
        ],
        "squid_angle": 0,
        "squid_iterations": 5,
        "squid_points": 4000,
        "squid_position": [
            0.0,
            0.0,
            0.5
        ],
        "squid_smooth": 100,
        "squid_type": "hypres-small",
        "xi": 0.9
    },
    "film_fluxoid": [
        4.995928428719471,
        4.995959321779112,
        4.996051501751647,
        4.9962035155192215,
        4.996413045914443,
        4.996666966049844,
        4.9969825856049335,
        4.997351655586828,
        4.997751740633611,
        4.998168603074841,
        3.998652094445751,
        2.999151582782031,
        0.9997197730949525,
        0.00023871961312811886,
        0.0007137580127700239,
        -1.9987407655109444,
        -1.9982911008992974,
        -1.99782773686442,
        -2.9974061721504452,
        -2.9970415517995854,
        -2.9967412235275046,
        -3.9964379063288633,
        -3.996226080654497,
        -3.9960817098642156,
        -3.9959906045174853,
        -3.9959598810588037,
        -3.99599099040124,
        -3.996083449557043,
        -3.9962356070158243,
        -3.996445578391411,
        -3.9967101832441734,
        -3.9970115860776128,
        -3.9973716862570092,
        -3.997791370643932,
        -3.998211998491054,
        -3.9986520944435155,
        -2.999151582783647,
        -0.9997197730957437,
        -0.00023871961263286233,
        -0.0007137580125116744,
        1.9987407655138665,
        1.9982911008990747,
        1.9978277368614865,
        2.997406172151004,
        2.9970415518028797,
        2.9967412236386286,
        3.996437906448419,
        3.996226080674987,
        3.9960817098392076,
        3.9959906044933664,
        3.995959881051272,
        3.995990990399843,
        3.9960834495628617,
        3.996235607017372,
        3.996445578391934,
        3.99671018324338,
        3.99701158607591,
        3.997371686258784,
        3.9977913706405337,
        3.998211998491867,
        3.9986520944441186,
        2.9991515827823725,
        0.9997197730954724,
        0.0002387196127935245,
        0.0007137580124386807,
        -1.9987407655129839,
        -1.9982911008987754,
        -1.9978277368474293,
        -2.9974061721539345,
        -2.997041551799987,
        -2.996741223537846,
        -3.9964379063541036,
        -3.996226080656937,
        -3.9960817098722226,
        -3.9959906045089753,
        -3.9959598810576002
    ],
    "flux": [
        -0.005020723619496472,
        -0.004593794630936978,
        -0.0033020862495446598,
        -0.001225481989262433,
        0.0011041511676800676,
        0.0006907554870720621,
        0.0013662667535176496,
        -0.0017428729368605539,
        0.00205136821283442,
        0.01221482043320508,
        0.013158214563203824,
        0.013370969452490866,
        0.009376612378227636,
        0.009385152098023734,
        0.022556135718559658,
        0.008193201969305588,
        0.016022618350983304,
        0.011019584651019773,
        0.010769327641574749,
        0.010819122388830437,
        0.005250759902142499,
        0.008424100238974611,
        0.010456947201295443,
        0.008517059664884086,
        0.009366599388212547,
        0.009600168027987912,
        0.009361466621852322,
        0.008485545666578078,
        0.00665388281836944,
        0.0037274267509070404,
        0.00026869805786346017,
        0.0004437425469742007,
        -0.0005122163208568743,
        0.007502394383575684,
        -0.002389801289520605,
        -0.0131582146592414,
        -0.0133709694833934,
        -0.009376612334707192,
        -0.009385152081771635,
        -0.02255613571776783,
        -0.008193201975790638,
        -0.01602261835088386,
        -0.011019584719380058,
        -0.010769327548708527,
        -0.010819122068895256,
        -0.005250760778566847,
        -0.008424097317251019,
        -0.01045694632844978,
        -0.008517060081605564,
        -0.009366599714182836,
        -0.009600168094132748,
        -0.009361466648728818,
        -0.008485545676449865,
        -0.006653882793819017,
        -0.0037274267508626783,
        -0.0002686980570608959,
        -0.000443742541099843,
        0.00051221634377405,
        -0.00750239441262837,
        0.0023898013013124945,
        0.01315821463514374,
        0.013370969487759905,
        0.00937661236590396,
        0.009385152098350964,
        0.02255613571669443,
        0.008193201972386203,
        0.016022618350654584,
        0.011019585081850004,
        0.010769327060999527,
        0.010819122335776787,
        0.0052507599972393066,
        0.008424099622071251,
        0.010456947199383195,
        0.008517059533670887,
        0.009366599488872767,
        0.00960016806958189
    ],
    "timing": {
        "end_time": "2023-03-29T17:09:52.670440",
        "start_time": "2023-03-29T09:48:33.338471",