{
    "I_fc": [
        1.2,
        1.1905376415773734,
        1.1622997933543573,
        1.1157317830659015,
        1.0515680160526362,
        0.9708203932499369,
        0.8747623529056938,
        0.7649087876984275,
        0.6429921539747958,
        0.5109351498780872,
        0.37082039324993693,
        0.22485757750286942,
        0.07534862343517597,
        -0.07534862343517608,
        -0.22485757750286978,
        -0.37082039324993704,
        -0.5109351498780872,
        -0.6429921539747963,
        -0.7649087876984276,
        -0.8747623529056939,
        -0.9708203932499367,
        -1.0515680160526362,
        -1.1157317830659017,
        -1.1622997933543573,
        -1.1905376415773734,
        -1.2,
        -1.1905376415773734,
        -1.1622997933543573,
        -1.1157317830659015,
        -1.0515680160526362,
        -0.9708203932499366,
        -0.8747623529056938,
        -0.7649087876984274,
        -0.6429921539747956,
        -0.5109351498780865,
        -0.37082039324993704,
        -0.22485757750286955,
        -0.07534862343517584,
        0.07534862343517647,
        0.22485757750287014,
        0.37082039324993665,
        0.5109351498780871,
        0.6429921539747961,
        0.764908787698428,
        0.8747623529056943,
        0.9708203932499373,
        1.0515680160526362,
        1.1157317830659017,
        1.1622997933543573,
        1.1905376415773734,
        1.2,
        1.1905376415773734,
        1.1622997933543573,
        1.1157317830659015,
        1.051568016052636,
        0.9708203932499364,
        0.8747623529056932,
        0.7649087876984275,
        0.6429921539747957,
        0.5109351498780867,
        0.3708203932499362,
        0.22485757750286864,
        0.07534862343517598,
        -0.07534862343517632,
        -0.22485757750287003,
        -0.37082039324993654,
        -0.510935149878088,
        -0.6429921539747959,
        -0.7649087876984286,
        -0.8747623529056942,
        -0.9708203932499366,
        -1.0515680160526366,
        -1.1157317830659017,
        -1.1622997933543577,
        -1.1905376415773734,
        -1.2
    ],
    "args": {
        "I_fc": [
            1.2
        ],
        "current_units": "mA",
        "cycles": 1.5,
        "d": 0.2,
        "directory": "/scratch/users/lbvh/py-tdgl/results/17298299/99",
        "dt_init": 1e-06,
        "fc_center": [
            0,
            0,
            1
        ],
        "fc_radius": 2.4,
        "field_units": "mT",
        "film_points": 4000,
        "film_radius": 15.0,
        "film_shape": "box",
        "film_smooth": 100,
        "gamma": 1.0,
        "index": 99,
        "lam": 1.35,
        "max_edge_length": 0.5,
        "pl_center": null,
        "pl_radius": 0.8,
        "points_per_cycle": 51.0,
        "save_every": 500,
        "screening": false,
        "seed_solutions": true,
        "slot_radius": 0.1,
        "slot_size": [
            2.0,
            50.0
        ],
        "slot_top_center_x": [
            -10.0,
            10.0,
            101.0
        ],
        "slot_top_center_y": [
            -1.0,
            -1.0,
            101.0
        ],
        "solve_time": [
            10000.0,
            2000.0
        ],
        "squid_angle": 180.0,
        "squid_iterations": 5,
        "squid_points": 4000,
        "squid_position": [
            0.0,
            0.0,
            0.5
        ],
        "squid_smooth": 100,
        "squid_type": "hypres-small",
        "xi": 0.9
    },
    "film_fluxoid": [
        -0.0006628285990700188,
        -0.0006576192235038409,
        -0.0006420699333510667,
        -0.0006164169204916031,
        -0.0005810523335893849,
        -0.0005365209407571084,
        -0.0004835139684326726,
        -0.0004228596933494714,
        -0.00035551088151714543,
        -0.0002825295276228744,
        -0.00020506946527451368,
        -0.000124357400791343,
        -4.1672823599753796e-05,
        4.167282365686242e-05,
        0.00012435740070847187,
        0.00020506946525415814,
        0.0002825295277470574,
        0.0003555108820545885,
        0.0004228596937358735,
        0.0004835139683872967,
        0.0005365209414628204,
        0.0005810523337572564,
        0.0006164169207469222,
        0.0006420699334182116,
        0.0006576192226479184,
        0.00066282860023549,
        0.0006576192231757844,
        0.0006420699332233497,
        0.0006164169213267019,
        0.0005810523336818861,
        0.0005365209410536641,
        0.0004835139684661745,
        0.0004228596935676221,
        0.00035551088193874563,
        0.00028252952742221675,
        0.00020506946537406505,
        0.0001243574008668635,
        4.1672823591060276e-05,
        -4.167282361961459e-05,
        -0.0001243574007285447,
        -0.00020506946525899965,
        -0.00028252952753947316,
        -0.00035551088191093346,
        -0.00042285969339876997,
        -0.0004835139690108709,
        -0.0005365209402603057,
        -0.0005810523342485726,
        -0.0006164169208802228,
        -0.0006420699329984138,
        -0.0006576192226259681,
        -0.0006628285994481868,
        -0.0006576192232988012,
        -0.0006420699336647754,
        -0.0006164169207714875,
        -0.0005810523334888442,
        -0.0005365209402994265,
        -0.000483513968224947,
        -0.0004228596931883233,
        -0.0003555108820229596,
        -0.00028252952744031056,
        -0.00020506946529960472,
        -0.00012435740079401111,
        -4.1672823602298235e-05,
        4.1672823581341915e-05,
        0.00012435740086198666,
        0.00020506946526949548,
        0.0002825295278228253,
        0.00035551088196426075,
        0.00042285969328741525,
        0.0004835139684858939,
        0.0005365209408076438,
        0.0005810523339943446,
        0.000616416920695998,
        0.0006420699339179829,
        0.0006576192229234958,
        0.0006628285991183964
    ],