{
    "I_fc": [
        1.5,
        1.4881720519717165,
        1.452874741692947,
        1.3946647288323768,
        1.3144600200657952,
        1.2135254915624214,
        1.0934529411321174,
        0.9561359846230344,
        0.8037401924684948,
        0.638668937347609,
        0.4635254915624213,
        0.2810719718785868,
        0.09418577929396993,
        -0.0941857792939701,
        -0.2810719718785873,
        -0.4635254915624214,
        -0.6386689373476091,
        -0.8037401924684952,
        -0.9561359846230344,
        -1.0934529411321174,
        -1.2135254915624212,
        -1.3144600200657954,
        -1.3946647288323772,
        -1.452874741692947,
        -1.4881720519717165,
        -1.5,
        -1.4881720519717165,
        -1.4528747416929468,
        -1.3946647288323768,
        -1.3144600200657952,
        -1.213525491562421,
        -1.0934529411321174,
        -0.9561359846230343,
        -0.8037401924684944,
        -0.6386689373476082,
        -0.4635254915624214,
        -0.281071971878587,
        -0.09418577929396979,
        0.09418577929397058,
        0.28107197187858773,
        0.46352549156242095,
        0.638668937347609,
        0.803740192468495,
        0.9561359846230348,
        1.0934529411321179,
        1.2135254915624218,
        1.3144600200657952,
        1.394664728832377,
        1.452874741692947,
        1.4881720519717165,
        1.5,
        1.4881720519717165,
        1.4528747416929468,
        1.3946647288323768,
        1.3144600200657948,
        1.2135254915624207,
        1.0934529411321168,
        0.9561359846230344,
        0.8037401924684945,
        0.6386689373476084,
        0.4635254915624204,
        0.28107197187858585,
        0.09418577929396998,
        -0.0941857792939704,
        -0.28107197187858757,
        -0.4635254915624207,
        -0.6386689373476099,
        -0.8037401924684948,
        -0.9561359846230357,
        -1.0934529411321179,
        -1.213525491562421,
        -1.3144600200657959,
        -1.394664728832377,
        -1.4528747416929473,
        -1.4881720519717165,
        -1.5
    ],
    "args": {
        "I_fc": [
            1.5
        ],
        "current_units": "mA",
        "cycles": 1.5,
        "d": 0.2,
        "directory": "/scratch/users/lbvh/py-tdgl/results/17223933/25",
        "dt_init": 1e-06,
        "fc_center": [
            0,
            0,
            1
        ],
        "fc_radius": 2.4,
        "field_units": "mT",
        "film_points": 4000,
        "film_radius": 15.0,
        "film_shape": "box",
        "film_smooth": 100,
        "gamma": 1.0,
        "index": 25,
        "lam": 1.35,
        "max_edge_length": 0.5,
        "pl_center": null,
        "pl_radius": 0.8,
        "points_per_cycle": 51.0,
        "save_every": 500,
        "screening": false,
        "seed_solutions": true,
        "slot_radius": 0.1,
        "slot_size": [
            2.0,
            50.0
        ],
        "slot_top_center_x": [
            -10.0,
            10.0,
            101.0
        ],
        "slot_top_center_y": [
            5.0,
            5.0,
            101.0
        ],
        "solve_time": [
            10000.0,
            2000.0
        ],
        "squid_angle": 180.0,
        "squid_iterations": 5,
        "squid_points": 4000,
        "squid_position": [
            0.0,
            0.0,
            0.5
        ],
        "squid_smooth": 100,
        "squid_type": "hypres-small",
        "xi": 0.9
    },
    "film_fluxoid": [
        0.9992689384795397,
        0.9992747029065381,
        0.9992919052847569,
        0.9993202743414397,
        0.9993593627160622,
        0.9994085540187452,
        0.9994670725543617,
        0.9995339955686579,
        0.9996082678690366,
        0.9996887191830353,
        -0.00022590614061098144,
        -0.00013698466478457482,
        -4.590286062426143e-05,
        4.5902860624226095e-05,
        0.0001369846647846455,
        0.00022590614061101678,
        0.00031126496632584975,
        0.0003917150439598852,
        0.00046598777936076354,
        0.0005329126997005464,
        -0.9994085540187452,
        -0.9993593627160622,
        -0.9993202743414397,
        -0.999291905284757,
        -0.9992747029065381,
        -0.9992689384795395,
        -0.9992747029065381,
        -0.9992919052847569,
        -0.9993202743414397,
        -0.9993593627160622,
        -0.999408554018745,
        -0.9994670725543616,
        -0.9995339955686579,
        -0.9996082678690364,
        -0.9996887191830353,
        0.00022590614061101678,
        0.0001369846647846455,
        4.590286062415542e-05,
        -4.5902860624226095e-05,
        -0.0001369846647846455,
        -0.00022590614061106977,
        -0.0003112649663259646,
        -0.0003917150439597439,
        -0.000465987779360631,
        -0.0005329126996999809,
        0.9994085540187452,
        0.9993593627160622,
        0.9993202743414397,
        0.999291905284757,
        0.9992747029065379,
        0.9992689384795395,
        0.9992747029065381,
        0.9992919052847569,
        0.9993202743414397,
        0.9993593627160622,
        0.9994085540187452,
        0.9994670725543615,
        0.9995339955686579,
        0.9996082678690364,
        0.9996887191830353,
        -0.00022590614061115814,
        -0.0001369846647846455,
        -4.5902860624226095e-05,
        4.5902860624226095e-05,
        0.0001369846647846455,
        0.00022590614061115814,
        0.00031126496632608833,
        0.0003917150439597439,
        0.0004659877793607989,
        0.000532912699700405,
        -0.9994085540187452,
        -0.9993593627160622,
        -0.9993202743414397,
        -0.9992919052847566,
        -0.9992747029065381,
        -0.9992689384795395
    ],