{
    "I_fc": [
        1.1,
        1.0913261714459255,
        1.0654414772414944,
        1.0227541344770765,
        0.9639373480482499,
        0.8899186938124424,
        0.8018654901635529,
        0.7011663887235586,
        0.5894094744768963,
        0.46835722072158,
        0.3399186938124423,
        0.206119446044297,
        0.06906957148224463,
        -0.06906957148224475,
        -0.20611944604429736,
        -0.3399186938124424,
        -0.4683572207215801,
        -0.5894094744768965,
        -0.7011663887235586,
        -0.8018654901635529,
        -0.8899186938124423,
        -0.96393734804825,
        -1.0227541344770767,
        -1.0654414772414944,
        -1.0913261714459255,
        -1.1,
        -1.0913261714459255,
        -1.0654414772414944,
        -1.0227541344770765,
        -0.9639373480482499,
        -0.8899186938124422,
        -0.8018654901635529,
        -0.7011663887235585,
        -0.5894094744768958,
        -0.4683572207215794,
        -0.3399186938124424,
        -0.20611944604429713,
        -0.06906957148224452,
        0.0690695714822451,
        0.2061194460442977,
        0.33991869381244205,
        0.46835722072158,
        0.5894094744768964,
        0.7011663887235589,
        0.8018654901635531,
        0.8899186938124427,
        0.9639373480482499,
        1.0227541344770765,
        1.0654414772414944,
        1.0913261714459255,
        1.1,
        1.0913261714459255,
        1.0654414772414944,
        1.0227541344770765,
        0.9639373480482497,
        0.8899186938124419,
        0.8018654901635522,
        0.7011663887235586,
        0.589409474476896,
        0.46835722072157954,
        0.33991869381244166,
        0.2061194460442963,
        0.06906957148224466,
        -0.06906957148224496,
        -0.20611944604429758,
        -0.33991869381244183,
        -0.46835722072158065,
        -0.5894094744768963,
        -0.7011663887235596,
        -0.8018654901635531,
        -0.8899186938124422,
        -0.9639373480482504,
        -1.0227541344770765,
        -1.0654414772414948,
        -1.0913261714459255,
        -1.1
    ],
    "args": {
        "I_fc": [
            1.1
        ],
        "current_units": "mA",
        "cycles": 1.5,
        "d": 0.2,
        "directory": "/scratch/users/lbvh/py-tdgl/results/17223927/30",
        "dt_init": 1e-06,
        "fc_center": [
            0,
            0,
            1
        ],
        "fc_radius": 2.4,
        "field_units": "mT",
        "film_points": 4000,
        "film_radius": 15.0,
        "film_shape": "box",
        "film_smooth": 100,
        "gamma": 1.0,
        "index": 30,
        "lam": 1.35,
        "max_edge_length": 0.5,
        "pl_center": null,
        "pl_radius": 0.8,
        "points_per_cycle": 51.0,
        "save_every": 500,
        "screening": false,
        "seed_solutions": true,
        "slot_radius": 0.1,
        "slot_size": [
            2.0,
            50.0
        ],
        "slot_top_center_x": [
            -10.0,
            10.0,
            101.0
        ],
        "slot_top_center_y": [
            5.0,
            5.0,
            101.0
        ],
        "solve_time": [
            10000.0,
            2000.0
        ],
        "squid_angle": 180.0,
        "squid_iterations": 5,
        "squid_points": 4000,
        "squid_position": [
            0.0,
            0.0,
            0.5
        ],
        "squid_smooth": 100,
        "squid_type": "hypres-small",
        "xi": 0.9
    },
    "film_fluxoid": [
        -0.0008035913480315548,
        -0.0007972546558190056,
        -0.0007783446736016258,
        -0.0007471598123964919,
        -0.0007041919308722645,
        -0.0006501186397080764,
        -0.0005857926591490552,
        -0.0005122283927154166,
        -0.0004305859428539299,
        -0.00034215282449387316,
        -0.0002483236653387466,
        -0.00015057821290912648,
        -5.0457995341277086e-05,
        5.0457995341281504e-05,
        0.00015057821290909555,
        0.00024832366533873777,
        0.00034215282449386877,
        0.0004305859428539343,
        0.0005122283927154255,
        0.0005857926591490412,
        0.0006501186397080632,
        0.0007041919308722778,
        0.0007471598123963329,
        0.0007783446736016876,
        0.0007972546558190056,
        0.0008035913480313892,
        0.0007972546558190231,
        0.0007783446736016887,
        0.0007471598123964909,
        0.0007041919308722714,
        0.0006501186397082001,
        0.0005857926591490199,
        0.0005122283927153107,
        0.0004305859428539608,
        0.0003421528244938953,
        0.00024832366533870243,
        0.00015057821290907788,
        5.045799534125058e-05,
        -5.045799534125058e-05,
        -0.00015057821290909555,
        -0.0002483236653387908,
        -0.00034215282449391295,
        -0.0004305859428538901,
        -0.0005122283927154519,
        -0.0005857926591490022,
        -0.0006501186397080764,
        -0.0007041919308724058,
        -0.000747159812396545,
        -0.0007783446736015374,
        -0.000797254655819041,
        -0.0008035913480313781,
        -0.0007972546558190056,
        -0.0007783446736016611,
        -0.0007471598123963682,
        -0.0007041919308721232,
        -0.0006501186397081294,
        -0.0005857926591490465,
        -0.0005122283927154166,
        -0.00043058594285394757,
        -0.00034215282449388644,
        -0.00024832366533875046,
        -0.00015057821290911434,
        -5.045799534126383e-05,
        5.0457995341254995e-05,
        0.00015057821290911764,
        0.0002483236653387422,
        0.00034215282449389083,
        0.0004305859428539299,
        0.0005122283927154299,
        0.0005857926591490443,
        0.0006501186397080566,
        0.0007041919308722833,
        0.0007471598123964944,
        0.0007783446736016915,
        0.0007972546558190277,
        0.0008035913480313869
    ],