{
    "I_fc": [
        0.9,
        0.89290323118303,
        0.871724845015768,
        0.8367988372994263,
        0.7886760120394772,
        0.7281152949374528,
        0.6560717646792704,
        0.5736815907738206,
        0.4822441154810969,
        0.3832013624085654,
        0.27811529493745274,
        0.16864318312715207,
        0.05651146757638197,
        -0.05651146757638206,
        -0.16864318312715235,
        -0.2781152949374528,
        -0.38320136240856545,
        -0.4822441154810972,
        -0.5736815907738207,
        -0.6560717646792705,
        -0.7281152949374526,
        -0.7886760120394772,
        -0.8367988372994263,
        -0.871724845015768,
        -0.89290323118303,
        -0.9,
        -0.89290323118303,
        -0.871724845015768,
        -0.8367988372994262,
        -0.7886760120394771,
        -0.7281152949374525,
        -0.6560717646792704,
        -0.5736815907738206,
        -0.4822441154810967,
        -0.38320136240856495,
        -0.2781152949374528,
        -0.16864318312715218,
        -0.05651146757638189,
        0.05651146757638235,
        0.16864318312715262,
        0.2781152949374525,
        0.38320136240856534,
        0.4822441154810971,
        0.573681590773821,
        0.6560717646792708,
        0.728115294937453,
        0.7886760120394772,
        0.8367988372994263,
        0.8717248450157681,
        0.89290323118303,
        0.9,
        0.89290323118303,
        0.871724845015768,
        0.8367988372994263,
        0.788676012039477,
        0.7281152949374523,
        0.6560717646792699,
        0.5736815907738206,
        0.4822441154810968,
        0.38320136240856506,
        0.2781152949374522,
        0.16864318312715149,
        0.05651146757638199,
        -0.056511467576382236,
        -0.1686431831271525,
        -0.2781152949374524,
        -0.383201362408566,
        -0.482244115481097,
        -0.5736815907738215,
        -0.6560717646792706,
        -0.7281152949374525,
        -0.7886760120394776,
        -0.8367988372994263,
        -0.8717248450157683,
        -0.89290323118303,
        -0.9
    ],
    "args": {
        "I_fc": [
            0.9
        ],
        "current_units": "mA",
        "cycles": 1.5,
        "d": 0.2,
        "directory": "/scratch/users/lbvh/py-tdgl/results/17289540/17",
        "dt_init": 1e-06,
        "fc_center": [
            0,
            0,
            1
        ],
        "fc_radius": 2.4,
        "field_units": "mT",
        "film_points": 4000,
        "film_radius": 15.0,
        "film_shape": "box",
        "film_smooth": 100,
        "gamma": 1.0,
        "index": 17,
        "lam": 1.35,
        "max_edge_length": 0.5,
        "pl_center": null,
        "pl_radius": 0.8,
        "points_per_cycle": 51.0,
        "save_every": 500,
        "screening": false,
        "seed_solutions": true,
        "slot_radius": 0.1,
        "slot_size": [
            2.0,
            50.0
        ],
        "slot_top_center_x": [
            -10.0,
            10.0,
            101.0
        ],
        "slot_top_center_y": [
            -1.0,
            -1.0,
            101.0
        ],
        "solve_time": [
            10000.0,
            2000.0
        ],
        "squid_angle": 180.0,
        "squid_iterations": 5,
        "squid_points": 4000,
        "squid_position": [
            0.0,
            0.0,
            0.5
        ],
        "squid_smooth": 100,
        "squid_type": "hypres-small",
        "xi": 0.9
    },
    "film_fluxoid": [
        0.0002736741851633935,
        0.0002715164838853126,
        0.00026507735077621,
        0.00025445817860225955,
        0.00023982622418656016,
        0.00022141201875970723,
        0.00019950577203311614,
        0.00017445281980074572,
        0.00014664818747355966,
        0.00011653035922478894,
        8.457435522420893e-05,
        5.128422930035438e-05,
        1.7185107298969743e-05,
        -1.7185107299036005e-05,
        -5.128422930026603e-05,
        -8.457435522414709e-05,
        -0.00011653035922525719,
        -0.0001466481874740191,
        -0.00017445281980018029,
        -0.0001995057720327981,
        -0.00022141201875882375,
        -0.00023982622418578268,
        -0.00025445817860266266,
        -0.0002650773507757506,
        -0.0002715164838852419,
        -0.00027367418516304013,
        -0.00027151648388608124,
        -0.000265077350776104,
        -0.00025445817860286036,
        -0.0002398262241871256,
        -0.00022141201875818762,
        -0.00019950577203339888,
        -0.00017445281980074572,
        -0.00014664818747366128,
        -0.00011653035922482428,
        -8.457435522547231e-05,
        -5.1284229300425055e-05,
        -1.718510729784109e-05,
        1.7185107298859307e-05,
        5.1284229300372044e-05,
        8.457435522432377e-05,
        0.0001165303592249038,
        0.0001466481874736657,
        0.00017445281980088708,
        0.00019950577203237403,
        0.0002214120187596012,
        0.00023982622418613608,
        0.0002544581786027455,
        0.0002650773507760863,
        0.0002715164838853833,
        0.0002736741851783068,
        0.0002715164838844998,
        0.00026507735077612165,
        0.0002544581786027013,
        0.0002398262241864718,
        0.0002214120187596012,
        0.00019950577203293944,
        0.00017445281980032167,
        0.00014664818747370104,
        0.00011653035922465642,
        8.457435522547231e-05,
        5.128422930046039e-05,
        1.7185107298965325e-05,
        -1.7185107298965325e-05,
        -5.128422930067243e-05,
        -8.457435522441212e-05,
        -0.00011653035922486845,
        -0.00014664818747363035,
        -0.00017445281980071038,
        -0.00019950577203276275,
        -0.00022141201875910203,
        -0.0002398262241863658,
        -0.00025445817860367313,
        -0.0002650773507756092,
        -0.00027151648388609007,
        -0.0002736741851631726
    ],