{
    "I_fc": [
        9.477500000000001,
        9.402767081707966,
        9.179746909596602,
        8.811956645005903,
        8.305196560115718,
        7.667458564188565,
        6.9088001663864285,
        6.041185862843206,
        5.07829844941344,
        4.035323235807977,
        2.9287085641885646,
        1.7759064089862042,
        0.595097148839067,
        -0.5950971488390678,
        -1.775906408986207,
        -2.928708564188566,
        -4.035323235807977,
        -5.0782984494134435,
        -6.041185862843208,
        -6.908800166386429,
        -7.667458564188564,
        -8.305196560115718,
        -8.811956645005903,
        -9.179746909596602,
        -9.402767081707966,
        -9.477500000000001,
        -9.402767081707966,
        -9.179746909596602,
        -8.811956645005901,
        -8.305196560115716,
        -7.667458564188563,
        -6.9088001663864285,
        -6.041185862843205,
        -5.078298449413438,
        -4.035323235807971,
        -2.928708564188566,
        -1.7759064089862053,
        -0.595097148839066,
        0.5950971488390708,
        1.77590640898621,
        2.928708564188563,
        4.035323235807976,
        5.078298449413443,
        6.04118586284321,
        6.908800166386432,
        7.667458564188569,
        8.305196560115718,
        8.811956645005903,
        9.179746909596602,
        9.402767081707966,
        9.477500000000001,
        9.402767081707966,
        9.179746909596602,
        8.811956645005903,
        8.305196560115716,
        7.667458564188561,
        6.908800166386423,
        6.041185862843206,
        5.078298449413439,
        4.035323235807973,
        2.928708564188559,
        1.7759064089861982,
        0.5950971488390671,
        -0.5950971488390696,
        -1.775906408986209,
        -2.9287085641885615,
        -4.035323235807983,
        -5.078298449413441,
        -6.041185862843215,
        -6.908800166386431,
        -7.667458564188563,
        -8.305196560115721,
        -8.811956645005903,
        -9.179746909596606,
        -9.402767081707966,
        -9.477500000000001
    ],
    "args": {
        "I_fc": [
            0.5,
            10.0,
            201.0
        ],
        "current_units": "mA",
        "cycles": 1.5,
        "d": 0.2,
        "directory": "/scratch/users/lbvh/py-tdgl/results/14122470/189",
        "dt_init": 1e-06,
        "fc_center": [
            0,
            0,
            1
        ],
        "fc_radius": 2.4,
        "field_units": "mT",
        "film_points": 4000,
        "film_radius": 15.0,
        "film_shape": "box",
        "film_smooth": 100,
        "gamma": 1.0,
        "index": 189,
        "lam": 1.35,
        "max_edge_length": 0.5,
        "pl_center": null,
        "pl_radius": 0.8,
        "points_per_cycle": 51.0,
        "save_every": 500,
        "screening": false,
        "seed_solutions": true,
        "slot_radius": 0,
        "slot_size": null,
        "slot_top_center_x": null,
        "slot_top_center_y": null,
        "solve_time": [
            20000.0,
            2000.0
        ],
        "squid_angle": 0,
        "squid_iterations": 5,
        "squid_points": 4000,
        "squid_position": [
            0.0,
            0.0,
            0.5
        ],
        "squid_smooth": 100,
        "squid_type": "hypres-small",
        "xi": 0.9
    },
    "film_fluxoid": [
        4.995868614167092,
        4.995899984958595,
        4.99599358405449,
        4.996147914916438,
        4.996360619192482,
        4.9966184063246315,
        4.996938721374718,
        4.997313931778187,
        4.997720534521764,
        4.998144215028019,
        3.9986346006950226,
        2.999141637904314,
        0.9997161344341468,
        0.00024236498972968665,
        0.0007247219642482252,
        -1.9987227671141956,
        -1.9982654567086342,
        -1.9977932155714566,
        -2.9973681193713904,
        -2.996997767089201,
        -2.9966914611929525,
        -3.9963846610005547,
        -3.9961655761467414,
        -3.9960236206785638,
        -3.995930819885254,
        -3.9958995661030485,
        -3.9959312344731814,
        -3.9960253664428227,
        -3.9961799525666106,
        -3.996393014491034,
        -3.9966615985391947,
        -3.9969679110749734,
        -3.997333239487095,
        -3.9977479968746907,
        -3.9981872904540983,
        -3.9986346006935083,
        -2.999141637904633,
        -0.9997161344351987,
        -0.00024236499010882865,
        -0.0007247219632585779,
        1.99872276711307,
        1.998265456708262,
        1.9977932155921347,
        2.9973681193697708,
        2.9969977670892725,
        2.9966914612457534,
        3.996384660881796,
        3.9961655755510583,
        3.9960236204972768,
        3.995930819816524,
        3.9958995660785126,
        3.995931234469974,
        3.9960253664442726,
        3.9961799525623647,
        3.996393014494584,
        3.9966615985381657,
        3.996967911074735,
        3.997333239488754,
        3.9977479968758227,
        3.9981872904519227,
        3.998634600697024,
        2.999141637904827,
        0.9997161344353053,
        0.00024236499000475383,
        0.00072472196577058,
        -1.998722767113281,
        -1.9982654567080393,
        -1.9977932155839941,
        -2.997368119370408,
        -2.9969977670897907,
        -2.9966914612122153,
        -3.996384660982686,
        -3.9961655760607586,
        -3.9960236206242477,
        -3.9959308198832026,
        -3.9958995660982466
    ],
    "flux": [
        -0.005828096885854874,
        -0.005408392283314872,
        -0.004115400232611377,
        -0.0019659824189738155,
        0.0006183667550116227,
        0.00016972873126998138,
        0.000902622789669874,
        -0.0024034344975138195,
        0.0012862009300741465,
        0.011677126771988825,
        0.012818269236801797,
        0.013337660936998726,
        0.00925552898968693,
        0.009521140405444484,
        0.02270954832589784,
        0.008664844668671269,
        0.016091108347103873,
        0.011312708053645043,
        0.011221343705792038,
        0.011270108481971026,
        0.00582194663486468,
        0.009054611229065236,
        0.00792351550343746,
        0.009087207146203258,
        0.009791245006655996,
        0.009954415948960744,
        0.009788443007172949,
        0.009062644479856488,
        0.007367740251926103,
        0.0044753080820630325,
        0.0008296257354884418,
        0.0009579793511136112,
        -0.00011608385291896794,
        0.0029707539226638212,
        -0.0017364996120246784,
        -0.012818269242536115,
        -0.013337660932082232,
        -0.009255528987707158,
        -0.009521140404308863,
        -0.02270954830527312,
        -0.008664844666786683,
        -0.0160911083734652,
        -0.011312709527884813,
        -0.011221343964689373,
        -0.011270108462002505,
        -0.005821951151338382,
        -0.009054614634177996,
        -0.007925869628020771,
        -0.009087208624763784,
        -0.009791245386248848,
        -0.009954416030080064,
        -0.009788442996246493,
        -0.009062644452225724,
        -0.007367740320442085,
        -0.0044753080829737345,
        -0.0008296257295240042,
        -0.0009579794719328656,
        0.00011608383715350706,
        -0.0029707539002089786,
        0.001736499617711805,
        0.012818269230514203,
        0.013337660889417064,
        0.00925552898480911,
        0.009521140404993442,
        0.02270954831275297,
        0.008664844667190502,
        0.016091108364794146,
        0.011312708947517663,
        0.011221343862766818,
        0.011270108420130775,
        0.0058219482060721355,
        0.009054611742468938,
        0.007923829981537397,
        0.009087207589511186,
        0.00979124502009446,
        0.009954415992898247
    ],
    "timing": {
        "end_time": "2023-03-29T18:13:13.341858",