{
    "I_fc": [
        1.2,
        1.1905376415773734,
        1.1622997933543573,
        1.1157317830659015,
        1.0515680160526362,
        0.9708203932499369,
        0.8747623529056938,
        0.7649087876984275,
        0.6429921539747958,
        0.5109351498780872,
        0.37082039324993693,
        0.22485757750286942,
        0.07534862343517597,
        -0.07534862343517608,
        -0.22485757750286978,
        -0.37082039324993704,
        -0.5109351498780872,
        -0.6429921539747963,
        -0.7649087876984276,
        -0.8747623529056939,
        -0.9708203932499367,
        -1.0515680160526362,
        -1.1157317830659017,
        -1.1622997933543573,
        -1.1905376415773734,
        -1.2,
        -1.1905376415773734,
        -1.1622997933543573,
        -1.1157317830659015,
        -1.0515680160526362,
        -0.9708203932499366,
        -0.8747623529056938,
        -0.7649087876984274,
        -0.6429921539747956,
        -0.5109351498780865,
        -0.37082039324993704,
        -0.22485757750286955,
        -0.07534862343517584,
        0.07534862343517647,
        0.22485757750287014,
        0.37082039324993665,
        0.5109351498780871,
        0.6429921539747961,
        0.764908787698428,
        0.8747623529056943,
        0.9708203932499373,
        1.0515680160526362,
        1.1157317830659017,
        1.1622997933543573,
        1.1905376415773734,
        1.2,
        1.1905376415773734,
        1.1622997933543573,
        1.1157317830659015,
        1.051568016052636,
        0.9708203932499364,
        0.8747623529056932,
        0.7649087876984275,
        0.6429921539747957,
        0.5109351498780867,
        0.3708203932499362,
        0.22485757750286864,
        0.07534862343517598,
        -0.07534862343517632,
        -0.22485757750287003,
        -0.37082039324993654,
        -0.510935149878088,
        -0.6429921539747959,
        -0.7649087876984286,
        -0.8747623529056942,
        -0.9708203932499366,
        -1.0515680160526366,
        -1.1157317830659017,
        -1.1622997933543577,
        -1.1905376415773734,
        -1.2
    ],
    "args": {
        "I_fc": [
            1.2
        ],
        "current_units": "mA",
        "cycles": 1.5,
        "d": 0.2,
        "directory": "/scratch/users/lbvh/py-tdgl/results/17298299/7",
        "dt_init": 1e-06,
        "fc_center": [
            0,
            0,
            1
        ],
        "fc_radius": 2.4,
        "field_units": "mT",
        "film_points": 4000,
        "film_radius": 15.0,
        "film_shape": "box",
        "film_smooth": 100,
        "gamma": 1.0,
        "index": 7,
        "lam": 1.35,
        "max_edge_length": 0.5,
        "pl_center": null,
        "pl_radius": 0.8,
        "points_per_cycle": 51.0,
        "save_every": 500,
        "screening": false,
        "seed_solutions": true,
        "slot_radius": 0.1,
        "slot_size": [
            2.0,
            50.0
        ],
        "slot_top_center_x": [
            -10.0,
            10.0,
            101.0
        ],
        "slot_top_center_y": [
            -1.0,
            -1.0,
            101.0
        ],
        "solve_time": [
            10000.0,
            2000.0
        ],
        "squid_angle": 180.0,
        "squid_iterations": 5,
        "squid_points": 4000,
        "squid_position": [
            0.0,
            0.0,
            0.5
        ],
        "squid_smooth": 100,
        "squid_type": "hypres-small",
        "xi": 0.9
    },
    "film_fluxoid": [
        -0.00042313954302061545,
        -0.00041980293895627904,
        -0.000409845751194205,
        -0.0003934250219701707,
        -0.0003707997317814354,
        -0.00034232671163481336,
        -0.00030845501263154714,
        -0.00026971882224638145,
        -0.00022672903905459195,
        -0.00018016363853434934,
        -0.0001307569815657107,
        -7.928823397459586e-05,
        -2.656907957862403e-05,
        2.656907957862403e-05,
        7.928823397462237e-05,
        0.0001307569815656842,
        0.00018016363853431402,
        0.00022672903905464497,
        0.00026971882224635716,
        0.0003084550126315118,
        0.0003423267116348487,
        0.00037079973178140007,
        0.00039342502197010004,
        0.00040984575119441704,
        0.0004198029389565088,
        0.00042313954302066847,
        0.00041980293895642925,
        0.00040984575119450535,
        0.0003934250219701354,
        0.0003707997317814707,
        0.0003423267116348487,
        0.0003084550126315118,
        0.0002697188222463417,
        0.00022672903905464497,
        0.00018016363853432286,
        0.00013075698156579023,
        7.928823397456051e-05,
        2.656907957862403e-05,
        -2.6569079578659372e-05,
        -7.92882339746312e-05,
        -0.00013075698156570187,
        -0.00018016363853431402,
        -0.00022672903905459195,
        -0.00026971882224638145,
        -0.0003084550126315118,
        -0.0003423267116347957,
        -0.0003707997317814619,
        -0.00039342502197010004,
        -0.00040984575119441704,
        -0.0004198029389564911,
        -0.00042313954302068614,
        -0.0004198029389564204,
        -0.00040984575119455837,
        -0.0003934250219701707,
        -0.0003707997317814707,
        -0.0003423267116348222,
        -0.00030845501263147645,
        -0.00026971882224638145,
        -0.00022672903905455663,
        -0.00018016363853434934,
        -0.00013075698156571843,
        -7.928823397456051e-05,
        -2.6569079578659372e-05,
        2.656907957862403e-05,
        7.928823397458702e-05,
        0.00013075698156571954,
        0.00018016363853431402,
        0.00022672903905464497,
        0.00026971882224631076,
        0.00030845501263147645,
        0.00034232671163463664,
        0.00037079973178140007,
        0.0003934250219701354,
        0.00040984575119441704,
        0.0004198029389564381,
        0.00042313954302064196
    ],