{
    "I_fc": [
        0.9,
        0.89290323118303,
        0.871724845015768,
        0.8367988372994263,
        0.7886760120394772,
        0.7281152949374528,
        0.6560717646792704,
        0.5736815907738206,
        0.4822441154810969,
        0.3832013624085654,
        0.27811529493745274,
        0.16864318312715207,
        0.05651146757638197,
        -0.05651146757638206,
        -0.16864318312715235,
        -0.2781152949374528,
        -0.38320136240856545,
        -0.4822441154810972,
        -0.5736815907738207,
        -0.6560717646792705,
        -0.7281152949374526,
        -0.7886760120394772,
        -0.8367988372994263,
        -0.871724845015768,
        -0.89290323118303,
        -0.9,
        -0.89290323118303,
        -0.871724845015768,
        -0.8367988372994262,
        -0.7886760120394771,
        -0.7281152949374525,
        -0.6560717646792704,
        -0.5736815907738206,
        -0.4822441154810967,
        -0.38320136240856495,
        -0.2781152949374528,
        -0.16864318312715218,
        -0.05651146757638189,
        0.05651146757638235,
        0.16864318312715262,
        0.2781152949374525,
        0.38320136240856534,
        0.4822441154810971,
        0.573681590773821,
        0.6560717646792708,
        0.728115294937453,
        0.7886760120394772,
        0.8367988372994263,
        0.8717248450157681,
        0.89290323118303,
        0.9,
        0.89290323118303,
        0.871724845015768,
        0.8367988372994263,
        0.788676012039477,
        0.7281152949374523,
        0.6560717646792699,
        0.5736815907738206,
        0.4822441154810968,
        0.38320136240856506,
        0.2781152949374522,
        0.16864318312715149,
        0.05651146757638199,
        -0.056511467576382236,
        -0.1686431831271525,
        -0.2781152949374524,
        -0.383201362408566,
        -0.482244115481097,
        -0.5736815907738215,
        -0.6560717646792706,
        -0.7281152949374525,
        -0.7886760120394776,
        -0.8367988372994263,
        -0.8717248450157683,
        -0.89290323118303,
        -0.9
    ],
    "args": {
        "I_fc": [
            0.9
        ],
        "current_units": "mA",
        "cycles": 1.5,
        "d": 0.2,
        "directory": "/scratch/users/lbvh/py-tdgl/results/17289540/56",
        "dt_init": 1e-06,
        "fc_center": [
            0,
            0,
            1
        ],
        "fc_radius": 2.4,
        "field_units": "mT",
        "film_points": 4000,
        "film_radius": 15.0,
        "film_shape": "box",
        "film_smooth": 100,
        "gamma": 1.0,
        "index": 56,
        "lam": 1.35,
        "max_edge_length": 0.5,
        "pl_center": null,
        "pl_radius": 0.8,
        "points_per_cycle": 51.0,
        "save_every": 500,
        "screening": false,
        "seed_solutions": true,
        "slot_radius": 0.1,
        "slot_size": [
            2.0,
            50.0
        ],
        "slot_top_center_x": [
            -10.0,
            10.0,
            101.0
        ],
        "slot_top_center_y": [
            -1.0,
            -1.0,
            101.0
        ],
        "solve_time": [
            10000.0,
            2000.0
        ],
        "squid_angle": 180.0,
        "squid_iterations": 5,
        "squid_points": 4000,
        "squid_position": [
            0.0,
            0.0,
            0.5
        ],
        "squid_smooth": 100,
        "squid_type": "hypres-small",
        "xi": 0.9
    },
    "film_fluxoid": [
        -0.0005327703166321428,
        -0.0005285090236548031,
        -0.0005158132886363558,
        -0.000494930985178624,
        -0.0004662396134442203,
        -0.0004302264740165556,
        -0.0003874795318346519,
        -0.00033868125756927035,
        -0.00028460132376533474,
        -0.0002260871437493242,
        -0.00016405240574205037,
        -9.946396872202674e-05,
        -3.332753758518324e-05,
        3.3327537563387604e-05,
        9.946396870949006e-05,
        0.0001640524056334521,
        0.00022608714438462232,
        0.00028460132374856614,
        0.00033868125751569564,
        0.00038747953195823406,
        0.0004302264742283805,
        0.00046623961322868476,
        0.0004949309853268024,
        0.0005158132885774624,
        0.0005285090235051757,
        0.0005327703165477168,
        0.0005285090246680748,
        0.0005158132879415812,
        0.0004949309858456569,
        0.0004662396125722889,
        0.0004302264738256339,
        0.0003874795313696857,
        0.0003386812579097686,
        0.0002846013239155806,
        0.00022608714400599496,
        0.00016405240507174848,
        9.946396864874145e-05,
        3.332753758889388e-05,
        -3.332753773682501e-05,
        -9.946396859488406e-05,
        -0.00016405240529928183,
        -0.0002260871439993688,
        -0.0002846013240087532,
        -0.0003386812579394869,
        -0.0003874795319201028,
        -0.000430226474227444,
        -0.0004662396126063385,
        -0.0004949309858043805,
        -0.0005158132892586489,
        -0.0005285090236254006,
        -0.0005327703164337468,
        -0.0005285090239035932,
        -0.0005158132887757347,
        -0.000494930984580768,
        -0.00046623961334314935,
        -0.00043022647387837813,
        -0.0003874795323627653,
        -0.0003386812576111123,
        -0.00028460132368433665,
        -0.00022608714448979267,
        -0.00016405240533843798,
        -9.946396851490416e-05,
        -3.3327537413079886e-05,
        3.3327537742373316e-05,
        9.946396857990012e-05,
        0.00016405240538904415,
        0.0002260871442807242,
        0.00028460132356269806,
        0.00033868125803447944,
        0.000387479531531545,
        0.0004302264738313766,
        0.00046623961322493873,
        0.0004949309852594808,
        0.0005158132884006413,
        0.0005285090237579237,
        0.0005327703162553884
    ],