{
    "I_fc": [
        1.2,
        1.1905376415773732,
        1.1622997933543575,
        1.1157317830659015,
        1.0515680160526362,
        0.9708203932499371,
        0.8747623529056939,
        0.7649087876984275,
        0.6429921539747958,
        0.5109351498780872,
        0.370820393249937,
        0.22485757750286942,
        0.07534862343517594,
        -0.07534862343517608,
        -0.2248575775028698,
        -0.37082039324993715,
        -0.5109351498780873,
        -0.6429921539747961,
        -0.7649087876984275,
        -0.8747623529056939,
        -0.9708203932499369,
        -1.0515680160526362,
        -1.1157317830659017,
        -1.1622997933543575,
        -1.1905376415773732,
        -1.2,
        -1.1905376415773732,
        -1.1622997933543573,
        -1.1157317830659015,
        -1.0515680160526362,
        -0.9708203932499367,
        -0.8747623529056939,
        -0.7649087876984274,
        -0.6429921539747955,
        -0.5109351498780865,
        -0.37082039324993715,
        -0.22485757750286958,
        -0.07534862343517583,
        0.07534862343517647,
        0.2248575775028702,
        0.3708203932499367,
        0.5109351498780872,
        0.6429921539747959,
        0.7649087876984279,
        0.8747623529056943,
        0.9708203932499374,
        1.0515680160526362,
        1.1157317830659015,
        1.1622997933543575,
        1.1905376415773732,
        1.2,
        1.1905376415773732,
        1.1622997933543573,
        1.1157317830659015,
        1.051568016052636,
        0.9708203932499365,
        0.8747623529056933,
        0.7649087876984275,
        0.6429921539747956,
        0.5109351498780867,
        0.3708203932499363,
        0.2248575775028687,
        0.07534862343517598,
        -0.07534862343517632,
        -0.22485757750287005,
        -0.37082039324993654,
        -0.5109351498780879,
        -0.6429921539747958,
        -0.7649087876984286,
        -0.8747623529056943,
        -0.9708203932499367,
        -1.0515680160526366,
        -1.1157317830659015,
        -1.1622997933543577,
        -1.1905376415773732,
        -1.2
    ],
    "args": {
        "I_fc": [
            1.2
        ],
        "current_units": "mA",
        "cycles": 1.5,
        "d": 0.2,
        "directory": "/scratch/users/lbvh/py-tdgl/results/17298304/98",
        "dt_init": 1e-06,
        "fc_center": [
            0,
            0,
            1
        ],
        "fc_radius": 2.4,
        "field_units": "mT",
        "film_points": 4000,
        "film_radius": 15.0,
        "film_shape": "box",
        "film_smooth": 100,
        "gamma": 1.0,
        "index": 98,
        "lam": 1.35,
        "max_edge_length": 0.5,
        "pl_center": null,
        "pl_radius": 0.8,
        "points_per_cycle": 51.0,
        "save_every": 500,
        "screening": false,
        "seed_solutions": true,
        "slot_radius": 0.1,
        "slot_size": [
            2.0,
            50.0
        ],
        "slot_top_center_x": [
            -10.0,
            10.0,
            101.0
        ],
        "slot_top_center_y": [
            5.0,
            5.0,
            101.0
        ],
        "solve_time": [
            10000.0,
            2000.0
        ],
        "squid_angle": 180.0,
        "squid_iterations": 5,
        "squid_points": 4000,
        "squid_position": [
            0.0,
            0.0,
            0.5
        ],
        "squid_smooth": 100,
        "squid_type": "hypres-small",
        "xi": 0.9
    },
    "film_fluxoid": [
        -0.0007735468272899659,
        -0.0007674586522449017,
        -0.0007492880359398732,
        -0.000719315736807886,
        -0.0006780063024393271,
        -0.0006260025124574293,
        -0.0005641168792238391,
        -0.0004933199404411917,
        -0.0004147254108303406,
        -0.00032957253272474223,
        -0.00023920612095628744,
        -0.00014505481731694555,
        -4.860802918777737e-05,
        4.860802918070947e-05,
        0.00014505481733148777,
        0.00023920612097293235,
        0.0003295725327179571,
        0.0004147254108417906,
        0.000493319940435184,
        0.0005641168791825359,
        0.0006260025124929102,
        0.0006780063022414966,
        0.000719315736859623,
        0.0007492880359253001,
        0.000767458652240555,
        0.0007735468274340803,
        0.0007674586523596402,
        0.0007492880359048739,
        0.00071931573689991,
        0.0006780063022821547,
        0.000626002512444442,
        0.0005641168792867786,
        0.0004933199404679084,
        0.00041472541079054834,
        0.0003295725327249101,
        0.00023920612096015712,
        0.00014505481732461422,
        4.8608029187618345e-05,
        -4.860802918132791e-05,
        -0.00014505481732724702,
        -0.00023920612094684447,
        -0.0003295725326702487,
        -0.0004147254107478582,
        -0.0004933199404856488,
        -0.0005641168792152869,
        -0.0006260025125833085,
        -0.0006780063022603679,
        -0.0007193157368804026,
        -0.0007492880359103338,
        -0.0007674586522413325,
        -0.00077354682741323,
        -0.0007674586523183372,
        -0.0007492880358772472,
        -0.0007193157368881066,
        -0.0006780063023497061,
        -0.0006260025124892525,
        -0.000564116879179276,
        -0.0004933199404456445,
        -0.0004147254108437696,
        -0.00032957253271251476,
        -0.0002392061209495376,
        -0.00014505481732832488,
        -4.8608029182600136e-05,
        4.860802918210538e-05,
        0.00014505481735396368,
        0.0002392061209161771,
        0.000329572532667775,
        0.0004147254108341573,
        0.000493319940515334,
        0.0005641168792227965,
        0.0006260025125852522,
        0.0006780063023614388,
        0.0007193157368420769,
        0.0007492880359220488,
        0.0007674586523007028,
        0.0007735468274579698
    ],