{
    "I_fc": [
        1.75,
        1.7362007273003364,
        1.6950205319751044,
        1.62710885030444,
        1.5335366900767613,
        1.415779740156158,
        1.2756950979874702,
        1.115491982060207,
        0.937696891213244,
        0.7451137602388771,
        0.540779740156158,
        0.3279173005250179,
        0.10988340917629828,
        -0.10988340917629845,
        -0.32791730052501844,
        -0.5407797401561583,
        -0.7451137602388772,
        -0.9376968912132445,
        -1.115491982060207,
        -1.2756950979874704,
        -1.4157797401561578,
        -1.5335366900767613,
        -1.62710885030444,
        -1.6950205319751044,
        -1.7362007273003364,
        -1.75,
        -1.7362007273003364,
        -1.6950205319751044,
        -1.6271088503044397,
        -1.533536690076761,
        -1.4157797401561576,
        -1.2756950979874702,
        -1.1154919820602067,
        -0.9376968912132435,
        -0.7451137602388763,
        -0.5407797401561583,
        -0.3279173005250181,
        -0.10988340917629812,
        0.10988340917629902,
        0.327917300525019,
        0.5407797401561576,
        0.7451137602388771,
        0.9376968912132444,
        1.1154919820602074,
        1.2756950979874708,
        1.4157797401561587,
        1.5335366900767613,
        1.62710885030444,
        1.6950205319751046,
        1.7362007273003364,
        1.75,
        1.7362007273003364,
        1.6950205319751044,
        1.62710885030444,
        1.5335366900767609,
        1.4157797401561574,
        1.2756950979874693,
        1.115491982060207,
        0.9376968912132437,
        0.7451137602388764,
        0.5407797401561569,
        0.3279173005250168,
        0.10988340917629831,
        -0.1098834091762988,
        -0.3279173005250188,
        -0.5407797401561575,
        -0.7451137602388783,
        -0.9376968912132442,
        -1.1154919820602085,
        -1.2756950979874706,
        -1.4157797401561576,
        -1.5335366900767617,
        -1.62710885030444,
        -1.695020531975105,
        -1.7362007273003364,
        -1.75
    ],
    "args": {
        "I_fc": [
            1.75
        ],
        "current_units": "mA",
        "cycles": 1.5,
        "d": 0.2,
        "directory": "/scratch/users/lbvh/py-tdgl/results/17224036/57",
        "dt_init": 1e-06,
        "fc_center": [
            0,
            0,
            1
        ],
        "fc_radius": 2.4,
        "field_units": "mT",
        "film_points": 4000,
        "film_radius": 15.0,
        "film_shape": "box",
        "film_smooth": 100,
        "gamma": 1.0,
        "index": 57,
        "lam": 1.35,
        "max_edge_length": 0.5,
        "pl_center": null,
        "pl_radius": 0.8,
        "points_per_cycle": 51.0,
        "save_every": 500,
        "screening": false,
        "seed_solutions": true,
        "slot_radius": 0.1,
        "slot_size": [
            2.0,
            50.0
        ],
        "slot_top_center_x": [
            -10.0,
            10.0,
            101.0
        ],
        "slot_top_center_y": [
            5.0,
            5.0,
            101.0
        ],
        "solve_time": [
            10000.0,
            2000.0
        ],
        "squid_angle": 180.0,
        "squid_iterations": 5,
        "squid_points": 4000,
        "squid_position": [
            0.0,
            0.0,
            0.5
        ],
        "squid_smooth": 100,
        "squid_type": "hypres-small",
        "xi": 0.9
    },
    "film_fluxoid": [
        0.9991578635148445,
        0.9991644038679551,
        0.9991839280304129,
        0.9992161535641261,
        0.999260643308927,
        0.9993169035382318,
        0.999385272884974,
        -0.0005257925312329179,
        -0.0004414235567069539,
        -0.000350440434665403,
        -0.0002541728279139934,
        -0.0001540606284671797,
        -5.161438368622165e-05,
        5.16143836861333e-05,
        0.00015406062846725038,
        0.000254172827913746,
        0.00035044043466526167,
        0.0004414235567068125,
        0.0005257925312322818,
        0.0006024235363654578,
        -0.9993169035382314,
        -0.9992606433089269,
        -0.9992161535641264,
        -0.9991839280304126,
        -0.9991644038679547,
        -0.9991578635148439,
        -0.9991644038679551,
        -0.9991839280304131,
        -0.9992161535641264,
        -0.9992606433089274,
        -0.9993169035382318,
        -0.9993852728849738,
        0.0005257925312326351,
        0.0004414235567066182,
        0.00035044043466550903,
        0.00025417282791388734,
        0.00015406062846714435,
        5.1614383686168636e-05,
        -5.1614383686256985e-05,
        -0.00015406062846733872,
        -0.000254172827913852,
        -0.00035044043466508494,
        -0.0004414235567073117,
        -0.0005257925312323171,
        -0.0006024235363655285,
        0.9993169035382312,
        0.9992606433089275,
        0.9992161535641264,
        0.9991839280304128,
        0.9991644038679548,
        0.9991578635148446,
        0.9991644038679556,
        0.9991839280304122,
        0.9992161535641264,
        0.9992606433089268,
        0.999316903538231,
        0.9993852728849735,
        -0.0005257925312321404,
        -0.0004414235567068125,
        -0.00035044043466550903,
        -0.00025417282791406407,
        -0.00015406062846710903,
        -5.161438368622165e-05,
        5.1614383686150964e-05,
        0.00015406062846728573,
        0.00025417282791395803,
        0.000350440434665403,
        0.0004414235567069539,
        0.0005257925312321404,
        0.0006024235363655285,
        -0.9993169035382314,
        -0.9992606433089268,
        -0.9992161535641266,
        -0.9991839280304127,
        -0.9991644038679548,
        -0.999157863514845
    ],