{
    "I_fc": [
        6.295,
        6.245362044774638,
        6.097230999304733,
        5.852942978666542,
        5.516350550876121,
        5.0927619795902945,
        4.588857509617785,
        4.0125840154680015,
        3.3730296743927832,
        2.6802806404021324,
        1.9452619795902941,
        1.1795653753171358,
        0.39526632043702725,
        -0.39526632043702786,
        -1.1795653753171378,
        -1.9452619795902948,
        -2.680280640402133,
        -3.3730296743927854,
        -4.0125840154680015,
        -4.588857509617786,
        -5.092761979590294,
        -5.516350550876121,
        -5.852942978666543,
        -6.097230999304733,
        -6.245362044774638,
        -6.295,
        -6.245362044774638,
        -6.097230999304733,
        -5.852942978666541,
        -5.516350550876121,
        -5.092761979590293,
        -4.588857509617785,
        -4.012584015468001,
        -3.373029674392782,
        -2.6802806404021293,
        -1.9452619795902948,
        -1.1795653753171365,
        -0.39526632043702664,
        0.39526632043702986,
        1.1795653753171396,
        1.9452619795902928,
        2.680280640402132,
        3.3730296743927846,
        4.012584015468003,
        4.588857509617788,
        5.092761979590296,
        5.516350550876121,
        5.852942978666543,
        6.097230999304733,
        6.245362044774638,
        6.295,
        6.245362044774638,
        6.097230999304733,
        5.852942978666542,
        5.51635055087612,
        5.092761979590291,
        4.588857509617783,
        4.0125840154680015,
        3.3730296743927823,
        2.6802806404021298,
        1.9452619795902903,
        1.1795653753171318,
        0.3952663204370273,
        -0.3952663204370291,
        -1.179565375317139,
        -1.9452619795902921,
        -2.6802806404021364,
        -3.373029674392784,
        -4.012584015468007,
        -4.588857509617787,
        -5.092761979590293,
        -5.5163505508761235,
        -5.852942978666543,
        -6.097230999304735,
        -6.245362044774638,
        -6.295
    ],
    "args": {
        "I_fc": [
            0.5,
            10.0,
            201.0
        ],
        "current_units": "mA",
        "cycles": 1.5,
        "d": 0.2,
        "directory": "/scratch/users/lbvh/py-tdgl/results/14122470/122",
        "dt_init": 1e-06,
        "fc_center": [
            0,
            0,
            1
        ],
        "fc_radius": 2.4,
        "field_units": "mT",
        "film_points": 4000,
        "film_radius": 15.0,
        "film_shape": "box",
        "film_smooth": 100,
        "gamma": 1.0,
        "index": 122,
        "lam": 1.35,
        "max_edge_length": 0.5,
        "pl_center": null,
        "pl_radius": 0.8,
        "points_per_cycle": 51.0,
        "save_every": 500,
        "screening": false,
        "seed_solutions": true,
        "slot_radius": 0,
        "slot_size": null,
        "slot_top_center_x": null,
        "slot_top_center_y": null,
        "solve_time": [
            20000.0,
            2000.0
        ],
        "squid_angle": 0,
        "squid_iterations": 5,
        "squid_points": 4000,
        "squid_position": [
            0.0,
            0.0,
            0.5
        ],
        "squid_smooth": 100,
        "squid_type": "hypres-small",
        "xi": 0.9
    },
    "film_fluxoid": [
        2.9972559841329907,
        2.9972768262486014,
        2.9973390135157265,
        2.9974415771096705,
        2.997583088595572,
        2.9977621556927927,
        2.9979764903545365,
        2.9982253436248163,
        2.9984994414938564,
        2.9987809453026353,
        2.999076007944255,
        1.99943202634533,
        0.9997973533451383,
        0.00016096421507681076,
        0.0004806831334770609,
        0.0007943957829276541,
        -0.9988650266653043,
        -1.9985406488535307,
        -1.998275093567567,
        -1.9980036968051733,
        -2.99777610331412,
        -2.9975882008284125,
        -2.9974474381800587,
        -2.9973451538162235,
        -2.997276809089525,
        -2.9972559832083956,
        -2.9972768262176164,
        -2.9973390135121165,
        -2.997441577108138,
        -2.9975830885949075,
        -2.9977621556907166,
        -2.997976490355201,
        -2.9982253436271677,
        -2.998499441497382,
        -2.9987809453033307,
        -2.9990760079437284,
        -1.9994320263460286,
        -0.9997973533442123,
        -0.00016096421570371575,
        -0.00048068313315352784,
        -0.0007943957859551887,
        0.9988650266652946,
        1.9985406488541588,
        1.99827509356733,
        1.9980036968041137,
        2.997776103305219,
        2.9975882008310597,
        2.9974474381799285,
        2.9973451538185354,
        2.9972768090918964,
        2.9972559832087042,
        2.997276826217097,
        2.9973390135124807,
        2.997441577109802,
        2.9975830885964583,
        2.9977621556928944,
        2.997976490356283,
        2.998225343619439,
        2.9984994414924393,
        2.9987809452991496,
        2.999076007944197,
        1.9994320263458762,
        0.9997973533433883,
        0.00016096421529125082,
        0.0004806831319890914,
        0.0007943957819288185,
        -0.9988650266652861,
        -1.9985406488536668,
        -1.9982750935674087,
        -1.9980036968016472,
        -2.997776103306749,
        -2.997588200829371,
        -2.9974474381790857,
        -2.997345153817493,
        -2.997276809087448,
        -2.997255983208238
    ],
    "flux": [
        -0.00787835241741595,
        -0.007548518500533399,
        -0.006536026922873873,
        -0.004813334620421906,
        -0.0024855341083521052,
        -0.00014176466377673153,
        -0.0010791755365910098,
        -0.002743871627339394,
        -0.001947682567733198,
        0.005861783614064324,
        0.012603465198782386,
        0.009988823143102316,
        0.01186638119443792,
        0.006414556009976549,
        0.017462000696119348,
        0.02347281763060154,
        0.017342956496194425,
        0.012853739058302735,
        0.016074894696539145,
        0.00827112033014612,
        0.010626102188993325,
        0.00793925928843362,
        0.010148472895405655,
        0.011372842242143954,
        0.007551395064454038,
        0.007878512779828947,
        0.007548524196054053,
        0.006536027107254384,
        0.004813334616176687,
        0.0024855341086735044,
        0.0001417646595039778,
        0.0010791755314870555,
        0.002743871733726182,
        0.0019476825831726172,
        -0.0058617836097218275,
        -0.012603465200821168,
        -0.009988823218343126,
        -0.011866381194977882,
        -0.006414556009085094,
        -0.017462000698148846,
        -0.023472817624211884,
        -0.017342956496271746,
        -0.012853739047054082,
        -0.016074894696580924,
        -0.008271120371844538,
        -0.010626102060789096,
        -0.00793925927391061,
        -0.010148472944708914,
        -0.011372841727866534,
        -0.007551395071062279,
        -0.007878512763195738,
        -0.007548524192003334,
        -0.006536027055003598,
        -0.004813334686554044,
        -0.0024855341126266625,
        -0.0001417647061575913,
        -0.0010791755804937567,
        -0.00274387154954519,
        -0.0019476825696845414,
        0.005861783614394661,
        0.012603465140988363,
        0.00998882315547776,
        0.011866381187766532,
        0.006414556008498905,
        0.01746200069948963,
        0.02347281763122464,
        0.017342956488035566,
        0.012853739046044723,
        0.016074894696363366,
        0.008271120764040194,
        0.010626102084184628,
        0.007939259258536037,
        0.010148472917699465,
        0.011372841552360917,
        0.007551395670072956,
        0.007878512790310335
    ],
    "timing": {
        "end_time": "2023-03-29T15:12:19.960332",