{
    "I_fc": [
        1.0,
        0.9921147013144779,
        0.9685831611286311,
        0.9297764858882513,
        0.8763066800438636,
        0.8090169943749475,
        0.7289686274214116,
        0.6374239897486896,
        0.5358267949789965,
        0.42577929156507266,
        0.30901699437494745,
        0.18738131458572452,
        0.0627905195293133,
        -0.0627905195293134,
        -0.18738131458572482,
        -0.30901699437494756,
        -0.4257792915650727,
        -0.5358267949789969,
        -0.6374239897486897,
        -0.7289686274214117,
        -0.8090169943749473,
        -0.8763066800438636,
        -0.9297764858882515,
        -0.9685831611286311,
        -0.9921147013144779,
        -1.0,
        -0.9921147013144779,
        -0.9685831611286311,
        -0.9297764858882512,
        -0.8763066800438635,
        -0.8090169943749472,
        -0.7289686274214116,
        -0.6374239897486895,
        -0.5358267949789963,
        -0.42577929156507216,
        -0.30901699437494756,
        -0.18738131458572463,
        -0.06279051952931321,
        0.06279051952931372,
        0.18738131458572513,
        0.30901699437494723,
        0.4257792915650726,
        0.5358267949789968,
        0.63742398974869,
        0.7289686274214119,
        0.8090169943749478,
        0.8763066800438636,
        0.9297764858882515,
        0.9685831611286312,
        0.9921147013144779,
        1.0,
        0.9921147013144779,
        0.9685831611286311,
        0.9297764858882513,
        0.8763066800438634,
        0.809016994374947,
        0.728968627421411,
        0.6374239897486896,
        0.5358267949789964,
        0.42577929156507227,
        0.30901699437494684,
        0.18738131458572388,
        0.06279051952931332,
        -0.0627905195293136,
        -0.18738131458572502,
        -0.3090169943749471,
        -0.4257792915650733,
        -0.5358267949789967,
        -0.6374239897486905,
        -0.7289686274214118,
        -0.8090169943749472,
        -0.8763066800438639,
        -0.9297764858882515,
        -0.9685831611286314,
        -0.9921147013144779,
        -1.0
    ],
    "args": {
        "I_fc": [
            1.0
        ],
        "current_units": "mA",
        "cycles": 1.5,
        "d": 0.2,
        "directory": "/scratch/users/lbvh/py-tdgl/results/17223170/1",
        "dt_init": 1e-06,
        "fc_center": [
            0,
            0,
            1
        ],
        "fc_radius": 2.4,
        "field_units": "mT",
        "film_points": 4000,
        "film_radius": 15.0,
        "film_shape": "box",
        "film_smooth": 100,
        "gamma": 1.0,
        "index": 1,
        "lam": 1.35,
        "max_edge_length": 0.5,
        "pl_center": null,
        "pl_radius": 0.8,
        "points_per_cycle": 51.0,
        "save_every": 500,
        "screening": false,
        "seed_solutions": true,
        "slot_radius": 0.1,
        "slot_size": [
            2.0,
            50.0
        ],
        "slot_top_center_x": [
            -10.0,
            10.0,
            101.0
        ],
        "slot_top_center_y": [
            -1.0,
            -1.0,
            101.0
        ],
        "solve_time": [
            10000.0,
            2000.0
        ],
        "squid_angle": 180.0,
        "squid_iterations": 5,
        "squid_points": 4000,
        "squid_position": [
            0.0,
            0.0,
            0.5
        ],
        "squid_smooth": 100,
        "squid_type": "hypres-small",
        "xi": 0.9
    },
    "film_fluxoid": [
        -0.00031014482893939915,
        -0.00030769924366621344,
        -0.00030040105629751835,
        -0.0002883653639159135,
        -0.00027178197702225766,
        -0.000250912426028096,
        -0.000226085836680093,
        -0.0001976937394840158,
        -0.0001661838949933731,
        -0.0001320532323438858,
        -9.584001239191378e-05,
        -5.8115339040890525e-05,
        -1.9474152624075698e-05,
        1.9474152624005018e-05,
        5.811533904081984e-05,
        9.584001239187845e-05,
        0.00013205323234393,
        0.00016618389499333775,
        0.00019769373948400255,
        0.0002260858366801283,
        0.000250912426028096,
        0.0002717819770221826,
        0.0002883653639157898,
        0.0003004010562975007,
        0.0003076992436661604,
        0.0003101448289392622,
        0.0003076992436661251,
        0.00030040105629757137,
        0.0002883653639159312,
        0.00027178197702235925,
        0.00025091242602806065,
        0.0002260858366801283,
        0.0001976937394840158,
        0.00016618389499333775,
        0.00013205323234394766,
        9.584001239191378e-05,
        5.811533904081984e-05,
        1.947415262401385e-05,
        -1.9474152624005018e-05,
        -5.811533904082868e-05,
        -9.584001239194029e-05,
        -0.0001320532323438858,
        -0.00016618389499326708,
        -0.0001976937394840865,
        -0.00022608583668016366,
        -0.000250912426028096,
        -0.00027178197702225327,
        -0.00028836536391596654,
        -0.0003004010562975537,
        -0.0003076992436661251,
        -0.0003101448289392578,
        -0.0003076992436661251,
        -0.0003004010562975537,
        -0.0002883653639158075,
        -0.0002717819770221649,
        -0.000250912426028096,
        -0.00022608583668014598,
        -0.0001976937394840158,
        -0.0001661838949933289,
        -0.00013205323234395647,
        -9.584001239187845e-05,
        -5.811533904081984e-05,
        -1.9474152624005018e-05,
        1.9474152624040356e-05,
        5.811533904081984e-05,
        9.584001239180777e-05,
        0.0001320532323438858,
        0.00016618389499335653,
        0.00019769373948398046,
        0.00022608583668005765,
        0.000250912426028096,
        0.0002717819770222886,
        0.0002883653639158605,
        0.00030040105629757137,
        0.00030769924366608973,
        0.0003101448289392843
    ],