{
    "I_fc": [
        1.2,
        1.1905376415773734,
        1.1622997933543573,
        1.1157317830659015,
        1.0515680160526362,
        0.9708203932499369,
        0.8747623529056938,
        0.7649087876984275,
        0.6429921539747958,
        0.5109351498780872,
        0.37082039324993693,
        0.22485757750286942,
        0.07534862343517597,
        -0.07534862343517608,
        -0.22485757750286978,
        -0.37082039324993704,
        -0.5109351498780872,
        -0.6429921539747963,
        -0.7649087876984276,
        -0.8747623529056939,
        -0.9708203932499367,
        -1.0515680160526362,
        -1.1157317830659017,
        -1.1622997933543573,
        -1.1905376415773734,
        -1.2,
        -1.1905376415773734,
        -1.1622997933543573,
        -1.1157317830659015,
        -1.0515680160526362,
        -0.9708203932499366,
        -0.8747623529056938,
        -0.7649087876984274,
        -0.6429921539747956,
        -0.5109351498780865,
        -0.37082039324993704,
        -0.22485757750286955,
        -0.07534862343517584,
        0.07534862343517647,
        0.22485757750287014,
        0.37082039324993665,
        0.5109351498780871,
        0.6429921539747961,
        0.764908787698428,
        0.8747623529056943,
        0.9708203932499373,
        1.0515680160526362,
        1.1157317830659017,
        1.1622997933543573,
        1.1905376415773734,
        1.2,
        1.1905376415773734,
        1.1622997933543573,
        1.1157317830659015,
        1.051568016052636,
        0.9708203932499364,
        0.8747623529056932,
        0.7649087876984275,
        0.6429921539747957,
        0.5109351498780867,
        0.3708203932499362,
        0.22485757750286864,
        0.07534862343517598,
        -0.07534862343517632,
        -0.22485757750287003,
        -0.37082039324993654,
        -0.510935149878088,
        -0.6429921539747959,
        -0.7649087876984286,
        -0.8747623529056942,
        -0.9708203932499366,
        -1.0515680160526366,
        -1.1157317830659017,
        -1.1622997933543577,
        -1.1905376415773734,
        -1.2
    ],
    "args": {
        "I_fc": [
            1.2
        ],
        "current_units": "mA",
        "cycles": 1.5,
        "d": 0.2,
        "directory": "/scratch/users/lbvh/py-tdgl/results/17298299/6",
        "dt_init": 1e-06,
        "fc_center": [
            0,
            0,
            1
        ],
        "fc_radius": 2.4,
        "field_units": "mT",
        "film_points": 4000,
        "film_radius": 15.0,
        "film_shape": "box",
        "film_smooth": 100,
        "gamma": 1.0,
        "index": 6,
        "lam": 1.35,
        "max_edge_length": 0.5,
        "pl_center": null,
        "pl_radius": 0.8,
        "points_per_cycle": 51.0,
        "save_every": 500,
        "screening": false,
        "seed_solutions": true,
        "slot_radius": 0.1,
        "slot_size": [
            2.0,
            50.0
        ],
        "slot_top_center_x": [
            -10.0,
            10.0,
            101.0
        ],
        "slot_top_center_y": [
            -1.0,
            -1.0,
            101.0
        ],
        "solve_time": [
            10000.0,
            2000.0
        ],
        "squid_angle": 180.0,
        "squid_iterations": 5,
        "squid_points": 4000,
        "squid_position": [
            0.0,
            0.0,
            0.5
        ],
        "squid_smooth": 100,
        "squid_type": "hypres-small",
        "xi": 0.9
    },
    "film_fluxoid": [
        -0.0006213165788177244,
        -0.0006164172953533594,
        -0.0006017967126542243,
        -0.0005776854144398737,
        -0.0005444636619608364,
        -0.0005026553945276144,
        -0.00045291996446108687,
        -0.0003960417372352188,
        -0.00033291772089337593,
        -0.0002645434196762951,
        -0.00019199713473537066,
        -0.0001164229593145697,
        -3.9012736432503275e-05,
        3.9012736432609296e-05,
        0.00011642295931453435,
        0.00019199713473572405,
        0.00026454341967608306,
        0.000332917720892731,
        0.0003960417372349361,
        0.0004529199644622884,
        0.0005026553945276851,
        0.0005444636619606244,
        0.0005776854144392552,
        0.0006017967126535705,
        0.0006164172953539955,
        0.0006213165788176891,
        0.000616417295353313,
        0.000601796712653924,
        0.0005776854144396971,
        0.0005444636619610838,
        0.0005026553945281093,
        0.00045291996446181134,
        0.0003960417372360228,
        0.000332917720892996,
        0.0002645434196761891,
        0.00019199713473646616,
        0.00011642295931471105,
        3.9012736432609296e-05,
        -3.901273643267997e-05,
        -0.0001164229593145697,
        -0.00019199713473597142,
        -0.0002645434196761184,
        -0.0003329177208926427,
        -0.00039604173723542204,
        -0.00045291996446202335,
        -0.0005026553945274289,
        -0.0005444636619610132,
        -0.0005776854144396264,
        -0.0006017967126541713,
        -0.0006164172953534124,
        -0.0006213165788179365,
        -0.0006164172953535714,
        -0.0006017967126535441,
        -0.0005776854144398737,
        -0.0005444636619610485,
        -0.0005026553945280386,
        -0.0004529199644616346,
        -0.00039604173723592007,
        -0.0003329177208935085,
        -0.0002645434196759417,
        -0.00019199713473597142,
        -0.0001164229593146757,
        -3.901273643267997e-05,
        3.901273643246794e-05,
        0.00011642295931389823,
        0.00019199713473583006,
        0.00026454341967615375,
        0.0003329177208932081,
        0.00039604173723483093,
        0.0004529199644611222,
        0.0005026553945277558,
        0.0005444636619612605,
        0.0005776854144397678,
        0.000601796712653871,
        0.0006164172953533594,
        0.0006213165788180072
    ],