{
    "I_fc": [
        0.9,
        0.8929032311830299,
        0.8717248450157682,
        0.8367988372994262,
        0.7886760120394771,
        0.7281152949374529,
        0.6560717646792705,
        0.5736815907738206,
        0.4822441154810969,
        0.3832013624085654,
        0.27811529493745274,
        0.16864318312715207,
        0.056511467576381966,
        -0.05651146757638206,
        -0.16864318312715237,
        -0.27811529493745285,
        -0.3832013624085655,
        -0.4822441154810971,
        -0.5736815907738206,
        -0.6560717646792705,
        -0.7281152949374528,
        -0.7886760120394772,
        -0.8367988372994263,
        -0.8717248450157682,
        -0.8929032311830299,
        -0.9,
        -0.8929032311830299,
        -0.8717248450157681,
        -0.8367988372994262,
        -0.7886760120394771,
        -0.7281152949374526,
        -0.6560717646792705,
        -0.5736815907738206,
        -0.4822441154810966,
        -0.38320136240856495,
        -0.27811529493745285,
        -0.1686431831271522,
        -0.056511467576381876,
        0.05651146757638235,
        0.16864318312715265,
        0.2781152949374526,
        0.3832013624085654,
        0.482244115481097,
        0.5736815907738209,
        0.6560717646792708,
        0.7281152949374531,
        0.7886760120394771,
        0.8367988372994263,
        0.8717248450157682,
        0.8929032311830299,
        0.9,
        0.8929032311830299,
        0.8717248450157681,
        0.8367988372994262,
        0.7886760120394769,
        0.7281152949374524,
        0.65607176467927,
        0.5736815907738206,
        0.4822441154810967,
        0.38320136240856506,
        0.27811529493745224,
        0.1686431831271515,
        0.05651146757638199,
        -0.056511467576382236,
        -0.16864318312715254,
        -0.2781152949374524,
        -0.38320136240856595,
        -0.4822441154810969,
        -0.5736815907738215,
        -0.6560717646792708,
        -0.7281152949374526,
        -0.7886760120394776,
        -0.8367988372994263,
        -0.8717248450157684,
        -0.8929032311830299,
        -0.9
    ],
    "args": {
        "I_fc": [
            0.9
        ],
        "current_units": "mA",
        "cycles": 1.5,
        "d": 0.2,
        "directory": "/scratch/users/lbvh/py-tdgl/results/17289540/99",
        "dt_init": 1e-06,
        "fc_center": [
            0,
            0,
            1
        ],
        "fc_radius": 2.4,
        "field_units": "mT",
        "film_points": 4000,
        "film_radius": 15.0,
        "film_shape": "box",
        "film_smooth": 100,
        "gamma": 1.0,
        "index": 99,
        "lam": 1.35,
        "max_edge_length": 0.5,
        "pl_center": null,
        "pl_radius": 0.8,
        "points_per_cycle": 51.0,
        "save_every": 500,
        "screening": false,
        "seed_solutions": true,
        "slot_radius": 0.1,
        "slot_size": [
            2.0,
            50.0
        ],
        "slot_top_center_x": [
            -10.0,
            10.0,
            101.0
        ],
        "slot_top_center_y": [
            -1.0,
            -1.0,
            101.0
        ],
        "solve_time": [
            10000.0,
            2000.0
        ],
        "squid_angle": 180.0,
        "squid_iterations": 5,
        "squid_points": 4000,
        "squid_position": [
            0.0,
            0.0,
            0.5
        ],
        "squid_smooth": 100,
        "squid_type": "hypres-small",
        "xi": 0.9
    },
    "film_fluxoid": [
        -0.0004974436757558742,
        -0.0004935268783491777,
        -0.00048183730685247636,
        -0.000462556664439675,
        -0.00043598520346169173,
        -0.00040253772156632374,
        -0.00036273773463359475,
        -0.00031720980325647933,
        -0.00026667003335219063,
        -0.00021191491205012063,
        -0.00015380867531109742,
        -9.326948433332036e-05,
        -3.125467100103496e-05,
        3.125467100499298e-05,
        9.326948444803237e-05,
        0.0001538086754178227,
        0.00021191491210684053,
        0.0002666700334400799,
        0.00031720980288983203,
        0.00036273773496688154,
        0.0004025377216674654,
        0.00043598520394980085,
        0.00046255666397715167,
        0.0004818373075905771,
        0.0004935268783272318,
        0.0004974436757325148,
        0.0004935268784521569,
        0.00048183730721101324,
        0.00046255666398416657,
        0.00043598520357959644,
        0.00040253772176667216,
        0.00036273773482564724,
        0.0003172098026280017,
        0.00026667003339000386,
        0.00021191491206828513,
        0.00015380867524836982,
        9.326948437282991e-05,
        3.125467101548881e-05,
        -3.125467103344127e-05,
        -9.326948432017406e-05,
        -0.0001538086754432318,
        -0.00021191491218819206,
        -0.0002666700333742778,
        -0.00031720980295695943,
        -0.000362737734464831,
        -0.0004025377212972543,
        -0.00043598520389101356,
        -0.0004625566637213644,
        -0.000481837307341893,
        -0.0004935268786816163,
        -0.0004974436760825525,
        -0.0004935268792060898,
        -0.00048183730717109725,
        -0.0004625566644441278,
        -0.00043598520395785826,
        -0.000402537721839498,
        -0.0003627377345878301,
        -0.0003172098031577761,
        -0.0002666700336162473,
        -0.00021191491237436053,
        -0.00015380867530387048,
        -9.326948442304733e-05,
        -3.125467105220655e-05,
        3.125467103920161e-05,
        9.326948436779403e-05,
        0.00015380867547008982,
        0.00021191491209093775,
        0.0002666700334981074,
        0.00031720980297651985,
        0.00036273773477166617,
        0.00040253772180585484,
        0.0004359852035447395,
        0.00046255666390279736,
        0.0004818373069317782,
        0.0004935268783839164,
        0.000497443676131003
    ],