{
    "I_fc": [
        7.625,
        7.564874597522894,
        7.385446603605812,
        7.089545704897916,
        6.68183843533446,
        6.168754582108974,
        5.558385784088263,
        4.860357921833758,
        4.085679311714848,
        3.246567098183679,
        2.356254582108974,
        1.4287825237161496,
        0.47877771141101394,
        -0.47877771141101466,
        -1.4287825237161518,
        -2.356254582108975,
        -3.2465670981836796,
        -4.085679311714851,
        -4.860357921833759,
        -5.558385784088264,
        -6.168754582108973,
        -6.68183843533446,
        -7.089545704897917,
        -7.385446603605812,
        -7.564874597522894,
        -7.625,
        -7.564874597522894,
        -7.385446603605812,
        -7.089545704897915,
        -6.681838435334459,
        -6.168754582108972,
        -5.558385784088263,
        -4.860357921833757,
        -4.085679311714847,
        -3.246567098183675,
        -2.356254582108975,
        -1.4287825237161502,
        -0.4787777114110132,
        0.4787777114110171,
        1.428782523716154,
        2.3562545821089724,
        3.2465670981836787,
        4.08567931171485,
        4.860357921833761,
        5.558385784088266,
        6.168754582108977,
        6.68183843533446,
        7.089545704897917,
        7.385446603605812,
        7.564874597522894,
        7.625,
        7.564874597522894,
        7.385446603605812,
        7.089545704897916,
        6.681838435334458,
        6.168754582108971,
        5.558385784088259,
        4.860357921833758,
        4.0856793117148476,
        3.246567098183676,
        2.3562545821089698,
        1.4287825237161447,
        0.47877771141101405,
        -0.47877771141101616,
        -1.4287825237161533,
        -2.356254582108972,
        -3.246567098183684,
        -4.085679311714849,
        -4.860357921833765,
        -5.558385784088265,
        -6.168754582108972,
        -6.681838435334463,
        -7.089545704897917,
        -7.385446603605814,
        -7.564874597522894,
        -7.625
    ],
    "args": {
        "I_fc": [
            0.5,
            10.0,
            201.0
        ],
        "current_units": "mA",
        "cycles": 1.5,
        "d": 0.2,
        "directory": "/scratch/users/lbvh/py-tdgl/results/14122470/150",
        "dt_init": 1e-06,
        "fc_center": [
            0,
            0,
            1
        ],
        "fc_radius": 2.4,
        "field_units": "mT",
        "film_points": 4000,
        "film_radius": 15.0,
        "film_shape": "box",
        "film_smooth": 100,
        "gamma": 1.0,
        "index": 150,
        "lam": 1.35,
        "max_edge_length": 0.5,
        "pl_center": null,
        "pl_radius": 0.8,
        "points_per_cycle": 51.0,
        "save_every": 500,
        "screening": false,
        "seed_solutions": true,
        "slot_radius": 0,
        "slot_size": null,
        "slot_top_center_x": null,
        "slot_top_center_y": null,
        "solve_time": [
            20000.0,
            2000.0
        ],
        "squid_angle": 0,
        "squid_iterations": 5,
        "squid_points": 4000,
        "squid_position": [
            0.0,
            0.0,
            0.5
        ],
        "squid_smooth": 100,
        "squid_type": "hypres-small",
        "xi": 0.9
    },
    "film_fluxoid": [
        3.9966684174841176,
        3.9966935848854557,
        3.996768608540846,
        3.996892193988291,
        3.9970634688902686,
        3.997279458946314,
        3.997539498746889,
        3.9978392186630094,
        3.998166772815502,
        3.9985071486084913,
        2.9989118217436603,
        1.999332165378686,
        0.9997634250328331,
        0.00019497948677827455,
        0.0005825016312359491,
        -0.9989980713365867,
        -1.9985925946855132,
        -1.9982246045556509,
        -1.9978886548282042,
        -2.9975706005249254,
        -2.9973152292504714,
        -2.997093416368247,
        -2.9969216148235436,
        -2.996797137026372,
        -2.9967222817415236,
        -2.9966977814090745,
        -2.996723725405701,
        -2.9967997527012495,
        -2.996924826805207,
        -2.9970970352258166,
        -2.997313574577023,
        -2.997565392014476,
        -2.997862440380599,
        -2.998194561543919,
        -2.998550962916194,
        -2.9989118217415642,
        -1.9993321653765126,
        -0.9997634250331313,
        -0.0001949794867007397,
        -0.0005825016314100315,
        0.9989980713366042,
        1.998592594686133,
        1.9982246045551706,
        1.997888654821269,
        2.9975706005247873,
        2.9973152292498364,
        2.9970934163656904,
        2.9969216148216864,
        2.9967971370352875,
        2.996722281765964,
        2.99669778141705,
        2.9967237254098698,
        2.9967997526925227,
        2.9969248268222506,
        2.997097035232043,
        2.997313574577134,
        2.997565392013866,
        2.9978624403783902,
        2.998194561549888,
        2.998550962914236,
        2.9989118217419684,
        1.9993321653783964,
        0.9997634250337681,
        0.0001949794863283321,
        0.0005825016313945617,
        -0.9989980713366449,
        -1.9985925946863246,
        -1.9982246045555403,
        -1.9978886548295693,
        -2.997570600525334,
        -2.997315229249078,
        -2.9970934163689096,
        -2.9969216148284077,
        -2.996797137032299,
        -2.9967222817679278,
        -2.99669778143076
    ],
    "flux": [
        -0.005241965971086474,
        -0.0048636463585739935,
        -0.0037349241855359795,
        -0.0019477441793085157,
        8.90654093488614e-05,
        -0.0005597745364596292,
        -0.0009002465101378578,
        -0.0015664956093860802,
        0.0011962474472508335,
        0.010000415273166967,
        0.00922161073524456,
        0.008079715254384482,
        0.010801140185648983,
        0.007729334409210202,
        0.020086652112506858,
        0.014544336637926078,
        0.01178355170341775,
        0.010835749439050763,
        0.010241738453768945,
        0.008244815296133128,
        0.011585545589392841,
        0.010201354150825879,
        0.011854315984475084,
        0.00934300290907565,
        0.010143110507333426,
        0.010361075171652601,
        0.01010886368203765,
        0.009282129462402647,
        0.007652816157083573,
        0.005099377685620289,
        0.0019239749491811303,
        0.002765434026089583,
        0.0029377296902889406,
        0.0031959543080542032,
        0.0005245509685552851,
        -0.009221610795232288,
        -0.008079715259361436,
        -0.010801140184305683,
        -0.007729334408746759,
        -0.020086652120708964,
        -0.014544336637592255,
        -0.011783551704162945,
        -0.010835748713878546,
        -0.010241737685101433,
        -0.008244815253574685,
        -0.01158554572272748,
        -0.010201354249889213,
        -0.011854316181494559,
        -0.009343003149364775,
        -0.010143109844413498,
        -0.010361075025253257,
        -0.010108863606883067,
        -0.009282129541709174,
        -0.0076528158730194955,
        -0.00509937758113974,
        -0.0019239749189317351,
        -0.0027654339237329303,
        -0.0029377297527196124,
        -0.003195954510857044,
        -0.0005245509254991443,
        0.009221610801314506,
        0.008079715254656658,
        0.01080114017165263,
        0.0077293344199643645,
        0.020086652120580237,
        0.01454433663761289,
        0.011783551705007177,
        0.010835749581535867,
        0.010241738605056382,
        0.008244815095283568,
        0.011585546158525042,
        0.010201354119277257,
        0.011854315739645242,
        0.009343003093806321,
        0.010143109794888154,
        0.010361074678159271
    ],
    "timing": {
        "end_time": "2023-03-29T18:08:59.464632",
        "start_time": "2023-03-29T09:48:47.530828",