{
    "I_fc": [
        1.1,
        1.0913261714459257,
        1.0654414772414942,
        1.0227541344770765,
        0.96393734804825,
        0.8899186938124423,
        0.8018654901635528,
        0.7011663887235586,
        0.5894094744768963,
        0.46835722072158,
        0.3399186938124422,
        0.206119446044297,
        0.06906957148224464,
        -0.06906957148224475,
        -0.20611944604429733,
        -0.33991869381244233,
        -0.46835722072158004,
        -0.5894094744768966,
        -0.7011663887235587,
        -0.8018654901635529,
        -0.8899186938124422,
        -0.96393734804825,
        -1.0227541344770767,
        -1.0654414772414942,
        -1.0913261714459257,
        -1.1,
        -1.0913261714459257,
        -1.0654414772414942,
        -1.0227541344770765,
        -0.9639373480482499,
        -0.889918693812442,
        -0.8018654901635528,
        -0.7011663887235585,
        -0.589409474476896,
        -0.4683572207215794,
        -0.33991869381244233,
        -0.2061194460442971,
        -0.06906957148224453,
        0.0690695714822451,
        0.20611944604429766,
        0.339918693812442,
        0.4683572207215799,
        0.5894094744768965,
        0.7011663887235591,
        0.8018654901635531,
        0.8899186938124426,
        0.96393734804825,
        1.0227541344770767,
        1.0654414772414944,
        1.0913261714459257,
        1.1,
        1.0913261714459257,
        1.0654414772414942,
        1.0227541344770765,
        0.9639373480482498,
        0.8899186938124418,
        0.8018654901635521,
        0.7011663887235586,
        0.5894094744768962,
        0.46835722072157954,
        0.33991869381244155,
        0.20611944604429627,
        0.06906957148224466,
        -0.06906957148224496,
        -0.20611944604429752,
        -0.33991869381244183,
        -0.4683572207215807,
        -0.5894094744768964,
        -0.7011663887235596,
        -0.801865490163553,
        -0.889918693812442,
        -0.9639373480482504,
        -1.0227541344770767,
        -1.0654414772414946,
        -1.0913261714459257,
        -1.1
    ],
    "args": {
        "I_fc": [
            1.1
        ],
        "current_units": "mA",
        "cycles": 1.5,
        "d": 0.2,
        "directory": "/scratch/users/lbvh/py-tdgl/results/17223196/98",
        "dt_init": 1e-06,
        "fc_center": [
            0,
            0,
            1
        ],
        "fc_radius": 2.4,
        "field_units": "mT",
        "film_points": 4000,
        "film_radius": 15.0,
        "film_shape": "box",
        "film_smooth": 100,
        "gamma": 1.0,
        "index": 98,
        "lam": 1.35,
        "max_edge_length": 0.5,
        "pl_center": null,
        "pl_radius": 0.8,
        "points_per_cycle": 51.0,
        "save_every": 500,
        "screening": false,
        "seed_solutions": true,
        "slot_radius": 0.1,
        "slot_size": [
            2.0,
            50.0
        ],
        "slot_top_center_x": [
            -10.0,
            10.0,
            101.0
        ],
        "slot_top_center_y": [
            -1.0,
            -1.0,
            101.0
        ],
        "solve_time": [
            10000.0,
            2000.0
        ],
        "squid_angle": 180.0,
        "squid_iterations": 5,
        "squid_points": 4000,
        "squid_position": [
            0.0,
            0.0,
            0.5
        ],
        "squid_smooth": 100,
        "squid_type": "hypres-small",
        "xi": 0.9
    },
    "film_fluxoid": [
        -0.000663153112039786,
        -0.0006579337695540302,
        -0.0006423562645509078,
        -0.0006166613400562682,
        -0.0005812473301352643,
        -0.0005366653551206144,
        -0.00048361197419990895,
        -0.00042291911978453213,
        -0.0003555413922147203,
        -0.0002825409956874693,
        -0.00020507070261344078,
        -0.00012435525837688348,
        -4.1671618834336125e-05,
        4.1671618835679025e-05,
        0.00012435525837801433,
        0.00020507070261746948,
        0.0002825409956887062,
        0.0003555413922236082,
        0.0004229191197863168,
        0.00048361197420199403,
        0.0005366653551113025,
        0.0005812473301421733,
        0.0006166613400578717,
        0.0006423562645610856,
        0.0006579337695501074,
        0.0006631531120484442,
        0.0006579337695420147,
        0.0006423562645611032,
        0.0006166613400482107,
        0.0005812473301371461,
        0.0005366653551266929,
        0.0004836119741948908,
        0.000422919119787801,
        0.00035554139222427966,
        0.0002825409956926289,
        0.0002050707026157025,
        0.00012435525837822638,
        4.167161883355866e-05,
        -4.167161883136761e-05,
        -0.0001243552583770955,
        -0.00020507070261778753,
        -0.00028254099569759405,
        -0.00035554139222456236,
        -0.0004229191197867408,
        -0.0004836119741945374,
        -0.000536665355119731,
        -0.0005812473301325608,
        -0.0006166613400584062,
        -0.0006423562645639127,
        -0.000657933769539859,
        -0.0006631531120375243,
        -0.0006579337695474216,
        -0.0006423562645567741,
        -0.0006166613400434046,
        -0.0005812473301332721,
        -0.0005366653551177166,
        -0.000483611974194184,
        -0.00042291911978070663,
        -0.0003555413922174238,
        -0.00028254099568937764,
        -0.00020507070261690404,
        -0.00012435525837808502,
        -4.167161883490156e-05,
        4.167161883249847e-05,
        0.00012435525838176033,
        0.0002050707026126633,
        0.0002825409956889359,
        0.0003555413922166905,
        0.00042291911978433773,
        0.0004836119741868687,
        0.0005366653551163207,
        0.0005812473301305818,
        0.0006166613400600141,
        0.0006423562645665985,
        0.0006579337695479165,
        0.0006631531120326121
    ],