{
    "I_fc": [
        3.825,
        3.794838732527878,
        3.704830591317014,
        3.5563950585225617,
        3.3518730511677783,
        3.0944900034841742,
        2.788304999886899,
        2.438146760788738,
        2.0495374907946617,
        1.628605790236403,
        1.1819900034841742,
        0.7167335282903963,
        0.2401737371996234,
        -0.24017373719962376,
        -0.7167335282903975,
        -1.1819900034841744,
        -1.6286057902364033,
        -2.049537490794663,
        -2.4381467607887384,
        -2.7883049998868996,
        -3.094490003484174,
        -3.3518730511677783,
        -3.556395058522562,
        -3.704830591317014,
        -3.794838732527878,
        -3.825,
        -3.794838732527878,
        -3.704830591317014,
        -3.556395058522561,
        -3.351873051167778,
        -3.0944900034841734,
        -2.788304999886899,
        -2.4381467607887375,
        -2.049537490794661,
        -1.628605790236401,
        -1.1819900034841744,
        -0.7167335282903967,
        -0.24017373719962304,
        0.24017373719962498,
        0.7167335282903986,
        1.1819900034841733,
        1.6286057902364028,
        2.0495374907946626,
        2.4381467607887393,
        2.7883049998869005,
        3.0944900034841756,
        3.3518730511677783,
        3.556395058522562,
        3.7048305913170143,
        3.794838732527878,
        3.825,
        3.794838732527878,
        3.704830591317014,
        3.5563950585225617,
        3.3518730511677775,
        3.0944900034841725,
        2.7883049998868974,
        2.438146760788738,
        2.0495374907946613,
        1.6286057902364015,
        1.1819900034841717,
        0.7167335282903938,
        0.24017373719962345,
        -0.2401737371996245,
        -0.7167335282903983,
        -1.1819900034841728,
        -1.6286057902364055,
        -2.049537490794662,
        -2.4381467607887415,
        -2.7883049998869,
        -3.0944900034841734,
        -3.3518730511677797,
        -3.556395058522562,
        -3.704830591317015,
        -3.794838732527878,
        -3.825
    ],
    "args": {
        "I_fc": [
            0.5,
            10.0,
            201.0
        ],
        "current_units": "mA",
        "cycles": 1.5,
        "d": 0.2,
        "directory": "/scratch/users/lbvh/py-tdgl/results/14122470/70",
        "dt_init": 1e-06,
        "fc_center": [
            0,
            0,
            1
        ],
        "fc_radius": 2.4,
        "field_units": "mT",
        "film_points": 4000,
        "film_radius": 15.0,
        "film_shape": "box",
        "film_smooth": 100,
        "gamma": 1.0,
        "index": 70,
        "lam": 1.35,
        "max_edge_length": 0.5,
        "pl_center": null,
        "pl_radius": 0.8,
        "points_per_cycle": 51.0,
        "save_every": 500,
        "screening": false,
        "seed_solutions": true,
        "slot_radius": 0,
        "slot_size": null,
        "slot_top_center_x": null,
        "slot_top_center_y": null,
        "solve_time": [
            20000.0,
            2000.0
        ],
        "squid_angle": 0,
        "squid_iterations": 5,
        "squid_points": 4000,
        "squid_position": [
            0.0,
            0.0,
            0.5
        ],
        "squid_smooth": 100,
        "squid_type": "hypres-small",
        "xi": 0.9
    },
    "film_fluxoid": [
        1.9983326330078228,
        1.998345249394732,
        1.9983827894282804,
        1.9984446209002897,
        1.9985298620146794,
        1.9986393599787204,
        1.9987801293895815,
        1.9989229078897024,
        1.9990809504287634,
        1.9992515437908958,
        1.999431060839354,
        0.9996666590660775,
        0.9998602175170139,
        9.78012740866839e-05,
        0.00029192768751829017,
        0.0004816729403537795,
        0.0006642959473616808,
        0.0008374454974768542,
        -0.9989645057389326,
        -0.9988204936103453,
        -0.9986933778319897,
        -1.9985493467596522,
        -1.9984651098304653,
        -1.9984037040503464,
        -1.9983663161636411,
        -1.9983537551637232,
        -1.9983663161633611,
        -1.99840370404925,
        -1.9984651098308839,
        -1.9985493467585915,
        -1.9986549355071381,
        -1.9987801293891967,
        -1.998922907889796,
        -1.9990809504289448,
        -1.999251543791261,
        -1.9994310608402919,
        -0.9996666590649174,
        -0.9998602175180394,
        -9.780127447216712e-05,
        -0.0002919276875544425,
        -0.00048167294170406634,
        -0.0006642959471419045,
        -0.0008374454928609859,
        0.9989645057389651,
        0.9988204936104108,
        0.9986933778317133,
        1.9985493467599957,
        1.998465109830814,
        1.9984037040495854,
        1.9983663161631326,
        1.9983537551635275,
        1.9983663161632752,
        1.9984037040496432,
        1.9984651098313542,
        1.9985493467594473,
        1.998654935507771,
        1.9987801293905507,
        1.9989229078906874,
        1.999080950426381,
        1.999251543793273,
        1.999431060837936,
        0.9996666590648772,
        0.9998602175165238,
        9.780127439297131e-05,
        0.00029192768784015347,
        0.00048167294082312334,
        0.0006642959476773333,
        0.0008374454946801572,
        -0.9989645057389062,
        -0.9988204936114157,
        -0.9986933778314143,
        -1.9985493467599806,
        -1.9984651098311452,
        -1.998403704049733,
        -1.9983663161626597,
        -1.9983537551650523
    ],
    "flux": [
        -0.008437357602761623,
        -0.008205330818034939,
        -0.007481467237521174,
        -0.006251349898307947,
        -0.004704072334341004,
        -0.003264048461321185,
        -0.007134423142197762,
        -0.0030682778407391913,
        0.0015588628856938133,
        0.006194950500014644,
        0.009973077081903425,
        0.007579115180126929,
        0.013696206929970752,
        0.003925080785804168,
        0.011335000269114943,
        0.01749012117194525,
        0.021758575091896947,
        0.02374910065791592,
        0.015337901766215705,
        0.018054087975173175,
        0.019334203778252713,
        0.012682546093509753,
        0.014191428158383711,
        0.015059561908292378,
        0.015478403274513473,
        0.015598644321327853,
        0.01547840327259785,
        0.015059561902800974,
        0.01419142815954462,
        0.012682546109132992,
        0.01036001964012303,
        0.007134423141939179,
        0.0030682778376094405,
        -0.0015588628532354851,
        -0.006194950492974077,
        -0.009973077077573118,
        -0.007579115163017415,
        -0.013696206927610786,
        -0.0039250807851315276,
        -0.011335000264561686,
        -0.017490121191094537,
        -0.02175857508974406,
        -0.023749100666866377,
        -0.015337901766674088,
        -0.01805408797516225,
        -0.019334203778144723,
        -0.012682546091186485,
        -0.014191428158970553,
        -0.015059561904191667,
        -0.015478403272486422,
        -0.015598644298195683,
        -0.015478403272950313,
        -0.015059561904730888,
        -0.014191428159815105,
        -0.012682546089649544,
        -0.010360019674610029,
        -0.007134423183675844,
        -0.00306827783618132,
        0.0015588628856761137,
        0.006194950492665669,
        0.009973077082679662,
        0.007579115180640468,
        0.013696206927283315,
        0.003925080785277641,
        0.011335000268830563,
        0.017490121191540996,
        0.021758575056446405,
        0.02374910066561243,
        0.015337901765887394,
        0.018054087960400207,
        0.01933420377724058,
        0.012682546090174988,
        0.014191428168267862,
        0.015059561903951406,
        0.015478403271619688,
        0.015598644300374213
    ],
    "timing": {
        "end_time": "2023-03-29T14:56:25.726113",