{
    "I_fc": [
        1.0,
        0.9921147013144777,
        0.9685831611286313,
        0.9297764858882512,
        0.8763066800438635,
        0.8090169943749476,
        0.7289686274214117,
        0.6374239897486896,
        0.5358267949789965,
        0.42577929156507266,
        0.3090169943749475,
        0.18738131458572452,
        0.06279051952931329,
        -0.0627905195293134,
        -0.18738131458572485,
        -0.3090169943749476,
        -0.42577929156507277,
        -0.5358267949789968,
        -0.6374239897486896,
        -0.7289686274214117,
        -0.8090169943749475,
        -0.8763066800438636,
        -0.9297764858882515,
        -0.9685831611286313,
        -0.9921147013144777,
        -1.0,
        -0.9921147013144777,
        -0.9685831611286312,
        -0.9297764858882512,
        -0.8763066800438635,
        -0.8090169943749473,
        -0.7289686274214117,
        -0.6374239897486895,
        -0.5358267949789962,
        -0.42577929156507216,
        -0.3090169943749476,
        -0.18738131458572466,
        -0.0627905195293132,
        0.06279051952931372,
        0.18738131458572516,
        0.3090169943749473,
        0.42577929156507266,
        0.5358267949789967,
        0.6374239897486899,
        0.7289686274214119,
        0.8090169943749479,
        0.8763066800438635,
        0.9297764858882513,
        0.9685831611286313,
        0.9921147013144777,
        1.0,
        0.9921147013144777,
        0.9685831611286312,
        0.9297764858882512,
        0.8763066800438633,
        0.8090169943749471,
        0.7289686274214111,
        0.6374239897486896,
        0.5358267949789963,
        0.42577929156507227,
        0.30901699437494695,
        0.1873813145857239,
        0.06279051952931332,
        -0.0627905195293136,
        -0.18738131458572505,
        -0.3090169943749471,
        -0.42577929156507327,
        -0.5358267949789965,
        -0.6374239897486905,
        -0.7289686274214119,
        -0.8090169943749473,
        -0.8763066800438639,
        -0.9297764858882513,
        -0.9685831611286315,
        -0.9921147013144777,
        -1.0
    ],
    "args": {
        "I_fc": [
            1.0
        ],
        "current_units": "mA",
        "cycles": 1.5,
        "d": 0.2,
        "directory": "/scratch/users/lbvh/py-tdgl/results/17223926/31",
        "dt_init": 1e-06,
        "fc_center": [
            0,
            0,
            1
        ],
        "fc_radius": 2.4,
        "field_units": "mT",
        "film_points": 4000,
        "film_radius": 15.0,
        "film_shape": "box",
        "film_smooth": 100,
        "gamma": 1.0,
        "index": 31,
        "lam": 1.35,
        "max_edge_length": 0.5,
        "pl_center": null,
        "pl_radius": 0.8,
        "points_per_cycle": 51.0,
        "save_every": 500,
        "screening": false,
        "seed_solutions": true,
        "slot_radius": 0.1,
        "slot_size": [
            2.0,
            50.0
        ],
        "slot_top_center_x": [
            -10.0,
            10.0,
            101.0
        ],
        "slot_top_center_y": [
            5.0,
            5.0,
            101.0
        ],
        "solve_time": [
            10000.0,
            2000.0
        ],
        "squid_angle": 180.0,
        "squid_iterations": 5,
        "squid_points": 4000,
        "squid_position": [
            0.0,
            0.0,
            0.5
        ],
        "squid_smooth": 100,
        "squid_type": "hypres-small",
        "xi": 0.9
    },
    "film_fluxoid": [
        -0.0005498498816041046,
        -0.0005455141653091115,
        -0.0005325754014791138,
        -0.0005112376565892184,
        -0.00048183744267530753,
        -0.0004448384026378341,
        -0.0004008240019510162,
        -0.00035048833628001906,
        -0.00029462519493373974,
        -0.00023411555022033798,
        -0.00016991366879906466,
        -0.00010303206364134505,
        -3.452552403875132e-05,
        3.4525524036984344e-05,
        0.00010303206363844721,
        0.00016991366879807513,
        0.0002341155502285279,
        0.0002946251949365669,
        0.00035048833627923274,
        0.0004008240019498147,
        0.0004448384026373347,
        0.00048183744268181003,
        0.0005112376565764608,
        0.0005325754014860227,
        0.0005455141653112319,
        0.000549849881606013,
        0.0005455141653135644,
        0.0005325754014824004,
        0.0005112376565788993,
        0.0004818374426746361,
        0.00044483840263905775,
        0.0004008240019433122,
        0.00035048833627531893,
        0.00029462519493499427,
        0.000234115550216751,
        0.00016991366879807513,
        0.00010303206364781218,
        3.452552403592416e-05,
        -3.4525524039140057e-05,
        -0.00010303206364145108,
        -0.00016991366879341033,
        -0.00023411555022343018,
        -0.0002946251949402069,
        -0.00035048833627588435,
        -0.0004008240019484011,
        -0.0004448384026301875,
        -0.0004818374426766504,
        -0.0005112376565886265,
        -0.0005325754014834606,
        -0.0005455141653106665,
        -0.000549849881596383,
        -0.0005455141653093236,
        -0.0005325754014876837,
        -0.0005112376565834934,
        -0.00048183744267460074,
        -0.0004448384026350158,
        -0.0004008240019450085,
        -0.00035048833628113226,
        -0.0002946251949362842,
        -0.00023411555021395918,
        -0.00016991366879574274,
        -0.00010303206363590277,
        -3.452552403811521e-05,
        3.452552403719638e-05,
        0.00010303206364099166,
        0.0001699136687961668,
        0.00023411555022383656,
        0.00029462519493183144,
        0.00035048833627948016,
        0.00040082400194522055,
        0.0004448384026300594,
        0.00048183744267050137,
        0.0005112376565862499,
        0.0005325754014835313,
        0.0005455141653137056,
        0.0005498498816052708
    ],