{
    "I_fc": [
        1.2,
        1.1905376415773734,
        1.1622997933543573,
        1.1157317830659015,
        1.0515680160526362,
        0.9708203932499369,
        0.8747623529056938,
        0.7649087876984275,
        0.6429921539747958,
        0.5109351498780872,
        0.37082039324993693,
        0.22485757750286942,
        0.07534862343517597,
        -0.07534862343517608,
        -0.22485757750286978,
        -0.37082039324993704,
        -0.5109351498780872,
        -0.6429921539747963,
        -0.7649087876984276,
        -0.8747623529056939,
        -0.9708203932499367,
        -1.0515680160526362,
        -1.1157317830659017,
        -1.1622997933543573,
        -1.1905376415773734,
        -1.2,
        -1.1905376415773734,
        -1.1622997933543573,
        -1.1157317830659015,
        -1.0515680160526362,
        -0.9708203932499366,
        -0.8747623529056938,
        -0.7649087876984274,
        -0.6429921539747956,
        -0.5109351498780865,
        -0.37082039324993704,
        -0.22485757750286955,
        -0.07534862343517584,
        0.07534862343517647,
        0.22485757750287014,
        0.37082039324993665,
        0.5109351498780871,
        0.6429921539747961,
        0.764908787698428,
        0.8747623529056943,
        0.9708203932499373,
        1.0515680160526362,
        1.1157317830659017,
        1.1622997933543573,
        1.1905376415773734,
        1.2,
        1.1905376415773734,
        1.1622997933543573,
        1.1157317830659015,
        1.051568016052636,
        0.9708203932499364,
        0.8747623529056932,
        0.7649087876984275,
        0.6429921539747957,
        0.5109351498780867,
        0.3708203932499362,
        0.22485757750286864,
        0.07534862343517598,
        -0.07534862343517632,
        -0.22485757750287003,
        -0.37082039324993654,
        -0.510935149878088,
        -0.6429921539747959,
        -0.7649087876984286,
        -0.8747623529056942,
        -0.9708203932499366,
        -1.0515680160526366,
        -1.1157317830659017,
        -1.1622997933543577,
        -1.1905376415773734,
        -1.2
    ],
    "args": {
        "I_fc": [
            1.2
        ],
        "current_units": "mA",
        "cycles": 1.5,
        "d": 0.2,
        "directory": "/scratch/users/lbvh/py-tdgl/results/17298304/92",
        "dt_init": 1e-06,
        "fc_center": [
            0,
            0,
            1
        ],
        "fc_radius": 2.4,
        "field_units": "mT",
        "film_points": 4000,
        "film_radius": 15.0,
        "film_shape": "box",
        "film_smooth": 100,
        "gamma": 1.0,
        "index": 92,
        "lam": 1.35,
        "max_edge_length": 0.5,
        "pl_center": null,
        "pl_radius": 0.8,
        "points_per_cycle": 51.0,
        "save_every": 500,
        "screening": false,
        "seed_solutions": true,
        "slot_radius": 0.1,
        "slot_size": [
            2.0,
            50.0
        ],
        "slot_top_center_x": [
            -10.0,
            10.0,
            101.0
        ],
        "slot_top_center_y": [
            5.0,
            5.0,
            101.0
        ],
        "solve_time": [
            10000.0,
            2000.0
        ],
        "squid_angle": 180.0,
        "squid_iterations": 5,
        "squid_points": 4000,
        "squid_position": [
            0.0,
            0.0,
            0.5
        ],
        "squid_smooth": 100,
        "squid_type": "hypres-small",
        "xi": 0.9
    },
    "film_fluxoid": [
        -0.0007971276401639985,
        -0.000790844814829353,
        -0.0007720952873286562,
        -0.0007411741233978324,
        -0.0006985674911395574,
        -0.0006449449758634798,
        -0.0005811494864376446,
        -0.0005081846487434533,
        -0.000427199513709085,
        -0.00033947066752787664,
        -0.0002463820564277372,
        -0.00014940295070305562,
        -5.006452654506093e-05,
        5.006452649212237e-05,
        0.00014940295094963696,
        0.00024638205604366755,
        0.00033947066784388244,
        0.00042719951321518017,
        0.0005081846481269381,
        0.0005811494857000916,
        0.0006449449752735223,
        0.0006985674921386757,
        0.0007411741230737471,
        0.0007720952869670094,
        0.000790844816824939,
        0.0007971276413254664,
        0.0007908448163483505,
        0.0007720952868374195,
        0.0007411741240987118,
        0.0006985674909674541,
        0.0006449449759823619,
        0.0005811494850946929,
        0.0005081846478781658,
        0.0004271995135585387,
        0.0003394706680494876,
        0.00024638205626556427,
        0.00014940295079048552,
        5.0064526503961096e-05,
        -5.0064526449856324e-05,
        -0.00014940295075974017,
        -0.0002463820563452548,
        -0.0003394706680899867,
        -0.0004271995141698413,
        -0.0005081846486748748,
        -0.0005811494865918484,
        -0.0006449449750246615,
        -0.0006985674906298028,
        -0.0007411741233136846,
        -0.0007720952867977686,
        -0.0007908448153613892,
        -0.000797127641214147,
        -0.0007908448146777112,
        -0.0007720952877305899,
        -0.000741174124259321,
        -0.0006985674914227681,
        -0.0006449449739161323,
        -0.0005811494858576527,
        -0.0005081846482517749,
        -0.00042719951422348667,
        -0.00033947066770047474,
        -0.00024638205621702546,
        -0.00014940295108076414,
        -5.00645265611404e-05,
        5.006452653191464e-05,
        0.00014940295071750947,
        0.0002463820565360174,
        0.0003394706676369343,
        0.00042719951505693337,
        0.0005081846490400667,
        0.0005811494861218331,
        0.0006449449747127551,
        0.0006985674917744404,
        0.0007411741242388373,
        0.000772095287033589,
        0.0007908448160153819,
        0.000797127640496119
    ],