{
    "I_fc": [
        1.5,
        1.4881720519717168,
        1.4528747416929466,
        1.394664728832377,
        1.3144600200657954,
        1.2135254915624212,
        1.0934529411321172,
        0.9561359846230344,
        0.8037401924684948,
        0.638668937347609,
        0.4635254915624212,
        0.2810719718785868,
        0.09418577929396996,
        -0.0941857792939701,
        -0.28107197187858723,
        -0.46352549156242134,
        -0.6386689373476091,
        -0.8037401924684953,
        -0.9561359846230346,
        -1.0934529411321174,
        -1.213525491562421,
        -1.3144600200657954,
        -1.3946647288323772,
        -1.4528747416929466,
        -1.4881720519717168,
        -1.5,
        -1.4881720519717168,
        -1.4528747416929466,
        -1.3946647288323768,
        -1.3144600200657952,
        -1.2135254915624207,
        -1.0934529411321172,
        -0.9561359846230343,
        -0.8037401924684945,
        -0.6386689373476082,
        -0.46352549156242134,
        -0.28107197187858696,
        -0.09418577929396982,
        0.09418577929397058,
        0.2810719718785877,
        0.46352549156242084,
        0.6386689373476089,
        0.8037401924684952,
        0.956135984623035,
        1.0934529411321179,
        1.2135254915624216,
        1.3144600200657954,
        1.3946647288323772,
        1.4528747416929468,
        1.4881720519717168,
        1.5,
        1.4881720519717168,
        1.4528747416929466,
        1.394664728832377,
        1.314460020065795,
        1.2135254915624205,
        1.0934529411321166,
        0.9561359846230344,
        0.8037401924684946,
        0.6386689373476084,
        0.4635254915624203,
        0.2810719718785858,
        0.09418577929396998,
        -0.0941857792939704,
        -0.2810719718785875,
        -0.4635254915624207,
        -0.63866893734761,
        -0.803740192468495,
        -0.9561359846230357,
        -1.0934529411321177,
        -1.2135254915624207,
        -1.3144600200657959,
        -1.3946647288323772,
        -1.452874741692947,
        -1.4881720519717168,
        -1.5
    ],
    "args": {
        "I_fc": [
            1.5
        ],
        "current_units": "mA",
        "cycles": 1.5,
        "d": 0.2,
        "directory": "/scratch/users/lbvh/py-tdgl/results/17223933/14",
        "dt_init": 1e-06,
        "fc_center": [
            0,
            0,
            1
        ],
        "fc_radius": 2.4,
        "field_units": "mT",
        "film_points": 4000,
        "film_radius": 15.0,
        "film_shape": "box",
        "film_smooth": 100,
        "gamma": 1.0,
        "index": 14,
        "lam": 1.35,
        "max_edge_length": 0.5,
        "pl_center": null,
        "pl_radius": 0.8,
        "points_per_cycle": 51.0,
        "save_every": 500,
        "screening": false,
        "seed_solutions": true,
        "slot_radius": 0.1,
        "slot_size": [
            2.0,
            50.0
        ],
        "slot_top_center_x": [
            -10.0,
            10.0,
            101.0
        ],
        "slot_top_center_y": [
            5.0,
            5.0,
            101.0
        ],
        "solve_time": [
            10000.0,
            2000.0
        ],
        "squid_angle": 180.0,
        "squid_iterations": 5,
        "squid_points": 4000,
        "squid_position": [
            0.0,
            0.0,
            0.5
        ],
        "squid_smooth": 100,
        "squid_type": "hypres-small",
        "xi": 0.9
    },
    "film_fluxoid": [
        0.9997032646552508,
        0.9997056044662883,
        0.9997125869995391,
        0.9997241021374281,
        0.999739968281444,
        0.9997599352161527,
        0.9997836880551753,
        0.9998108522069427,
        0.9998409992821828,
        0.9998736538510977,
        0.9999083009548813,
        -5.5602014119784796e-05,
        -1.863195014494052e-05,
        1.8631950144905183e-05,
        5.5602014119784796e-05,
        9.169520343721863e-05,
        0.00012634230939714632,
        0.00015899693022027134,
        0.00018914408822638985,
        0.00021630835149868006,
        0.00024006133217618393,
        0.0002600284455469139,
        0.00027589484891051355,
        -0.9997125869995392,
        -0.999705604466288,
        -0.9997032646552508,
        -0.9997056044662883,
        -0.9997125869995401,
        -0.9997241021374283,
        -0.9997399682814436,
        -0.9997599352161526,
        -0.9997836880551751,
        -0.9998108522069425,
        -0.9998409992821828,
        -0.9998736538510901,
        -0.9999083009548811,
        5.5602014119784796e-05,
        1.863195014497586e-05,
        -1.8631950144905183e-05,
        -5.560201411982014e-05,
        -9.169520342559193e-05,
        -0.00012634230939693428,
        -0.00015899693022039502,
        -0.00018914408822640752,
        -0.00021630835149873305,
        -0.00024006133217856934,
        -0.00026002844554680793,
        -0.00027589484891066377,
        0.9997125869995392,
        0.9997056044662885,
        0.999703264655251,
        0.9997056044662883,
        0.9997125869995395,
        0.9997241021374281,
        0.999739968281444,
        0.9997599352161526,
        0.9997836880551751,
        0.9998108522069427,
        0.9998409992821828,
        0.9998736538510977,
        0.9999083009548814,
        -5.560201411982014e-05,
        -1.863195014486984e-05,
        1.8631950144905183e-05,
        5.560201411980247e-05,
        9.169520342562728e-05,
        0.00012634230939714632,
        0.00015899693022018298,
        0.0001891440882268139,
        0.00021630835149857402,
        0.00024006133217879905,
        0.0002600284455469139,
        0.0002758948489105003,
        -0.9997125869995392,
        -0.9997056044662883,
        -0.9997032646552508
    ],