{
    "I_fc": [
        1.2,
        1.1905376415773734,
        1.1622997933543573,
        1.1157317830659015,
        1.0515680160526362,
        0.9708203932499369,
        0.8747623529056938,
        0.7649087876984275,
        0.6429921539747958,
        0.5109351498780872,
        0.37082039324993693,
        0.22485757750286942,
        0.07534862343517597,
        -0.07534862343517608,
        -0.22485757750286978,
        -0.37082039324993704,
        -0.5109351498780872,
        -0.6429921539747963,
        -0.7649087876984276,
        -0.8747623529056939,
        -0.9708203932499367,
        -1.0515680160526362,
        -1.1157317830659017,
        -1.1622997933543573,
        -1.1905376415773734,
        -1.2,
        -1.1905376415773734,
        -1.1622997933543573,
        -1.1157317830659015,
        -1.0515680160526362,
        -0.9708203932499366,
        -0.8747623529056938,
        -0.7649087876984274,
        -0.6429921539747956,
        -0.5109351498780865,
        -0.37082039324993704,
        -0.22485757750286955,
        -0.07534862343517584,
        0.07534862343517647,
        0.22485757750287014,
        0.37082039324993665,
        0.5109351498780871,
        0.6429921539747961,
        0.764908787698428,
        0.8747623529056943,
        0.9708203932499373,
        1.0515680160526362,
        1.1157317830659017,
        1.1622997933543573,
        1.1905376415773734,
        1.2,
        1.1905376415773734,
        1.1622997933543573,
        1.1157317830659015,
        1.051568016052636,
        0.9708203932499364,
        0.8747623529056932,
        0.7649087876984275,
        0.6429921539747957,
        0.5109351498780867,
        0.3708203932499362,
        0.22485757750286864,
        0.07534862343517598,
        -0.07534862343517632,
        -0.22485757750287003,
        -0.37082039324993654,
        -0.510935149878088,
        -0.6429921539747959,
        -0.7649087876984286,
        -0.8747623529056942,
        -0.9708203932499366,
        -1.0515680160526366,
        -1.1157317830659017,
        -1.1622997933543577,
        -1.1905376415773734,
        -1.2
    ],
    "args": {
        "I_fc": [
            1.2
        ],
        "current_units": "mA",
        "cycles": 1.5,
        "d": 0.2,
        "directory": "/scratch/users/lbvh/py-tdgl/results/17298299/3",
        "dt_init": 1e-06,
        "fc_center": [
            0,
            0,
            1
        ],
        "fc_radius": 2.4,
        "field_units": "mT",
        "film_points": 4000,
        "film_radius": 15.0,
        "film_shape": "box",
        "film_smooth": 100,
        "gamma": 1.0,
        "index": 3,
        "lam": 1.35,
        "max_edge_length": 0.5,
        "pl_center": null,
        "pl_radius": 0.8,
        "points_per_cycle": 51.0,
        "save_every": 500,
        "screening": false,
        "seed_solutions": true,
        "slot_radius": 0.1,
        "slot_size": [
            2.0,
            50.0
        ],
        "slot_top_center_x": [
            -10.0,
            10.0,
            101.0
        ],
        "slot_top_center_y": [
            -1.0,
            -1.0,
            101.0
        ],
        "solve_time": [
            10000.0,
            2000.0
        ],
        "squid_angle": 180.0,
        "squid_iterations": 5,
        "squid_points": 4000,
        "squid_position": [
            0.0,
            0.0,
            0.5
        ],
        "squid_smooth": 100,
        "squid_type": "hypres-small",
        "xi": 0.9
    },
    "film_fluxoid": [
        1.546169380003335e-05,
        1.5339777300018533e-05,
        1.4975949853810707e-05,
        1.4375947467656746e-05,
        1.3549230053303793e-05,
        1.2508832761964578e-05,
        1.1271160891099134e-05,
        9.855731495242472e-06,
        8.284865753302487e-06,
        6.5833369636390996e-06,
        4.777979770178512e-06,
        2.8972668238882794e-06,
        9.70859590830923e-07,
        -9.708595907955836e-07,
        -2.8972668237469215e-06,
        -4.77797977035521e-06,
        -6.5833369637451184e-06,
        -8.284865753196469e-06,
        -9.855731495242472e-06,
        -1.1271160890887096e-05,
        -1.2508832761893899e-05,
        -1.3549230053162435e-05,
        -1.4375947467568397e-05,
        -1.4975949853828377e-05,
        -1.533977730005387e-05,
        -1.546169379989199e-05,
        -1.5339777299877174e-05,
        -1.4975949853483817e-05,
        -1.4375947467603736e-05,
        -1.3549230053197773e-05,
        -1.2508832762035257e-05,
        -1.1271160891028454e-05,
        -9.855731495207133e-06,
        -8.284865753302487e-06,
        -6.5833369637097785e-06,
        -4.7779797703022e-06,
        -2.897266823570224e-06,
        -9.708595907779138e-07,
        9.708595908485928e-07,
        2.897266823782261e-06,
        4.777979770231521e-06,
        6.5833369637097785e-06,
        8.284865753302487e-06,
        9.855731495171793e-06,
        1.1271160891099134e-05,
        1.2508832761982247e-05,
        1.3549230053194461e-05,
        1.4375947467197332e-05,
        1.4975949853907891e-05,
        1.5339777300018533e-05,
        1.5461693799821315e-05,
        1.5339777300018533e-05,
        1.4975949853687019e-05,
        1.4375947467621406e-05,
        1.3549230053233113e-05,
        1.2508832761964578e-05,
        1.1271160891099134e-05,
        9.855731495171793e-06,
        8.284865753302487e-06,
        6.5833369637451184e-06,
        4.777979770231521e-06,
        2.897266823764591e-06,
        9.708595908662625e-07,
        -9.708595907955836e-07,
        -2.8972668237999305e-06,
        -4.777979770249191e-06,
        -6.5833369637097785e-06,
        -8.284865753267149e-06,
        -9.855731495171793e-06,
        -1.1271160891169812e-05,
        -1.2508832762035257e-05,
        -1.3549230053374471e-05,
        -1.4375947467709755e-05,
        -1.4975949853625175e-05,
        -1.5339777299894846e-05,
        -1.546169379989199e-05
    ],