{
    "I_fc": [
        1.75,
        1.7362007273003364,
        1.6950205319751044,
        1.62710885030444,
        1.5335366900767613,
        1.415779740156158,
        1.2756950979874702,
        1.115491982060207,
        0.937696891213244,
        0.7451137602388771,
        0.540779740156158,
        0.3279173005250179,
        0.10988340917629828,
        -0.10988340917629845,
        -0.32791730052501844,
        -0.5407797401561583,
        -0.7451137602388772,
        -0.9376968912132445,
        -1.115491982060207,
        -1.2756950979874704,
        -1.4157797401561578,
        -1.5335366900767613,
        -1.62710885030444,
        -1.6950205319751044,
        -1.7362007273003364,
        -1.75,
        -1.7362007273003364,
        -1.6950205319751044,
        -1.6271088503044397,
        -1.533536690076761,
        -1.4157797401561576,
        -1.2756950979874702,
        -1.1154919820602067,
        -0.9376968912132435,
        -0.7451137602388763,
        -0.5407797401561583,
        -0.3279173005250181,
        -0.10988340917629812,
        0.10988340917629902,
        0.327917300525019,
        0.5407797401561576,
        0.7451137602388771,
        0.9376968912132444,
        1.1154919820602074,
        1.2756950979874708,
        1.4157797401561587,
        1.5335366900767613,
        1.62710885030444,
        1.6950205319751046,
        1.7362007273003364,
        1.75,
        1.7362007273003364,
        1.6950205319751044,
        1.62710885030444,
        1.5335366900767609,
        1.4157797401561574,
        1.2756950979874693,
        1.115491982060207,
        0.9376968912132437,
        0.7451137602388764,
        0.5407797401561569,
        0.3279173005250168,
        0.10988340917629831,
        -0.1098834091762988,
        -0.3279173005250188,
        -0.5407797401561575,
        -0.7451137602388783,
        -0.9376968912132442,
        -1.1154919820602085,
        -1.2756950979874706,
        -1.4157797401561576,
        -1.5335366900767617,
        -1.62710885030444,
        -1.695020531975105,
        -1.7362007273003364,
        -1.75
    ],
    "args": {
        "I_fc": [
            1.75
        ],
        "current_units": "mA",
        "cycles": 1.5,
        "d": 0.2,
        "directory": "/scratch/users/lbvh/py-tdgl/results/17224036/5",
        "dt_init": 1e-06,
        "fc_center": [
            0,
            0,
            1
        ],
        "fc_radius": 2.4,
        "field_units": "mT",
        "film_points": 4000,
        "film_radius": 15.0,
        "film_shape": "box",
        "film_smooth": 100,
        "gamma": 1.0,
        "index": 5,
        "lam": 1.35,
        "max_edge_length": 0.5,
        "pl_center": null,
        "pl_radius": 0.8,
        "points_per_cycle": 51.0,
        "save_every": 500,
        "screening": false,
        "seed_solutions": true,
        "slot_radius": 0.1,
        "slot_size": [
            2.0,
            50.0
        ],
        "slot_top_center_x": [
            -10.0,
            10.0,
            101.0
        ],
        "slot_top_center_y": [
            5.0,
            5.0,
            101.0
        ],
        "solve_time": [
            10000.0,
            2000.0
        ],
        "squid_angle": 180.0,
        "squid_iterations": 5,
        "squid_points": 4000,
        "squid_position": [
            0.0,
            0.0,
            0.5
        ],
        "squid_smooth": 100,
        "squid_type": "hypres-small",
        "xi": 0.9
    },
    "film_fluxoid": [
        1.0006584479101845,
        1.000653255847395,
        1.0006377615411872,
        1.0006122093467038,
        1.000577002238355,
        1.0005326954545577,
        1.0004799877411246,
        1.0004197103314285,
        1.0003528138371522,
        1.000280353256381,
        1.000203471335105,
        1.0001233805432812,
        4.134429813104616e-05,
        -4.1344298130195806e-05,
        -0.00012338087067906777,
        -0.00020347165478531873,
        -0.00028035357167432203,
        -0.0003528141478871381,
        -0.00041971063664126104,
        -0.00047998803964368784,
        -0.0005326957451555058,
        -0.0005770025198881795,
        -0.0006122096182712115,
        -0.0006377618022609698,
        -0.0006532560975591199,
        -1.0006584479101854,
        -1.000653255847395,
        -1.0006377615411883,
        -1.0006122093467038,
        -1.0005770022383544,
        -1.0005326954545577,
        -1.0004799877411246,
        -1.0004197103314276,
        -1.0003528138371522,
        -1.0002803532563536,
        -1.000203471335105,
        -1.0001233805432816,
        -4.134429813136201e-05,
        4.134429813104395e-05,
        0.00012338087067820196,
        0.00020347165478493002,
        0.0002803535716697986,
        0.0003528141478876417,
        0.00041971063662454546,
        0.0004799880396438292,
        0.000532695745154799,
        0.0005770025198881441,
        0.0006122096182712822,
        0.0006377618022603691,
        0.0006532560975596147,
        1.0006584479101857,
        1.000653255847396,
        1.0006377615411883,
        1.0006122093467038,
        1.0005770022383544,
        1.0005326954545577,
        1.0004799877411246,
        1.0004197103314285,
        1.0003528138371522,
        1.000280353256354,
        1.000203471335105,
        1.0001233805432814,
        4.134429813104395e-05,
        -4.1344298131052786e-05,
        -0.00012338087067899708,
        -0.00020347165478535407,
        -0.0002803535716744987,
        -0.0003528141478875887,
        -0.0004197106366412964,
        -0.0004799880396437939,
        -0.0005326957451554704,
        -0.0005770025198881088,
        -0.0006122096182711232,
        -0.0006377618022611201,
        -0.0006532560975594998,
        -1.0006584479101857
    ],