{
    "I_fc": [
        1.1,
        1.0913261714459257,
        1.0654414772414942,
        1.0227541344770765,
        0.96393734804825,
        0.8899186938124423,
        0.8018654901635528,
        0.7011663887235586,
        0.5894094744768963,
        0.46835722072158,
        0.3399186938124422,
        0.206119446044297,
        0.06906957148224464,
        -0.06906957148224475,
        -0.20611944604429733,
        -0.33991869381244233,
        -0.46835722072158004,
        -0.5894094744768966,
        -0.7011663887235587,
        -0.8018654901635529,
        -0.8899186938124422,
        -0.96393734804825,
        -1.0227541344770767,
        -1.0654414772414942,
        -1.0913261714459257,
        -1.1,
        -1.0913261714459257,
        -1.0654414772414942,
        -1.0227541344770765,
        -0.9639373480482499,
        -0.889918693812442,
        -0.8018654901635528,
        -0.7011663887235585,
        -0.589409474476896,
        -0.4683572207215794,
        -0.33991869381244233,
        -0.2061194460442971,
        -0.06906957148224453,
        0.0690695714822451,
        0.20611944604429766,
        0.339918693812442,
        0.4683572207215799,
        0.5894094744768965,
        0.7011663887235591,
        0.8018654901635531,
        0.8899186938124426,
        0.96393734804825,
        1.0227541344770767,
        1.0654414772414944,
        1.0913261714459257,
        1.1,
        1.0913261714459257,
        1.0654414772414942,
        1.0227541344770765,
        0.9639373480482498,
        0.8899186938124418,
        0.8018654901635521,
        0.7011663887235586,
        0.5894094744768962,
        0.46835722072157954,
        0.33991869381244155,
        0.20611944604429627,
        0.06906957148224466,
        -0.06906957148224496,
        -0.20611944604429752,
        -0.33991869381244183,
        -0.4683572207215807,
        -0.5894094744768964,
        -0.7011663887235596,
        -0.801865490163553,
        -0.889918693812442,
        -0.9639373480482504,
        -1.0227541344770767,
        -1.0654414772414946,
        -1.0913261714459257,
        -1.1
    ],
    "args": {
        "I_fc": [
            1.1
        ],
        "current_units": "mA",
        "cycles": 1.5,
        "d": 0.2,
        "directory": "/scratch/users/lbvh/py-tdgl/results/17223927/7",
        "dt_init": 1e-06,
        "fc_center": [
            0,
            0,
            1
        ],
        "fc_radius": 2.4,
        "field_units": "mT",
        "film_points": 4000,
        "film_radius": 15.0,
        "film_shape": "box",
        "film_smooth": 100,
        "gamma": 1.0,
        "index": 7,
        "lam": 1.35,
        "max_edge_length": 0.5,
        "pl_center": null,
        "pl_radius": 0.8,
        "points_per_cycle": 51.0,
        "save_every": 500,
        "screening": false,
        "seed_solutions": true,
        "slot_radius": 0.1,
        "slot_size": [
            2.0,
            50.0
        ],
        "slot_top_center_x": [
            -10.0,
            10.0,
            101.0
        ],
        "slot_top_center_y": [
            5.0,
            5.0,
            101.0
        ],
        "solve_time": [
            10000.0,
            2000.0
        ],
        "squid_angle": 180.0,
        "squid_iterations": 5,
        "squid_points": 4000,
        "squid_position": [
            0.0,
            0.0,
            0.5
        ],
        "squid_smooth": 100,
        "squid_type": "hypres-small",
        "xi": 0.9
    },
    "film_fluxoid": [
        -0.00035443599246905405,
        -0.00035164115902539705,
        -0.0003433007348725766,
        -0.00032954625343140824,
        -0.00031059463099140645,
        -0.00028674474580609133,
        -0.0002583727246148755,
        -0.00022592601092898278,
        -0.00018991630862042573,
        -0.0001509115120853494,
        -0.0001095267502388977,
        -6.64146855753868e-05,
        -2.2255221279756484e-05,
        2.2255221279756484e-05,
        6.641468557531613e-05,
        0.00010952675023896837,
        0.00015091151208529641,
        0.00018991630862028437,
        0.00022592601092898278,
        0.00025837272461480483,
        0.000286744745806056,
        0.00031059463099140645,
        0.0003295462534315496,
        0.00034330073487262076,
        0.0003516411590253882,
        0.0003544359924690187,
        0.0003516411590253617,
        0.00034330073487262076,
        0.00032954625343140824,
        0.0003105946309913844,
        0.000286744745806056,
        0.00025837272461480483,
        0.00022592601092894746,
        0.00018991630862043014,
        0.00015091151208529641,
        0.0001095267502388977,
        6.641468557531613e-05,
        2.2255221279756484e-05,
        -2.2255221279756484e-05,
        -6.641468557535146e-05,
        -0.00010952675023893303,
        -0.00015091151208536708,
        -0.00018991630862035506,
        -0.00022592601092898278,
        -0.00025837272461480483,
        -0.0002867447458060383,
        -0.00031059463099140645,
        -0.00032954625343140824,
        -0.00034330073487262076,
        -0.00035164115902539705,
        -0.0003544359924690187,
        -0.0003516411590254059,
        -0.00034330073487272674,
        -0.00032954625343140824,
        -0.0003105946309913844,
        -0.000286744745806056,
        -0.00025837272461480483,
        -0.00022592601092900045,
        -0.0001899163086203904,
        -0.00015091151208533173,
        -0.00010952675023903905,
        -6.64146855753868e-05,
        -2.2255221279721142e-05,
        2.2255221279791822e-05,
        6.641468557531613e-05,
        0.00010952675023896837,
        0.00015091151208536708,
        0.0001899163086203904,
        0.00022592601092898278,
        0.00025837272461480483,
        0.00028674474580602064,
        0.0003105946309914241,
        0.00032954625343133755,
        0.00034330073487262076,
        0.0003516411590253794,
        0.000354435992468948
    ],