{
    "I_fc": [
        0.9,
        0.89290323118303,
        0.871724845015768,
        0.8367988372994263,
        0.7886760120394772,
        0.7281152949374528,
        0.6560717646792704,
        0.5736815907738206,
        0.4822441154810969,
        0.3832013624085654,
        0.27811529493745274,
        0.16864318312715207,
        0.05651146757638197,
        -0.05651146757638206,
        -0.16864318312715235,
        -0.2781152949374528,
        -0.38320136240856545,
        -0.4822441154810972,
        -0.5736815907738207,
        -0.6560717646792705,
        -0.7281152949374526,
        -0.7886760120394772,
        -0.8367988372994263,
        -0.871724845015768,
        -0.89290323118303,
        -0.9,
        -0.89290323118303,
        -0.871724845015768,
        -0.8367988372994262,
        -0.7886760120394771,
        -0.7281152949374525,
        -0.6560717646792704,
        -0.5736815907738206,
        -0.4822441154810967,
        -0.38320136240856495,
        -0.2781152949374528,
        -0.16864318312715218,
        -0.05651146757638189,
        0.05651146757638235,
        0.16864318312715262,
        0.2781152949374525,
        0.38320136240856534,
        0.4822441154810971,
        0.573681590773821,
        0.6560717646792708,
        0.728115294937453,
        0.7886760120394772,
        0.8367988372994263,
        0.8717248450157681,
        0.89290323118303,
        0.9,
        0.89290323118303,
        0.871724845015768,
        0.8367988372994263,
        0.788676012039477,
        0.7281152949374523,
        0.6560717646792699,
        0.5736815907738206,
        0.4822441154810968,
        0.38320136240856506,
        0.2781152949374522,
        0.16864318312715149,
        0.05651146757638199,
        -0.056511467576382236,
        -0.1686431831271525,
        -0.2781152949374524,
        -0.383201362408566,
        -0.482244115481097,
        -0.5736815907738215,
        -0.6560717646792706,
        -0.7281152949374525,
        -0.7886760120394776,
        -0.8367988372994263,
        -0.8717248450157683,
        -0.89290323118303,
        -0.9
    ],
    "args": {
        "I_fc": [
            0.9
        ],
        "current_units": "mA",
        "cycles": 1.5,
        "d": 0.2,
        "directory": "/scratch/users/lbvh/py-tdgl/results/17289543/71",
        "dt_init": 1e-06,
        "fc_center": [
            0,
            0,
            1
        ],
        "fc_radius": 2.4,
        "field_units": "mT",
        "film_points": 4000,
        "film_radius": 15.0,
        "film_shape": "box",
        "film_smooth": 100,
        "gamma": 1.0,
        "index": 71,
        "lam": 1.35,
        "max_edge_length": 0.5,
        "pl_center": null,
        "pl_radius": 0.8,
        "points_per_cycle": 51.0,
        "save_every": 500,
        "screening": false,
        "seed_solutions": true,
        "slot_radius": 0.1,
        "slot_size": [
            2.0,
            50.0
        ],
        "slot_top_center_x": [
            -10.0,
            10.0,
            101.0
        ],
        "slot_top_center_y": [
            5.0,
            5.0,
            101.0
        ],
        "solve_time": [
            10000.0,
            2000.0
        ],
        "squid_angle": 180.0,
        "squid_iterations": 5,
        "squid_points": 4000,
        "squid_position": [
            0.0,
            0.0,
            0.5
        ],
        "squid_smooth": 100,
        "squid_type": "hypres-small",
        "xi": 0.9
    },
    "film_fluxoid": [
        -0.0009324024940581658,
        -0.0009249835108876891,
        -0.0009028608636511546,
        -0.0008664268444241226,
        -0.0008163078195406167,
        -0.000753339876931673,
        -0.000678548885004127,
        -0.0005931332187515524,
        -0.0004984464513720126,
        -0.0003959784457768348,
        -0.0002873343082906799,
        -0.0001742112346013707,
        -5.837355696574415e-05,
        5.837355696450727e-05,
        0.0001742112345959991,
        0.000287334308263199,
        0.00039597844577244826,
        0.0004984464513912727,
        0.0005931332187411803,
        0.0006785488850019802,
        0.0007533398769460915,
        0.0008163078194313337,
        0.0008664268444049686,
        0.0009028608636897807,
        0.0009249835109493213,
        0.0009324024940849179,
        0.0009249835108807626,
        0.0009028608637194305,
        0.0008664268443870868,
        0.0008163078194314994,
        0.0007533398770195977,
        0.0006785488849468417,
        0.0005931332187599809,
        0.0004984464513597852,
        0.00039597844577660065,
        0.0002873343082402814,
        0.00017421123457981363,
        5.837355696284631e-05,
        -5.837355696450727e-05,
        -0.0001742112345924696,
        -0.00028733430826212116,
        -0.0003959784457737205,
        -0.0004984464514443173,
        -0.0005931332187519765,
        -0.0006785488850721203,
        -0.0007533398769631252,
        -0.0008163078194110622,
        -0.0008664268444165334,
        -0.0009028608636087489,
        -0.0009249835108979995,
        -0.0009324024941545808,
        -0.0009249835108896151,
        -0.0009028608635981807,
        -0.000866426844365671,
        -0.0008163078194218407,
        -0.0007533398770186435,
        -0.0006785488849617196,
        -0.0005931332187357821,
        -0.0004984464514771124,
        -0.0003959784457705753,
        -0.00028733430826758115,
        -0.00017421123458926695,
        -5.837355696024886e-05,
        5.837355697011742e-05,
        0.00017421123458440777,
        0.00028733430827493177,
        0.0003959784457416676,
        0.0004984464513466389,
        0.0005931332186871815,
        0.0006785488850006991,
        0.0007533398769278916,
        0.0008163078193520451,
        0.0008664268444239106,
        0.0009028608636556074,
        0.0009249835110040974,
        0.0009324024941380684
    ],