{
    "I_fc": [
        1.545,
        1.532817213530868,
        1.4964609839437353,
        1.436504670697348,
        1.353893820667769,
        1.249931256309294,
        1.126256529366081,
        0.9848200641617254,
        0.8278523982425496,
        0.6578290054680372,
        0.4774312563092939,
        0.2895041310349444,
        0.09701135267278903,
        -0.0970113526727892,
        -0.2895041310349449,
        -0.47743125630929406,
        -0.6578290054680374,
        -0.82785239824255,
        -0.9848200641617254,
        -1.126256529366081,
        -1.2499312563092937,
        -1.353893820667769,
        -1.4365046706973483,
        -1.4964609839437353,
        -1.532817213530868,
        -1.545,
        -1.532817213530868,
        -1.496460983943735,
        -1.436504670697348,
        -1.353893820667769,
        -1.2499312563092937,
        -1.126256529366081,
        -0.9848200641617253,
        -0.8278523982425491,
        -0.6578290054680365,
        -0.47743125630929406,
        -0.2895041310349446,
        -0.09701135267278888,
        0.0970113526727897,
        0.2895041310349454,
        0.4774312563092935,
        0.6578290054680372,
        0.8278523982425497,
        0.9848200641617257,
        1.1262565293660813,
        1.2499312563092944,
        1.353893820667769,
        1.4365046706973483,
        1.4964609839437353,
        1.532817213530868,
        1.545,
        1.532817213530868,
        1.496460983943735,
        1.436504670697348,
        1.3538938206677686,
        1.2499312563092932,
        1.12625652936608,
        0.9848200641617254,
        0.8278523982425493,
        0.6578290054680366,
        0.477431256309293,
        0.28950413103494343,
        0.09701135267278907,
        -0.0970113526727895,
        -0.28950413103494516,
        -0.4774312563092933,
        -0.6578290054680381,
        -0.8278523982425496,
        -0.9848200641617268,
        -1.1262565293660813,
        -1.2499312563092937,
        -1.3538938206677698,
        -1.4365046706973483,
        -1.4964609839437357,
        -1.532817213530868,
        -1.545
    ],
    "args": {
        "I_fc": [
            0.5,
            10.0,
            201.0
        ],
        "current_units": "mA",
        "cycles": 1.5,
        "d": 0.2,
        "directory": "/scratch/users/lbvh/py-tdgl/results/14122470/22",
        "dt_init": 1e-06,
        "fc_center": [
            0,
            0,
            1
        ],
        "fc_radius": 2.4,
        "field_units": "mT",
        "film_points": 4000,
        "film_radius": 15.0,
        "film_shape": "box",
        "film_smooth": 100,
        "gamma": 1.0,
        "index": 22,
        "lam": 1.35,
        "max_edge_length": 0.5,
        "pl_center": null,
        "pl_radius": 0.8,
        "points_per_cycle": 51.0,
        "save_every": 500,
        "screening": false,
        "seed_solutions": true,
        "slot_radius": 0,
        "slot_size": null,
        "slot_top_center_x": null,
        "slot_top_center_y": null,
        "solve_time": [
            20000.0,
            2000.0
        ],
        "squid_angle": 0,
        "squid_iterations": 5,
        "squid_points": 4000,
        "squid_position": [
            0.0,
            0.0,
            0.5
        ],
        "squid_smooth": 100,
        "squid_type": "hypres-small",
        "xi": 0.9
    },
    "film_fluxoid": [
        -0.0006300522344772024,
        -0.0006250650502095923,
        -0.0006101858890416885,
        -0.000585659563809714,
        -0.0005518867197556946,
        -0.0005094142579376745,
        -0.00045892401746069395,
        -0.0004012204459320933,
        -0.00033721748315558445,
        -0.00026792448022955285,
        -0.00019443102731405348,
        -0.00011789059649477656,
        -3.9503142941636396e-05,
        3.9503142826606334e-05,
        0.00011789059717384045,
        0.00019443102719089535,
        0.00026792448068209277,
        0.0003372174826077162,
        0.0004012204458414475,
        0.00045892401702863326,
        0.0005094142563706947,
        0.000551886717891386,
        0.0005856595630936562,
        0.0006101858883651315,
        0.000625065051869135,
        0.0006300522347091709,
        0.0006250650521544308,
        0.0006101858880870627,
        0.0005856595644721616,
        0.0005518867195721589,
        0.000509414256962481,
        0.0004589240177059147,
        0.0004012204457176223,
        0.00033721748306529204,
        0.0002679244804751093,
        0.00019443102728016292,
        0.00011789059666270984,
        3.950314270268839e-05,
        -3.950314307073158e-05,
        -0.00011789059698147211,
        -0.00019443102741459437,
        -0.00026792448073950176,
        -0.00033721748332410086,
        -0.00040122044585897586,
        -0.00045892401719338597,
        -0.0005094142565000991,
        -0.0005518867186652768,
        -0.0005856595632870163,
        -0.0006101858896564898,
        -0.0006250650505368713,
        -0.0006300522352537879,
        -0.0006250650496672723,
        -0.0006101858878507475,
        -0.0005856595611436758,
        -0.0005518867184883497,
        -0.0005094142583533023,
        -0.0004589240164114643,
        -0.00040122044573913965,
        -0.00033721748329402693,
        -0.0002679244809178955,
        -0.0001944310275326901,
        -0.00011789059645607981,
        -3.950314291619196e-05,
        3.95031429823475e-05,
        0.00011789059679593975,
        0.00019443102684499236,
        0.00026792448075203844,
        0.0003372174832051658,
        0.00040122044612808617,
        0.0004589240163199703,
        0.0005094142576017548,
        0.0005518867194755585,
        0.0005856595620846252,
        0.0006101858886172259,
        0.000625065049019464,
        0.0006300522374804235
    ],