{
    "I_fc": [
        1.2,
        1.1905376415773734,
        1.1622997933543573,
        1.1157317830659015,
        1.0515680160526362,
        0.9708203932499369,
        0.8747623529056938,
        0.7649087876984275,
        0.6429921539747958,
        0.5109351498780872,
        0.37082039324993693,
        0.22485757750286942,
        0.07534862343517597,
        -0.07534862343517608,
        -0.22485757750286978,
        -0.37082039324993704,
        -0.5109351498780872,
        -0.6429921539747963,
        -0.7649087876984276,
        -0.8747623529056939,
        -0.9708203932499367,
        -1.0515680160526362,
        -1.1157317830659017,
        -1.1622997933543573,
        -1.1905376415773734,
        -1.2,
        -1.1905376415773734,
        -1.1622997933543573,
        -1.1157317830659015,
        -1.0515680160526362,
        -0.9708203932499366,
        -0.8747623529056938,
        -0.7649087876984274,
        -0.6429921539747956,
        -0.5109351498780865,
        -0.37082039324993704,
        -0.22485757750286955,
        -0.07534862343517584,
        0.07534862343517647,
        0.22485757750287014,
        0.37082039324993665,
        0.5109351498780871,
        0.6429921539747961,
        0.764908787698428,
        0.8747623529056943,
        0.9708203932499373,
        1.0515680160526362,
        1.1157317830659017,
        1.1622997933543573,
        1.1905376415773734,
        1.2,
        1.1905376415773734,
        1.1622997933543573,
        1.1157317830659015,
        1.051568016052636,
        0.9708203932499364,
        0.8747623529056932,
        0.7649087876984275,
        0.6429921539747957,
        0.5109351498780867,
        0.3708203932499362,
        0.22485757750286864,
        0.07534862343517598,
        -0.07534862343517632,
        -0.22485757750287003,
        -0.37082039324993654,
        -0.510935149878088,
        -0.6429921539747959,
        -0.7649087876984286,
        -0.8747623529056942,
        -0.9708203932499366,
        -1.0515680160526366,
        -1.1157317830659017,
        -1.1622997933543577,
        -1.1905376415773734,
        -1.2
    ],
    "args": {
        "I_fc": [
            1.2
        ],
        "current_units": "mA",
        "cycles": 1.5,
        "d": 0.2,
        "directory": "/scratch/users/lbvh/py-tdgl/results/17298304/23",
        "dt_init": 1e-06,
        "fc_center": [
            0,
            0,
            1
        ],
        "fc_radius": 2.4,
        "field_units": "mT",
        "film_points": 4000,
        "film_radius": 15.0,
        "film_shape": "box",
        "film_smooth": 100,
        "gamma": 1.0,
        "index": 23,
        "lam": 1.35,
        "max_edge_length": 0.5,
        "pl_center": null,
        "pl_radius": 0.8,
        "points_per_cycle": 51.0,
        "save_every": 500,
        "screening": false,
        "seed_solutions": true,
        "slot_radius": 0.1,
        "slot_size": [
            2.0,
            50.0
        ],
        "slot_top_center_x": [
            -10.0,
            10.0,
            101.0
        ],
        "slot_top_center_y": [
            5.0,
            5.0,
            101.0
        ],
        "solve_time": [
            10000.0,
            2000.0
        ],
        "squid_angle": 180.0,
        "squid_iterations": 5,
        "squid_points": 4000,
        "squid_position": [
            0.0,
            0.0,
            0.5
        ],
        "squid_smooth": 100,
        "squid_type": "hypres-small",
        "xi": 0.9
    },
    "film_fluxoid": [
        1.0003436386288065,
        1.0003409287432292,
        1.0003328418277533,
        1.0003195054326615,
        1.0003011299067688,
        1.0002780050834295,
        1.0002504957179752,
        1.0002190357655283,
        1.0001841217035077,
        0.00014632201727492755,
        0.00010619585786689006,
        6.439490836696449e-05,
        2.157840492106086e-05,
        -2.1578404920619115e-05,
        -6.439490837060555e-05,
        -0.00010619585785805518,
        -0.00014632201728492861,
        -0.0001841405562835702,
        -0.0002190550291905174,
        -0.0002505147802072698,
        -0.000278023624257157,
        -0.00030114765185600953,
        -0.000319521854255622,
        -1.0003328418277782,
        -1.0003409287432057,
        -1.0003436386288,
        -1.0003409287432428,
        -1.0003328418277797,
        -1.000319505432669,
        -1.0003011299067919,
        -1.0002780050834104,
        -1.0002504957179736,
        -1.0002190357655294,
        -1.0001841217034826,
        -0.00014632201726916722,
        -0.00010619585788031907,
        -6.439490837134768e-05,
        -2.1578404922739486e-05,
        2.157840492014645e-05,
        6.439490836694128e-05,
        0.00010619585786116505,
        0.000146322017289991,
        0.00018414055629954363,
        0.0002190550291839089,
        0.00025051478022615877,
        0.00027802362427256503,
        0.00030114765180518245,
        0.00031952185425318356,
        1.0003328418278117,
        1.0003409287432397,
        1.0003436386287865,
        1.0003409287432323,
        1.0003328418278272,
        1.0003195054326908,
        1.0003011299067839,
        1.0002780050834263,
        1.0002504957179863,
        1.0002190357655418,
        1.000184121703506,
        0.00014632201728658959,
        0.00010619585785607617,
        6.43949083718071e-05,
        2.157840492385268e-05,
        -2.1578404923446274e-05,
        -6.439490836908596e-05,
        -0.00010619585787177574,
        -0.00014632201727517492,
        -0.00018414055629809473,
        -0.00021905502919593978,
        -0.0002505147802111395,
        -0.0002780236242545419,
        -0.00030114765182148284,
        -0.0003195218542601808,
        -1.0003328418277906,
        -1.0003409287432201,
        -1.0003436386287687
    ],