{
    "I_fc": [
        1.0,
        0.9921147013144779,
        0.9685831611286311,
        0.9297764858882513,
        0.8763066800438636,
        0.8090169943749475,
        0.7289686274214116,
        0.6374239897486896,
        0.5358267949789965,
        0.42577929156507266,
        0.30901699437494745,
        0.18738131458572452,
        0.0627905195293133,
        -0.0627905195293134,
        -0.18738131458572482,
        -0.30901699437494756,
        -0.4257792915650727,
        -0.5358267949789969,
        -0.6374239897486897,
        -0.7289686274214117,
        -0.8090169943749473,
        -0.8763066800438636,
        -0.9297764858882515,
        -0.9685831611286311,
        -0.9921147013144779,
        -1.0,
        -0.9921147013144779,
        -0.9685831611286311,
        -0.9297764858882512,
        -0.8763066800438635,
        -0.8090169943749472,
        -0.7289686274214116,
        -0.6374239897486895,
        -0.5358267949789963,
        -0.42577929156507216,
        -0.30901699437494756,
        -0.18738131458572463,
        -0.06279051952931321,
        0.06279051952931372,
        0.18738131458572513,
        0.30901699437494723,
        0.4257792915650726,
        0.5358267949789968,
        0.63742398974869,
        0.7289686274214119,
        0.8090169943749478,
        0.8763066800438636,
        0.9297764858882515,
        0.9685831611286312,
        0.9921147013144779,
        1.0,
        0.9921147013144779,
        0.9685831611286311,
        0.9297764858882513,
        0.8763066800438634,
        0.809016994374947,
        0.728968627421411,
        0.6374239897486896,
        0.5358267949789964,
        0.42577929156507227,
        0.30901699437494684,
        0.18738131458572388,
        0.06279051952931332,
        -0.0627905195293136,
        -0.18738131458572502,
        -0.3090169943749471,
        -0.4257792915650733,
        -0.5358267949789967,
        -0.6374239897486905,
        -0.7289686274214118,
        -0.8090169943749472,
        -0.8763066800438639,
        -0.9297764858882515,
        -0.9685831611286314,
        -0.9921147013144779,
        -1.0
    ],
    "args": {
        "I_fc": [
            1.0
        ],
        "current_units": "mA",
        "cycles": 1.5,
        "d": 0.2,
        "directory": "/scratch/users/lbvh/py-tdgl/results/17223926/98",
        "dt_init": 1e-06,
        "fc_center": [
            0,
            0,
            1
        ],
        "fc_radius": 2.4,
        "field_units": "mT",
        "film_points": 4000,
        "film_radius": 15.0,
        "film_shape": "box",
        "film_smooth": 100,
        "gamma": 1.0,
        "index": 98,
        "lam": 1.35,
        "max_edge_length": 0.5,
        "pl_center": null,
        "pl_radius": 0.8,
        "points_per_cycle": 51.0,
        "save_every": 500,
        "screening": false,
        "seed_solutions": true,
        "slot_radius": 0.1,
        "slot_size": [
            2.0,
            50.0
        ],
        "slot_top_center_x": [
            -10.0,
            10.0,
            101.0
        ],
        "slot_top_center_y": [
            5.0,
            5.0,
            101.0
        ],
        "solve_time": [
            10000.0,
            2000.0
        ],
        "squid_angle": 180.0,
        "squid_iterations": 5,
        "squid_points": 4000,
        "squid_position": [
            0.0,
            0.0,
            0.5
        ],
        "squid_smooth": 100,
        "squid_type": "hypres-small",
        "xi": 0.9
    },
    "film_fluxoid": [
        -0.00064479708928318,
        -0.0006397183922459165,
        -0.0006245614205119999,
        -0.0005995624948877458,
        -0.0005651119792824257,
        -0.000521748885291101,
        -0.00047015312238460924,
        -0.00041113535638663497,
        -0.00034562455458178815,
        -0.0002746534197325948,
        -0.0001993419976604754,
        -0.00012087979041880555,
        -4.050671983010955e-05,
        4.050671983201788e-05,
        0.00012087979041336328,
        0.00019934199767094032,
        0.00027465341976291114,
        0.00034562455455796937,
        0.0004111353563845146,
        0.00047015312250542335,
        0.0005217488853358098,
        0.0005651119792528643,
        0.0005995624947808439,
        0.0006245614205937756,
        0.000639718392363703,
        0.000644797089254925,
        0.000639718392260441,
        0.0006245614205165941,
        0.0005995624948573185,
        0.0005651119792034419,
        0.000521748885233206,
        0.00047015312246818713,
        0.0004111353563929254,
        0.00034562455457433155,
        0.00027465341976542026,
        0.00019934199764436058,
        0.00012087979040339754,
        4.050671982975615e-05,
        -4.0506719833007384e-05,
        -0.0001208797904245659,
        -0.0001993419976631612,
        -0.00027465341979574155,
        -0.0003456245545806573,
        -0.0004111353564121501,
        -0.0004701531224198427,
        -0.0005217488852761789,
        -0.0005651119793113688,
        -0.000599562494827916,
        -0.000624561420513767,
        -0.0006397183923061791,
        -0.0006447970892782502,
        -0.0006397183922772979,
        -0.0006245614205756817,
        -0.0005995624948205301,
        -0.0005651119792205286,
        -0.0005217488853658396,
        -0.00047015312241810225,
        -0.00041113535639691873,
        -0.0003456245545933795,
        -0.00027465341977064167,
        -0.00019934199766287849,
        -0.0001208797903974605,
        -4.0506719831664485e-05,
        4.0506719831063715e-05,
        0.00012087979039569354,
        0.00019934199768058356,
        0.0002746534197465843,
        0.0003456245545945811,
        0.00041113535641447365,
        0.00047015312242580626,
        0.0005217488853323112,
        0.0005651119793515852,
        0.0005995624947584386,
        0.000624561420588404,
        0.0006397183923377638,
        0.0006447970892638494
    ],