{
    "I_fc": [
        1.2,
        1.1905376415773734,
        1.1622997933543573,
        1.1157317830659015,
        1.0515680160526362,
        0.9708203932499369,
        0.8747623529056938,
        0.7649087876984275,
        0.6429921539747958,
        0.5109351498780872,
        0.37082039324993693,
        0.22485757750286942,
        0.07534862343517597,
        -0.07534862343517608,
        -0.22485757750286978,
        -0.37082039324993704,
        -0.5109351498780872,
        -0.6429921539747963,
        -0.7649087876984276,
        -0.8747623529056939,
        -0.9708203932499367,
        -1.0515680160526362,
        -1.1157317830659017,
        -1.1622997933543573,
        -1.1905376415773734,
        -1.2,
        -1.1905376415773734,
        -1.1622997933543573,
        -1.1157317830659015,
        -1.0515680160526362,
        -0.9708203932499366,
        -0.8747623529056938,
        -0.7649087876984274,
        -0.6429921539747956,
        -0.5109351498780865,
        -0.37082039324993704,
        -0.22485757750286955,
        -0.07534862343517584,
        0.07534862343517647,
        0.22485757750287014,
        0.37082039324993665,
        0.5109351498780871,
        0.6429921539747961,
        0.764908787698428,
        0.8747623529056943,
        0.9708203932499373,
        1.0515680160526362,
        1.1157317830659017,
        1.1622997933543573,
        1.1905376415773734,
        1.2,
        1.1905376415773734,
        1.1622997933543573,
        1.1157317830659015,
        1.051568016052636,
        0.9708203932499364,
        0.8747623529056932,
        0.7649087876984275,
        0.6429921539747957,
        0.5109351498780867,
        0.3708203932499362,
        0.22485757750286864,
        0.07534862343517598,
        -0.07534862343517632,
        -0.22485757750287003,
        -0.37082039324993654,
        -0.510935149878088,
        -0.6429921539747959,
        -0.7649087876984286,
        -0.8747623529056942,
        -0.9708203932499366,
        -1.0515680160526366,
        -1.1157317830659017,
        -1.1622997933543577,
        -1.1905376415773734,
        -1.2
    ],
    "args": {
        "I_fc": [
            1.2
        ],
        "current_units": "mA",
        "cycles": 1.5,
        "d": 0.2,
        "directory": "/scratch/users/lbvh/py-tdgl/results/17298299/96",
        "dt_init": 1e-06,
        "fc_center": [
            0,
            0,
            1
        ],
        "fc_radius": 2.4,
        "field_units": "mT",
        "film_points": 4000,
        "film_radius": 15.0,
        "film_shape": "box",
        "film_smooth": 100,
        "gamma": 1.0,
        "index": 96,
        "lam": 1.35,
        "max_edge_length": 0.5,
        "pl_center": null,
        "pl_radius": 0.8,
        "points_per_cycle": 51.0,
        "save_every": 500,
        "screening": false,
        "seed_solutions": true,
        "slot_radius": 0.1,
        "slot_size": [
            2.0,
            50.0
        ],
        "slot_top_center_x": [
            -10.0,
            10.0,
            101.0
        ],
        "slot_top_center_y": [
            -1.0,
            -1.0,
            101.0
        ],
        "solve_time": [
            10000.0,
            2000.0
        ],
        "squid_angle": 180.0,
        "squid_iterations": 5,
        "squid_points": 4000,
        "squid_position": [
            0.0,
            0.0,
            0.5
        ],
        "squid_smooth": 100,
        "squid_type": "hypres-small",
        "xi": 0.9
    },
    "film_fluxoid": [
        -0.0008566885776924,
        -0.0008499472190945849,
        -0.0008298267935791734,
        -0.0007966373408076819,
        -0.0007508922655176326,
        -0.0006933025385150757,
        -0.0006247674449848956,
        -0.0005463616283335598,
        -0.0004593185490468019,
        -0.00036501084023619326,
        -0.00026492812974282764,
        -0.00016065291643889038,
        -5.383501060793425e-05,
        5.3835010486644676e-05,
        0.00016065291650837227,
        0.0002649281297355477,
        0.0003650108402175252,
        0.0004593185497989236,
        0.0005463616285638319,
        0.0006247674452680357,
        0.0006933025381323666,
        0.0007508922658449824,
        0.0007966373409405231,
        0.0008298267944768673,
        0.0008499472186787495,
        0.000856688578286722,
        0.0008499472189838308,
        0.0008298267940666464,
        0.0007966373410234058,
        0.0007508922652356942,
        0.0006933025384877053,
        0.0006247674448885602,
        0.0005463616284802364,
        0.00045931854955857964,
        0.00036501084046743727,
        0.0002649281297936282,
        0.00016065291657742562,
        5.383501058119992e-05,
        -5.3835010538739513e-05,
        -0.0001606529166262295,
        -0.0002649281297524577,
        -0.0003650108401303515,
        -0.00045931854919954804,
        -0.0005463616284183746,
        -0.0006247674453945422,
        -0.0006933025386250522,
        -0.0007508922657095725,
        -0.0007966373402131656,
        -0.0008298267947742845,
        -0.000849947219582906,
        -0.0008566885772670919,
        -0.0008499472201704605,
        -0.0008298267940014804,
        -0.0007966373396514442,
        -0.0007508922656754588,
        -0.0006933025382633171,
        -0.0006247674453439449,
        -0.0005463616283481903,
        -0.00045931854945241977,
        -0.00036501084038992007,
        -0.00026492812973243784,
        -0.0001606529165867376,
        -5.383501052619399e-05,
        5.383501057452075e-05,
        0.0001606529165738917,
        0.0002649281298586705,
        0.0003650108400073524,
        0.0004593185493384499,
        0.0005463616282873358,
        0.000624767445812794,
        0.000693302538077449,
        0.0007508922658861529,
        0.000796637340200514,
        0.0008298267935891922,
        0.000849947219747164,
        0.0008566885775393269
    ],