{
    "I_fc": [
        1.5,
        1.4881720519717168,
        1.4528747416929466,
        1.394664728832377,
        1.3144600200657954,
        1.2135254915624212,
        1.0934529411321172,
        0.9561359846230344,
        0.8037401924684948,
        0.638668937347609,
        0.4635254915624212,
        0.2810719718785868,
        0.09418577929396996,
        -0.0941857792939701,
        -0.28107197187858723,
        -0.46352549156242134,
        -0.6386689373476091,
        -0.8037401924684953,
        -0.9561359846230346,
        -1.0934529411321174,
        -1.213525491562421,
        -1.3144600200657954,
        -1.3946647288323772,
        -1.4528747416929466,
        -1.4881720519717168,
        -1.5,
        -1.4881720519717168,
        -1.4528747416929466,
        -1.3946647288323768,
        -1.3144600200657952,
        -1.2135254915624207,
        -1.0934529411321172,
        -0.9561359846230343,
        -0.8037401924684945,
        -0.6386689373476082,
        -0.46352549156242134,
        -0.28107197187858696,
        -0.09418577929396982,
        0.09418577929397058,
        0.2810719718785877,
        0.46352549156242084,
        0.6386689373476089,
        0.8037401924684952,
        0.956135984623035,
        1.0934529411321179,
        1.2135254915624216,
        1.3144600200657954,
        1.3946647288323772,
        1.4528747416929468,
        1.4881720519717168,
        1.5,
        1.4881720519717168,
        1.4528747416929466,
        1.394664728832377,
        1.314460020065795,
        1.2135254915624205,
        1.0934529411321166,
        0.9561359846230344,
        0.8037401924684946,
        0.6386689373476084,
        0.4635254915624203,
        0.2810719718785858,
        0.09418577929396998,
        -0.0941857792939704,
        -0.2810719718785875,
        -0.4635254915624207,
        -0.63866893734761,
        -0.803740192468495,
        -0.9561359846230357,
        -1.0934529411321177,
        -1.2135254915624207,
        -1.3144600200657959,
        -1.3946647288323772,
        -1.452874741692947,
        -1.4881720519717168,
        -1.5
    ],
    "args": {
        "I_fc": [
            1.5
        ],
        "current_units": "mA",
        "cycles": 1.5,
        "d": 0.2,
        "directory": "/scratch/users/lbvh/py-tdgl/results/17223933/91",
        "dt_init": 1e-06,
        "fc_center": [
            0,
            0,
            1
        ],
        "fc_radius": 2.4,
        "field_units": "mT",
        "film_points": 4000,
        "film_radius": 15.0,
        "film_shape": "box",
        "film_smooth": 100,
        "gamma": 1.0,
        "index": 91,
        "lam": 1.35,
        "max_edge_length": 0.5,
        "pl_center": null,
        "pl_radius": 0.8,
        "points_per_cycle": 51.0,
        "save_every": 500,
        "screening": false,
        "seed_solutions": true,
        "slot_radius": 0.1,
        "slot_size": [
            2.0,
            50.0
        ],
        "slot_top_center_x": [
            -10.0,
            10.0,
            101.0
        ],
        "slot_top_center_y": [
            5.0,
            5.0,
            101.0
        ],
        "solve_time": [
            10000.0,
            2000.0
        ],
        "squid_angle": 180.0,
        "squid_iterations": 5,
        "squid_points": 4000,
        "squid_position": [
            0.0,
            0.0,
            0.5
        ],
        "squid_smooth": 100,
        "squid_type": "hypres-small",
        "xi": 0.9
    },
    "film_fluxoid": [
        -0.0010954107022326752,
        -0.001086755895946186,
        -0.0010609396295035564,
        -0.0010183923550585719,
        -0.0009598011814156904,
        -0.0008860927504748995,
        -0.0007984234015321927,
        -0.0006981675457219396,
        -0.0005868998902703699,
        -0.00046637171801350514,
        -0.00033848288124821755,
        -0.00020525100859639057,
        -6.877894091387952e-05,
        6.87789409020408e-05,
        0.00020525100860388254,
        0.0003384828812460972,
        0.00046637171798113417,
        0.000586899890226761,
        0.0006981675457243515,
        0.000798423401487877,
        0.0008860927504630784,
        0.0009598011814330951,
        0.0010183923550340461,
        0.0010609396295655595,
        0.001086755895910917,
        0.0010954107022057376,
        0.0010867558960416734,
        0.0010609396295202366,
        0.001018392355027473,
        0.0009598011813982151,
        0.0008860927504720723,
        0.0007984234014969946,
        0.000698167545711594,
        0.0005868998902222905,
        0.0004663717180447099,
        0.00033848288125867804,
        0.00020525100861596863,
        6.877894090179342e-05,
        -6.877894090787181e-05,
        -0.00020525100860791125,
        -0.00033848288124630925,
        -0.0004663717180002528,
        -0.0005868998902261779,
        -0.0006981675457255885,
        -0.0007984234014587573,
        -0.0008860927505143118,
        -0.0009598011814338019,
        -0.001018392354967926,
        -0.0010609396294397862,
        -0.0010867558959445603,
        -0.0010954107022692517,
        -0.001086755896005415,
        -0.0010609396294824147,
        -0.001018392354985631,
        -0.0009598011814135877,
        -0.0008860927504346125,
        -0.0007984234015618073,
        -0.000698167545673233,
        -0.0005868998902531596,
        -0.000466371718018382,
        -0.0003384828812722484,
        -0.0002052510086184424,
        -6.87789409018641e-05,
        6.877894090405515e-05,
        0.00020525100862939764,
        0.0003384828812911197,
        0.0004663717180202903,
        0.0005868998902500675,
        0.0006981675456830751,
        0.000798423401497136,
        0.0008860927505077652,
        0.0009598011814639112,
        0.0010183923550299468,
        0.0010609396295215973,
        0.0010867558959385527,
        0.0010954107022549005
    ],