{
    "I_fc": [
        1.2,
        1.1905376415773734,
        1.1622997933543573,
        1.1157317830659015,
        1.0515680160526362,
        0.9708203932499369,
        0.8747623529056938,
        0.7649087876984275,
        0.6429921539747958,
        0.5109351498780872,
        0.37082039324993693,
        0.22485757750286942,
        0.07534862343517597,
        -0.07534862343517608,
        -0.22485757750286978,
        -0.37082039324993704,
        -0.5109351498780872,
        -0.6429921539747963,
        -0.7649087876984276,
        -0.8747623529056939,
        -0.9708203932499367,
        -1.0515680160526362,
        -1.1157317830659017,
        -1.1622997933543573,
        -1.1905376415773734,
        -1.2,
        -1.1905376415773734,
        -1.1622997933543573,
        -1.1157317830659015,
        -1.0515680160526362,
        -0.9708203932499366,
        -0.8747623529056938,
        -0.7649087876984274,
        -0.6429921539747956,
        -0.5109351498780865,
        -0.37082039324993704,
        -0.22485757750286955,
        -0.07534862343517584,
        0.07534862343517647,
        0.22485757750287014,
        0.37082039324993665,
        0.5109351498780871,
        0.6429921539747961,
        0.764908787698428,
        0.8747623529056943,
        0.9708203932499373,
        1.0515680160526362,
        1.1157317830659017,
        1.1622997933543573,
        1.1905376415773734,
        1.2,
        1.1905376415773734,
        1.1622997933543573,
        1.1157317830659015,
        1.051568016052636,
        0.9708203932499364,
        0.8747623529056932,
        0.7649087876984275,
        0.6429921539747957,
        0.5109351498780867,
        0.3708203932499362,
        0.22485757750286864,
        0.07534862343517598,
        -0.07534862343517632,
        -0.22485757750287003,
        -0.37082039324993654,
        -0.510935149878088,
        -0.6429921539747959,
        -0.7649087876984286,
        -0.8747623529056942,
        -0.9708203932499366,
        -1.0515680160526366,
        -1.1157317830659017,
        -1.1622997933543577,
        -1.1905376415773734,
        -1.2
    ],
    "args": {
        "I_fc": [
            1.2
        ],
        "current_units": "mA",
        "cycles": 1.5,
        "d": 0.2,
        "directory": "/scratch/users/lbvh/py-tdgl/results/17298304/18",
        "dt_init": 1e-06,
        "fc_center": [
            0,
            0,
            1
        ],
        "fc_radius": 2.4,
        "field_units": "mT",
        "film_points": 4000,
        "film_radius": 15.0,
        "film_shape": "box",
        "film_smooth": 100,
        "gamma": 1.0,
        "index": 18,
        "lam": 1.35,
        "max_edge_length": 0.5,
        "pl_center": null,
        "pl_radius": 0.8,
        "points_per_cycle": 51.0,
        "save_every": 500,
        "screening": false,
        "seed_solutions": true,
        "slot_radius": 0.1,
        "slot_size": [
            2.0,
            50.0
        ],
        "slot_top_center_x": [
            -10.0,
            10.0,
            101.0
        ],
        "slot_top_center_y": [
            5.0,
            5.0,
            101.0
        ],
        "solve_time": [
            10000.0,
            2000.0
        ],
        "squid_angle": 180.0,
        "squid_iterations": 5,
        "squid_points": 4000,
        "squid_position": [
            0.0,
            0.0,
            0.5
        ],
        "squid_smooth": 100,
        "squid_type": "hypres-small",
        "xi": 0.9
    },
    "film_fluxoid": [
        -0.0007229004126964973,
        -0.0007172000872638473,
        -0.0007001890313991721,
        -0.0006721355599303421,
        -0.0006334821207534499,
        -0.0005848383152014774,
        -0.0005269712893762045,
        -0.00046079363965081363,
        -0.00038734902299145736,
        -0.0003077956995836979,
        -0.00022338826753085452,
        -0.0001354578777386273,
        -4.5391241071545355e-05,
        4.539124107165137e-05,
        0.00013545787773859195,
        0.00022338826753078383,
        0.0003077956995836979,
        0.00038734902299131604,
        0.000460793639650902,
        0.0005269712893762752,
        0.0005848383152014067,
        0.0006334821207534719,
        0.0006721355599303421,
        0.0007001890313991368,
        0.0007172000872636794,
        0.0007229004126964973,
        0.000717200087263971,
        0.0007001890313992074,
        0.0006721355599304127,
        0.0006334821207534719,
        0.0005848383152016188,
        0.0005269712893763812,
        0.0004607936396508313,
        0.00038734902299131604,
        0.00030779569958383924,
        0.00022338826753071317,
        0.00013545787773869798,
        4.5391241071545355e-05,
        -4.539124107158069e-05,
        -0.00013545787773859195,
        -0.00022338826753078383,
        -0.0003077956995837332,
        -0.0003873490229913337,
        -0.0004607936396508313,
        -0.0005269712893761516,
        -0.0005848383152014421,
        -0.0006334821207534719,
        -0.0006721355599304834,
        -0.0007001890313991368,
        -0.0007172000872636418,
        -0.0007229004126964973,
        -0.0007172000872637589,
        -0.0007001890313991721,
        -0.0006721355599304127,
        -0.0006334821207534365,
        -0.0005848383152014774,
        -0.0005269712893764519,
        -0.00046079363965081363,
        -0.00038734902299117466,
        -0.0003077956995836979,
        -0.00022338826753081918,
        -0.00013545787773859195,
        -4.539124107158069e-05,
        4.539124107151002e-05,
        0.00013545787773859195,
        0.00022338826753071317,
        0.00030779569958368024,
        0.0003873490229912807,
        0.0004607936396508313,
        0.0005269712893761781,
        0.0005848383152014067,
        0.0006334821207533306,
        0.0006721355599304127,
        0.0007001890313991368,
        0.0007172000872637943,
        0.0007229004126964266
    ],