{
    "I_fc": [
        1.75,
        1.7362007273003364,
        1.6950205319751044,
        1.62710885030444,
        1.5335366900767613,
        1.415779740156158,
        1.2756950979874702,
        1.115491982060207,
        0.937696891213244,
        0.7451137602388771,
        0.540779740156158,
        0.3279173005250179,
        0.10988340917629828,
        -0.10988340917629845,
        -0.32791730052501844,
        -0.5407797401561583,
        -0.7451137602388772,
        -0.9376968912132445,
        -1.115491982060207,
        -1.2756950979874704,
        -1.4157797401561578,
        -1.5335366900767613,
        -1.62710885030444,
        -1.6950205319751044,
        -1.7362007273003364,
        -1.75,
        -1.7362007273003364,
        -1.6950205319751044,
        -1.6271088503044397,
        -1.533536690076761,
        -1.4157797401561576,
        -1.2756950979874702,
        -1.1154919820602067,
        -0.9376968912132435,
        -0.7451137602388763,
        -0.5407797401561583,
        -0.3279173005250181,
        -0.10988340917629812,
        0.10988340917629902,
        0.327917300525019,
        0.5407797401561576,
        0.7451137602388771,
        0.9376968912132444,
        1.1154919820602074,
        1.2756950979874708,
        1.4157797401561587,
        1.5335366900767613,
        1.62710885030444,
        1.6950205319751046,
        1.7362007273003364,
        1.75,
        1.7362007273003364,
        1.6950205319751044,
        1.62710885030444,
        1.5335366900767609,
        1.4157797401561574,
        1.2756950979874693,
        1.115491982060207,
        0.9376968912132437,
        0.7451137602388764,
        0.5407797401561569,
        0.3279173005250168,
        0.10988340917629831,
        -0.1098834091762988,
        -0.3279173005250188,
        -0.5407797401561575,
        -0.7451137602388783,
        -0.9376968912132442,
        -1.1154919820602085,
        -1.2756950979874706,
        -1.4157797401561576,
        -1.5335366900767617,
        -1.62710885030444,
        -1.695020531975105,
        -1.7362007273003364,
        -1.75
    ],
    "args": {
        "I_fc": [
            1.75
        ],
        "current_units": "mA",
        "cycles": 1.5,
        "d": 0.2,
        "directory": "/scratch/users/lbvh/py-tdgl/results/17224036/55",
        "dt_init": 1e-06,
        "fc_center": [
            0,
            0,
            1
        ],
        "fc_radius": 2.4,
        "field_units": "mT",
        "film_points": 4000,
        "film_radius": 15.0,
        "film_shape": "box",
        "film_smooth": 100,
        "gamma": 1.0,
        "index": 55,
        "lam": 1.35,
        "max_edge_length": 0.5,
        "pl_center": null,
        "pl_radius": 0.8,
        "points_per_cycle": 51.0,
        "save_every": 500,
        "screening": false,
        "seed_solutions": true,
        "slot_radius": 0.1,
        "slot_size": [
            2.0,
            50.0
        ],
        "slot_top_center_x": [
            -10.0,
            10.0,
            101.0
        ],
        "slot_top_center_y": [
            5.0,
            5.0,
            101.0
        ],
        "solve_time": [
            10000.0,
            2000.0
        ],
        "squid_angle": 180.0,
        "squid_iterations": 5,
        "squid_points": 4000,
        "squid_position": [
            0.0,
            0.0,
            0.5
        ],
        "squid_smooth": 100,
        "squid_type": "hypres-small",
        "xi": 0.9
    },
    "film_fluxoid": [
        0.9986429338264238,
        0.9986535977362357,
        0.9986854472424813,
        0.9987380935565764,
        0.9988112945127182,
        -0.0010883295288627228,
        -0.0009800588853554235,
        -0.0008565771478895686,
        -0.0007197798528544605,
        -0.0005717865890723937,
        -0.0004148965024202653,
        -0.0002515494758478745,
        -8.42871540866051e-05,
        8.428715408582764e-05,
        0.0002515494758493587,
        0.0004148965024199826,
        0.000571786589074735,
        0.0007197798528562982,
        0.0008565771478904543,
        0.0009800588853600177,
        0.0010883295288607528,
        0.0011798060359384775,
        -0.9987380935565695,
        -0.9986854472424928,
        -0.9986535977362309,
        -0.9986429338264251,
        -0.9986535977362235,
        -0.998685447242473,
        -0.9987380935565731,
        -0.9988112945127281,
        0.0010883295288668928,
        0.000980058885351501,
        0.0008565771478950837,
        0.0007197798528582419,
        0.0005717865890732419,
        0.00041489650242045967,
        0.0002515494758497121,
        8.428715408780664e-05,
        -8.42871540864284e-05,
        -0.0002515494758443582,
        -0.0004148965024182775,
        -0.0005717865890706267,
        -0.0007197798528551673,
        -0.0008565771478910197,
        -0.0009800588853570668,
        -0.001088329528861592,
        -0.0011798060359323283,
        0.9987380935565824,
        0.998685447242485,
        0.9986535977362223,
        0.998642933826431,
        0.9986535977362161,
        0.9986854472424788,
        0.9987380935565867,
        0.9988112945127183,
        -0.0010883295288621575,
        -0.0009800588853498046,
        -0.0008565771478901699,
        -0.0007197798528493363,
        -0.0005717865890728178,
        -0.0004148965024254249,
        -0.0002515494758479452,
        -8.428715408830139e-05,
        8.428715408646374e-05,
        0.0002515494758422202,
        0.00041489650242136086,
        0.0005717865890662711,
        0.000719779852855238,
        0.0008565771478943416,
        0.0009800588853604063,
        0.0010883295288621486,
        0.0011798060359261087,
        -0.9987380935565742,
        -0.9986854472424856,
        -0.998653597736217,
        -0.9986429338264313
    ],