{
    "I_fc": [
        1.5,
        1.4881720519717168,
        1.4528747416929466,
        1.394664728832377,
        1.3144600200657954,
        1.2135254915624212,
        1.0934529411321172,
        0.9561359846230344,
        0.8037401924684948,
        0.638668937347609,
        0.4635254915624212,
        0.2810719718785868,
        0.09418577929396996,
        -0.0941857792939701,
        -0.28107197187858723,
        -0.46352549156242134,
        -0.6386689373476091,
        -0.8037401924684953,
        -0.9561359846230346,
        -1.0934529411321174,
        -1.213525491562421,
        -1.3144600200657954,
        -1.3946647288323772,
        -1.4528747416929466,
        -1.4881720519717168,
        -1.5,
        -1.4881720519717168,
        -1.4528747416929466,
        -1.3946647288323768,
        -1.3144600200657952,
        -1.2135254915624207,
        -1.0934529411321172,
        -0.9561359846230343,
        -0.8037401924684945,
        -0.6386689373476082,
        -0.46352549156242134,
        -0.28107197187858696,
        -0.09418577929396982,
        0.09418577929397058,
        0.2810719718785877,
        0.46352549156242084,
        0.6386689373476089,
        0.8037401924684952,
        0.956135984623035,
        1.0934529411321179,
        1.2135254915624216,
        1.3144600200657954,
        1.3946647288323772,
        1.4528747416929468,
        1.4881720519717168,
        1.5,
        1.4881720519717168,
        1.4528747416929466,
        1.394664728832377,
        1.314460020065795,
        1.2135254915624205,
        1.0934529411321166,
        0.9561359846230344,
        0.8037401924684946,
        0.6386689373476084,
        0.4635254915624203,
        0.2810719718785858,
        0.09418577929396998,
        -0.0941857792939704,
        -0.2810719718785875,
        -0.4635254915624207,
        -0.63866893734761,
        -0.803740192468495,
        -0.9561359846230357,
        -1.0934529411321177,
        -1.2135254915624207,
        -1.3144600200657959,
        -1.3946647288323772,
        -1.452874741692947,
        -1.4881720519717168,
        -1.5
    ],
    "args": {
        "I_fc": [
            1.5
        ],
        "current_units": "mA",
        "cycles": 1.5,
        "d": 0.2,
        "directory": "/scratch/users/lbvh/py-tdgl/results/17223933/80",
        "dt_init": 1e-06,
        "fc_center": [
            0,
            0,
            1
        ],
        "fc_radius": 2.4,
        "field_units": "mT",
        "film_points": 4000,
        "film_radius": 15.0,
        "film_shape": "box",
        "film_smooth": 100,
        "gamma": 1.0,
        "index": 80,
        "lam": 1.35,
        "max_edge_length": 0.5,
        "pl_center": null,
        "pl_radius": 0.8,
        "points_per_cycle": 51.0,
        "save_every": 500,
        "screening": false,
        "seed_solutions": true,
        "slot_radius": 0.1,
        "slot_size": [
            2.0,
            50.0
        ],
        "slot_top_center_x": [
            -10.0,
            10.0,
            101.0
        ],
        "slot_top_center_y": [
            5.0,
            5.0,
            101.0
        ],
        "solve_time": [
            10000.0,
            2000.0
        ],
        "squid_angle": 180.0,
        "squid_iterations": 5,
        "squid_points": 4000,
        "squid_position": [
            0.0,
            0.0,
            0.5
        ],
        "squid_smooth": 100,
        "squid_type": "hypres-small",
        "xi": 0.9
    },
    "film_fluxoid": [
        0.9989219460720141,
        0.9989300433310201,
        0.9989542061085385,
        0.9989940506735887,
        0.9990489477663022,
        0.9991180365470904,
        0.9992002428051286,
        0.9992943030760636,
        0.9993988021162121,
        0.9995122576430602,
        0.9996335076437938,
        -0.0001923603756556752,
        -6.445294842285461e-05,
        6.445294842158238e-05,
        0.00019236037566101148,
        0.0003172890337492224,
        0.00043730846917467483,
        0.0005505711055295957,
        0.0006553452110405,
        0.0007500487862306537,
        0.0008332895029494304,
        0.0009039417793993294,
        0.0009616994280541922,
        -0.9989542061085387,
        -0.9989300433310133,
        -0.998921946072004,
        -0.9989300433310193,
        -0.9989542061085327,
        -0.9989940506735892,
        -0.9990489477662943,
        -0.9991180365470741,
        -0.9992002428051203,
        -0.9992943030760677,
        -0.9993988021162188,
        -0.999512257643034,
        -0.999633507643798,
        0.00019236037564987954,
        6.445294842096396e-05,
        -6.445294842144987e-05,
        -0.0001923603756558519,
        -0.0003172890337541169,
        -0.0004373084691688438,
        -0.0005505711055271926,
        -0.0006553452110566678,
        -0.0007500487862286747,
        -0.0008332895029247105,
        -0.0009039417794041355,
        -0.000961699428057196,
        0.9989542061085283,
        0.9989300433310204,
        0.9989219460720041,
        0.9989300433310193,
        0.9989542061085374,
        0.998994050673599,
        0.9990489477662944,
        0.9991180365470707,
        0.9992002428051285,
        0.9992943030760604,
        0.9993988021162119,
        0.9995122576430298,
        0.9996335076438034,
        -0.0001923603756571948,
        -6.445294842094628e-05,
        6.44529484210523e-05,
        0.00019236037565609928,
        0.0003172890337601158,
        0.0004373084691631188,
        0.0005505711055223864,
        0.0006553452110564204,
        0.000750048786247122,
        0.0008332895029374416,
        0.0009039417793976331,
        0.0009616994280325468,
        -0.9989542061085328,
        -0.998930043331017,
        -0.998921946072012
    ],