{
    "I_fc": [
        7.15,
        7.093620114398517,
        6.925369602069712,
        6.647901874100998,
        6.2655927623136245,
        5.784471509780874,
        5.212125686063093,
        4.557581526703131,
        3.8311615840998257,
        3.0443219346902697,
        2.2094715097808746,
        1.3397763992879304,
        0.4489522146345902,
        -0.44895221463459084,
        -1.3397763992879326,
        -2.209471509780875,
        -3.04432193469027,
        -3.831161584099828,
        -4.557581526703132,
        -5.212125686063094,
        -5.784471509780873,
        -6.2655927623136245,
        -6.647901874100998,
        -6.925369602069712,
        -7.093620114398517,
        -7.15,
        -7.093620114398517,
        -6.925369602069712,
        -6.647901874100997,
        -6.2655927623136245,
        -5.7844715097808725,
        -5.212125686063093,
        -4.55758152670313,
        -3.831161584099824,
        -3.044321934690266,
        -2.209471509780875,
        -1.3397763992879312,
        -0.44895221463458945,
        0.4489522146345931,
        1.3397763992879348,
        2.209471509780873,
        3.0443219346902692,
        3.831161584099827,
        4.557581526703133,
        5.212125686063096,
        5.784471509780877,
        6.2655927623136245,
        6.647901874100998,
        6.925369602069713,
        7.093620114398517,
        7.15,
        7.093620114398517,
        6.925369602069712,
        6.647901874100998,
        6.265592762313624,
        5.784471509780872,
        5.2121256860630885,
        4.557581526703131,
        3.8311615840998248,
        3.044321934690267,
        2.20947150978087,
        1.339776399287926,
        0.44895221463459023,
        -0.44895221463459223,
        -1.339776399287934,
        -2.209471509780872,
        -3.0443219346902746,
        -3.831161584099826,
        -4.557581526703138,
        -5.212125686063095,
        -5.7844715097808725,
        -6.265592762313627,
        -6.647901874100998,
        -6.925369602069715,
        -7.093620114398517,
        -7.15
    ],
    "args": {
        "I_fc": [
            0.5,
            10.0,
            201.0
        ],
        "current_units": "mA",
        "cycles": 1.5,
        "d": 0.2,
        "directory": "/scratch/users/lbvh/py-tdgl/results/14122470/140",
        "dt_init": 1e-06,
        "fc_center": [
            0,
            0,
            1
        ],
        "fc_radius": 2.4,
        "field_units": "mT",
        "film_points": 4000,
        "film_radius": 15.0,
        "film_shape": "box",
        "film_smooth": 100,
        "gamma": 1.0,
        "index": 140,
        "lam": 1.35,
        "max_edge_length": 0.5,
        "pl_center": null,
        "pl_radius": 0.8,
        "points_per_cycle": 51.0,
        "save_every": 500,
        "screening": false,
        "seed_solutions": true,
        "slot_radius": 0,
        "slot_size": null,
        "slot_top_center_x": null,
        "slot_top_center_y": null,
        "solve_time": [
            20000.0,
            2000.0
        ],
        "squid_angle": 0,
        "squid_iterations": 5,
        "squid_points": 4000,
        "squid_position": [
            0.0,
            0.0,
            0.5
        ],
        "squid_smooth": 100,
        "squid_type": "hypres-small",
        "xi": 0.9
    },
    "film_fluxoid": [
        2.996899156690503,
        2.996922996777292,
        2.9969941077464206,
        2.997111323583225,
        2.997272721697394,
        2.997475257424029,
        2.99771149480253,
        2.9979896971500573,
        2.9983122835165306,
        2.9986332411159466,
        2.998970807082714,
        1.9993679469581738,
        0.9997755453732925,
        0.00018283074305541983,
        0.0005461174364104788,
        0.0009038123082124531,
        -1.9986754751651374,
        -1.998351186830237,
        -1.998016915870913,
        -2.9977260976529307,
        -2.99747608538219,
        -2.997268309485158,
        -2.9971077042676653,
        -2.996990904041579,
        -2.9969199311323207,
        -2.996896176936033,
        -2.996920021299188,
        -2.996990952962812,
        -2.9971077190921425,
        -2.9972683339300703,
        -2.9974703383724517,
        -2.997711494787872,
        -2.9979896971541162,
        -2.9983122835142897,
        -2.998633241114965,
        -2.998970807085163,
        -1.9993679469580388,
        -0.9997755453724726,
        -0.00018283074265360092,
        -0.0005461174359551294,
        -0.0009038123058066462,
        1.9986754751645692,
        1.9983511868299606,
        1.9980169158756194,
        2.997726097668354,
        2.997476085382807,
        2.997268309486776,
        2.9971077042677914,
        2.9969909040418914,
        2.996919931133908,
        2.9968961769359517,
        2.9969200212945055,
        2.9969909529622973,
        2.997107719094781,
        2.997268333931282,
        2.997470338372358,
        2.9977114947885672,
        2.9979896971542868,
        2.998312283513704,
        2.998633241114223,
        2.9989708070805032,
        1.9993679469579053,
        0.9997755453732752,
        0.00018283074280055138,
        0.0005461174365871763,
        0.000903812306758975,
        -1.9986754751631604,
        -1.9983511868305153,
        -1.9980169158756036,
        -2.9977260976530093,
        -2.9974760853811704,
        -2.9972683094847246,
        -2.9971077042662784,
        -2.9969909040405613,
        -2.9969199311339496,
        -2.99689617693532
    ],
    "flux": [
        -0.008009739511857883,
        -0.007679010565308589,
        -0.006651507992125353,
        -0.004881795472947777,
        -0.002486563482295024,
        -0.0001056736474505336,
        -0.0006772850401197094,
        -0.0009024377745761178,
        -0.006789850455558428,
        0.0017777850410702364,
        0.010584473512548953,
        0.00882492024587147,
        0.01118639329266565,
        0.007262222087123856,
        0.019213392096412523,
        0.02384691129214262,
        0.00986149171740976,
        0.015621894858482087,
        0.008027434351772507,
        0.011198495403116144,
        0.009737006859582162,
        0.00768732277244518,
        0.010018310635365362,
        0.01132635134777579,
        0.011860603562062392,
        0.01195844464695578,
        0.011853099725292462,
        0.01132261501435604,
        0.010016747084242706,
        0.007683272742961396,
        0.0043286375351097766,
        0.0006771840360142204,
        0.0009024376231863671,
        0.006789850449640328,
        -0.0017777850306386382,
        -0.010584473474649171,
        -0.008824920245710355,
        -0.011186393305328246,
        -0.0072622220702420765,
        -0.01921339209608649,
        -0.023846911296036864,
        -0.009861491716086454,
        -0.015621894857738173,
        -0.008027434275922153,
        -0.011198495195313582,
        -0.009737006912275054,
        -0.007687322728741015,
        -0.01001831067706847,
        -0.01132635141357511,
        -0.011860603361606952,
        -0.011958444646955441,
        -0.01185309989125866,
        -0.011322615062687969,
        -0.010016746994835046,
        -0.007683272820245756,
        -0.004328637548916062,
        -0.0006771840376562127,
        -0.0009024376943368861,
        -0.006789850447415894,
        0.0017777851070659443,
        0.010584473437467191,
        0.008824920244980683,
        0.011186393300711014,
        0.00726222208801251,
        0.019213392097428315,
        0.02384691129280798,
        0.009861491713115397,
        0.015621894858739738,
        0.008027434306236236,
        0.011198495391073718,
        0.009737006834423738,
        0.007687322890597513,
        0.010018310616342334,
        0.011326351497403846,
        0.011860603257488904,
        0.011958444340112189
    ],
    "timing": {
        "end_time": "2023-03-29T17:16:26.817846",
        "start_time": "2023-03-29T09:48:38.102977",