{
    "I_fc": [
        0.9,
        0.89290323118303,
        0.871724845015768,
        0.8367988372994263,
        0.7886760120394772,
        0.7281152949374528,
        0.6560717646792704,
        0.5736815907738206,
        0.4822441154810969,
        0.3832013624085654,
        0.27811529493745274,
        0.16864318312715207,
        0.05651146757638197,
        -0.05651146757638206,
        -0.16864318312715235,
        -0.2781152949374528,
        -0.38320136240856545,
        -0.4822441154810972,
        -0.5736815907738207,
        -0.6560717646792705,
        -0.7281152949374526,
        -0.7886760120394772,
        -0.8367988372994263,
        -0.871724845015768,
        -0.89290323118303,
        -0.9,
        -0.89290323118303,
        -0.871724845015768,
        -0.8367988372994262,
        -0.7886760120394771,
        -0.7281152949374525,
        -0.6560717646792704,
        -0.5736815907738206,
        -0.4822441154810967,
        -0.38320136240856495,
        -0.2781152949374528,
        -0.16864318312715218,
        -0.05651146757638189,
        0.05651146757638235,
        0.16864318312715262,
        0.2781152949374525,
        0.38320136240856534,
        0.4822441154810971,
        0.573681590773821,
        0.6560717646792708,
        0.728115294937453,
        0.7886760120394772,
        0.8367988372994263,
        0.8717248450157681,
        0.89290323118303,
        0.9,
        0.89290323118303,
        0.871724845015768,
        0.8367988372994263,
        0.788676012039477,
        0.7281152949374523,
        0.6560717646792699,
        0.5736815907738206,
        0.4822441154810968,
        0.38320136240856506,
        0.2781152949374522,
        0.16864318312715149,
        0.05651146757638199,
        -0.056511467576382236,
        -0.1686431831271525,
        -0.2781152949374524,
        -0.383201362408566,
        -0.482244115481097,
        -0.5736815907738215,
        -0.6560717646792706,
        -0.7281152949374525,
        -0.7886760120394776,
        -0.8367988372994263,
        -0.8717248450157683,
        -0.89290323118303,
        -0.9
    ],
    "args": {
        "I_fc": [
            0.9
        ],
        "current_units": "mA",
        "cycles": 1.5,
        "d": 0.2,
        "directory": "/scratch/users/lbvh/py-tdgl/results/17289540/68",
        "dt_init": 1e-06,
        "fc_center": [
            0,
            0,
            1
        ],
        "fc_radius": 2.4,
        "field_units": "mT",
        "film_points": 4000,
        "film_radius": 15.0,
        "film_shape": "box",
        "film_smooth": 100,
        "gamma": 1.0,
        "index": 68,
        "lam": 1.35,
        "max_edge_length": 0.5,
        "pl_center": null,
        "pl_radius": 0.8,
        "points_per_cycle": 51.0,
        "save_every": 500,
        "screening": false,
        "seed_solutions": true,
        "slot_radius": 0.1,
        "slot_size": [
            2.0,
            50.0
        ],
        "slot_top_center_x": [
            -10.0,
            10.0,
            101.0
        ],
        "slot_top_center_y": [
            -1.0,
            -1.0,
            101.0
        ],
        "solve_time": [
            10000.0,
            2000.0
        ],
        "squid_angle": 180.0,
        "squid_iterations": 5,
        "squid_points": 4000,
        "squid_position": [
            0.0,
            0.0,
            0.5
        ],
        "squid_smooth": 100,
        "squid_type": "hypres-small",
        "xi": 0.9
    },
    "film_fluxoid": [
        -0.0005773234448965451,
        -0.0005726904364912435,
        -0.0005588941105136475,
        -0.0005362181103182196,
        -0.0005050845560823096,
        -0.0004660291331855065,
        -0.0004196920846410526,
        -0.0003668132086428593,
        -0.00030822519741554303,
        -0.0002448441686861031,
        -0.0001776576752767649,
        -0.0001077107480918372,
        -3.609046683210395e-05,
        3.609046666508949e-05,
        0.00010771074779689377,
        0.0001776576756342946,
        0.0002448441682087725,
        0.0003082251975623499,
        0.0003668132081273974,
        0.00041969208404353243,
        0.0004660291333598009,
        0.0005050845560536846,
        0.0005362181101124377,
        0.0005588941109531295,
        0.0005726904364685113,
        0.0005773234449969446,
        0.0005726904372963655,
        0.000558894110637053,
        0.00053621811012933,
        0.0005050845562376266,
        0.00046602913368962444,
        0.00041969208430829596,
        0.00036681320810504515,
        0.00030822519731857806,
        0.00024484416852537907,
        0.00017765767543427306,
        0.00010771074783435142,
        3.609046684216245e-05,
        -3.6090466697341195e-05,
        -0.00010771074807487425,
        -0.00017765767530008897,
        -0.00024484416857807026,
        -0.00030822519762931826,
        -0.00036681320821906803,
        -0.0004196920843138796,
        -0.0004660291334130929,
        -0.000505084556182815,
        -0.0005362181101395431,
        -0.0005588941107938808,
        -0.000572690436531177,
        -0.0005773234448479533,
        -0.00057269043669335,
        -0.0005588941109227728,
        -0.0005362181103500781,
        -0.0005050845561155994,
        -0.0004660291333076398,
        -0.000419692084515244,
        -0.0003668132083445939,
        -0.0003082251978508218,
        -0.00024484416838193603,
        -0.00017765767511208287,
        -0.00010771074788750423,
        -3.609046668374874e-05,
        3.609046671018268e-05,
        0.00010771074849703987,
        0.000177657675225664,
        0.00024484416805615886,
        0.00030822519792295415,
        0.00036681320803519667,
        0.0004196920842886825,
        0.00046602913378330943,
        0.0005050845559459344,
        0.0005362181103250048,
        0.0005588941107237762,
        0.000572690436793966,
        0.0005773234446745777
    ],