{
    "I_fc": [
        0.9,
        0.89290323118303,
        0.871724845015768,
        0.8367988372994263,
        0.7886760120394772,
        0.7281152949374528,
        0.6560717646792704,
        0.5736815907738206,
        0.4822441154810969,
        0.3832013624085654,
        0.27811529493745274,
        0.16864318312715207,
        0.05651146757638197,
        -0.05651146757638206,
        -0.16864318312715235,
        -0.2781152949374528,
        -0.38320136240856545,
        -0.4822441154810972,
        -0.5736815907738207,
        -0.6560717646792705,
        -0.7281152949374526,
        -0.7886760120394772,
        -0.8367988372994263,
        -0.871724845015768,
        -0.89290323118303,
        -0.9,
        -0.89290323118303,
        -0.871724845015768,
        -0.8367988372994262,
        -0.7886760120394771,
        -0.7281152949374525,
        -0.6560717646792704,
        -0.5736815907738206,
        -0.4822441154810967,
        -0.38320136240856495,
        -0.2781152949374528,
        -0.16864318312715218,
        -0.05651146757638189,
        0.05651146757638235,
        0.16864318312715262,
        0.2781152949374525,
        0.38320136240856534,
        0.4822441154810971,
        0.573681590773821,
        0.6560717646792708,
        0.728115294937453,
        0.7886760120394772,
        0.8367988372994263,
        0.8717248450157681,
        0.89290323118303,
        0.9,
        0.89290323118303,
        0.871724845015768,
        0.8367988372994263,
        0.788676012039477,
        0.7281152949374523,
        0.6560717646792699,
        0.5736815907738206,
        0.4822441154810968,
        0.38320136240856506,
        0.2781152949374522,
        0.16864318312715149,
        0.05651146757638199,
        -0.056511467576382236,
        -0.1686431831271525,
        -0.2781152949374524,
        -0.383201362408566,
        -0.482244115481097,
        -0.5736815907738215,
        -0.6560717646792706,
        -0.7281152949374525,
        -0.7886760120394776,
        -0.8367988372994263,
        -0.8717248450157683,
        -0.89290323118303,
        -0.9
    ],
    "args": {
        "I_fc": [
            0.9
        ],
        "current_units": "mA",
        "cycles": 1.5,
        "d": 0.2,
        "directory": "/scratch/users/lbvh/py-tdgl/results/17289540/45",
        "dt_init": 1e-06,
        "fc_center": [
            0,
            0,
            1
        ],
        "fc_radius": 2.4,
        "field_units": "mT",
        "film_points": 4000,
        "film_radius": 15.0,
        "film_shape": "box",
        "film_smooth": 100,
        "gamma": 1.0,
        "index": 45,
        "lam": 1.35,
        "max_edge_length": 0.5,
        "pl_center": null,
        "pl_radius": 0.8,
        "points_per_cycle": 51.0,
        "save_every": 500,
        "screening": false,
        "seed_solutions": true,
        "slot_radius": 0.1,
        "slot_size": [
            2.0,
            50.0
        ],
        "slot_top_center_x": [
            -10.0,
            10.0,
            101.0
        ],
        "slot_top_center_y": [
            -1.0,
            -1.0,
            101.0
        ],
        "solve_time": [
            10000.0,
            2000.0
        ],
        "squid_angle": 180.0,
        "squid_iterations": 5,
        "squid_points": 4000,
        "squid_position": [
            0.0,
            0.0,
            0.5
        ],
        "squid_smooth": 100,
        "squid_type": "hypres-small",
        "xi": 0.9
    },
    "film_fluxoid": [
        -0.0002974620861392616,
        -0.00029509664569124977,
        -0.00028804271967092465,
        -0.00027642441477538195,
        -0.00026044044596065666,
        -0.00024035663299610632,
        -0.00021649956934092915,
        -0.0001892510963888817,
        -0.00015904278580104584,
        -0.00012634991752640866,
        -9.168476130930473e-05,
        -5.558916431558166e-05,
        -1.8626546586551628e-05,
        1.8626546586586966e-05,
        5.558916431547565e-05,
        9.168476130923405e-05,
        0.00012634991752655,
        0.00015904278580107677,
        0.00018925109638904072,
        0.0002164995693406111,
        0.00024035663299596497,
        0.0002604404459605153,
        0.0002764244147753996,
        0.0002880427196708186,
        0.00029509664569160317,
        0.0002974620861394029,
        0.0002950966456921333,
        0.0002880427196706243,
        0.00027642441477547026,
        0.00026044044596065666,
        0.00024035663299603566,
        0.00021649956934085846,
        0.000189251096388811,
        0.00015904278580120045,
        0.0001263499175263733,
        9.168476130939308e-05,
        5.55891643154403e-05,
        1.8626546586622308e-05,
        -1.8626546586622308e-05,
        -5.558916431547565e-05,
        -9.168476130923405e-05,
        -0.0001263499175266207,
        -0.00015904278580121812,
        -0.00018925109638911138,
        -0.00021649956934059343,
        -0.00024035663299578827,
        -0.0002604404459604446,
        -0.00027642441477582365,
        -0.00028804271967092465,
        -0.00029509664569146184,
        -0.0002974620861397563,
        -0.00029509664569174455,
        -0.0002880427196709953,
        -0.0002764244147753466,
        -0.00026044044596065666,
        -0.00024035663299561158,
        -0.00021649956934057576,
        -0.0001892510963888817,
        -0.0001590427858011916,
        -0.00012634991752647935,
        -9.168476130921584e-05,
        -5.5589164315510985e-05,
        -1.8626546586622308e-05,
        1.8626546586728326e-05,
        5.5589164315546323e-05,
        9.168476130930473e-05,
        0.00012634991752640866,
        0.00015904278580090007,
        0.0001892510963889877,
        0.0002164995693409645,
        0.00024035663299589428,
        0.00026044044596065666,
        0.0002764244147755763,
        0.000288042719671119,
        0.00029509664569160317,
        0.00029746208613933223
    ],