{
    "I_fc": [
        1.2,
        1.1905376415773734,
        1.1622997933543573,
        1.1157317830659015,
        1.0515680160526362,
        0.9708203932499369,
        0.8747623529056938,
        0.7649087876984275,
        0.6429921539747958,
        0.5109351498780872,
        0.37082039324993693,
        0.22485757750286942,
        0.07534862343517597,
        -0.07534862343517608,
        -0.22485757750286978,
        -0.37082039324993704,
        -0.5109351498780872,
        -0.6429921539747963,
        -0.7649087876984276,
        -0.8747623529056939,
        -0.9708203932499367,
        -1.0515680160526362,
        -1.1157317830659017,
        -1.1622997933543573,
        -1.1905376415773734,
        -1.2,
        -1.1905376415773734,
        -1.1622997933543573,
        -1.1157317830659015,
        -1.0515680160526362,
        -0.9708203932499366,
        -0.8747623529056938,
        -0.7649087876984274,
        -0.6429921539747956,
        -0.5109351498780865,
        -0.37082039324993704,
        -0.22485757750286955,
        -0.07534862343517584,
        0.07534862343517647,
        0.22485757750287014,
        0.37082039324993665,
        0.5109351498780871,
        0.6429921539747961,
        0.764908787698428,
        0.8747623529056943,
        0.9708203932499373,
        1.0515680160526362,
        1.1157317830659017,
        1.1622997933543573,
        1.1905376415773734,
        1.2,
        1.1905376415773734,
        1.1622997933543573,
        1.1157317830659015,
        1.051568016052636,
        0.9708203932499364,
        0.8747623529056932,
        0.7649087876984275,
        0.6429921539747957,
        0.5109351498780867,
        0.3708203932499362,
        0.22485757750286864,
        0.07534862343517598,
        -0.07534862343517632,
        -0.22485757750287003,
        -0.37082039324993654,
        -0.510935149878088,
        -0.6429921539747959,
        -0.7649087876984286,
        -0.8747623529056942,
        -0.9708203932499366,
        -1.0515680160526366,
        -1.1157317830659017,
        -1.1622997933543577,
        -1.1905376415773734,
        -1.2
    ],
    "args": {
        "I_fc": [
            1.2
        ],
        "current_units": "mA",
        "cycles": 1.5,
        "d": 0.2,
        "directory": "/scratch/users/lbvh/py-tdgl/results/17298304/35",
        "dt_init": 1e-06,
        "fc_center": [
            0,
            0,
            1
        ],
        "fc_radius": 2.4,
        "field_units": "mT",
        "film_points": 4000,
        "film_radius": 15.0,
        "film_shape": "box",
        "film_smooth": 100,
        "gamma": 1.0,
        "index": 35,
        "lam": 1.35,
        "max_edge_length": 0.5,
        "pl_center": null,
        "pl_radius": 0.8,
        "points_per_cycle": 51.0,
        "save_every": 500,
        "screening": false,
        "seed_solutions": true,
        "slot_radius": 0.1,
        "slot_size": [
            2.0,
            50.0
        ],
        "slot_top_center_x": [
            -10.0,
            10.0,
            101.0
        ],
        "slot_top_center_y": [
            5.0,
            5.0,
            101.0
        ],
        "solve_time": [
            10000.0,
            2000.0
        ],
        "squid_angle": 180.0,
        "squid_iterations": 5,
        "squid_points": 4000,
        "squid_position": [
            0.0,
            0.0,
            0.5
        ],
        "squid_smooth": 100,
        "squid_type": "hypres-small",
        "xi": 0.9
    },
    "film_fluxoid": [
        -0.0011690225127242448,
        -0.0011598045912877195,
        -0.001132296211451079,
        -0.001086931190115179,
        -0.0010244248798831387,
        -0.000945762888879523,
        -0.0008521855724260211,
        -0.0007451685130315941,
        -0.0006263992851742153,
        -0.0004977508669591423,
        -0.0003612521159713952,
        -0.00021905577347792733,
        -7.34045025373507e-05,
        7.34045025378322e-05,
        0.00021905577348065288,
        0.0003612521159647867,
        0.0004977508669617928,
        0.0006263992851675627,
        0.0007451685130395102,
        0.0008521855724345026,
        0.000945762888889153,
        0.001024424879874887,
        0.0010869311901168044,
        0.0011322962114346108,
        0.0011598045912821358,
        0.0011690225127294882,
        0.0011598045912911826,
        0.0011322962114498774,
        0.0010869311901028807,
        0.0010244248798916202,
        0.0009457628888768726,
        0.0008521855724231587,
        0.0007451685130336438,
        0.0006263992851710966,
        0.0004977508669658214,
        0.0003612521159642566,
        0.00021905577347897427,
        7.340450253733744e-05,
        -7.340450253747881e-05,
        -0.00021905577347787873,
        -0.00036125211596849734,
        -0.0004977508669571633,
        -0.0006263992851685521,
        -0.0007451685130380083,
        -0.0008521855724296257,
        -0.0009457628888802298,
        -0.0010244248798894292,
        -0.0010869311901118216,
        -0.0011322962114552048,
        -0.0011598045913018553,
        -0.0011690225127257998,
        -0.0011598045912651728,
        -0.0011322962114677592,
        -0.0010869311901135533,
        -0.0010244248798927864,
        -0.0009457628888829863,
        -0.0008521855724274877,
        -0.0007451685130355875,
        -0.0006263992851579856,
        -0.0004977508669592218,
        -0.00036125211596457464,
        -0.00021905577347932766,
        -7.34045025388217e-05,
        7.340450253762016e-05,
        0.0002190557734795132,
        0.0003612521159715763,
        0.0004977508669582588,
        0.0006263992851625798,
        0.000745168513030428,
        0.0008521855724159317,
        0.0009457628888714126,
        0.0010244248798859659,
        0.0010869311901017145,
        0.0011322962114413253,
        0.0011598045912978266,
        0.001169022512718078
    ],