{
    "I_fc": [
        5.6775,
        5.632731216712949,
        5.499130897307803,
        5.278805998630547,
        4.975231175949036,
        4.593193985563764,
        4.138719382185064,
        3.6189747017981855,
        3.042156628493253,
        2.4173619278607,
        1.7544439855637641,
        1.063857413560451,
        0.3564931746276763,
        -0.3564931746276769,
        -1.0638574135604528,
        -1.7544439855637648,
        -2.4173619278607004,
        -3.042156628493255,
        -3.6189747017981864,
        -4.138719382185065,
        -4.593193985563763,
        -4.975231175949036,
        -5.278805998630548,
        -5.499130897307803,
        -5.632731216712949,
        -5.6775,
        -5.632731216712949,
        -5.499130897307803,
        -5.2788059986305464,
        -4.975231175949035,
        -4.593193985563763,
        -4.138719382185064,
        -3.618974701798185,
        -3.0421566284932515,
        -2.4173619278606973,
        -1.7544439855637648,
        -1.0638574135604517,
        -0.35649317462767577,
        0.35649317462767866,
        1.0638574135604544,
        1.754443985563763,
        2.4173619278607,
        3.042156628493254,
        3.6189747017981873,
        4.138719382185066,
        4.593193985563766,
        4.975231175949036,
        5.278805998630548,
        5.499130897307804,
        5.632731216712949,
        5.6775,
        5.632731216712949,
        5.499130897307803,
        5.278805998630547,
        4.975231175949035,
        4.593193985563762,
        4.138719382185061,
        3.6189747017981855,
        3.0421566284932524,
        2.4173619278606977,
        1.7544439855637608,
        1.0638574135604473,
        0.3564931746276764,
        -0.35649317462767793,
        -1.063857413560454,
        -1.7544439855637624,
        -2.417361927860704,
        -3.0421566284932537,
        -3.6189747017981904,
        -4.138719382185066,
        -4.593193985563763,
        -4.9752311759490375,
        -5.278805998630548,
        -5.499130897307805,
        -5.632731216712949,
        -5.6775
    ],
    "args": {
        "I_fc": [
            0.5,
            10.0,
            201.0
        ],
        "current_units": "mA",
        "cycles": 1.5,
        "d": 0.2,
        "directory": "/scratch/users/lbvh/py-tdgl/results/14122470/109",
        "dt_init": 1e-06,
        "fc_center": [
            0,
            0,
            1
        ],
        "fc_radius": 2.4,
        "field_units": "mT",
        "film_points": 4000,
        "film_radius": 15.0,
        "film_shape": "box",
        "film_smooth": 100,
        "gamma": 1.0,
        "index": 109,
        "lam": 1.35,
        "max_edge_length": 0.5,
        "pl_center": null,
        "pl_radius": 0.8,
        "points_per_cycle": 51.0,
        "save_every": 500,
        "screening": false,
        "seed_solutions": true,
        "slot_radius": 0,
        "slot_size": null,
        "slot_top_center_x": null,
        "slot_top_center_y": null,
        "solve_time": [
            20000.0,
            2000.0
        ],
        "squid_angle": 0,
        "squid_iterations": 5,
        "squid_points": 4000,
        "squid_position": [
            0.0,
            0.0,
            0.5
        ],
        "squid_smooth": 100,
        "squid_type": "hypres-small",
        "xi": 0.9
    },
    "film_fluxoid": [
        2.9975152926067983,
        2.9975341168091614,
        2.997590339678989,
        2.997683283795913,
        2.9978143667524915,
        2.9979746604092936,
        2.9981723360226837,
        2.998399074422101,
        2.998634121223661,
        2.998887199100795,
        2.9991496493288903,
        1.9994778727995177,
        0.9998130940024158,
        0.000145172591858752,
        0.0004334618263939106,
        0.0007159089587499078,
        -0.998973028113407,
        -0.9987152386486063,
        -1.9984392544961478,
        -1.998201751703747,
        -2.9979980712635417,
        -2.997824183694748,
        -2.9976979802653,
        -2.9975953988934627,
        -2.9975395529377318,
        -2.9975208335376538,
        -2.997539552776259,
        -2.9975953978862155,
        -2.9976874635797444,
        -2.997814357672155,
        -2.997974660399211,
        -2.9981723360151387,
        -2.9983990744257376,
        -2.9986341212220986,
        -2.998887199099027,
        -2.99914964933208,
        -1.9994778727999165,
        -0.9998130940020222,
        -0.00014517259185778018,
        -0.00043346182623594306,
        -0.0007159089579565405,
        0.998973028113318,
        0.9987152386496992,
        1.9984392544957859,
        1.9982017516769068,
        2.9979980712686194,
        2.9978241836947475,
        2.9976979802604644,
        2.9975953988999158,
        2.9975395529354962,
        2.997520833539046,
        2.9975395527718867,
        2.997595397884038,
        2.997687463580073,
        2.9978143576735343,
        2.997974660399499,
        2.998172336015494,
        2.998399074424182,
        2.998634121220672,
        2.998887199098396,
        2.999149649330647,
        1.9994778727997191,
        0.9998130940024647,
        0.00014517259192342328,
        0.00043346182589286723,
        0.0007159089581960451,
        -0.9989730281133374,
        -0.9987152386497802,
        -1.998439254496429,
        -1.998201751703747,
        -2.9979980712639684,
        -2.9978241836935804,
        -2.9976979802693684,
        -2.997595398899691,
        -2.9975395529365176,
        -2.997520833536636
    ],
    "flux": [
        -0.0035789378898323024,
        -0.003269714328650603,
        -0.0023725713573321625,
        -0.0010309325040557574,
        -0.003810551478700979,
        -0.0011047741785606179,
        -0.0035722154396759754,
        -0.004627357835187229,
        0.00180246609859083,
        0.008619788055802524,
        0.013367405460874384,
        0.010667039834160156,
        0.012345238847527215,
        0.0057973695105519064,
        0.01606653454871468,
        0.022586918819783832,
        0.015141644825790977,
        0.01920266447935967,
        0.014582734219239361,
        0.010992288244807198,
        0.01247908912505797,
        0.009897178222990795,
        0.011446307278783015,
        0.007814984491270573,
        0.00875285923861693,
        0.009053207333304024,
        0.008752882336867645,
        0.00781569259363175,
        0.0061686461671439175,
        0.0038123673445867416,
        0.0011047769205113577,
        0.003572215040693325,
        0.0046273577639648076,
        -0.0018024661115729783,
        -0.008619788060028697,
        -0.013367405462070336,
        -0.010667039845257556,
        -0.012345238906141273,
        -0.0057973695059614135,
        -0.016066534550398453,
        -0.022586918778003624,
        -0.015141644825821091,
        -0.019202664467424,
        -0.014582734227531815,
        -0.0109922822277706,
        -0.012479089133773786,
        -0.009897178222960674,
        -0.011446307626680943,
        -0.007814984307996688,
        -0.008752859286468979,
        -0.009053207330741319,
        -0.008752882328328267,
        -0.007815692589528706,
        -0.006168646140324172,
        -0.003812367350823183,
        -0.0011047769211272372,
        -0.003572214859607992,
        -0.004627357759398439,
        0.0018024661160290925,
        0.00861978806236022,
        0.013367405473493564,
        0.010667039830192255,
        0.012345238904459207,
        0.005797369510739972,
        0.016066534550271874,
        0.022586918820162265,
        0.01514164482578375,
        0.019202664481568554,
        0.01458273421984229,
        0.010992288244794632,
        0.012479089137999048,
        0.009897178142556862,
        0.01144630716254261,
        0.007814984303767083,
        0.008752859232606165,
        0.009053207338594505
    ],
    "timing": {
        "end_time": "2023-03-29T15:27:39.938545",
        "start_time": "2023-03-29T09:48:28.014255",