{
    "I_fc": [
        1.2,
        1.1905376415773734,
        1.1622997933543573,
        1.1157317830659015,
        1.0515680160526362,
        0.9708203932499369,
        0.8747623529056938,
        0.7649087876984275,
        0.6429921539747958,
        0.5109351498780872,
        0.37082039324993693,
        0.22485757750286942,
        0.07534862343517597,
        -0.07534862343517608,
        -0.22485757750286978,
        -0.37082039324993704,
        -0.5109351498780872,
        -0.6429921539747963,
        -0.7649087876984276,
        -0.8747623529056939,
        -0.9708203932499367,
        -1.0515680160526362,
        -1.1157317830659017,
        -1.1622997933543573,
        -1.1905376415773734,
        -1.2,
        -1.1905376415773734,
        -1.1622997933543573,
        -1.1157317830659015,
        -1.0515680160526362,
        -0.9708203932499366,
        -0.8747623529056938,
        -0.7649087876984274,
        -0.6429921539747956,
        -0.5109351498780865,
        -0.37082039324993704,
        -0.22485757750286955,
        -0.07534862343517584,
        0.07534862343517647,
        0.22485757750287014,
        0.37082039324993665,
        0.5109351498780871,
        0.6429921539747961,
        0.764908787698428,
        0.8747623529056943,
        0.9708203932499373,
        1.0515680160526362,
        1.1157317830659017,
        1.1622997933543573,
        1.1905376415773734,
        1.2,
        1.1905376415773734,
        1.1622997933543573,
        1.1157317830659015,
        1.051568016052636,
        0.9708203932499364,
        0.8747623529056932,
        0.7649087876984275,
        0.6429921539747957,
        0.5109351498780867,
        0.3708203932499362,
        0.22485757750286864,
        0.07534862343517598,
        -0.07534862343517632,
        -0.22485757750287003,
        -0.37082039324993654,
        -0.510935149878088,
        -0.6429921539747959,
        -0.7649087876984286,
        -0.8747623529056942,
        -0.9708203932499366,
        -1.0515680160526366,
        -1.1157317830659017,
        -1.1622997933543577,
        -1.1905376415773734,
        -1.2
    ],
    "args": {
        "I_fc": [
            1.2
        ],
        "current_units": "mA",
        "cycles": 1.5,
        "d": 0.2,
        "directory": "/scratch/users/lbvh/py-tdgl/results/17298304/34",
        "dt_init": 1e-06,
        "fc_center": [
            0,
            0,
            1
        ],
        "fc_radius": 2.4,
        "field_units": "mT",
        "film_points": 4000,
        "film_radius": 15.0,
        "film_shape": "box",
        "film_smooth": 100,
        "gamma": 1.0,
        "index": 34,
        "lam": 1.35,
        "max_edge_length": 0.5,
        "pl_center": null,
        "pl_radius": 0.8,
        "points_per_cycle": 51.0,
        "save_every": 500,
        "screening": false,
        "seed_solutions": true,
        "slot_radius": 0.1,
        "slot_size": [
            2.0,
            50.0
        ],
        "slot_top_center_x": [
            -10.0,
            10.0,
            101.0
        ],
        "slot_top_center_y": [
            5.0,
            5.0,
            101.0
        ],
        "solve_time": [
            10000.0,
            2000.0
        ],
        "squid_angle": 180.0,
        "squid_iterations": 5,
        "squid_points": 4000,
        "squid_position": [
            0.0,
            0.0,
            0.5
        ],
        "squid_smooth": 100,
        "squid_type": "hypres-small",
        "xi": 0.9
    },
    "film_fluxoid": [
        -1.9416286491730538e-05,
        -1.9263236761434217e-05,
        -1.8806592927040368e-05,
        -1.8053663737217374e-05,
        -1.7016299354511158e-05,
        -1.5710731485046814e-05,
        -1.415737555887666e-05,
        -1.2380554666792446e-05,
        -1.040815025285059e-05,
        -8.271186220832223e-06,
        -6.003352241966466e-06,
        -3.640473140567762e-06,
        -1.2199332479355021e-06,
        1.2199332479355021e-06,
        3.6404731406031015e-06,
        6.003352241953214e-06,
        8.271186220801301e-06,
        1.040815025285059e-05,
        1.2380554666774775e-05,
        1.4157375558912e-05,
        1.5710731485046814e-05,
        1.7016299354581835e-05,
        1.8053663737252712e-05,
        1.8806592927040368e-05,
        1.9263236761434217e-05,
        1.9416286491730538e-05,
        1.9263236761292858e-05,
        1.8806592927181724e-05,
        1.8053663737358733e-05,
        1.7016299354723194e-05,
        1.5710731484958465e-05,
        1.4157375559053357e-05,
        1.238055466676594e-05,
        1.0408150252863842e-05,
        8.27118622083664e-06,
        6.003352241953214e-06,
        3.640473140567762e-06,
        1.2199332479355021e-06,
        -1.2199332479355021e-06,
        -3.6404731406031015e-06,
        -6.003352241953214e-06,
        -8.271186220796883e-06,
        -1.040815025288593e-05,
        -1.2380554666810115e-05,
        -1.4157375558912e-05,
        -1.571073148511749e-05,
        -1.7016299354546496e-05,
        -1.8053663737076018e-05,
        -1.8806592927040368e-05,
        -1.9263236761292858e-05,
        -1.9416286491659858e-05,
        -1.9263236761434217e-05,
        -1.8806592927040368e-05,
        -1.8053663737040676e-05,
        -1.7016299354581835e-05,
        -1.5710731485011472e-05,
        -1.4157375558912e-05,
        -1.2380554666739435e-05,
        -1.040815025292127e-05,
        -8.271186220801301e-06,
        -6.003352241970883e-06,
        -3.6404731405666575e-06,
        -1.2199332479531719e-06,
        1.2199332479001626e-06,
        3.6404731406031015e-06,
        6.003352241988553e-06,
        8.271186220765961e-06,
        1.0408150252862738e-05,
        1.2380554666774775e-05,
        1.4157375558912e-05,
        1.5710731484976134e-05,
        1.7016299354581835e-05,
        1.8053663737252712e-05,
        1.8806592927040368e-05,
        1.9263236761292858e-05,
        1.9416286491730538e-05
    ],