{
    "I_fc": [
        7.5775,
        7.517749149210456,
        7.339438903452201,
        7.045381321818224,
        6.640213868032376,
        6.130326274876164,
        5.523759774285746,
        4.830080282320695,
        4.060227538953346,
        3.226342581834338,
        2.3415762748761644,
        1.4198819112733274,
        0.47579516173337155,
        -0.4757951617333723,
        -1.4198819112733299,
        -2.3415762748761653,
        -3.2263425818343383,
        -4.060227538953349,
        -4.830080282320696,
        -5.523759774285747,
        -6.130326274876163,
        -6.640213868032376,
        -7.045381321818225,
        -7.339438903452201,
        -7.517749149210456,
        -7.5775,
        -7.517749149210456,
        -7.339438903452201,
        -7.0453813218182235,
        -6.640213868032375,
        -6.130326274876162,
        -5.523759774285746,
        -4.8300802823206945,
        -4.060227538953344,
        -3.2263425818343343,
        -2.3415762748761653,
        -1.4198819112733283,
        -0.47579516173337083,
        0.4757951617333747,
        1.419881911273332,
        2.3415762748761626,
        3.2263425818343374,
        4.060227538953348,
        4.830080282320698,
        5.5237597742857485,
        6.130326274876166,
        6.640213868032376,
        7.045381321818225,
        7.339438903452202,
        7.517749149210456,
        7.5775,
        7.517749149210456,
        7.339438903452201,
        7.045381321818224,
        6.640213868032374,
        6.130326274876161,
        5.523759774285741,
        4.830080282320695,
        4.060227538953345,
        3.226342581834335,
        2.3415762748761595,
        1.4198819112733225,
        0.47579516173337166,
        -0.4757951617333738,
        -1.4198819112733312,
        -2.3415762748761617,
        -3.226342581834343,
        -4.060227538953347,
        -4.8300802823207025,
        -5.523759774285748,
        -6.130326274876162,
        -6.640213868032379,
        -7.045381321818225,
        -7.339438903452204,
        -7.517749149210456,
        -7.5775
    ],
    "args": {
        "I_fc": [
            0.5,
            10.0,
            201.0
        ],
        "current_units": "mA",
        "cycles": 1.5,
        "d": 0.2,
        "directory": "/scratch/users/lbvh/py-tdgl/results/14122470/149",
        "dt_init": 1e-06,
        "fc_center": [
            0,
            0,
            1
        ],
        "fc_radius": 2.4,
        "field_units": "mT",
        "film_points": 4000,
        "film_radius": 15.0,
        "film_shape": "box",
        "film_smooth": 100,
        "gamma": 1.0,
        "index": 149,
        "lam": 1.35,
        "max_edge_length": 0.5,
        "pl_center": null,
        "pl_radius": 0.8,
        "points_per_cycle": 51.0,
        "save_every": 500,
        "screening": false,
        "seed_solutions": true,
        "slot_radius": 0,
        "slot_size": null,
        "slot_top_center_x": null,
        "slot_top_center_y": null,
        "solve_time": [
            20000.0,
            2000.0
        ],
        "squid_angle": 0,
        "squid_iterations": 5,
        "squid_points": 4000,
        "squid_position": [
            0.0,
            0.0,
            0.5
        ],
        "squid_smooth": 100,
        "squid_type": "hypres-small",
        "xi": 0.9
    },
    "film_fluxoid": [
        3.996688288927053,
        3.9967132905950535,
        3.9967878181719887,
        3.996910667310293,
        3.9970810562539056,
        3.9972956403712523,
        3.997554010592973,
        3.997862152228606,
        3.998177144434109,
        3.9985152984874803,
        2.9989177310679613,
        1.999335747885682,
        0.9997646371936512,
        0.00019376458896535676,
        0.0005788620305294112,
        -0.9990040842234154,
        -0.9986376579228589,
        -1.998235664137376,
        -1.997901419595891,
        -2.9975850907947326,
        -2.9973313014674465,
        -2.997110923006956,
        -2.99694026523161,
        -2.9968165833598195,
        -2.996742331622664,
        -2.9967179418805414,
        -2.9967436471075084,
        -2.996819176415318,
        -2.9969434729854036,
        -2.997114607715215,
        -2.9973297705539417,
        -2.9975799679720865,
        -2.997875124643557,
        -2.9982052533614234,
        -2.998559197241106,
        -2.998917731069871,
        -1.999335747886224,
        -0.9997646371939842,
        -0.00019376458880159352,
        -0.0005788620294545869,
        0.9990040842234332,
        0.9986376579225118,
        1.9982356641373757,
        1.9979014195955154,
        2.9975850907966923,
        2.9973313014697367,
        2.997110923004688,
        2.996940265232258,
        2.996816583346912,
        2.9967423315524027,
        2.9967179418477787,
        2.996743647101401,
        2.9968191764121035,
        2.996943472988145,
        2.9971146077128252,
        2.99732977055799,
        2.9975799679723494,
        2.9978751246444704,
        2.998205253361713,
        2.998559197242948,
        2.998917731071511,
        1.9993357478826925,
        0.9997646371949219,
        0.00019376458862828863,
        0.0005788620296004419,
        -0.9990040842234754,
        -0.9986376579220921,
        -1.9982356641373744,
        -1.9979014195943037,
        -2.997585090794966,
        -2.9973313014701897,
        -2.9971109230053563,
        -2.9969402652324737,
        -2.996816583348837,
        -2.9967423316037705,
        -2.99671794187196
    ],
    "flux": [
        -0.00494350626247315,
        -0.004566804656693794,
        -0.0034486445144061516,
        -0.0016965985254825753,
        0.0002445939025422632,
        -0.0003450855375606471,
        -0.0006766433369950781,
        -0.00612888996399395,
        0.0014690406341028547,
        0.010194291730992648,
        0.00936342633208223,
        0.008157102667725988,
        0.010839888551702658,
        0.007682753174731798,
        0.0200027230913885,
        0.014396461176336429,
        0.019409923415855554,
        0.010809143525410167,
        0.009965289411838482,
        0.007994632903643866,
        0.011491287589658354,
        0.009978083179044882,
        0.011737389899446572,
        0.00911077496018021,
        0.009938308603001184,
        0.01017097396672132,
        0.009907412417189069,
        0.009049050191799577,
        0.007388532204736551,
        0.004831727788802147,
        0.0017091400984046371,
        0.0025347654512224626,
        0.0027126421000193794,
        0.0030268373336312508,
        0.00029524792410302186,
        -0.009363426329612923,
        -0.008157102668190457,
        -0.010839888549360889,
        -0.007682753178997086,
        -0.020002723125581077,
        -0.014396461176316449,
        -0.019409923414996387,
        -0.010809143525362929,
        -0.009965288808664305,
        -0.00799463273456242,
        -0.01149128677723346,
        -0.009978083147514184,
        -0.011737390092117899,
        -0.009110774948957923,
        -0.009938310507299836,
        -0.010170974738258154,
        -0.00990741259046263,
        -0.009049050204017575,
        -0.0073885321839625975,
        -0.004831727862826627,
        -0.0017091399891164753,
        -0.002534765440132596,
        -0.002712642025861714,
        -0.0030268372114631028,
        -0.00029524792821573886,
        0.009363426325638823,
        0.008157102637728803,
        0.010839888546551098,
        0.007682753178683155,
        0.020002723125522367,
        0.014396461176771172,
        0.019409923414969877,
        0.010809143525227747,
        0.009965287655204014,
        0.007994632488944131,
        0.01149128715321558,
        0.009978083111627841,
        0.01173738991496111,
        0.00911077495343546,
        0.009938309103675078,
        0.010170974190763685
    ],
    "timing": {
        "end_time": "2023-03-29T18:03:17.573002",
        "start_time": "2023-03-29T09:49:16.476853",