{
    "I_fc": [
        1.5,
        1.4881720519717165,
        1.452874741692947,
        1.3946647288323768,
        1.3144600200657952,
        1.2135254915624214,
        1.0934529411321174,
        0.9561359846230344,
        0.8037401924684948,
        0.638668937347609,
        0.4635254915624213,
        0.2810719718785868,
        0.09418577929396993,
        -0.0941857792939701,
        -0.2810719718785873,
        -0.4635254915624214,
        -0.6386689373476091,
        -0.8037401924684952,
        -0.9561359846230344,
        -1.0934529411321174,
        -1.2135254915624212,
        -1.3144600200657954,
        -1.3946647288323772,
        -1.452874741692947,
        -1.4881720519717165,
        -1.5,
        -1.4881720519717165,
        -1.4528747416929468,
        -1.3946647288323768,
        -1.3144600200657952,
        -1.213525491562421,
        -1.0934529411321174,
        -0.9561359846230343,
        -0.8037401924684944,
        -0.6386689373476082,
        -0.4635254915624214,
        -0.281071971878587,
        -0.09418577929396979,
        0.09418577929397058,
        0.28107197187858773,
        0.46352549156242095,
        0.638668937347609,
        0.803740192468495,
        0.9561359846230348,
        1.0934529411321179,
        1.2135254915624218,
        1.3144600200657952,
        1.394664728832377,
        1.452874741692947,
        1.4881720519717165,
        1.5,
        1.4881720519717165,
        1.4528747416929468,
        1.3946647288323768,
        1.3144600200657948,
        1.2135254915624207,
        1.0934529411321168,
        0.9561359846230344,
        0.8037401924684945,
        0.6386689373476084,
        0.4635254915624204,
        0.28107197187858585,
        0.09418577929396998,
        -0.0941857792939704,
        -0.28107197187858757,
        -0.4635254915624207,
        -0.6386689373476099,
        -0.8037401924684948,
        -0.9561359846230357,
        -1.0934529411321179,
        -1.213525491562421,
        -1.3144600200657959,
        -1.394664728832377,
        -1.4528747416929473,
        -1.4881720519717165,
        -1.5
    ],
    "args": {
        "I_fc": [
            1.5
        ],
        "current_units": "mA",
        "cycles": 1.5,
        "d": 0.2,
        "directory": "/scratch/users/lbvh/py-tdgl/results/17223198/17",
        "dt_init": 1e-06,
        "fc_center": [
            0,
            0,
            1
        ],
        "fc_radius": 2.4,
        "field_units": "mT",
        "film_points": 4000,
        "film_radius": 15.0,
        "film_shape": "box",
        "film_smooth": 100,
        "gamma": 1.0,
        "index": 17,
        "lam": 1.35,
        "max_edge_length": 0.5,
        "pl_center": null,
        "pl_radius": 0.8,
        "points_per_cycle": 51.0,
        "save_every": 500,
        "screening": false,
        "seed_solutions": true,
        "slot_radius": 0.1,
        "slot_size": [
            2.0,
            50.0
        ],
        "slot_top_center_x": [
            -10.0,
            10.0,
            101.0
        ],
        "slot_top_center_y": [
            -1.0,
            -1.0,
            101.0
        ],
        "solve_time": [
            10000.0,
            2000.0
        ],
        "squid_angle": 180.0,
        "squid_iterations": 5,
        "squid_points": 4000,
        "squid_position": [
            0.0,
            0.0,
            0.5
        ],
        "squid_smooth": 100,
        "squid_type": "hypres-small",
        "xi": 0.9
    },
    "film_fluxoid": [
        1.0004556597065568,
        1.0004520629715958,
        1.0004413294274586,
        1.0004236281815948,
        1.0003992381686135,
        1.000368543806069,
        1.0003320289711388,
        1.0002902693711486,
        1.0002439233885132,
        1.000193721395663,
        1.0001404527871376,
        8.547346709111836e-05,
        2.8641836345752685e-05,
        -2.8641836345640453e-05,
        -8.547346709121996e-05,
        -0.0001409560964016694,
        -0.00019421402295633172,
        -0.000244406590937693,
        -0.00029074139067657834,
        -0.00033248658662220475,
        -0.0003689818175399947,
        -0.0003996438942793986,
        -1.0004236281815944,
        -1.0004413294274586,
        -1.000452062971597,
        -1.000455659706557,
        -1.0004520629716,
        -1.0004413294274581,
        -1.0004236281815946,
        -1.0003992381686142,
        -1.0003685438060685,
        -1.0003320289711386,
        -1.000290269371149,
        -1.000243923388513,
        -1.0001937213956629,
        -1.0001404527871385,
        -8.54734670913304e-05,
        -2.864183634566696e-05,
        2.8641836345746475e-05,
        8.547346709087099e-05,
        0.0001409560964013867,
        0.0001942140229571092,
        0.00024440659093861186,
        0.0002907413906767197,
        0.0003324865866221871,
        0.00036898181753978267,
        0.0003996438942812208,
        1.0004236281815948,
        1.0004413294274581,
        1.0004520629715954,
        1.0004556597065568,
        1.0004520629715958,
        1.0004413294274586,
        1.0004236281815946,
        1.0003992381686142,
        1.000368543806069,
        1.0003320289711397,
        1.000290269371149,
        1.000243923388513,
        1.0001937213956629,
        1.0001404527871383,
        8.547346709090632e-05,
        2.8641836346086616e-05,
        -2.8641836345711133e-05,
        -8.547346709090357e-05,
        -0.0001409560964016341,
        -0.00019421402295576628,
        -0.000244406590937693,
        -0.0002907413906770731,
        -0.0003324865866224345,
        -0.0003689818175395706,
        -0.00039964389427992207,
        -1.000423628181594,
        -1.0004413294274581,
        -1.000452062971596,
        -1.000455659706557
    ],