{
    "I_fc": [
        1.5,
        1.4881720519717168,
        1.4528747416929466,
        1.394664728832377,
        1.3144600200657954,
        1.2135254915624212,
        1.0934529411321172,
        0.9561359846230344,
        0.8037401924684948,
        0.638668937347609,
        0.4635254915624212,
        0.2810719718785868,
        0.09418577929396996,
        -0.0941857792939701,
        -0.28107197187858723,
        -0.46352549156242134,
        -0.6386689373476091,
        -0.8037401924684953,
        -0.9561359846230346,
        -1.0934529411321174,
        -1.213525491562421,
        -1.3144600200657954,
        -1.3946647288323772,
        -1.4528747416929466,
        -1.4881720519717168,
        -1.5,
        -1.4881720519717168,
        -1.4528747416929466,
        -1.3946647288323768,
        -1.3144600200657952,
        -1.2135254915624207,
        -1.0934529411321172,
        -0.9561359846230343,
        -0.8037401924684945,
        -0.6386689373476082,
        -0.46352549156242134,
        -0.28107197187858696,
        -0.09418577929396982,
        0.09418577929397058,
        0.2810719718785877,
        0.46352549156242084,
        0.6386689373476089,
        0.8037401924684952,
        0.956135984623035,
        1.0934529411321179,
        1.2135254915624216,
        1.3144600200657954,
        1.3946647288323772,
        1.4528747416929468,
        1.4881720519717168,
        1.5,
        1.4881720519717168,
        1.4528747416929466,
        1.394664728832377,
        1.314460020065795,
        1.2135254915624205,
        1.0934529411321166,
        0.9561359846230344,
        0.8037401924684946,
        0.6386689373476084,
        0.4635254915624203,
        0.2810719718785858,
        0.09418577929396998,
        -0.0941857792939704,
        -0.2810719718785875,
        -0.4635254915624207,
        -0.63866893734761,
        -0.803740192468495,
        -0.9561359846230357,
        -1.0934529411321177,
        -1.2135254915624207,
        -1.3144600200657959,
        -1.3946647288323772,
        -1.452874741692947,
        -1.4881720519717168,
        -1.5
    ],
    "args": {
        "I_fc": [
            1.5
        ],
        "current_units": "mA",
        "cycles": 1.5,
        "d": 0.2,
        "directory": "/scratch/users/lbvh/py-tdgl/results/17223198/62",
        "dt_init": 1e-06,
        "fc_center": [
            0,
            0,
            1
        ],
        "fc_radius": 2.4,
        "field_units": "mT",
        "film_points": 4000,
        "film_radius": 15.0,
        "film_shape": "box",
        "film_smooth": 100,
        "gamma": 1.0,
        "index": 62,
        "lam": 1.35,
        "max_edge_length": 0.5,
        "pl_center": null,
        "pl_radius": 0.8,
        "points_per_cycle": 51.0,
        "save_every": 500,
        "screening": false,
        "seed_solutions": true,
        "slot_radius": 0.1,
        "slot_size": [
            2.0,
            50.0
        ],
        "slot_top_center_x": [
            -10.0,
            10.0,
            101.0
        ],
        "slot_top_center_y": [
            -1.0,
            -1.0,
            101.0
        ],
        "solve_time": [
            10000.0,
            2000.0
        ],
        "squid_angle": 180.0,
        "squid_iterations": 5,
        "squid_points": 4000,
        "squid_position": [
            0.0,
            0.0,
            0.5
        ],
        "squid_smooth": 100,
        "squid_type": "hypres-small",
        "xi": 0.9
    },
    "film_fluxoid": [
        0.9990444546362429,
        0.9990518538453927,
        0.9990739190869284,
        0.9991102662318884,
        0.9991602889473337,
        0.9992231906683839,
        0.9992980201983594,
        0.9993837425010249,
        0.9994795687483785,
        -0.0003967716286330202,
        -0.0002876646874182295,
        -0.00017433037682086403,
        -5.84012440897306e-05,
        5.840124408992386e-05,
        0.00017433037682093472,
        0.0002876646874179468,
        0.00039677162863308805,
        0.0005002639108302509,
        -0.9993837425010249,
        -0.9992980201983593,
        -0.9992231906683837,
        -0.9991602889473331,
        -0.9991102662318879,
        -0.9990739190869282,
        -0.999051853845393,
        -0.9990444546362433,
        -0.999051853845393,
        -0.9990739190869282,
        -0.999110266231888,
        -0.9991602889473332,
        -0.9992231906683843,
        -0.9992980201983594,
        -0.9993837425010252,
        -0.9994795687483783,
        0.00039677162863277,
        0.0002876646874180175,
        0.00017433037682087506,
        5.840124409001332e-05,
        -5.840124408987196e-05,
        -0.00017433037682100538,
        -0.0002876646874181589,
        -0.0003967716286330174,
        -0.0005002639108302332,
        0.9993837425010249,
        0.9992980201983591,
        0.9992231906683843,
        0.9991602889473328,
        0.9991102662318876,
        0.9990739190869287,
        0.9990518538453931,
        0.999044454636243,
        0.9990518538453926,
        0.9990739190869282,
        0.9991102662318884,
        0.9991602889473333,
        0.9992231906683842,
        0.9992980201983594,
        0.9993837425010251,
        0.9994795687483783,
        -0.0003967716286330417,
        -0.0002876646874181589,
        -0.00017433037682089937,
        -5.840124408983662e-05,
        5.840124408988962e-05,
        0.00017433037682086403,
        0.0002876646874181589,
        0.00039677162863322943,
        0.0005002639108302509,
        -0.9993837425010254,
        -0.9992980201983596,
        -0.9992231906683839,
        -0.9991602889473333,
        -0.9991102662318879,
        -0.9990739190869287,
        -0.999051853845393,
        -0.9990444546362424
    ],