{
    "I_fc": [
        1.2,
        1.1905376415773734,
        1.1622997933543573,
        1.1157317830659015,
        1.0515680160526362,
        0.9708203932499369,
        0.8747623529056938,
        0.7649087876984275,
        0.6429921539747958,
        0.5109351498780872,
        0.37082039324993693,
        0.22485757750286942,
        0.07534862343517597,
        -0.07534862343517608,
        -0.22485757750286978,
        -0.37082039324993704,
        -0.5109351498780872,
        -0.6429921539747963,
        -0.7649087876984276,
        -0.8747623529056939,
        -0.9708203932499367,
        -1.0515680160526362,
        -1.1157317830659017,
        -1.1622997933543573,
        -1.1905376415773734,
        -1.2,
        -1.1905376415773734,
        -1.1622997933543573,
        -1.1157317830659015,
        -1.0515680160526362,
        -0.9708203932499366,
        -0.8747623529056938,
        -0.7649087876984274,
        -0.6429921539747956,
        -0.5109351498780865,
        -0.37082039324993704,
        -0.22485757750286955,
        -0.07534862343517584,
        0.07534862343517647,
        0.22485757750287014,
        0.37082039324993665,
        0.5109351498780871,
        0.6429921539747961,
        0.764908787698428,
        0.8747623529056943,
        0.9708203932499373,
        1.0515680160526362,
        1.1157317830659017,
        1.1622997933543573,
        1.1905376415773734,
        1.2,
        1.1905376415773734,
        1.1622997933543573,
        1.1157317830659015,
        1.051568016052636,
        0.9708203932499364,
        0.8747623529056932,
        0.7649087876984275,
        0.6429921539747957,
        0.5109351498780867,
        0.3708203932499362,
        0.22485757750286864,
        0.07534862343517598,
        -0.07534862343517632,
        -0.22485757750287003,
        -0.37082039324993654,
        -0.510935149878088,
        -0.6429921539747959,
        -0.7649087876984286,
        -0.8747623529056942,
        -0.9708203932499366,
        -1.0515680160526366,
        -1.1157317830659017,
        -1.1622997933543577,
        -1.1905376415773734,
        -1.2
    ],
    "args": {
        "I_fc": [
            1.2
        ],
        "current_units": "mA",
        "cycles": 1.5,
        "d": 0.2,
        "directory": "/scratch/users/lbvh/py-tdgl/results/17298299/50",
        "dt_init": 1e-06,
        "fc_center": [
            0,
            0,
            1
        ],
        "fc_radius": 2.4,
        "field_units": "mT",
        "film_points": 4000,
        "film_radius": 15.0,
        "film_shape": "box",
        "film_smooth": 100,
        "gamma": 1.0,
        "index": 50,
        "lam": 1.35,
        "max_edge_length": 0.5,
        "pl_center": null,
        "pl_radius": 0.8,
        "points_per_cycle": 51.0,
        "save_every": 500,
        "screening": false,
        "seed_solutions": true,
        "slot_radius": 0.1,
        "slot_size": [
            2.0,
            50.0
        ],
        "slot_top_center_x": [
            -10.0,
            10.0,
            101.0
        ],
        "slot_top_center_y": [
            -1.0,
            -1.0,
            101.0
        ],
        "solve_time": [
            10000.0,
            2000.0
        ],
        "squid_angle": 180.0,
        "squid_iterations": 5,
        "squid_points": 4000,
        "squid_position": [
            0.0,
            0.0,
            0.5
        ],
        "squid_smooth": 100,
        "squid_type": "hypres-small",
        "xi": 0.9
    },
    "film_fluxoid": [
        0.9993343771035519,
        0.9993396200197272,
        0.9993552931313934,
        0.999381297183925,
        -0.0005778223178637052,
        -0.0005328925017177112,
        -0.00047980566431319655,
        -0.00041931087062117796,
        -0.0003523224364503826,
        -0.0002798693916803336,
        -0.00020307147095071574,
        -0.00012311905238691765,
        -4.1253409367683455e-05,
        4.1253409367683455e-05,
        0.00012311905238599882,
        0.00020307147095064505,
        0.0002798693916797328,
        0.00035232243645108054,
        0.0004193108706208599,
        0.00047980566430994536,
        0.0005328925017173843,
        0.0005778223178626892,
        -0.9993812971839248,
        -0.9993552931313943,
        -0.9993396200197272,
        -0.9993343771035554,
        -0.9993396200197289,
        -0.9993552931313933,
        -0.999381297183924,
        0.0005778223178637757,
        0.0005328925017180911,
        0.0004798056643128785,
        0.0004193108706210719,
        0.0003523224364494726,
        0.00027986939167994485,
        0.00020307147095060974,
        0.00012311905239455098,
        4.125340936750676e-05,
        -4.125340936750676e-05,
        -0.00012311905238720036,
        -0.00020307147095241203,
        -0.0002798693916806693,
        -0.0003523224364508685,
        -0.0004193108706207185,
        -0.00047980566431227775,
        -0.0005328925017172473,
        -0.000577822317863069,
        0.9993812971839242,
        0.9993552931313927,
        0.9993396200197264,
        0.9993343771035524,
        0.999339620019726,
        0.9993552931313938,
        0.9993812971839242,
        -0.0005778223178625742,
        -0.0005328925017179762,
        -0.00047980566431157095,
        -0.0004193108706199411,
        -0.00035232243645091547,
        -0.0002798693916804043,
        -0.00020307147095029166,
        -0.00012311905238684696,
        -4.125340936761278e-05,
        4.1253409367542095e-05,
        0.0001231190523874124,
        0.0002030714709508571,
        0.00027986939168001554,
        0.00035232243644897784,
        0.0004193108706206832,
        0.00047980566431065215,
        0.0005328925017171369,
        0.0005778223178633871,
        -0.9993812971839238,
        -0.9993552931313955,
        -0.9993396200197283,
        -0.9993343771035524
    ],