{
    "I_fc": [
        1.5,
        1.4881720519717168,
        1.4528747416929466,
        1.394664728832377,
        1.3144600200657954,
        1.2135254915624212,
        1.0934529411321172,
        0.9561359846230344,
        0.8037401924684948,
        0.638668937347609,
        0.4635254915624212,
        0.2810719718785868,
        0.09418577929396996,
        -0.0941857792939701,
        -0.28107197187858723,
        -0.46352549156242134,
        -0.6386689373476091,
        -0.8037401924684953,
        -0.9561359846230346,
        -1.0934529411321174,
        -1.213525491562421,
        -1.3144600200657954,
        -1.3946647288323772,
        -1.4528747416929466,
        -1.4881720519717168,
        -1.5,
        -1.4881720519717168,
        -1.4528747416929466,
        -1.3946647288323768,
        -1.3144600200657952,
        -1.2135254915624207,
        -1.0934529411321172,
        -0.9561359846230343,
        -0.8037401924684945,
        -0.6386689373476082,
        -0.46352549156242134,
        -0.28107197187858696,
        -0.09418577929396982,
        0.09418577929397058,
        0.2810719718785877,
        0.46352549156242084,
        0.6386689373476089,
        0.8037401924684952,
        0.956135984623035,
        1.0934529411321179,
        1.2135254915624216,
        1.3144600200657954,
        1.3946647288323772,
        1.4528747416929468,
        1.4881720519717168,
        1.5,
        1.4881720519717168,
        1.4528747416929466,
        1.394664728832377,
        1.314460020065795,
        1.2135254915624205,
        1.0934529411321166,
        0.9561359846230344,
        0.8037401924684946,
        0.6386689373476084,
        0.4635254915624203,
        0.2810719718785858,
        0.09418577929396998,
        -0.0941857792939704,
        -0.2810719718785875,
        -0.4635254915624207,
        -0.63866893734761,
        -0.803740192468495,
        -0.9561359846230357,
        -1.0934529411321177,
        -1.2135254915624207,
        -1.3144600200657959,
        -1.3946647288323772,
        -1.452874741692947,
        -1.4881720519717168,
        -1.5
    ],
    "args": {
        "I_fc": [
            1.5
        ],
        "current_units": "mA",
        "cycles": 1.5,
        "d": 0.2,
        "directory": "/scratch/users/lbvh/py-tdgl/results/17223198/86",
        "dt_init": 1e-06,
        "fc_center": [
            0,
            0,
            1
        ],
        "fc_radius": 2.4,
        "field_units": "mT",
        "film_points": 4000,
        "film_radius": 15.0,
        "film_shape": "box",
        "film_smooth": 100,
        "gamma": 1.0,
        "index": 86,
        "lam": 1.35,
        "max_edge_length": 0.5,
        "pl_center": null,
        "pl_radius": 0.8,
        "points_per_cycle": 51.0,
        "save_every": 500,
        "screening": false,
        "seed_solutions": true,
        "slot_radius": 0.1,
        "slot_size": [
            2.0,
            50.0
        ],
        "slot_top_center_x": [
            -10.0,
            10.0,
            101.0
        ],
        "slot_top_center_y": [
            -1.0,
            -1.0,
            101.0
        ],
        "solve_time": [
            10000.0,
            2000.0
        ],
        "squid_angle": 180.0,
        "squid_iterations": 5,
        "squid_points": 4000,
        "squid_position": [
            0.0,
            0.0,
            0.5
        ],
        "squid_smooth": 100,
        "squid_type": "hypres-small",
        "xi": 0.9
    },
    "film_fluxoid": [
        -0.0009576439447011767,
        -0.0009500652087557715,
        -0.0009274679830167126,
        -0.0008902452954930644,
        -0.0008390070119608469,
        -0.0007745639107720607,
        -0.0006979239918511106,
        -0.0006102856775823052,
        -0.0005130233924563623,
        -0.0004076668386655258,
        -0.00029587621591116236,
        -0.00017941502140454176,
        -6.012139815396328e-05,
        6.0121398154316675e-05,
        0.0001794150214061431,
        0.0002958762159108708,
        0.00040766683866478367,
        0.0005130233924545952,
        0.0006102856775835244,
        0.0006979239918526103,
        0.0007745639107707178,
        0.0008390070119578077,
        0.0008902452954891417,
        0.0009274679830169599,
        0.0009500652087629034,
        0.0009576439446969714,
        0.0009500652087634954,
        0.000927467983018833,
        0.0008902452954938419,
        0.0008390070119589606,
        0.0007745639107767962,
        0.0006979239918540062,
        0.000610285677582155,
        0.0005130233924545245,
        0.00040766683866743416,
        0.00029587621591037604,
        0.00017941502140454176,
        6.0121398154458035e-05,
        -6.0121398154175315e-05,
        -0.00017941502140531924,
        -0.000295876215912841,
        -0.000407666838666692,
        -0.0005130233924569541,
        -0.0006102856775831533,
        -0.0006979239918506136,
        -0.000774563910774181,
        -0.0008390070119561556,
        -0.0008902452954956088,
        -0.0009274679830181969,
        -0.0009500652087575584,
        -0.0009576439446978548,
        -0.0009500652087631773,
        -0.000927467983022411,
        -0.00089024529549287,
        -0.0008390070119626845,
        -0.0007745639107754534,
        -0.0006979239918539355,
        -0.0006102856775830826,
        -0.0005130233924555141,
        -0.00040766683866518124,
        -0.0002958762159122844,
        -0.0001794150214044004,
        -6.0121398154175315e-05,
        6.012139815452871e-05,
        0.00017941502140521323,
        0.0002958762159134152,
        0.0004076668386681056,
        0.0005130233924577758,
        0.0006102856775828352,
        0.0006979239918557025,
        0.0007745639107734037,
        0.0008390070119622959,
        0.0008902452954903167,
        0.0009274679830146099,
        0.000950065208758972,
        0.0009576439447007526
    ],