{
    "I_fc": [
        1.0,
        0.9921147013144779,
        0.9685831611286311,
        0.9297764858882513,
        0.8763066800438636,
        0.8090169943749475,
        0.7289686274214116,
        0.6374239897486896,
        0.5358267949789965,
        0.42577929156507266,
        0.30901699437494745,
        0.18738131458572452,
        0.0627905195293133,
        -0.0627905195293134,
        -0.18738131458572482,
        -0.30901699437494756,
        -0.4257792915650727,
        -0.5358267949789969,
        -0.6374239897486897,
        -0.7289686274214117,
        -0.8090169943749473,
        -0.8763066800438636,
        -0.9297764858882515,
        -0.9685831611286311,
        -0.9921147013144779,
        -1.0,
        -0.9921147013144779,
        -0.9685831611286311,
        -0.9297764858882512,
        -0.8763066800438635,
        -0.8090169943749472,
        -0.7289686274214116,
        -0.6374239897486895,
        -0.5358267949789963,
        -0.42577929156507216,
        -0.30901699437494756,
        -0.18738131458572463,
        -0.06279051952931321,
        0.06279051952931372,
        0.18738131458572513,
        0.30901699437494723,
        0.4257792915650726,
        0.5358267949789968,
        0.63742398974869,
        0.7289686274214119,
        0.8090169943749478,
        0.8763066800438636,
        0.9297764858882515,
        0.9685831611286312,
        0.9921147013144779,
        1.0,
        0.9921147013144779,
        0.9685831611286311,
        0.9297764858882513,
        0.8763066800438634,
        0.809016994374947,
        0.728968627421411,
        0.6374239897486896,
        0.5358267949789964,
        0.42577929156507227,
        0.30901699437494684,
        0.18738131458572388,
        0.06279051952931332,
        -0.0627905195293136,
        -0.18738131458572502,
        -0.3090169943749471,
        -0.4257792915650733,
        -0.5358267949789967,
        -0.6374239897486905,
        -0.7289686274214118,
        -0.8090169943749472,
        -0.8763066800438639,
        -0.9297764858882515,
        -0.9685831611286314,
        -0.9921147013144779,
        -1.0
    ],
    "args": {
        "I_fc": [
            1.0
        ],
        "current_units": "mA",
        "cycles": 1.5,
        "d": 0.2,
        "directory": "/scratch/users/lbvh/py-tdgl/results/17223170/34",
        "dt_init": 1e-06,
        "fc_center": [
            0,
            0,
            1
        ],
        "fc_radius": 2.4,
        "field_units": "mT",
        "film_points": 4000,
        "film_radius": 15.0,
        "film_shape": "box",
        "film_smooth": 100,
        "gamma": 1.0,
        "index": 34,
        "lam": 1.35,
        "max_edge_length": 0.5,
        "pl_center": null,
        "pl_radius": 0.8,
        "points_per_cycle": 51.0,
        "save_every": 500,
        "screening": false,
        "seed_solutions": true,
        "slot_radius": 0.1,
        "slot_size": [
            2.0,
            50.0
        ],
        "slot_top_center_x": [
            -10.0,
            10.0,
            101.0
        ],
        "slot_top_center_y": [
            -1.0,
            -1.0,
            101.0
        ],
        "solve_time": [
            10000.0,
            2000.0
        ],
        "squid_angle": 180.0,
        "squid_iterations": 5,
        "squid_points": 4000,
        "squid_position": [
            0.0,
            0.0,
            0.5
        ],
        "squid_smooth": 100,
        "squid_type": "hypres-small",
        "xi": 0.9
    },
    "film_fluxoid": [
        0.9999728323514905,
        0.9999730292629918,
        0.999973617362326,
        0.9999745892830048,
        0.9999759352897306,
        0.9999776538619383,
        -1.8288602664916468e-05,
        -1.5929061250989743e-05,
        -1.334933658293032e-05,
        -1.0582975821419144e-05,
        -7.667802788215073e-06,
        -4.64446279188581e-06,
        -1.5554875897540744e-06,
        1.5554875898954324e-06,
        4.6444627902955316e-06,
        7.667802787808668e-06,
        1.058297582563338e-05,
        1.3349336580615582e-05,
        1.592906125104275e-05,
        1.828860266399764e-05,
        2.04022262942909e-05,
        2.2268949268467655e-05,
        -0.9999745892830019,
        -0.9999736173623093,
        -0.9999730292629911,
        -0.999972832351501,
        -0.9999730292629933,
        -0.9999736173623146,
        -0.9999745892830009,
        -0.999975935289744,
        -0.9999776538619372,
        1.8288602660958442e-05,
        1.592906124977053e-05,
        1.3349336582846388e-05,
        1.0582975823300973e-05,
        7.667802788091384e-06,
        4.6444627922922135e-06,
        1.5554875898600929e-06,
        -1.5554875901958182e-06,
        -4.64446279112601e-06,
        -7.667802788780504e-06,
        -1.0582975823647742e-05,
        -1.3349336584626615e-05,
        -1.5929061249982567e-05,
        -1.8288602664315694e-05,
        -2.040222629496235e-05,
        -2.226894927023463e-05,
        0.9999745892830059,
        0.9999736173623198,
        0.9999730292629853,
        0.9999728323514956,
        0.999973029262994,
        0.9999736173623223,
        0.9999745892830023,
        0.9999759352897328,
        0.9999776538619362,
        -1.8288602663229005e-05,
        -1.5929061250123923e-05,
        -1.3349336578548222e-05,
        -1.0582975824537855e-05,
        -7.667802787932357e-06,
        -4.644462790154174e-06,
        -1.5554875905668828e-06,
        1.555487589223982e-06,
        4.644462790224853e-06,
        7.667802788303422e-06,
        1.0582975822311466e-05,
        1.3349336582400227e-05,
        1.592906124997373e-05,
        1.8288602665216853e-05,
        2.0402226294043524e-05,
        2.2268949271153458e-05,
        -0.9999745892829985,
        -0.9999736173623287,
        -0.9999730292629874,
        -0.9999728323514987
    ],