{
    "I_fc": [
        1.5,
        1.4881720519717168,
        1.4528747416929466,
        1.394664728832377,
        1.3144600200657954,
        1.2135254915624212,
        1.0934529411321172,
        0.9561359846230344,
        0.8037401924684948,
        0.638668937347609,
        0.4635254915624212,
        0.2810719718785868,
        0.09418577929396996,
        -0.0941857792939701,
        -0.28107197187858723,
        -0.46352549156242134,
        -0.6386689373476091,
        -0.8037401924684953,
        -0.9561359846230346,
        -1.0934529411321174,
        -1.213525491562421,
        -1.3144600200657954,
        -1.3946647288323772,
        -1.4528747416929466,
        -1.4881720519717168,
        -1.5,
        -1.4881720519717168,
        -1.4528747416929466,
        -1.3946647288323768,
        -1.3144600200657952,
        -1.2135254915624207,
        -1.0934529411321172,
        -0.9561359846230343,
        -0.8037401924684945,
        -0.6386689373476082,
        -0.46352549156242134,
        -0.28107197187858696,
        -0.09418577929396982,
        0.09418577929397058,
        0.2810719718785877,
        0.46352549156242084,
        0.6386689373476089,
        0.8037401924684952,
        0.956135984623035,
        1.0934529411321179,
        1.2135254915624216,
        1.3144600200657954,
        1.3946647288323772,
        1.4528747416929468,
        1.4881720519717168,
        1.5,
        1.4881720519717168,
        1.4528747416929466,
        1.394664728832377,
        1.314460020065795,
        1.2135254915624205,
        1.0934529411321166,
        0.9561359846230344,
        0.8037401924684946,
        0.6386689373476084,
        0.4635254915624203,
        0.2810719718785858,
        0.09418577929396998,
        -0.0941857792939704,
        -0.2810719718785875,
        -0.4635254915624207,
        -0.63866893734761,
        -0.803740192468495,
        -0.9561359846230357,
        -1.0934529411321177,
        -1.2135254915624207,
        -1.3144600200657959,
        -1.3946647288323772,
        -1.452874741692947,
        -1.4881720519717168,
        -1.5
    ],
    "args": {
        "I_fc": [
            1.5
        ],
        "current_units": "mA",
        "cycles": 1.5,
        "d": 0.2,
        "directory": "/scratch/users/lbvh/py-tdgl/results/17223198/50",
        "dt_init": 1e-06,
        "fc_center": [
            0,
            0,
            1
        ],
        "fc_radius": 2.4,
        "field_units": "mT",
        "film_points": 4000,
        "film_radius": 15.0,
        "film_shape": "box",
        "film_smooth": 100,
        "gamma": 1.0,
        "index": 50,
        "lam": 1.35,
        "max_edge_length": 0.5,
        "pl_center": null,
        "pl_radius": 0.8,
        "points_per_cycle": 51.0,
        "save_every": 500,
        "screening": false,
        "seed_solutions": true,
        "slot_radius": 0.1,
        "slot_size": [
            2.0,
            50.0
        ],
        "slot_top_center_x": [
            -10.0,
            10.0,
            101.0
        ],
        "slot_top_center_y": [
            -1.0,
            -1.0,
            101.0
        ],
        "solve_time": [
            10000.0,
            2000.0
        ],
        "squid_angle": 180.0,
        "squid_iterations": 5,
        "squid_points": 4000,
        "squid_position": [
            0.0,
            0.0,
            0.5
        ],
        "squid_smooth": 100,
        "squid_type": "hypres-small",
        "xi": 0.9
    },
    "film_fluxoid": [
        0.9991689944545932,
        0.9991755026537027,
        0.9991949264450094,
        0.9992269687591335,
        0.9992711551433887,
        0.9993268890137329,
        0.9993939208158436,
        -0.0005247597790454606,
        -0.0004406763548868377,
        -0.0003499490184510019,
        -0.0002538767897154752,
        -0.00015390647585300762,
        -5.1567038109780715e-05,
        5.1567038109674693e-05,
        0.00015390647585329032,
        0.0002538767897155458,
        0.0003499490184502775,
        0.00044067635488699233,
        0.0005247597790464501,
        0.0006014697897367041,
        -0.9993268890137326,
        -0.9992711551433913,
        -0.9992269687591355,
        -0.9991949264450088,
        -0.9991755026537059,
        -0.9991689944545906,
        -0.9991755026537051,
        -0.9991949264450107,
        -0.9992269687591311,
        -0.9992711551433907,
        -0.999326889013732,
        -0.9993939208158419,
        0.0005247597790460967,
        0.0004406763548867582,
        0.00034994901845052486,
        0.0002538767897153338,
        0.00015390647585321966,
        5.1567038109754206e-05,
        -5.156703810948474e-05,
        -0.0001539064758530783,
        -0.0002538767897170301,
        -0.0003499490184501008,
        -0.0004406763548871911,
        -0.0005247597790456727,
        -0.0006014697897366334,
        0.9993268890137343,
        0.9992711551433895,
        0.9992269687591301,
        0.9991949264450103,
        0.9991755026537051,
        0.9991689944545923,
        0.9991755026537043,
        0.9991949264450102,
        0.9992269687591324,
        0.9992711551433906,
        0.9993268890137326,
        0.9993939208158413,
        -0.000524759779046026,
        -0.0004406763548862016,
        -0.0003499490184504895,
        -0.0002538767897156165,
        -0.0001539064758530783,
        -5.1567038109497996e-05,
        5.156703810960402e-05,
        0.0001539064758530783,
        0.0002538767897155458,
        0.00034994901845059555,
        0.00044067635488765716,
        0.0005247597790458139,
        0.00060146978973628,
        -0.999326889013734,
        -0.9992711551433934,
        -0.9992269687591311,
        -0.9991949264450097,
        -0.999175502653705,
        -0.9991689944545915
    ],