{
    "I_fc": [
        0.9,
        0.8929032311830299,
        0.8717248450157682,
        0.8367988372994262,
        0.7886760120394771,
        0.7281152949374529,
        0.6560717646792705,
        0.5736815907738206,
        0.4822441154810969,
        0.3832013624085654,
        0.27811529493745274,
        0.16864318312715207,
        0.056511467576381966,
        -0.05651146757638206,
        -0.16864318312715237,
        -0.27811529493745285,
        -0.3832013624085655,
        -0.4822441154810971,
        -0.5736815907738206,
        -0.6560717646792705,
        -0.7281152949374528,
        -0.7886760120394772,
        -0.8367988372994263,
        -0.8717248450157682,
        -0.8929032311830299,
        -0.9,
        -0.8929032311830299,
        -0.8717248450157681,
        -0.8367988372994262,
        -0.7886760120394771,
        -0.7281152949374526,
        -0.6560717646792705,
        -0.5736815907738206,
        -0.4822441154810966,
        -0.38320136240856495,
        -0.27811529493745285,
        -0.1686431831271522,
        -0.056511467576381876,
        0.05651146757638235,
        0.16864318312715265,
        0.2781152949374526,
        0.3832013624085654,
        0.482244115481097,
        0.5736815907738209,
        0.6560717646792708,
        0.7281152949374531,
        0.7886760120394771,
        0.8367988372994263,
        0.8717248450157682,
        0.8929032311830299,
        0.9,
        0.8929032311830299,
        0.8717248450157681,
        0.8367988372994262,
        0.7886760120394769,
        0.7281152949374524,
        0.65607176467927,
        0.5736815907738206,
        0.4822441154810967,
        0.38320136240856506,
        0.27811529493745224,
        0.1686431831271515,
        0.05651146757638199,
        -0.056511467576382236,
        -0.16864318312715254,
        -0.2781152949374524,
        -0.38320136240856595,
        -0.4822441154810969,
        -0.5736815907738215,
        -0.6560717646792708,
        -0.7281152949374526,
        -0.7886760120394776,
        -0.8367988372994263,
        -0.8717248450157684,
        -0.8929032311830299,
        -0.9
    ],
    "args": {
        "I_fc": [
            0.9
        ],
        "current_units": "mA",
        "cycles": 1.5,
        "d": 0.2,
        "directory": "/scratch/users/lbvh/py-tdgl/results/17289543/76",
        "dt_init": 1e-06,
        "fc_center": [
            0,
            0,
            1
        ],
        "fc_radius": 2.4,
        "field_units": "mT",
        "film_points": 4000,
        "film_radius": 15.0,
        "film_shape": "box",
        "film_smooth": 100,
        "gamma": 1.0,
        "index": 76,
        "lam": 1.35,
        "max_edge_length": 0.5,
        "pl_center": null,
        "pl_radius": 0.8,
        "points_per_cycle": 51.0,
        "save_every": 500,
        "screening": false,
        "seed_solutions": true,
        "slot_radius": 0.1,
        "slot_size": [
            2.0,
            50.0
        ],
        "slot_top_center_x": [
            -10.0,
            10.0,
            101.0
        ],
        "slot_top_center_y": [
            5.0,
            5.0,
            101.0
        ],
        "solve_time": [
            10000.0,
            2000.0
        ],
        "squid_angle": 180.0,
        "squid_iterations": 5,
        "squid_points": 4000,
        "squid_position": [
            0.0,
            0.0,
            0.5
        ],
        "squid_smooth": 100,
        "squid_type": "hypres-small",
        "xi": 0.9
    },
    "film_fluxoid": [
        -0.0004365408950018683,
        -0.00043305978108402056,
        -0.00042267958589034836,
        -0.00040558595939216817,
        -0.0003820773836106906,
        -0.0003525531895950015,
        -0.00031750203802168877,
        -0.0002774917477683903,
        -0.00023316005336955544,
        -0.00018520551016200604,
        -0.00013437794516994744,
        -8.14681663447764e-05,
        -2.7296900764415203e-05,
        2.7296900762966282e-05,
        8.146816634212593e-05,
        0.00013437794518251286,
        0.00018520551017426885,
        0.00023316005336837157,
        0.0002774917477520281,
        0.00031750203803571856,
        0.00035255318961385513,
        0.000382077383574556,
        0.00040558595940043765,
        0.00042267958585163394,
        0.00043305978108009786,
        0.00043654089497034546,
        0.0004330597810644071,
        0.0004226795859263593,
        0.00040558595940414383,
        0.0003820773836164333,
        0.0003525531896099325,
        0.0003175020379859955,
        0.0002774917477396946,
        0.0002331600533712694,
        0.00018520551015848092,
        0.00013437794517247423,
        8.146816634537717e-05,
        2.7296900762506868e-05,
        -2.729690076388511e-05,
        -8.146816633864941e-05,
        -0.00013437794517828314,
        -0.00018520551015882548,
        -0.00023316005338515784,
        -0.0002774917477470982,
        -0.0003175020379997783,
        -0.00035255318961150507,
        -0.0003820773836134206,
        -0.00040558595937167127,
        -0.00042267958595456023,
        -0.00043305978106850655,
        -0.00043654089500039066,
        -0.00043305978109812104,
        -0.0004226795858960424,
        -0.0004055859593803648,
        -0.00038207738362149566,
        -0.00035255318962482807,
        -0.00031750203803426963,
        -0.0002774917477409668,
        -0.00023316005339409874,
        -0.00018520551016737322,
        -0.00013437794517042454,
        -8.146816634749754e-05,
        -2.7296900763637732e-05,
        2.729690076478406e-05,
        8.146816634375156e-05,
        0.00013437794518122076,
        0.00018520551016840248,
        0.000233160053386112,
        0.00027749174775086187,
        0.00031750203799059005,
        0.00035255318960856303,
        0.0003820773835909756,
        0.0004055859593896061,
        0.000422679585928621,
        0.0004330597810831901,
        0.0004365408949682251
    ],