{
    "I_fc": [
        1.1,
        1.0913261714459257,
        1.0654414772414942,
        1.0227541344770765,
        0.96393734804825,
        0.8899186938124423,
        0.8018654901635528,
        0.7011663887235586,
        0.5894094744768963,
        0.46835722072158,
        0.3399186938124422,
        0.206119446044297,
        0.06906957148224464,
        -0.06906957148224475,
        -0.20611944604429733,
        -0.33991869381244233,
        -0.46835722072158004,
        -0.5894094744768966,
        -0.7011663887235587,
        -0.8018654901635529,
        -0.8899186938124422,
        -0.96393734804825,
        -1.0227541344770767,
        -1.0654414772414942,
        -1.0913261714459257,
        -1.1,
        -1.0913261714459257,
        -1.0654414772414942,
        -1.0227541344770765,
        -0.9639373480482499,
        -0.889918693812442,
        -0.8018654901635528,
        -0.7011663887235585,
        -0.589409474476896,
        -0.4683572207215794,
        -0.33991869381244233,
        -0.2061194460442971,
        -0.06906957148224453,
        0.0690695714822451,
        0.20611944604429766,
        0.339918693812442,
        0.4683572207215799,
        0.5894094744768965,
        0.7011663887235591,
        0.8018654901635531,
        0.8899186938124426,
        0.96393734804825,
        1.0227541344770767,
        1.0654414772414944,
        1.0913261714459257,
        1.1,
        1.0913261714459257,
        1.0654414772414942,
        1.0227541344770765,
        0.9639373480482498,
        0.8899186938124418,
        0.8018654901635521,
        0.7011663887235586,
        0.5894094744768962,
        0.46835722072157954,
        0.33991869381244155,
        0.20611944604429627,
        0.06906957148224466,
        -0.06906957148224496,
        -0.20611944604429752,
        -0.33991869381244183,
        -0.4683572207215807,
        -0.5894094744768964,
        -0.7011663887235596,
        -0.801865490163553,
        -0.889918693812442,
        -0.9639373480482504,
        -1.0227541344770767,
        -1.0654414772414946,
        -1.0913261714459257,
        -1.1
    ],
    "args": {
        "I_fc": [
            1.1
        ],
        "current_units": "mA",
        "cycles": 1.5,
        "d": 0.2,
        "directory": "/scratch/users/lbvh/py-tdgl/results/17223196/99",
        "dt_init": 1e-06,
        "fc_center": [
            0,
            0,
            1
        ],
        "fc_radius": 2.4,
        "field_units": "mT",
        "film_points": 4000,
        "film_radius": 15.0,
        "film_shape": "box",
        "film_smooth": 100,
        "gamma": 1.0,
        "index": 99,
        "lam": 1.35,
        "max_edge_length": 0.5,
        "pl_center": null,
        "pl_radius": 0.8,
        "points_per_cycle": 51.0,
        "save_every": 500,
        "screening": false,
        "seed_solutions": true,
        "slot_radius": 0.1,
        "slot_size": [
            2.0,
            50.0
        ],
        "slot_top_center_x": [
            -10.0,
            10.0,
            101.0
        ],
        "slot_top_center_y": [
            -1.0,
            -1.0,
            101.0
        ],
        "solve_time": [
            10000.0,
            2000.0
        ],
        "squid_angle": 180.0,
        "squid_iterations": 5,
        "squid_points": 4000,
        "squid_position": [
            0.0,
            0.0,
            0.5
        ],
        "squid_smooth": 100,
        "squid_type": "hypres-small",
        "xi": 0.9
    },
    "film_fluxoid": [
        -0.000607748066171798,
        -0.0006029678894862794,
        -0.0005887005392605523,
        -0.000565164952214618,
        -0.0005327238062963959,
        -0.0004918796255677867,
        -0.00044326850985881573,
        -0.0003876512315050018,
        -0.0003259017521157213,
        -0.000258993424845369,
        -0.00018798329612369717,
        -0.00011399492537620299,
        -3.820011211971401e-05,
        3.82001121022563e-05,
        0.00011399492539528631,
        0.00018798329623042245,
        0.00025899342461954965,
        0.0003259017518967224,
        0.00038765123115193367,
        0.000443268509782076,
        0.0004918796257861141,
        0.0005327238057886733,
        0.0005651649520291563,
        0.0005887005390666445,
        0.0006029678895870058,
        0.0006077480656735376,
        0.0006029678888104115,
        0.0005887005389468789,
        0.0005651649520807166,
        0.0005327238062676473,
        0.0004918796257822841,
        0.0004432685095377034,
        0.00038765123143199036,
        0.00032590175199037207,
        0.0002589934245150507,
        0.00018798329625367583,
        0.00011399492524064067,
        3.820011204924705e-05,
        -3.82001120827489e-05,
        -0.00011399492536072429,
        -0.00018798329621656936,
        -0.00025899342463852693,
        -0.00032590175218389115,
        -0.00038765123148770306,
        -0.0004432685094756384,
        -0.0004918796258688085,
        -0.0005327238062227484,
        -0.0005651649520224418,
        -0.0005887005391430132,
        -0.00060296788942857,
        -0.0006077480655248291,
        -0.0006029678894995317,
        -0.000588700539407918,
        -0.0005651649517809317,
        -0.000532723806959789,
        -0.0004918796258413232,
        -0.0004432685098438141,
        -0.0003876512315584704,
        -0.00032590175186368,
        -0.000258993424633014,
        -0.00018798329651532945,
        -0.00011399492537005392,
        -3.8200112109960306e-05,
        3.820011209017019e-05,
        0.00011399492527499067,
        0.00018798329622441473,
        0.0002589934245766475,
        0.0003259017519064761,
        0.0003876512315733307,
        0.0004432685096996731,
        0.0004918796257640269,
        0.0005327238063375664,
        0.0005651649515334845,
        0.0005887005390831127,
        0.0006029678886214512,
        0.000607748065572502
    ],