{
    "I_fc": [
        1.5,
        1.4881720519717168,
        1.4528747416929466,
        1.394664728832377,
        1.3144600200657954,
        1.2135254915624212,
        1.0934529411321172,
        0.9561359846230344,
        0.8037401924684948,
        0.638668937347609,
        0.4635254915624212,
        0.2810719718785868,
        0.09418577929396996,
        -0.0941857792939701,
        -0.28107197187858723,
        -0.46352549156242134,
        -0.6386689373476091,
        -0.8037401924684953,
        -0.9561359846230346,
        -1.0934529411321174,
        -1.213525491562421,
        -1.3144600200657954,
        -1.3946647288323772,
        -1.4528747416929466,
        -1.4881720519717168,
        -1.5,
        -1.4881720519717168,
        -1.4528747416929466,
        -1.3946647288323768,
        -1.3144600200657952,
        -1.2135254915624207,
        -1.0934529411321172,
        -0.9561359846230343,
        -0.8037401924684945,
        -0.6386689373476082,
        -0.46352549156242134,
        -0.28107197187858696,
        -0.09418577929396982,
        0.09418577929397058,
        0.2810719718785877,
        0.46352549156242084,
        0.6386689373476089,
        0.8037401924684952,
        0.956135984623035,
        1.0934529411321179,
        1.2135254915624216,
        1.3144600200657954,
        1.3946647288323772,
        1.4528747416929468,
        1.4881720519717168,
        1.5,
        1.4881720519717168,
        1.4528747416929466,
        1.394664728832377,
        1.314460020065795,
        1.2135254915624205,
        1.0934529411321166,
        0.9561359846230344,
        0.8037401924684946,
        0.6386689373476084,
        0.4635254915624203,
        0.2810719718785858,
        0.09418577929396998,
        -0.0941857792939704,
        -0.2810719718785875,
        -0.4635254915624207,
        -0.63866893734761,
        -0.803740192468495,
        -0.9561359846230357,
        -1.0934529411321177,
        -1.2135254915624207,
        -1.3144600200657959,
        -1.3946647288323772,
        -1.452874741692947,
        -1.4881720519717168,
        -1.5
    ],
    "args": {
        "I_fc": [
            1.5
        ],
        "current_units": "mA",
        "cycles": 1.5,
        "d": 0.2,
        "directory": "/scratch/users/lbvh/py-tdgl/results/17223933/84",
        "dt_init": 1e-06,
        "fc_center": [
            0,
            0,
            1
        ],
        "fc_radius": 2.4,
        "field_units": "mT",
        "film_points": 4000,
        "film_radius": 15.0,
        "film_shape": "box",
        "film_smooth": 100,
        "gamma": 1.0,
        "index": 84,
        "lam": 1.35,
        "max_edge_length": 0.5,
        "pl_center": null,
        "pl_radius": 0.8,
        "points_per_cycle": 51.0,
        "save_every": 500,
        "screening": false,
        "seed_solutions": true,
        "slot_radius": 0.1,
        "slot_size": [
            2.0,
            50.0
        ],
        "slot_top_center_x": [
            -10.0,
            10.0,
            101.0
        ],
        "slot_top_center_y": [
            5.0,
            5.0,
            101.0
        ],
        "solve_time": [
            10000.0,
            2000.0
        ],
        "squid_angle": 180.0,
        "squid_iterations": 5,
        "squid_points": 4000,
        "squid_position": [
            0.0,
            0.0,
            0.5
        ],
        "squid_smooth": 100,
        "squid_type": "hypres-small",
        "xi": 0.9
    },
    "film_fluxoid": [
        -0.0012689861507006797,
        -0.0012586724427634424,
        -0.0012281381611844748,
        -0.0011782091629102475,
        -0.0011098373197663079,
        -0.001024143936042503,
        -0.0009224713505982072,
        -0.0008063961493679689,
        -0.0006777192202656092,
        -0.0005384427368137014,
        -0.00039073963228637715,
        -0.0002369187400431127,
        -7.938740299168167e-05,
        7.938740298146855e-05,
        0.00023691873998268217,
        0.0003907396322771889,
        0.0005384427368731601,
        0.000677719220345176,
        0.0008063961493335128,
        0.0009224713506126963,
        0.0010241439359293105,
        0.001109837319806913,
        0.0011782091627315005,
        0.0012281381612678406,
        0.0012586724426464687,
        0.0012689861507146742,
        0.0012586724426819494,
        0.0012281381615015052,
        0.0011782091627769824,
        0.0011098373199838931,
        0.0010241439358577658,
        0.0009224713505999035,
        0.0008063961493618198,
        0.0006777192201954602,
        0.000538442736853635,
        0.000390739632190077,
        0.0002369187400125794,
        7.938740297493075e-05,
        -7.938740296935594e-05,
        -0.00023691873998614544,
        -0.000390739632270121,
        -0.0005384427368233844,
        -0.0006777192203452114,
        -0.0008063961493966999,
        -0.0009224713505120495,
        -0.001024143935889218,
        -0.0011098373198209252,
        -0.001178209162768342,
        -0.001228138161427946,
        -0.0012586724427165823,
        -0.0012689861505968878,
        -0.0012586724426427933,
        -0.0012281381613260447,
        -0.0011782091628195664,
        -0.0011098373197812742,
        -0.0010241439359429075,
        -0.0009224713506070773,
        -0.0008063961493615017,
        -0.0006777192202906118,
        -0.000538442736813666,
        -0.0003907396322600139,
        -0.00023691874002720995,
        -7.938740297747519e-05,
        7.938740296761547e-05,
        0.0002369187399761797,
        0.00039073963225598517,
        0.0005384427368634594,
        0.0006777192202036237,
        0.0008063961493778993,
        0.0009224713505904325,
        0.0010241439360038416,
        0.001109837319869623,
        0.001178209162675134,
        0.00122813816134223,
        0.001258672442838857,
        0.0012689861505818683
    ],