{
    "I_fc": [
        1.75,
        1.7362007273003364,
        1.6950205319751044,
        1.62710885030444,
        1.5335366900767613,
        1.415779740156158,
        1.2756950979874702,
        1.115491982060207,
        0.937696891213244,
        0.7451137602388771,
        0.540779740156158,
        0.3279173005250179,
        0.10988340917629828,
        -0.10988340917629845,
        -0.32791730052501844,
        -0.5407797401561583,
        -0.7451137602388772,
        -0.9376968912132445,
        -1.115491982060207,
        -1.2756950979874704,
        -1.4157797401561578,
        -1.5335366900767613,
        -1.62710885030444,
        -1.6950205319751044,
        -1.7362007273003364,
        -1.75,
        -1.7362007273003364,
        -1.6950205319751044,
        -1.6271088503044397,
        -1.533536690076761,
        -1.4157797401561576,
        -1.2756950979874702,
        -1.1154919820602067,
        -0.9376968912132435,
        -0.7451137602388763,
        -0.5407797401561583,
        -0.3279173005250181,
        -0.10988340917629812,
        0.10988340917629902,
        0.327917300525019,
        0.5407797401561576,
        0.7451137602388771,
        0.9376968912132444,
        1.1154919820602074,
        1.2756950979874708,
        1.4157797401561587,
        1.5335366900767613,
        1.62710885030444,
        1.6950205319751046,
        1.7362007273003364,
        1.75,
        1.7362007273003364,
        1.6950205319751044,
        1.62710885030444,
        1.5335366900767609,
        1.4157797401561574,
        1.2756950979874693,
        1.115491982060207,
        0.9376968912132437,
        0.7451137602388764,
        0.5407797401561569,
        0.3279173005250168,
        0.10988340917629831,
        -0.1098834091762988,
        -0.3279173005250188,
        -0.5407797401561575,
        -0.7451137602388783,
        -0.9376968912132442,
        -1.1154919820602085,
        -1.2756950979874706,
        -1.4157797401561576,
        -1.5335366900767617,
        -1.62710885030444,
        -1.695020531975105,
        -1.7362007273003364,
        -1.75
    ],
    "args": {
        "I_fc": [
            1.75
        ],
        "current_units": "mA",
        "cycles": 1.5,
        "d": 0.2,
        "directory": "/scratch/users/lbvh/py-tdgl/results/17224036/43",
        "dt_init": 1e-06,
        "fc_center": [
            0,
            0,
            1
        ],
        "fc_radius": 2.4,
        "field_units": "mT",
        "film_points": 4000,
        "film_radius": 15.0,
        "film_shape": "box",
        "film_smooth": 100,
        "gamma": 1.0,
        "index": 43,
        "lam": 1.35,
        "max_edge_length": 0.5,
        "pl_center": null,
        "pl_radius": 0.8,
        "points_per_cycle": 51.0,
        "save_every": 500,
        "screening": false,
        "seed_solutions": true,
        "slot_radius": 0.1,
        "slot_size": [
            2.0,
            50.0
        ],
        "slot_top_center_x": [
            -10.0,
            10.0,
            101.0
        ],
        "slot_top_center_y": [
            5.0,
            5.0,
            101.0
        ],
        "solve_time": [
            10000.0,
            2000.0
        ],
        "squid_angle": 180.0,
        "squid_iterations": 5,
        "squid_points": 4000,
        "squid_position": [
            0.0,
            0.0,
            0.5
        ],
        "squid_smooth": 100,
        "squid_type": "hypres-small",
        "xi": 0.9
    },
    "film_fluxoid": [
        -0.00118122718677008,
        -0.0011719147591377598,
        -0.0011441240709411714,
        -0.0010982926351915695,
        -0.0010351420891171138,
        -0.0009556669736288177,
        -0.0008611192434230488,
        -0.0007529887223244098,
        -0.0006329797859828486,
        -0.0005029846056937867,
        -0.00036505337550459216,
        -0.00022136196020348348,
        -7.417749852223095e-05,
        7.417749843345814e-05,
        0.0002213619600432542,
        0.0003650533752810345,
        0.0005029846058310276,
        0.000632979785742434,
        0.0007529887227045921,
        0.0008611192436661846,
        0.00095566697357193,
        0.0010351420892920973,
        0.0010982926353227498,
        0.0011441240706145637,
        0.001171914758962635,
        0.0011812271871824921,
        0.0011719147593075793,
        0.0011441240708610922,
        0.0010982926353546789,
        0.0010351420891567117,
        0.0009556669737608108,
        0.0008611192433537658,
        0.0007529887224966899,
        0.0006329797857620121,
        0.0005029846059179628,
        0.00036505337546769773,
        0.00022136196010585812,
        7.41774985056766e-05,
        -7.417749854007739e-05,
        -0.00022136196020027644,
        -0.00036505337545666294,
        -0.0005029846058937376,
        -0.0006329797855299994,
        -0.000752988722512946,
        -0.0008611192432954025,
        -0.0009556669738098619,
        -0.0010351420890070844,
        -0.0010982926349007518,
        -0.0011441240708905652,
        -0.0011719147589290225,
        -0.0011812271870918463,
        -0.0011719147585541147,
        -0.0011441240709110622,
        -0.0010982926349821477,
        -0.0010351420892748518,
        -0.0009556669735734584,
        -0.0008611192431973001,
        -0.0007529887226072671,
        -0.0006329797856585028,
        -0.0005029846058138173,
        -0.00036505337529760875,
        -0.00022136196024589088,
        -7.417749844236368e-05,
        7.417749855870131e-05,
        0.00022136196018786343,
        0.00036505337526845363,
        0.0005029846057052897,
        0.0006329797855804377,
        0.0007529887225483562,
        0.0008611192431099232,
        0.000955666973474985,
        0.00103514208880261,
        0.0010982926355090595,
        0.0011441240708282617,
        0.0011719147592427358,
        0.0011812271874611794
    ],