{
    "I_fc": [
        1.2,
        1.1905376415773734,
        1.1622997933543573,
        1.1157317830659015,
        1.0515680160526362,
        0.9708203932499369,
        0.8747623529056938,
        0.7649087876984275,
        0.6429921539747958,
        0.5109351498780872,
        0.37082039324993693,
        0.22485757750286942,
        0.07534862343517597,
        -0.07534862343517608,
        -0.22485757750286978,
        -0.37082039324993704,
        -0.5109351498780872,
        -0.6429921539747963,
        -0.7649087876984276,
        -0.8747623529056939,
        -0.9708203932499367,
        -1.0515680160526362,
        -1.1157317830659017,
        -1.1622997933543573,
        -1.1905376415773734,
        -1.2,
        -1.1905376415773734,
        -1.1622997933543573,
        -1.1157317830659015,
        -1.0515680160526362,
        -0.9708203932499366,
        -0.8747623529056938,
        -0.7649087876984274,
        -0.6429921539747956,
        -0.5109351498780865,
        -0.37082039324993704,
        -0.22485757750286955,
        -0.07534862343517584,
        0.07534862343517647,
        0.22485757750287014,
        0.37082039324993665,
        0.5109351498780871,
        0.6429921539747961,
        0.764908787698428,
        0.8747623529056943,
        0.9708203932499373,
        1.0515680160526362,
        1.1157317830659017,
        1.1622997933543573,
        1.1905376415773734,
        1.2,
        1.1905376415773734,
        1.1622997933543573,
        1.1157317830659015,
        1.051568016052636,
        0.9708203932499364,
        0.8747623529056932,
        0.7649087876984275,
        0.6429921539747957,
        0.5109351498780867,
        0.3708203932499362,
        0.22485757750286864,
        0.07534862343517598,
        -0.07534862343517632,
        -0.22485757750287003,
        -0.37082039324993654,
        -0.510935149878088,
        -0.6429921539747959,
        -0.7649087876984286,
        -0.8747623529056942,
        -0.9708203932499366,
        -1.0515680160526366,
        -1.1157317830659017,
        -1.1622997933543577,
        -1.1905376415773734,
        -1.2
    ],
    "args": {
        "I_fc": [
            1.2
        ],
        "current_units": "mA",
        "cycles": 1.5,
        "d": 0.2,
        "directory": "/scratch/users/lbvh/py-tdgl/results/17298299/14",
        "dt_init": 1e-06,
        "fc_center": [
            0,
            0,
            1
        ],
        "fc_radius": 2.4,
        "field_units": "mT",
        "film_points": 4000,
        "film_radius": 15.0,
        "film_shape": "box",
        "film_smooth": 100,
        "gamma": 1.0,
        "index": 14,
        "lam": 1.35,
        "max_edge_length": 0.5,
        "pl_center": null,
        "pl_radius": 0.8,
        "points_per_cycle": 51.0,
        "save_every": 500,
        "screening": false,
        "seed_solutions": true,
        "slot_radius": 0.1,
        "slot_size": [
            2.0,
            50.0
        ],
        "slot_top_center_x": [
            -10.0,
            10.0,
            101.0
        ],
        "slot_top_center_y": [
            -1.0,
            -1.0,
            101.0
        ],
        "solve_time": [
            10000.0,
            2000.0
        ],
        "squid_angle": 180.0,
        "squid_iterations": 5,
        "squid_points": 4000,
        "squid_position": [
            0.0,
            0.0,
            0.5
        ],
        "squid_smooth": 100,
        "squid_type": "hypres-small",
        "xi": 0.9
    },
    "film_fluxoid": [
        -0.0002699898209049225,
        -0.00026786058491173285,
        -0.00026150652699414434,
        -0.00025102803434699447,
        -0.00023659057857264326,
        -0.00021842204582093582,
        -0.00019680911182350135,
        -0.0001720927134162151,
        -0.00014466267661872358,
        -0.00011495157822336797,
        -8.342793393497009e-05,
        -5.058881900005002e-05,
        -1.6952037323966644e-05,
        1.6952037322517723e-05,
        5.0588818999952835e-05,
        8.342793393479339e-05,
        0.00011495157822372136,
        0.00014466267661914466,
        0.00017209271341605165,
        0.00019680911182353667,
        0.00021842204582146592,
        0.00023659057857202922,
        0.0002510280343470651,
        0.0002615065269943111,
        0.000267860584911872,
        0.0002699898209049578,
        0.00026786058491236895,
        0.0002615065269941764,
        0.00025102803434734787,
        0.0002365905785726779,
        0.0002184220458175786,
        0.00019680911182371337,
        0.0001720927134161444,
        0.00014466267661905488,
        0.00011495157822358001,
        8.342793393497009e-05,
        5.0588818999972717e-05,
        1.6952037323966644e-05,
        -1.6952037324072662e-05,
        -5.058881899988216e-05,
        -8.342793393459902e-05,
        -0.00011495157822358001,
        -0.00014466267660911565,
        -0.00017209271341650663,
        -0.00019680911182357201,
        -0.00021842204582132456,
        -0.00023659057857279344,
        -0.0002510280343471358,
        -0.00026150652699434644,
        -0.0002678605849122806,
        -0.0002699898209055586,
        -0.00026786058491166216,
        -0.0002615065269940549,
        -0.00025102803434734787,
        -0.0002365905785729834,
        -0.00021842204582125387,
        -0.0001968091118236427,
        -0.00017209271341607374,
        -0.000144662676618834,
        -0.00011495157822361534,
        -8.342793393472272e-05,
        -5.058881900012953e-05,
        -1.6952037323932407e-05,
        1.6952037323860626e-05,
        5.058881899882197e-05,
        8.342793393461779e-05,
        0.00011495157822365069,
        0.00014466267661912557,
        0.00017209271341637412,
        0.00019680911182335997,
        0.0002184220458211832,
        0.0002365905785725593,
        0.00025102803433997957,
        0.00026150652699480587,
        0.00026786058491215693,
        0.00026998982090529355
    ],