{
    "I_fc": [
        2.9225,
        2.8994552145915606,
        2.830684288398425,
        2.717271780008414,
        2.561006272428191,
        2.364352166060784,
        2.1304108136390756,
        1.8628716100405454,
        1.5659538083261173,
        1.2443399795989247,
        0.9031021660607841,
        0.5476218918767799,
        0.1835052933244181,
        -0.1835052933244184,
        -0.5476218918767809,
        -0.9031021660607844,
        -1.2443399795989252,
        -1.565953808326118,
        -1.8628716100405454,
        -2.1304108136390756,
        -2.364352166060784,
        -2.561006272428191,
        -2.717271780008415,
        -2.830684288398425,
        -2.8994552145915606,
        -2.9225,
        -2.8994552145915606,
        -2.8306842883984245,
        -2.717271780008414,
        -2.561006272428191,
        -2.3643521660607836,
        -2.1304108136390756,
        -1.8628716100405451,
        -1.5659538083261164,
        -1.2443399795989234,
        -0.9031021660607844,
        -0.5476218918767802,
        -0.1835052933244178,
        0.18350529332441934,
        0.5476218918767818,
        0.9031021660607834,
        1.2443399795989247,
        1.5659538083261177,
        1.862871610040546,
        2.130410813639076,
        2.364352166060785,
        2.561006272428191,
        2.7172717800084145,
        2.830684288398425,
        2.8994552145915606,
        2.9225,
        2.8994552145915606,
        2.8306842883984245,
        2.717271780008414,
        2.56100627242819,
        2.3643521660607827,
        2.130410813639074,
        1.8628716100405454,
        1.5659538083261166,
        1.2443399795989236,
        0.9031021660607824,
        0.5476218918767781,
        0.18350529332441817,
        -0.18350529332441898,
        -0.5476218918767815,
        -0.9031021660607829,
        -1.2443399795989265,
        -1.5659538083261173,
        -1.862871610040548,
        -2.130410813639076,
        -2.3643521660607836,
        -2.5610062724281923,
        -2.7172717800084145,
        -2.8306842883984253,
        -2.8994552145915606,
        -2.9225
    ],
    "args": {
        "I_fc": [
            0.5,
            10.0,
            201.0
        ],
        "current_units": "mA",
        "cycles": 1.5,
        "d": 0.2,
        "directory": "/scratch/users/lbvh/py-tdgl/results/14122470/51",
        "dt_init": 1e-06,
        "fc_center": [
            0,
            0,
            1
        ],
        "fc_radius": 2.4,
        "field_units": "mT",
        "film_points": 4000,
        "film_radius": 15.0,
        "film_shape": "box",
        "film_smooth": 100,
        "gamma": 1.0,
        "index": 51,
        "lam": 1.35,
        "max_edge_length": 0.5,
        "pl_center": null,
        "pl_radius": 0.8,
        "points_per_cycle": 51.0,
        "save_every": 500,
        "screening": false,
        "seed_solutions": true,
        "slot_radius": 0,
        "slot_size": null,
        "slot_top_center_x": null,
        "slot_top_center_y": null,
        "solve_time": [
            20000.0,
            2000.0
        ],
        "squid_angle": 0,
        "squid_iterations": 5,
        "squid_points": 4000,
        "squid_position": [
            0.0,
            0.0,
            0.5
        ],
        "squid_smooth": 100,
        "squid_type": "hypres-small",
        "xi": 0.9
    },
    "film_fluxoid": [
        1.9987253051931624,
        1.9987347246670881,
        1.998762822715942,
        1.998809124018077,
        1.9988728531062732,
        1.998952952422945,
        1.9990480968649424,
        1.9991566957626679,
        1.9992768562788161,
        1.9994061816867756,
        1.9995401986775794,
        0.9997354392284433,
        0.9998830421672958,
        7.472443705350813e-05,
        0.00022302368970531276,
        0.0003678960327555071,
        0.0005071308436000495,
        0.0006386314996226377,
        0.000760468010615163,
        0.0008709426518559766,
        -0.998994753784697,
        -0.9989140795418298,
        -0.9988497898653086,
        -0.9988029887000032,
        -0.9987745335762943,
        -0.9987649830622312,
        -0.9987745335757607,
        -0.9988029887002936,
        -0.9988497898655968,
        -0.9989140795418666,
        -0.9989947537845465,
        -0.999090491300994,
        -0.999199767966515,
        -0.9993208687052489,
        -0.9994519032737967,
        -0.9995908255068402,
        -0.9997354392295174,
        -0.9998830421682349,
        -7.47244372406661e-05,
        -0.00022302369009224489,
        -0.0003678960333622863,
        -0.0005071308433282533,
        -0.0006386314963874658,
        -0.0007604680127776662,
        -0.0008709426511338405,
        0.9989947537842117,
        0.9989140795423744,
        0.9988497898650116,
        0.9988029886994191,
        0.9987745335767523,
        0.9987649830619422,
        0.9987745335768411,
        0.9988029887001235,
        0.9988497898651236,
        0.998914079542116,
        0.9989947537843638,
        0.9990904913007873,
        0.9991997679665715,
        0.999320868704992,
        0.9994519032733651,
        0.9995908255073932,
        0.9997354392268991,
        0.9998830421674907,
        7.472443703647449e-05,
        0.0002230236903446396,
        0.00036789603442197643,
        0.0005071308427316166,
        0.0006386314960313674,
        0.0007604680121935662,
        0.0008709426530573743,
        -0.9989947537842341,
        -0.9989140795421224,
        -0.998849789865154,
        -0.9988029886996131,
        -0.9987745335768053,
        -0.9987649830622198
    ],
    "flux": [
        -0.008598844503415092,
        -0.008352427167168825,
        -0.0076042783505095414,
        -0.0063334843106576996,
        -0.00452351451900668,
        -0.0021867313561677866,
        0.0006064676085515773,
        0.003697745401449058,
        0.006814197970484102,
        0.00954775383526097,
        0.011351761076522368,
        0.00989402959239696,
        0.014272101635383323,
        0.003004076134500128,
        0.008795948049182612,
        0.013967681312541787,
        0.018196627335681063,
        0.021279549914791918,
        0.023147924792982028,
        0.023851319355094835,
        0.014625196401903183,
        0.016422379172424117,
        0.017600106203224265,
        0.018299019323556567,
        0.01865317805715348,
        0.018759390159461535,
        0.018653178055658172,
        0.018299019323746578,
        0.017600106190762996,
        0.016422379172674077,
        0.014625196401565656,
        0.012095272415642446,
        0.008781029830737933,
        0.004722041470166861,
        6.700902380304539e-05,
        -0.004924547564845264,
        -0.009894029589360443,
        -0.014272101631452774,
        -0.0030040761344258503,
        -0.00879594804872798,
        -0.013967681336079247,
        -0.01819662733629934,
        -0.021279549920850124,
        -0.023147924788295086,
        -0.023851319327532525,
        -0.014625196401081945,
        -0.016422379173912986,
        -0.017600106202841144,
        -0.01829901932211652,
        -0.018653178046000175,
        -0.01875939015886817,
        -0.01865317805793932,
        -0.01829901932395305,
        -0.017600106203311056,
        -0.01642237917098871,
        -0.014625196401386062,
        -0.012095272415608541,
        -0.008781029828586905,
        -0.004722041468911486,
        -6.700902270872524e-05,
        0.004924547569463466,
        0.009894029590027949,
        0.014272101634288955,
        0.0030040761337809616,
        0.0087959480481704,
        0.01396768133395873,
        0.018196627335846236,
        0.021279549922133316,
        0.02314792479016307,
        0.023851319349701607,
        0.014625196400182365,
        0.016422379172867752,
        0.0176001061895916,
        0.018299019322341726,
        0.018653178050174343,
        0.018759390154525143
    ],
    "timing": {
        "end_time": "2023-03-29T20:11:12.733816",