{
    "I_fc": [
        1.2,
        1.1905376415773734,
        1.1622997933543573,
        1.1157317830659015,
        1.0515680160526362,
        0.9708203932499369,
        0.8747623529056938,
        0.7649087876984275,
        0.6429921539747958,
        0.5109351498780872,
        0.37082039324993693,
        0.22485757750286942,
        0.07534862343517597,
        -0.07534862343517608,
        -0.22485757750286978,
        -0.37082039324993704,
        -0.5109351498780872,
        -0.6429921539747963,
        -0.7649087876984276,
        -0.8747623529056939,
        -0.9708203932499367,
        -1.0515680160526362,
        -1.1157317830659017,
        -1.1622997933543573,
        -1.1905376415773734,
        -1.2,
        -1.1905376415773734,
        -1.1622997933543573,
        -1.1157317830659015,
        -1.0515680160526362,
        -0.9708203932499366,
        -0.8747623529056938,
        -0.7649087876984274,
        -0.6429921539747956,
        -0.5109351498780865,
        -0.37082039324993704,
        -0.22485757750286955,
        -0.07534862343517584,
        0.07534862343517647,
        0.22485757750287014,
        0.37082039324993665,
        0.5109351498780871,
        0.6429921539747961,
        0.764908787698428,
        0.8747623529056943,
        0.9708203932499373,
        1.0515680160526362,
        1.1157317830659017,
        1.1622997933543573,
        1.1905376415773734,
        1.2,
        1.1905376415773734,
        1.1622997933543573,
        1.1157317830659015,
        1.051568016052636,
        0.9708203932499364,
        0.8747623529056932,
        0.7649087876984275,
        0.6429921539747957,
        0.5109351498780867,
        0.3708203932499362,
        0.22485757750286864,
        0.07534862343517598,
        -0.07534862343517632,
        -0.22485757750287003,
        -0.37082039324993654,
        -0.510935149878088,
        -0.6429921539747959,
        -0.7649087876984286,
        -0.8747623529056942,
        -0.9708203932499366,
        -1.0515680160526366,
        -1.1157317830659017,
        -1.1622997933543577,
        -1.1905376415773734,
        -1.2
    ],
    "args": {
        "I_fc": [
            1.2
        ],
        "current_units": "mA",
        "cycles": 1.5,
        "d": 0.2,
        "directory": "/scratch/users/lbvh/py-tdgl/results/17298304/67",
        "dt_init": 1e-06,
        "fc_center": [
            0,
            0,
            1
        ],
        "fc_radius": 2.4,
        "field_units": "mT",
        "film_points": 4000,
        "film_radius": 15.0,
        "film_shape": "box",
        "film_smooth": 100,
        "gamma": 1.0,
        "index": 67,
        "lam": 1.35,
        "max_edge_length": 0.5,
        "pl_center": null,
        "pl_radius": 0.8,
        "points_per_cycle": 51.0,
        "save_every": 500,
        "screening": false,
        "seed_solutions": true,
        "slot_radius": 0.1,
        "slot_size": [
            2.0,
            50.0
        ],
        "slot_top_center_x": [
            -10.0,
            10.0,
            101.0
        ],
        "slot_top_center_y": [
            5.0,
            5.0,
            101.0
        ],
        "solve_time": [
            10000.0,
            2000.0
        ],
        "squid_angle": 180.0,
        "squid_iterations": 5,
        "squid_points": 4000,
        "squid_position": [
            0.0,
            0.0,
            0.5
        ],
        "squid_smooth": 100,
        "squid_type": "hypres-small",
        "xi": 0.9
    },
    "film_fluxoid": [
        0.9990067556382287,
        0.9990143625098624,
        0.9990370643448759,
        0.9990745101769636,
        0.9991261333331592,
        0.999191182357765,
        0.9992687835446779,
        0.9993581285544391,
        0.9994605018587779,
        -0.00040860594099628153,
        -0.00029639433637041417,
        -0.00017966483478252631,
        -6.0194486771793765e-05,
        6.019448677525704e-05,
        0.00017966483478846335,
        0.0002963943363703788,
        0.0004086059410002042,
        0.000514598613718477,
        0.0006127819027963837,
        0.0007017288873270689,
        0.0007803633309176073,
        -0.9991261333331751,
        -0.9990745101769928,
        -0.9990370643448656,
        -0.9990143625099219,
        -0.9990067556381987,
        -0.9990143625099478,
        -0.9990370643448583,
        -0.9990745101769397,
        -0.9991261333332222,
        -0.9991911823577928,
        -0.9992687835446142,
        -0.9993581285544467,
        -0.999460501858802,
        0.00040860594100059297,
        0.0002963943363726406,
        0.00017966483478052078,
        6.019448676758837e-05,
        -6.019448677625317e-05,
        -0.000179664834784682,
        -0.00029639433637458423,
        -0.00040860594100424174,
        -0.0005145986137292555,
        -0.0006127819027885738,
        -0.0007017288873284737,
        -0.0007803633309066167,
        0.9991261333332286,
        0.9990745101770013,
        0.9990370643448921,
        0.9990143625099037,
        0.9990067556382572,
        0.9990143625099397,
        0.9990370643448392,
        0.9990745101769605,
        0.9991261333331534,
        0.9991911823577806,
        0.9992687835447034,
        0.9993581285544246,
        0.9994605018587559,
        -0.00040860594100200655,
        -0.0002963943363746549,
        -0.0001796648347860956,
        -6.019448677023883e-05,
        6.0194486770309505e-05,
        0.00017966483479051304,
        0.00029639433637013146,
        0.0004086059410006636,
        0.0005145986137250854,
        0.0006127819028019674,
        0.0007017288873281158,
        0.0007803633309164765,
        -0.9991261333331803,
        -0.9990745101769508,
        -0.9990370643448575,
        -0.9990143625099402,
        -0.9990067556382073
    ],