{
    "I_fc": [
        1.0,
        0.9921147013144777,
        0.9685831611286313,
        0.9297764858882512,
        0.8763066800438635,
        0.8090169943749476,
        0.7289686274214117,
        0.6374239897486896,
        0.5358267949789965,
        0.42577929156507266,
        0.3090169943749475,
        0.18738131458572452,
        0.06279051952931329,
        -0.0627905195293134,
        -0.18738131458572485,
        -0.3090169943749476,
        -0.42577929156507277,
        -0.5358267949789968,
        -0.6374239897486896,
        -0.7289686274214117,
        -0.8090169943749475,
        -0.8763066800438636,
        -0.9297764858882515,
        -0.9685831611286313,
        -0.9921147013144777,
        -1.0,
        -0.9921147013144777,
        -0.9685831611286312,
        -0.9297764858882512,
        -0.8763066800438635,
        -0.8090169943749473,
        -0.7289686274214117,
        -0.6374239897486895,
        -0.5358267949789962,
        -0.42577929156507216,
        -0.3090169943749476,
        -0.18738131458572466,
        -0.0627905195293132,
        0.06279051952931372,
        0.18738131458572516,
        0.3090169943749473,
        0.42577929156507266,
        0.5358267949789967,
        0.6374239897486899,
        0.7289686274214119,
        0.8090169943749479,
        0.8763066800438635,
        0.9297764858882513,
        0.9685831611286313,
        0.9921147013144777,
        1.0,
        0.9921147013144777,
        0.9685831611286312,
        0.9297764858882512,
        0.8763066800438633,
        0.8090169943749471,
        0.7289686274214111,
        0.6374239897486896,
        0.5358267949789963,
        0.42577929156507227,
        0.30901699437494695,
        0.1873813145857239,
        0.06279051952931332,
        -0.0627905195293136,
        -0.18738131458572505,
        -0.3090169943749471,
        -0.42577929156507327,
        -0.5358267949789965,
        -0.6374239897486905,
        -0.7289686274214119,
        -0.8090169943749473,
        -0.8763066800438639,
        -0.9297764858882513,
        -0.9685831611286315,
        -0.9921147013144777,
        -1.0
    ],
    "args": {
        "I_fc": [
            1.0
        ],
        "current_units": "mA",
        "cycles": 1.5,
        "d": 0.2,
        "directory": "/scratch/users/lbvh/py-tdgl/results/17223926/36",
        "dt_init": 1e-06,
        "fc_center": [
            0,
            0,
            1
        ],
        "fc_radius": 2.4,
        "field_units": "mT",
        "film_points": 4000,
        "film_radius": 15.0,
        "film_shape": "box",
        "film_smooth": 100,
        "gamma": 1.0,
        "index": 36,
        "lam": 1.35,
        "max_edge_length": 0.5,
        "pl_center": null,
        "pl_radius": 0.8,
        "points_per_cycle": 51.0,
        "save_every": 500,
        "screening": false,
        "seed_solutions": true,
        "slot_radius": 0.1,
        "slot_size": [
            2.0,
            50.0
        ],
        "slot_top_center_x": [
            -10.0,
            10.0,
            101.0
        ],
        "slot_top_center_y": [
            5.0,
            5.0,
            101.0
        ],
        "solve_time": [
            10000.0,
            2000.0
        ],
        "squid_angle": 180.0,
        "squid_iterations": 5,
        "squid_points": 4000,
        "squid_position": [
            0.0,
            0.0,
            0.5
        ],
        "squid_smooth": 100,
        "squid_type": "hypres-small",
        "xi": 0.9
    },
    "film_fluxoid": [
        -0.000792224036557864,
        -0.0007859772708122076,
        -0.0007673354689019331,
        -0.0007365925649436741,
        -0.0006942333016112287,
        -0.0006409255957702893,
        -0.0005775100201325656,
        -0.0005049865646212788,
        -0.0004244988830299674,
        -0.00033731627023106115,
        -0.000244813651903756,
        -0.00014844990109268356,
        -4.974482361623987e-05,
        4.974482361616919e-05,
        0.000148449901093355,
        0.00024481365190425077,
        0.0003373162702311661,
        0.00042449888302903085,
        0.0005049865646222683,
        0.0005775100201330251,
        0.0006409255957705014,
        0.0006942333016108752,
        0.0007365925649422605,
        0.0007673354689014384,
        0.0007859772708127023,
        0.0007922240365572278,
        0.0007859772708132678,
        0.0007673354689005902,
        0.0007365925649414831,
        0.0006942333016107338,
        0.0006409255957702893,
        0.0005775100201322122,
        0.0005049865646222683,
        0.000424498883029614,
        0.000337316270232086,
        0.000244813651903544,
        0.000148449901093355,
        4.974482361606317e-05,
        -4.974482361648725e-05,
        -0.00014844990109305463,
        -0.0002448136519026119,
        -0.00033731627022993033,
        -0.0004244988830295963,
        -0.000504986564622339,
        -0.000577510020133237,
        -0.0006409255957714201,
        -0.0006942333016103805,
        -0.0007365925649425433,
        -0.0007673354689024985,
        -0.0007859772708124904,
        -0.0007922240365575105,
        -0.0007859772708136919,
        -0.0007673354689010849,
        -0.0007365925649404229,
        -0.0006942333016089669,
        -0.0006409255957714201,
        -0.0005775100201315761,
        -0.0005049865646218442,
        -0.0004244988830304621,
        -0.00033731627023113184,
        -0.0002448136519038267,
        -0.00014844990109261287,
        -4.974482361631055e-05,
        4.9744823616451905e-05,
        0.000148449901093302,
        0.000244813651903809,
        0.00033731627023161117,
        0.0004244988830295963,
        0.0005049865646229575,
        0.0005775100201322122,
        0.0006409255957701479,
        0.0006942333016106985,
        0.0007365925649415891,
        0.0007673354689024278,
        0.0007859772708140452,
        0.0007922240365554608
    ],