{
    "I_fc": [
        1.5,
        1.4881720519717165,
        1.452874741692947,
        1.3946647288323768,
        1.3144600200657952,
        1.2135254915624214,
        1.0934529411321174,
        0.9561359846230344,
        0.8037401924684948,
        0.638668937347609,
        0.4635254915624213,
        0.2810719718785868,
        0.09418577929396993,
        -0.0941857792939701,
        -0.2810719718785873,
        -0.4635254915624214,
        -0.6386689373476091,
        -0.8037401924684952,
        -0.9561359846230344,
        -1.0934529411321174,
        -1.2135254915624212,
        -1.3144600200657954,
        -1.3946647288323772,
        -1.452874741692947,
        -1.4881720519717165,
        -1.5,
        -1.4881720519717165,
        -1.4528747416929468,
        -1.3946647288323768,
        -1.3144600200657952,
        -1.213525491562421,
        -1.0934529411321174,
        -0.9561359846230343,
        -0.8037401924684944,
        -0.6386689373476082,
        -0.4635254915624214,
        -0.281071971878587,
        -0.09418577929396979,
        0.09418577929397058,
        0.28107197187858773,
        0.46352549156242095,
        0.638668937347609,
        0.803740192468495,
        0.9561359846230348,
        1.0934529411321179,
        1.2135254915624218,
        1.3144600200657952,
        1.394664728832377,
        1.452874741692947,
        1.4881720519717165,
        1.5,
        1.4881720519717165,
        1.4528747416929468,
        1.3946647288323768,
        1.3144600200657948,
        1.2135254915624207,
        1.0934529411321168,
        0.9561359846230344,
        0.8037401924684945,
        0.6386689373476084,
        0.4635254915624204,
        0.28107197187858585,
        0.09418577929396998,
        -0.0941857792939704,
        -0.28107197187858757,
        -0.4635254915624207,
        -0.6386689373476099,
        -0.8037401924684948,
        -0.9561359846230357,
        -1.0934529411321179,
        -1.213525491562421,
        -1.3144600200657959,
        -1.394664728832377,
        -1.4528747416929473,
        -1.4881720519717165,
        -1.5
    ],
    "args": {
        "I_fc": [
            1.5
        ],
        "current_units": "mA",
        "cycles": 1.5,
        "d": 0.2,
        "directory": "/scratch/users/lbvh/py-tdgl/results/17223933/70",
        "dt_init": 1e-06,
        "fc_center": [
            0,
            0,
            1
        ],
        "fc_radius": 2.4,
        "field_units": "mT",
        "film_points": 4000,
        "film_radius": 15.0,
        "film_shape": "box",
        "film_smooth": 100,
        "gamma": 1.0,
        "index": 70,
        "lam": 1.35,
        "max_edge_length": 0.5,
        "pl_center": null,
        "pl_radius": 0.8,
        "points_per_cycle": 51.0,
        "save_every": 500,
        "screening": false,
        "seed_solutions": true,
        "slot_radius": 0.1,
        "slot_size": [
            2.0,
            50.0
        ],
        "slot_top_center_x": [
            -10.0,
            10.0,
            101.0
        ],
        "slot_top_center_y": [
            5.0,
            5.0,
            101.0
        ],
        "solve_time": [
            10000.0,
            2000.0
        ],
        "squid_angle": 180.0,
        "squid_iterations": 5,
        "squid_points": 4000,
        "squid_position": [
            0.0,
            0.0,
            0.5
        ],
        "squid_smooth": 100,
        "squid_type": "hypres-small",
        "xi": 0.9
    },
    "film_fluxoid": [
        0.999282785338632,
        0.9992881281092351,
        0.9993040519763452,
        0.9993302580797088,
        0.9993662868471307,
        0.9994115550209781,
        0.9994653930554875,
        0.9995271017231756,
        0.9995961047131486,
        0.9996727192782059,
        -0.0002060478611273765,
        -0.0001247969747553518,
        -4.179542569232572e-05,
        4.179542569434007e-05,
        0.0001247969748763189,
        0.0002060478607950527,
        0.0002844439183600767,
        0.00035900712630806416,
        0.00042912842996760165,
        -0.999465393055406,
        -0.9994115550213436,
        -0.9993662868472092,
        -0.9993302580796203,
        -0.9993040519768216,
        -0.9992881281096373,
        -0.9992827853382636,
        -0.999288128109392,
        -0.9993040519768887,
        -0.9993302580795781,
        -0.9993662868470661,
        -0.9994115550214959,
        -0.9994653930553967,
        -0.9995271017231672,
        -0.9995961047131191,
        -0.9996727192782162,
        0.00020604786100361758,
        0.00012479697478895966,
        4.1795425758163204e-05,
        -4.179542568903915e-05,
        -0.0001247969747419935,
        -0.0002060478611041761,
        -0.0002844439183884543,
        -0.00035900712648314926,
        -0.0004291284300872612,
        0.9994653930555136,
        0.9994115550214474,
        0.999366286847003,
        0.9993302580797611,
        0.999304051976967,
        0.9992881281094073,
        0.99928278533845,
        0.9992881281093586,
        0.9993040519765746,
        0.9993302580796523,
        0.9993662868469521,
        0.999411555021562,
        0.999465393055446,
        0.9995271017232511,
        0.9995961047131899,
        0.9996727192782221,
        -0.00020604786074447304,
        -0.0001247969749231791,
        -4.1795425688084977e-05,
        4.179542569434007e-05,
        0.00012479697478705133,
        0.00020604786090731744,
        0.00028444391854567973,
        0.0003590071263445345,
        0.0004291284297082804,
        -0.9994653930553992,
        -0.9994115550212113,
        -0.999366286846871,
        -0.9993302580792166,
        -0.9993040519767385,
        -0.9992881281096132,
        -0.9992827853386171
    ],