{
    "I_fc": [
        1.75,
        1.7362007273003364,
        1.6950205319751044,
        1.62710885030444,
        1.5335366900767613,
        1.415779740156158,
        1.2756950979874702,
        1.115491982060207,
        0.937696891213244,
        0.7451137602388771,
        0.540779740156158,
        0.3279173005250179,
        0.10988340917629828,
        -0.10988340917629845,
        -0.32791730052501844,
        -0.5407797401561583,
        -0.7451137602388772,
        -0.9376968912132445,
        -1.115491982060207,
        -1.2756950979874704,
        -1.4157797401561578,
        -1.5335366900767613,
        -1.62710885030444,
        -1.6950205319751044,
        -1.7362007273003364,
        -1.75,
        -1.7362007273003364,
        -1.6950205319751044,
        -1.6271088503044397,
        -1.533536690076761,
        -1.4157797401561576,
        -1.2756950979874702,
        -1.1154919820602067,
        -0.9376968912132435,
        -0.7451137602388763,
        -0.5407797401561583,
        -0.3279173005250181,
        -0.10988340917629812,
        0.10988340917629902,
        0.327917300525019,
        0.5407797401561576,
        0.7451137602388771,
        0.9376968912132444,
        1.1154919820602074,
        1.2756950979874708,
        1.4157797401561587,
        1.5335366900767613,
        1.62710885030444,
        1.6950205319751046,
        1.7362007273003364,
        1.75,
        1.7362007273003364,
        1.6950205319751044,
        1.62710885030444,
        1.5335366900767609,
        1.4157797401561574,
        1.2756950979874693,
        1.115491982060207,
        0.9376968912132437,
        0.7451137602388764,
        0.5407797401561569,
        0.3279173005250168,
        0.10988340917629831,
        -0.1098834091762988,
        -0.3279173005250188,
        -0.5407797401561575,
        -0.7451137602388783,
        -0.9376968912132442,
        -1.1154919820602085,
        -1.2756950979874706,
        -1.4157797401561576,
        -1.5335366900767617,
        -1.62710885030444,
        -1.695020531975105,
        -1.7362007273003364,
        -1.75
    ],
    "args": {
        "I_fc": [
            1.75
        ],
        "current_units": "mA",
        "cycles": 1.5,
        "d": 0.2,
        "directory": "/scratch/users/lbvh/py-tdgl/results/17223199/86",
        "dt_init": 1e-06,
        "fc_center": [
            0,
            0,
            1
        ],
        "fc_radius": 2.4,
        "field_units": "mT",
        "film_points": 4000,
        "film_radius": 15.0,
        "film_shape": "box",
        "film_smooth": 100,
        "gamma": 1.0,
        "index": 86,
        "lam": 1.35,
        "max_edge_length": 0.5,
        "pl_center": null,
        "pl_radius": 0.8,
        "points_per_cycle": 51.0,
        "save_every": 500,
        "screening": false,
        "seed_solutions": true,
        "slot_radius": 0.1,
        "slot_size": [
            2.0,
            50.0
        ],
        "slot_top_center_x": [
            -10.0,
            10.0,
            101.0
        ],
        "slot_top_center_y": [
            -1.0,
            -1.0,
            101.0
        ],
        "solve_time": [
            10000.0,
            2000.0
        ],
        "squid_angle": 180.0,
        "squid_iterations": 5,
        "squid_points": 4000,
        "squid_position": [
            0.0,
            0.0,
            0.5
        ],
        "squid_smooth": 100,
        "squid_type": "hypres-small",
        "xi": 0.9
    },
    "film_fluxoid": [
        0.9988325966575006,
        0.9988413861010593,
        0.9988676184761581,
        0.9989108874634856,
        0.9989705211638967,
        0.9990455905091135,
        0.9991349217213332,
        0.99923711283502,
        0.999350553339076,
        0.9994734438414876,
        0.9996038046248471,
        0.9997394187504794,
        -7.014161297918238e-05,
        7.014161297854626e-05,
        0.00020931703757271947,
        0.0003451867245313899,
        0.000475605738935709,
        0.0005985175882464077,
        0.0007119902059841388,
        0.0008142536457590905,
        0.0009037426863156652,
        0.0009791577019294623,
        0.0010396782119044662,
        -0.9988676184761573,
        -0.9988413861010581,
        -0.9988325966575002,
        -0.9988413861010584,
        -0.9988676184761571,
        -0.9989108874634868,
        -0.9989705211638958,
        -0.9990455905091092,
        -0.9991349217213307,
        -0.9992371128350113,
        -0.9993505533390772,
        -0.9994734438414857,
        -0.9996038046248465,
        -0.9997394187504823,
        7.014161297755677e-05,
        -7.014161297889966e-05,
        -0.0002093170375721673,
        -0.00034518672452983493,
        -0.0004756057389374141,
        -0.0005985175882463723,
        -0.0007119902059857644,
        -0.0008142536457650982,
        -0.0009037426863197734,
        -0.0009791577019255308,
        -0.0010396782119036182,
        0.99886761847616,
        0.9988413861010582,
        0.9988325966574992,
        0.9988413861010608,
        0.9988676184761593,
        0.9989108874634867,
        0.9989705211638967,
        0.9990455905091092,
        0.9991349217213352,
        0.9992371128350163,
        0.9993505533390767,
        0.9994734438414845,
        0.9996038046248428,
        0.9997394187504776,
        -7.014161297904103e-05,
        7.014161297932373e-05,
        0.00020931703757306403,
        0.0003451867245308245,
        0.00047560573893446324,
        0.0005985175882459482,
        0.0007119902059861178,
        0.0008142536457602567,
        0.0009037426863123609,
        0.000979157701932559,
        0.0010396782119051378,
        -0.9988676184761595,
        -0.9988413861010603,
        -0.9988325966574987
    ],