{
    "I_fc": [
        6.675,
        6.62236563127414,
        6.465292600533612,
        6.206258043304078,
        5.849347089292789,
        5.400188437452774,
        4.865865588037922,
        4.254805131572503,
        3.576643856484802,
        2.8420767711968598,
        2.062688437452774,
        1.2507702748597112,
        0.4191267178581663,
        -0.41912671785816696,
        -1.2507702748597131,
        -2.062688437452775,
        -2.84207677119686,
        -3.576643856484804,
        -4.254805131572504,
        -4.865865588037923,
        -5.4001884374527735,
        -5.849347089292789,
        -6.206258043304079,
        -6.465292600533612,
        -6.62236563127414,
        -6.675,
        -6.62236563127414,
        -6.465292600533612,
        -6.206258043304077,
        -5.849347089292788,
        -5.400188437452773,
        -4.865865588037922,
        -4.254805131572502,
        -3.5766438564848,
        -2.8420767711968566,
        -2.062688437452775,
        -1.2507702748597118,
        -0.41912671785816563,
        0.4191267178581691,
        1.2507702748597151,
        2.0626884374527727,
        2.8420767711968598,
        3.5766438564848033,
        4.254805131572505,
        4.8658655880379245,
        5.400188437452776,
        5.849347089292789,
        6.206258043304079,
        6.465292600533613,
        6.62236563127414,
        6.675,
        6.62236563127414,
        6.465292600533612,
        6.206258043304078,
        5.849347089292788,
        5.400188437452771,
        4.865865588037918,
        4.254805131572503,
        3.576643856484801,
        2.8420767711968575,
        2.06268843745277,
        1.250770274859707,
        0.4191267178581664,
        -0.41912671785816824,
        -1.2507702748597145,
        -2.062688437452772,
        -2.842076771196864,
        -3.5766438564848024,
        -4.2548051315725095,
        -4.865865588037924,
        -5.400188437452773,
        -5.849347089292792,
        -6.206258043304079,
        -6.465292600533615,
        -6.62236563127414,
        -6.675
    ],
    "args": {
        "I_fc": [
            0.5,
            10.0,
            201.0
        ],
        "current_units": "mA",
        "cycles": 1.5,
        "d": 0.2,
        "directory": "/scratch/users/lbvh/py-tdgl/results/14122470/130",
        "dt_init": 1e-06,
        "fc_center": [
            0,
            0,
            1
        ],
        "fc_radius": 2.4,
        "field_units": "mT",
        "film_points": 4000,
        "film_radius": 15.0,
        "film_shape": "box",
        "film_smooth": 100,
        "gamma": 1.0,
        "index": 130,
        "lam": 1.35,
        "max_edge_length": 0.5,
        "pl_center": null,
        "pl_radius": 0.8,
        "points_per_cycle": 51.0,
        "save_every": 500,
        "screening": false,
        "seed_solutions": true,
        "slot_radius": 0,
        "slot_size": null,
        "slot_top_center_x": null,
        "slot_top_center_y": null,
        "solve_time": [
            20000.0,
            2000.0
        ],
        "squid_angle": 0,
        "squid_iterations": 5,
        "squid_points": 4000,
        "squid_position": [
            0.0,
            0.0,
            0.5
        ],
        "squid_smooth": 100,
        "squid_type": "hypres-small",
        "xi": 0.9
    },
    "film_fluxoid": [
        2.997099829239574,
        2.99712206753917,
        2.9971884123376182,
        2.997297731181856,
        2.9974480075269496,
        2.997632036069348,
        2.997860133601221,
        2.9981238699187487,
        2.9984163657517193,
        2.9987153681117524,
        2.9990294698224367,
        1.999403610804745,
        0.9997876624961227,
        0.00017068248990957094,
        0.0005097569107336672,
        0.0008428852594892655,
        -1.998758169228275,
        -1.9984567486390619,
        -2.998138250249088,
        -2.997883529197908,
        -2.9976367425397066,
        -2.9974489434814076,
        -2.997299227642265,
        -2.9971844517401824,
        -2.9971184460026463,
        -2.997096315776444,
        -2.9971184494908854,
        -2.997184461806557,
        -2.997293244621846,
        -2.997443087496753,
        -2.9976320363765083,
        -2.9978601336035693,
        -2.998123869923796,
        -2.998416365753012,
        -2.9987153681147034,
        -2.999029469822517,
        -1.9994036108040576,
        -0.999787662495398,
        -0.00017068248953447753,
        -0.000509756912189036,
        -0.0008428852614448472,
        1.9987581692287997,
        1.9984567486386609,
        2.998138250248886,
        2.9978835291993144,
        2.9976367425422072,
        2.997448943482442,
        2.9972992276280768,
        2.9971844517415236,
        2.9971184460028963,
        2.997096315776523,
        2.997118449490622,
        2.9971844618072394,
        2.9972932446231657,
        2.9974430875016975,
        2.997632036377647,
        2.9978601336016997,
        2.9981238699222277,
        2.9984163657540757,
        2.9987153681135914,
        2.999029469823737,
        1.9994036108050814,
        0.9997876624953064,
        0.00017068248960600465,
        0.0005097569109611829,
        0.0008428852577962563,
        -1.9987581692255996,
        -1.998456748638285,
        -2.99813825024879,
        -2.9978835291984725,
        -2.9976367425389663,
        -2.9974489434846645,
        -2.9972992276444668,
        -2.9971844517405843,
        -2.9971184459994906,
        -2.9970963157755195
    ],
    "flux": [
        -0.005056957874584593,
        -0.004718268629403402,
        -0.003715386408120639,
        -0.0021390046865629514,
        -0.00034611942755614217,
        -0.0017434762949451394,
        -0.002978973840777974,
        -0.004460450076965533,
        -0.004177223579498888,
        0.004069620814202134,
        0.011794576033492873,
        0.009501709896106275,
        0.011566427955238826,
        0.006792337100109078,
        0.018267635825176317,
        0.023772640300777283,
        0.007729479145411822,
        0.01432191195156821,
        0.010454492363472609,
        0.013244823684438526,
        0.007088872247204094,
        0.01012749562170443,
        0.011308495776011793,
        0.008962976636335033,
        0.009877990820759517,
        0.010162814756910549,
        0.009877604369325605,
        0.008961491573263293,
        0.007284864677483394,
        0.004787809506906686,
        0.0017432874790772501,
        0.002978973449524521,
        0.004460450459214242,
        0.004177223582227384,
        -0.004069620834159803,
        -0.011794576034043543,
        -0.009501709975333152,
        -0.011566427956936217,
        -0.006792337094076007,
        -0.01826763581855186,
        -0.023772640296527005,
        -0.007729479146845109,
        -0.01432191197195981,
        -0.01045449240598622,
        -0.013244823685758796,
        -0.007088872189053784,
        -0.010127495638157237,
        -0.011308486703686296,
        -0.008962976582925827,
        -0.009877990852631552,
        -0.010162814767742256,
        -0.009877604368418573,
        -0.008961491557135803,
        -0.007284864606945385,
        -0.0047878095103723135,
        -0.0017432875105076132,
        -0.002978973460489869,
        -0.004460450435080404,
        -0.004177223586351398,
        0.004069620838730722,
        0.011794576031046904,
        0.009501709931671229,
        0.011566427955548938,
        0.006792337100672822,
        0.01826763582530597,
        0.023772640305693104,
        0.007729479150578419,
        0.014321911973374771,
        0.010454492363606575,
        0.01324482368598756,
        0.007088872176852536,
        0.010127495676563542,
        0.011308497201799104,
        0.008962976614991187,
        0.009877990800711677,
        0.01016281473805964
    ],
    "timing": {
        "end_time": "2023-03-29T14:41:32.759763",
        "start_time": "2023-03-29T09:48:42.948923",