{
    "I_fc": [
        1.5,
        1.4881720519717165,
        1.452874741692947,
        1.3946647288323768,
        1.3144600200657952,
        1.2135254915624214,
        1.0934529411321174,
        0.9561359846230344,
        0.8037401924684948,
        0.638668937347609,
        0.4635254915624213,
        0.2810719718785868,
        0.09418577929396993,
        -0.0941857792939701,
        -0.2810719718785873,
        -0.4635254915624214,
        -0.6386689373476091,
        -0.8037401924684952,
        -0.9561359846230344,
        -1.0934529411321174,
        -1.2135254915624212,
        -1.3144600200657954,
        -1.3946647288323772,
        -1.452874741692947,
        -1.4881720519717165,
        -1.5,
        -1.4881720519717165,
        -1.4528747416929468,
        -1.3946647288323768,
        -1.3144600200657952,
        -1.213525491562421,
        -1.0934529411321174,
        -0.9561359846230343,
        -0.8037401924684944,
        -0.6386689373476082,
        -0.4635254915624214,
        -0.281071971878587,
        -0.09418577929396979,
        0.09418577929397058,
        0.28107197187858773,
        0.46352549156242095,
        0.638668937347609,
        0.803740192468495,
        0.9561359846230348,
        1.0934529411321179,
        1.2135254915624218,
        1.3144600200657952,
        1.394664728832377,
        1.452874741692947,
        1.4881720519717165,
        1.5,
        1.4881720519717165,
        1.4528747416929468,
        1.3946647288323768,
        1.3144600200657948,
        1.2135254915624207,
        1.0934529411321168,
        0.9561359846230344,
        0.8037401924684945,
        0.6386689373476084,
        0.4635254915624204,
        0.28107197187858585,
        0.09418577929396998,
        -0.0941857792939704,
        -0.28107197187858757,
        -0.4635254915624207,
        -0.6386689373476099,
        -0.8037401924684948,
        -0.9561359846230357,
        -1.0934529411321179,
        -1.213525491562421,
        -1.3144600200657959,
        -1.394664728832377,
        -1.4528747416929473,
        -1.4881720519717165,
        -1.5
    ],
    "args": {
        "I_fc": [
            1.5
        ],
        "current_units": "mA",
        "cycles": 1.5,
        "d": 0.2,
        "directory": "/scratch/users/lbvh/py-tdgl/results/17223933/89",
        "dt_init": 1e-06,
        "fc_center": [
            0,
            0,
            1
        ],
        "fc_radius": 2.4,
        "field_units": "mT",
        "film_points": 4000,
        "film_radius": 15.0,
        "film_shape": "box",
        "film_smooth": 100,
        "gamma": 1.0,
        "index": 89,
        "lam": 1.35,
        "max_edge_length": 0.5,
        "pl_center": null,
        "pl_radius": 0.8,
        "points_per_cycle": 51.0,
        "save_every": 500,
        "screening": false,
        "seed_solutions": true,
        "slot_radius": 0.1,
        "slot_size": [
            2.0,
            50.0
        ],
        "slot_top_center_x": [
            -10.0,
            10.0,
            101.0
        ],
        "slot_top_center_y": [
            5.0,
            5.0,
            101.0
        ],
        "solve_time": [
            10000.0,
            2000.0
        ],
        "squid_angle": 180.0,
        "squid_iterations": 5,
        "squid_points": 4000,
        "squid_position": [
            0.0,
            0.0,
            0.5
        ],
        "squid_smooth": 100,
        "squid_type": "hypres-small",
        "xi": 0.9
    },
    "film_fluxoid": [
        -0.0013165997269588311,
        -0.0013061682579006504,
        -0.0012750650517365785,
        -0.0012238352511046188,
        -0.0011533293045890762,
        -0.0010646758702094212,
        -0.0009592714389879215,
        -0.0008387692539707698,
        -0.0007050601093053916,
        -0.0005602451827829897,
        -0.00040660316762823384,
        -0.0002465537249089318,
        -8.261861399709292e-05,
        8.261861400401946e-05,
        0.0002465537248646161,
        0.00040660316772019164,
        0.0005602451827574746,
        0.0007050601092818556,
        0.0008387692538883581,
        0.000959271438886073,
        0.001064675870081744,
        0.0011533293046283913,
        0.0012238352511663453,
        0.0012750650516632845,
        0.0013061682578479237,
        0.0013165997269377777,
        0.0013061682578417748,
        0.0012750650517159756,
        0.0012238352510898116,
        0.0011533293046423504,
        0.0010646758701067997,
        0.0009592714389663996,
        0.0008387692540149441,
        0.0007050601092172549,
        0.0005602451826741817,
        0.00040660316763352594,
        0.0002465537248994608,
        8.261861402600283e-05,
        -8.261861399309955e-05,
        -0.0002465537248330579,
        -0.0004066031676595446,
        -0.000560245182843703,
        -0.0007050601092489368,
        -0.0008387692539611927,
        -0.0009592714389147686,
        -0.0010646758701102982,
        -0.0011533293045953312,
        -0.001223835251080058,
        -0.0012750650516876686,
        -0.0013061682578749585,
        -0.001316599726993888,
        -0.001306168257876372,
        -0.0012750650516890115,
        -0.0012238352511418312,
        -0.001153329304628409,
        -0.0010646758701214655,
        -0.0009592714388849774,
        -0.0008387692538890295,
        -0.0007050601093670945,
        -0.0005602451828098831,
        -0.0004066031676661708,
        -0.0002465537248325278,
        -8.26186139966335e-05,
        8.261861401172346e-05,
        0.0002465537248599159,
        0.0004066031676832707,
        0.0005602451827821063,
        0.0007050601092571532,
        0.0008387692540321192,
        0.0009592714388971696,
        0.0010646758700753388,
        0.0011533293045906487,
        0.0012238352511273244,
        0.0012750650516657582,
        0.0013061682578538961,
        0.001316599727001159
    ],