{
    "I_fc": [
        1.2,
        1.1905376415773734,
        1.1622997933543573,
        1.1157317830659015,
        1.0515680160526362,
        0.9708203932499369,
        0.8747623529056938,
        0.7649087876984275,
        0.6429921539747958,
        0.5109351498780872,
        0.37082039324993693,
        0.22485757750286942,
        0.07534862343517597,
        -0.07534862343517608,
        -0.22485757750286978,
        -0.37082039324993704,
        -0.5109351498780872,
        -0.6429921539747963,
        -0.7649087876984276,
        -0.8747623529056939,
        -0.9708203932499367,
        -1.0515680160526362,
        -1.1157317830659017,
        -1.1622997933543573,
        -1.1905376415773734,
        -1.2,
        -1.1905376415773734,
        -1.1622997933543573,
        -1.1157317830659015,
        -1.0515680160526362,
        -0.9708203932499366,
        -0.8747623529056938,
        -0.7649087876984274,
        -0.6429921539747956,
        -0.5109351498780865,
        -0.37082039324993704,
        -0.22485757750286955,
        -0.07534862343517584,
        0.07534862343517647,
        0.22485757750287014,
        0.37082039324993665,
        0.5109351498780871,
        0.6429921539747961,
        0.764908787698428,
        0.8747623529056943,
        0.9708203932499373,
        1.0515680160526362,
        1.1157317830659017,
        1.1622997933543573,
        1.1905376415773734,
        1.2,
        1.1905376415773734,
        1.1622997933543573,
        1.1157317830659015,
        1.051568016052636,
        0.9708203932499364,
        0.8747623529056932,
        0.7649087876984275,
        0.6429921539747957,
        0.5109351498780867,
        0.3708203932499362,
        0.22485757750286864,
        0.07534862343517598,
        -0.07534862343517632,
        -0.22485757750287003,
        -0.37082039324993654,
        -0.510935149878088,
        -0.6429921539747959,
        -0.7649087876984286,
        -0.8747623529056942,
        -0.9708203932499366,
        -1.0515680160526366,
        -1.1157317830659017,
        -1.1622997933543577,
        -1.1905376415773734,
        -1.2
    ],
    "args": {
        "I_fc": [
            1.2
        ],
        "current_units": "mA",
        "cycles": 1.5,
        "d": 0.2,
        "directory": "/scratch/users/lbvh/py-tdgl/results/17298299/39",
        "dt_init": 1e-06,
        "fc_center": [
            0,
            0,
            1
        ],
        "fc_radius": 2.4,
        "field_units": "mT",
        "film_points": 4000,
        "film_radius": 15.0,
        "film_shape": "box",
        "film_smooth": 100,
        "gamma": 1.0,
        "index": 39,
        "lam": 1.35,
        "max_edge_length": 0.5,
        "pl_center": null,
        "pl_radius": 0.8,
        "points_per_cycle": 51.0,
        "save_every": 500,
        "screening": false,
        "seed_solutions": true,
        "slot_radius": 0.1,
        "slot_size": [
            2.0,
            50.0
        ],
        "slot_top_center_x": [
            -10.0,
            10.0,
            101.0
        ],
        "slot_top_center_y": [
            -1.0,
            -1.0,
            101.0
        ],
        "solve_time": [
            10000.0,
            2000.0
        ],
        "squid_angle": 180.0,
        "squid_iterations": 5,
        "squid_points": 4000,
        "squid_position": [
            0.0,
            0.0,
            0.5
        ],
        "squid_smooth": 100,
        "squid_type": "hypres-small",
        "xi": 0.9
    },
    "film_fluxoid": [
        0.9996786751569382,
        0.9996811897066543,
        0.999688694655786,
        0.9997010758331714,
        0.999718151387511,
        0.999739705432789,
        -0.00023254182015458878,
        -0.00020313758619180526,
        -0.00017064825426723186,
        -0.00013553806064230302,
        -9.833766459779047e-05,
        -5.9617730993324196e-05,
        -1.9975619114473593e-05,
        1.9975619114606113e-05,
        5.9617730993783606e-05,
        9.83376645973134e-05,
        0.00013553806064286843,
        0.00017064825426765594,
        0.00020313758619251206,
        0.00023254182015384667,
        -0.9997397054327899,
        -0.9997181513875145,
        -0.9997010758331755,
        -0.9996886946557932,
        -0.9996811897066522,
        -0.99967867515694,
        -0.9996811897066561,
        -0.999688694655793,
        -0.9997010758331727,
        -0.9997181513875149,
        -0.999739705432791,
        0.00023254182015345793,
        0.00020313758619203498,
        0.00017064825426765594,
        0.0001355380606426078,
        9.833766459805552e-05,
        5.961773099353623e-05,
        1.9975619114933004e-05,
        -1.9975619115215723e-05,
        -5.961773099360691e-05,
        -9.833766459708368e-05,
        -0.00013553806064251503,
        -0.00017064825426766478,
        -0.00020313758619251206,
        -0.00023254182015444743,
        0.9997397054327885,
        0.9997181513875145,
        0.9997010758331725,
        0.9996886946557868,
        0.9996811897066531,
        0.999678675156939,
        0.9996811897066582,
        0.9996886946557837,
        0.999701075833173,
        0.9997181513875112,
        0.9997397054327868,
        -0.00023254182015395268,
        -0.00020313758619222935,
        -0.0001706482542673379,
        -0.00013553806064308047,
        -9.833766459711903e-05,
        -5.9617730993500894e-05,
        -1.9975619114717654e-05,
        1.9975619114720968e-05,
        5.9617730993924966e-05,
        9.833766459711903e-05,
        0.0001355380606430098,
        0.0001706482542677266,
        0.00020313758619134586,
        0.00023254182015308686,
        -0.9997397054327907,
        -0.9997181513875111,
        -0.9997010758331755,
        -0.9996886946557892,
        -0.9996811897066559,
        -0.9996786751569399
    ],