{
    "I_fc": [
        1.2,
        1.1905376415773734,
        1.1622997933543573,
        1.1157317830659015,
        1.0515680160526362,
        0.9708203932499369,
        0.8747623529056938,
        0.7649087876984275,
        0.6429921539747958,
        0.5109351498780872,
        0.37082039324993693,
        0.22485757750286942,
        0.07534862343517597,
        -0.07534862343517608,
        -0.22485757750286978,
        -0.37082039324993704,
        -0.5109351498780872,
        -0.6429921539747963,
        -0.7649087876984276,
        -0.8747623529056939,
        -0.9708203932499367,
        -1.0515680160526362,
        -1.1157317830659017,
        -1.1622997933543573,
        -1.1905376415773734,
        -1.2,
        -1.1905376415773734,
        -1.1622997933543573,
        -1.1157317830659015,
        -1.0515680160526362,
        -0.9708203932499366,
        -0.8747623529056938,
        -0.7649087876984274,
        -0.6429921539747956,
        -0.5109351498780865,
        -0.37082039324993704,
        -0.22485757750286955,
        -0.07534862343517584,
        0.07534862343517647,
        0.22485757750287014,
        0.37082039324993665,
        0.5109351498780871,
        0.6429921539747961,
        0.764908787698428,
        0.8747623529056943,
        0.9708203932499373,
        1.0515680160526362,
        1.1157317830659017,
        1.1622997933543573,
        1.1905376415773734,
        1.2,
        1.1905376415773734,
        1.1622997933543573,
        1.1157317830659015,
        1.051568016052636,
        0.9708203932499364,
        0.8747623529056932,
        0.7649087876984275,
        0.6429921539747957,
        0.5109351498780867,
        0.3708203932499362,
        0.22485757750286864,
        0.07534862343517598,
        -0.07534862343517632,
        -0.22485757750287003,
        -0.37082039324993654,
        -0.510935149878088,
        -0.6429921539747959,
        -0.7649087876984286,
        -0.8747623529056942,
        -0.9708203932499366,
        -1.0515680160526366,
        -1.1157317830659017,
        -1.1622997933543577,
        -1.1905376415773734,
        -1.2
    ],
    "args": {
        "I_fc": [
            1.2
        ],
        "current_units": "mA",
        "cycles": 1.5,
        "d": 0.2,
        "directory": "/scratch/users/lbvh/py-tdgl/results/17298304/17",
        "dt_init": 1e-06,
        "fc_center": [
            0,
            0,
            1
        ],
        "fc_radius": 2.4,
        "field_units": "mT",
        "film_points": 4000,
        "film_radius": 15.0,
        "film_shape": "box",
        "film_smooth": 100,
        "gamma": 1.0,
        "index": 17,
        "lam": 1.35,
        "max_edge_length": 0.5,
        "pl_center": null,
        "pl_radius": 0.8,
        "points_per_cycle": 51.0,
        "save_every": 500,
        "screening": false,
        "seed_solutions": true,
        "slot_radius": 0.1,
        "slot_size": [
            2.0,
            50.0
        ],
        "slot_top_center_x": [
            -10.0,
            10.0,
            101.0
        ],
        "slot_top_center_y": [
            5.0,
            5.0,
            101.0
        ],
        "solve_time": [
            10000.0,
            2000.0
        ],
        "squid_angle": 180.0,
        "squid_iterations": 5,
        "squid_points": 4000,
        "squid_position": [
            0.0,
            0.0,
            0.5
        ],
        "squid_smooth": 100,
        "squid_type": "hypres-small",
        "xi": 0.9
    },
    "film_fluxoid": [
        0.00039438235799376677,
        0.00039127256842575754,
        0.00038199222797642956,
        0.0003666876623700831,
        0.00034560020730438,
        0.0003190624089126494,
        0.0002874927777380164,
        0.0002513891855603555,
        0.00021132101106558767,
        0.00016792015843203518,
        0.00012187109045540516,
        7.390003336325504e-05,
        2.476352351159935e-05,
        -2.476352351159935e-05,
        -7.390003336325504e-05,
        -0.00012187109045540516,
        -0.00016792015843203518,
        -0.00021132101106558767,
        -0.00025138918556040854,
        -0.00028749277773804506,
        -0.0003190624089127201,
        -0.0003456002073044507,
        -0.00036668766237015377,
        -0.0003819922279764207,
        -0.00039127256842581056,
        -0.00039438235799371375,
        -0.00039127256842581056,
        -0.0003819922279763854,
        -0.00036668766237015377,
        -0.00034560020730434464,
        -0.00031906240891257877,
        -0.0002874927777379744,
        -0.0002513891855603379,
        -0.00021132101106551698,
        -0.00016792015843203518,
        -0.00012187109045547583,
        -7.390003336329037e-05,
        -2.476352351159935e-05,
        2.4763523511634687e-05,
        7.390003336332571e-05,
        0.00012187109045540516,
        0.00016792015843203518,
        0.00021132101106557442,
        0.00025138918556039087,
        0.0002874927777379921,
        0.0003190624089126362,
        0.00034560020730432697,
        0.0003666876623701184,
        0.00038199222797652676,
        0.0003912725684257045,
        0.0003943823579936961,
        0.00039127256842581056,
        0.0003819922279764384,
        0.0003666876623700831,
        0.000345600207304274,
        0.0003190624089126494,
        0.00028749277773804506,
        0.00025138918556032023,
        0.00021132101106551698,
        0.00016792015843203518,
        0.00012187109045547583,
        7.390003336325504e-05,
        2.476352351159935e-05,
        -2.4763523511625854e-05,
        -7.390003336325504e-05,
        -0.00012187109045544049,
        -0.00016792015843203518,
        -0.00021132101106558767,
        -0.00025138918556039087,
        -0.00028749277773804506,
        -0.0003190624089126494,
        -0.000345600207304274,
        -0.0003666876623702951,
        -0.0003819922279763854,
        -0.00039127256842588125,
        -0.00039438235799371375
    ],