{
    "I_fc": [
        1.1,
        1.0913261714459257,
        1.0654414772414942,
        1.0227541344770765,
        0.96393734804825,
        0.8899186938124423,
        0.8018654901635528,
        0.7011663887235586,
        0.5894094744768963,
        0.46835722072158,
        0.3399186938124422,
        0.206119446044297,
        0.06906957148224464,
        -0.06906957148224475,
        -0.20611944604429733,
        -0.33991869381244233,
        -0.46835722072158004,
        -0.5894094744768966,
        -0.7011663887235587,
        -0.8018654901635529,
        -0.8899186938124422,
        -0.96393734804825,
        -1.0227541344770767,
        -1.0654414772414942,
        -1.0913261714459257,
        -1.1,
        -1.0913261714459257,
        -1.0654414772414942,
        -1.0227541344770765,
        -0.9639373480482499,
        -0.889918693812442,
        -0.8018654901635528,
        -0.7011663887235585,
        -0.589409474476896,
        -0.4683572207215794,
        -0.33991869381244233,
        -0.2061194460442971,
        -0.06906957148224453,
        0.0690695714822451,
        0.20611944604429766,
        0.339918693812442,
        0.4683572207215799,
        0.5894094744768965,
        0.7011663887235591,
        0.8018654901635531,
        0.8899186938124426,
        0.96393734804825,
        1.0227541344770767,
        1.0654414772414944,
        1.0913261714459257,
        1.1,
        1.0913261714459257,
        1.0654414772414942,
        1.0227541344770765,
        0.9639373480482498,
        0.8899186938124418,
        0.8018654901635521,
        0.7011663887235586,
        0.5894094744768962,
        0.46835722072157954,
        0.33991869381244155,
        0.20611944604429627,
        0.06906957148224466,
        -0.06906957148224496,
        -0.20611944604429752,
        -0.33991869381244183,
        -0.4683572207215807,
        -0.5894094744768964,
        -0.7011663887235596,
        -0.801865490163553,
        -0.889918693812442,
        -0.9639373480482504,
        -1.0227541344770767,
        -1.0654414772414946,
        -1.0913261714459257,
        -1.1
    ],
    "args": {
        "I_fc": [
            1.1
        ],
        "current_units": "mA",
        "cycles": 1.5,
        "d": 0.2,
        "directory": "/scratch/users/lbvh/py-tdgl/results/17223196/20",
        "dt_init": 1e-06,
        "fc_center": [
            0,
            0,
            1
        ],
        "fc_radius": 2.4,
        "field_units": "mT",
        "film_points": 4000,
        "film_radius": 15.0,
        "film_shape": "box",
        "film_smooth": 100,
        "gamma": 1.0,
        "index": 20,
        "lam": 1.35,
        "max_edge_length": 0.5,
        "pl_center": null,
        "pl_radius": 0.8,
        "points_per_cycle": 51.0,
        "save_every": 500,
        "screening": false,
        "seed_solutions": true,
        "slot_radius": 0.1,
        "slot_size": [
            2.0,
            50.0
        ],
        "slot_top_center_x": [
            -10.0,
            10.0,
            101.0
        ],
        "slot_top_center_y": [
            -1.0,
            -1.0,
            101.0
        ],
        "solve_time": [
            10000.0,
            2000.0
        ],
        "squid_angle": 180.0,
        "squid_iterations": 5,
        "squid_points": 4000,
        "squid_position": [
            0.0,
            0.0,
            0.5
        ],
        "squid_smooth": 100,
        "squid_type": "hypres-small",
        "xi": 0.9
    },
    "film_fluxoid": [
        -0.0002989151973624004,
        -0.0002965564839658277,
        -0.0002895181450190135,
        -0.00027791252387193005,
        -0.00026192396988796823,
        -0.00024180556973279728,
        -0.0002178751420749258,
        -0.00019051031686057783,
        -0.00016014266862792977,
        -0.00012725097607786494,
        -9.235371811931837e-05,
        -5.600093096106439e-05,
        -1.8765559250597025e-05,
        1.8765559250703043e-05,
        5.600093096112485e-05,
        9.235371811898264e-05,
        0.00012725097607825365,
        0.000160142668627784,
        0.00019051031686047182,
        0.00021787514207460774,
        0.00024180556973265593,
        0.0002619239698883746,
        0.0002779125238721686,
        0.0002895181450189075,
        0.000296556483965916,
        0.00029891519736252413,
        0.0002965564839659867,
        0.0002895181450189075,
        0.0002779125238721686,
        0.00026192396988865735,
        0.00024180556973279728,
        0.0002178751420746784,
        0.00019051031686063085,
        0.0001601426686279607,
        0.00012725097607804606,
        9.235371811919469e-05,
        5.600093096106439e-05,
        1.8765559250561687e-05,
        -1.8765559250597025e-05,
        -5.600093096099371e-05,
        -9.235371811926536e-05,
        -0.00012725097607814765,
        -0.000160142668627784,
        -0.00019051031686064852,
        -0.00021787514207459007,
        -0.0002418055697325847,
        -0.00026192396988858666,
        -0.00027791252387213323,
        -0.0002895181450185894,
        -0.00029655648396579237,
        -0.00029891519736250646,
        -0.00029655648396573935,
        -0.00028951814501910187,
        -0.0002779125238722216,
        -0.0002619239698880742,
        -0.00024180556973300933,
        -0.00021787514207464306,
        -0.00019051031686022444,
        -0.00016014266862771938,
        -0.00012725097607821834,
        -9.235371811944206e-05,
        -5.600093096120575e-05,
        -1.8765559250632367e-05,
        1.876555925105644e-05,
        5.6000930961015796e-05,
        9.235371811930071e-05,
        0.00012725097607832434,
        0.00016014266862785466,
        0.00019051031686082522,
        0.0002178751420750318,
        0.00024180556973279728,
        0.00026192396988858666,
        0.00027791252387223927,
        0.0002895181450189075,
        0.0002965564839657747,
        0.00029891519736231206
    ],