{
    "I_fc": [
        1.0,
        0.9921147013144779,
        0.9685831611286311,
        0.9297764858882513,
        0.8763066800438636,
        0.8090169943749475,
        0.7289686274214116,
        0.6374239897486896,
        0.5358267949789965,
        0.42577929156507266,
        0.30901699437494745,
        0.18738131458572452,
        0.0627905195293133,
        -0.0627905195293134,
        -0.18738131458572482,
        -0.30901699437494756,
        -0.4257792915650727,
        -0.5358267949789969,
        -0.6374239897486897,
        -0.7289686274214117,
        -0.8090169943749473,
        -0.8763066800438636,
        -0.9297764858882515,
        -0.9685831611286311,
        -0.9921147013144779,
        -1.0,
        -0.9921147013144779,
        -0.9685831611286311,
        -0.9297764858882512,
        -0.8763066800438635,
        -0.8090169943749472,
        -0.7289686274214116,
        -0.6374239897486895,
        -0.5358267949789963,
        -0.42577929156507216,
        -0.30901699437494756,
        -0.18738131458572463,
        -0.06279051952931321,
        0.06279051952931372,
        0.18738131458572513,
        0.30901699437494723,
        0.4257792915650726,
        0.5358267949789968,
        0.63742398974869,
        0.7289686274214119,
        0.8090169943749478,
        0.8763066800438636,
        0.9297764858882515,
        0.9685831611286312,
        0.9921147013144779,
        1.0,
        0.9921147013144779,
        0.9685831611286311,
        0.9297764858882513,
        0.8763066800438634,
        0.809016994374947,
        0.728968627421411,
        0.6374239897486896,
        0.5358267949789964,
        0.42577929156507227,
        0.30901699437494684,
        0.18738131458572388,
        0.06279051952931332,
        -0.0627905195293136,
        -0.18738131458572502,
        -0.3090169943749471,
        -0.4257792915650733,
        -0.5358267949789967,
        -0.6374239897486905,
        -0.7289686274214118,
        -0.8090169943749472,
        -0.8763066800438639,
        -0.9297764858882515,
        -0.9685831611286314,
        -0.9921147013144779,
        -1.0
    ],
    "args": {
        "I_fc": [
            1.0
        ],
        "current_units": "mA",
        "cycles": 1.5,
        "d": 0.2,
        "directory": "/scratch/users/lbvh/py-tdgl/results/17223170/22",
        "dt_init": 1e-06,
        "fc_center": [
            0,
            0,
            1
        ],
        "fc_radius": 2.4,
        "field_units": "mT",
        "film_points": 4000,
        "film_radius": 15.0,
        "film_shape": "box",
        "film_smooth": 100,
        "gamma": 1.0,
        "index": 22,
        "lam": 1.35,
        "max_edge_length": 0.5,
        "pl_center": null,
        "pl_radius": 0.8,
        "points_per_cycle": 51.0,
        "save_every": 500,
        "screening": false,
        "seed_solutions": true,
        "slot_radius": 0.1,
        "slot_size": [
            2.0,
            50.0
        ],
        "slot_top_center_x": [
            -10.0,
            10.0,
            101.0
        ],
        "slot_top_center_y": [
            -1.0,
            -1.0,
            101.0
        ],
        "solve_time": [
            10000.0,
            2000.0
        ],
        "squid_angle": 180.0,
        "squid_iterations": 5,
        "squid_points": 4000,
        "squid_position": [
            0.0,
            0.0,
            0.5
        ],
        "squid_smooth": 100,
        "squid_type": "hypres-small",
        "xi": 0.9
    },
    "film_fluxoid": [
        8.687369437824336e-05,
        8.619079669819086e-05,
        8.415220847490633e-05,
        8.078851019123496e-05,
        7.61510616175972e-05,
        7.031168045223346e-05,
        6.336162494361668e-05,
        5.541009398883349e-05,
        4.6582406605469315e-05,
        3.701793802168457e-05,
        2.6867853118274147e-05,
        1.629266996245656e-05,
        5.459687306512331e-06,
        -5.45968730658301e-06,
        -1.629266996270394e-05,
        -2.6867853118238805e-05,
        -3.7017938021507875e-05,
        -4.658240660599941e-05,
        -5.541009398893951e-05,
        -6.33616249437227e-05,
        -7.031168045318762e-05,
        -7.615106161798592e-05,
        -8.07885101911687e-05,
        -8.415220847472963e-05,
        -8.619079669888881e-05,
        -8.687369437771327e-05,
        -8.61907966986061e-05,
        -8.415220847490633e-05,
        -8.07885101918755e-05,
        -7.615106161826864e-05,
        -7.031168045329364e-05,
        -6.33616249433693e-05,
        -5.541009398918688e-05,
        -4.658240660586799e-05,
        -3.701793802178176e-05,
        -2.6867853118342062e-05,
        -1.629266996259792e-05,
        -5.459687306512331e-06,
        5.459687306618349e-06,
        1.629266996275695e-05,
        2.6867853118574532e-05,
        3.70179380214372e-05,
        4.658240660582271e-05,
        5.541009398872747e-05,
        6.336162494411144e-05,
        7.031168045297558e-05,
        7.615106161756185e-05,
        8.078851019109803e-05,
        8.41522084746943e-05,
        8.61907966985796e-05,
        8.687369437827869e-05,
        8.619079669886672e-05,
        8.415220847543642e-05,
        8.078851019095666e-05,
        7.615106161774408e-05,
        7.031168045318762e-05,
        6.336162494381105e-05,
        5.541009398867446e-05,
        4.6582406605610674e-05,
        3.7017938021613896e-05,
        2.6867853118344823e-05,
        1.6292669962845298e-05,
        5.45968730654767e-06,
        -5.459687306556506e-06,
        -1.6292669962562582e-05,
        -2.6867853118132787e-05,
        -3.70179380218425e-05,
        -4.658240660707726e-05,
        -5.541009398876281e-05,
        -6.336162494307775e-05,
        -7.031168045265753e-05,
        -7.615106161787992e-05,
        -8.078851019134761e-05,
        -8.415220847501235e-05,
        -8.6190796698933e-05,
        -8.687369437861e-05
    ],