{
    "I_fc": [
        1.26,
        1.2500645236562418,
        1.2204147830220755,
        1.1715183722191966,
        1.104146416855268,
        1.019361412912434,
        0.9185004705509787,
        0.8031542270833489,
        0.6751417616735357,
        0.5364819073719915,
        0.38936141291243387,
        0.23610045637801289,
        0.07911605460693474,
        -0.07911605460693488,
        -0.2361004563780133,
        -0.389361412912434,
        -0.5364819073719916,
        -0.6751417616735359,
        -0.8031542270833489,
        -0.9185004705509787,
        -1.0193614129124338,
        -1.1041464168552682,
        -1.1715183722191969,
        -1.2204147830220755,
        -1.2500645236562418,
        -1.26,
        -1.2500645236562418,
        -1.2204147830220753,
        -1.1715183722191966,
        -1.104146416855268,
        -1.0193614129124338,
        -0.9185004705509787,
        -0.8031542270833488,
        -0.6751417616735352,
        -0.536481907371991,
        -0.389361412912434,
        -0.23610045637801308,
        -0.07911605460693462,
        0.07911605460693528,
        0.2361004563780137,
        0.3893614129124336,
        0.5364819073719915,
        0.6751417616735358,
        0.8031542270833493,
        0.9185004705509789,
        1.0193614129124344,
        1.104146416855268,
        1.1715183722191966,
        1.2204147830220755,
        1.2500645236562418,
        1.26,
        1.2500645236562418,
        1.2204147830220753,
        1.1715183722191966,
        1.1041464168552677,
        1.0193614129124333,
        0.918500470550978,
        0.8031542270833489,
        0.6751417616735353,
        0.5364819073719911,
        0.38936141291243315,
        0.23610045637801214,
        0.07911605460693479,
        -0.07911605460693513,
        -0.23610045637801355,
        -0.38936141291243337,
        -0.5364819073719923,
        -0.6751417616735357,
        -0.80315422708335,
        -0.9185004705509789,
        -1.0193614129124338,
        -1.1041464168552686,
        -1.1715183722191966,
        -1.2204147830220757,
        -1.2500645236562418,
        -1.26
    ],
    "args": {
        "I_fc": [
            0.5,
            10.0,
            201.0
        ],
        "current_units": "mA",
        "cycles": 1.5,
        "d": 0.2,
        "directory": "/scratch/users/lbvh/py-tdgl/results/14122470/16",
        "dt_init": 1e-06,
        "fc_center": [
            0,
            0,
            1
        ],
        "fc_radius": 2.4,
        "field_units": "mT",
        "film_points": 4000,
        "film_radius": 15.0,
        "film_shape": "box",
        "film_smooth": 100,
        "gamma": 1.0,
        "index": 16,
        "lam": 1.35,
        "max_edge_length": 0.5,
        "pl_center": null,
        "pl_radius": 0.8,
        "points_per_cycle": 51.0,
        "save_every": 500,
        "screening": false,
        "seed_solutions": true,
        "slot_radius": 0,
        "slot_size": null,
        "slot_top_center_x": null,
        "slot_top_center_y": null,
        "solve_time": [
            20000.0,
            2000.0
        ],
        "squid_angle": 0,
        "squid_iterations": 5,
        "squid_points": 4000,
        "squid_position": [
            0.0,
            0.0,
            0.5
        ],
        "squid_smooth": 100,
        "squid_type": "hypres-small",
        "xi": 0.9
    },
    "film_fluxoid": [
        -0.0005135264194859146,
        -0.0005094686831214181,
        -0.0004973609352728862,
        -0.00047739818859688076,
        -0.0004499010405251651,
        -0.00041530945051550884,
        -0.00037417469043042964,
        -0.00032714982598219317,
        -0.00027497898446765117,
        -0.0002184855215798342,
        -0.000158559205746177,
        -9.614250284343082e-05,
        -3.221610747287248e-05,
        3.22161076003067e-05,
        9.614250267263505e-05,
        0.0001585592051730322,
        0.0002184855211672544,
        0.00027497898481108706,
        0.000327149826653394,
        0.00037417468889485784,
        0.0004153094511793436,
        0.0004499010406858692,
        0.0004773981877562535,
        0.0004973609333875417,
        0.0005094686838241086,
        0.000513526420430292,
        0.000509468683254754,
        0.0004973609341056757,
        0.0004773981885081013,
        0.00044990104019057076,
        0.00041530945109128476,
        0.00037417468952181585,
        0.0003271498260575701,
        0.00027497898376181544,
        0.00021848552221584796,
        0.00015855920551523337,
        9.614250261619786e-05,
        3.221610755284576e-05,
        -3.221610765730931e-05,
        -9.614250276575461e-05,
        -0.00015855920553318583,
        -0.000218485521979091,
        -0.0002749789840147402,
        -0.00032714982698152123,
        -0.00037417469128155713,
        -0.0004153094528430388,
        -0.0004499010406311836,
        -0.0004773981879246462,
        -0.0004973609349230076,
        -0.000509468683382895,
        -0.0005135264210189773,
        -0.0005094686842359905,
        -0.0004973609354939348,
        -0.0004773981869415765,
        -0.00044990104110088084,
        -0.0004153094514120012,
        -0.0003741746909474818,
        -0.00032714982623993074,
        -0.0002749789846785573,
        -0.0002184855210580112,
        -0.00015855920542038216,
        -9.614250250586796e-05,
        -3.221610752807277e-05,
        3.221610761366503e-05,
        9.614250280582961e-05,
        0.00015855920542029382,
        0.00021848552110625844,
        0.00027497898498395236,
        0.00032714982610867105,
        0.0003741746912568791,
        0.00041530945187007173,
        0.00044990104015072986,
        0.0004773981883790591,
        0.0004973609340346079,
        0.0005094686834931896,
        0.0005135264213230383
    ],