{
    "I_fc": [
        1.0,
        0.9921147013144779,
        0.9685831611286311,
        0.9297764858882513,
        0.8763066800438636,
        0.8090169943749475,
        0.7289686274214116,
        0.6374239897486896,
        0.5358267949789965,
        0.42577929156507266,
        0.30901699437494745,
        0.18738131458572452,
        0.0627905195293133,
        -0.0627905195293134,
        -0.18738131458572482,
        -0.30901699437494756,
        -0.4257792915650727,
        -0.5358267949789969,
        -0.6374239897486897,
        -0.7289686274214117,
        -0.8090169943749473,
        -0.8763066800438636,
        -0.9297764858882515,
        -0.9685831611286311,
        -0.9921147013144779,
        -1.0,
        -0.9921147013144779,
        -0.9685831611286311,
        -0.9297764858882512,
        -0.8763066800438635,
        -0.8090169943749472,
        -0.7289686274214116,
        -0.6374239897486895,
        -0.5358267949789963,
        -0.42577929156507216,
        -0.30901699437494756,
        -0.18738131458572463,
        -0.06279051952931321,
        0.06279051952931372,
        0.18738131458572513,
        0.30901699437494723,
        0.4257792915650726,
        0.5358267949789968,
        0.63742398974869,
        0.7289686274214119,
        0.8090169943749478,
        0.8763066800438636,
        0.9297764858882515,
        0.9685831611286312,
        0.9921147013144779,
        1.0,
        0.9921147013144779,
        0.9685831611286311,
        0.9297764858882513,
        0.8763066800438634,
        0.809016994374947,
        0.728968627421411,
        0.6374239897486896,
        0.5358267949789964,
        0.42577929156507227,
        0.30901699437494684,
        0.18738131458572388,
        0.06279051952931332,
        -0.0627905195293136,
        -0.18738131458572502,
        -0.3090169943749471,
        -0.4257792915650733,
        -0.5358267949789967,
        -0.6374239897486905,
        -0.7289686274214118,
        -0.8090169943749472,
        -0.8763066800438639,
        -0.9297764858882515,
        -0.9685831611286314,
        -0.9921147013144779,
        -1.0
    ],
    "args": {
        "I_fc": [
            1.0
        ],
        "current_units": "mA",
        "cycles": 1.5,
        "d": 0.2,
        "directory": "/scratch/users/lbvh/py-tdgl/results/17223926/99",
        "dt_init": 1e-06,
        "fc_center": [
            0,
            0,
            1
        ],
        "fc_radius": 2.4,
        "field_units": "mT",
        "film_points": 4000,
        "film_radius": 15.0,
        "film_shape": "box",
        "film_smooth": 100,
        "gamma": 1.0,
        "index": 99,
        "lam": 1.35,
        "max_edge_length": 0.5,
        "pl_center": null,
        "pl_radius": 0.8,
        "points_per_cycle": 51.0,
        "save_every": 500,
        "screening": false,
        "seed_solutions": true,
        "slot_radius": 0.1,
        "slot_size": [
            2.0,
            50.0
        ],
        "slot_top_center_x": [
            -10.0,
            10.0,
            101.0
        ],
        "slot_top_center_y": [
            5.0,
            5.0,
            101.0
        ],
        "solve_time": [
            10000.0,
            2000.0
        ],
        "squid_angle": 180.0,
        "squid_iterations": 5,
        "squid_points": 4000,
        "squid_position": [
            0.0,
            0.0,
            0.5
        ],
        "squid_smooth": 100,
        "squid_type": "hypres-small",
        "xi": 0.9
    },
    "film_fluxoid": [
        -0.000595305218771833,
        -0.0005906180966591017,
        -0.0005766294453231151,
        -0.0005535565253965888,
        -0.0005217584252794436,
        -0.0004817313420449909,
        -0.000434101676013771,
        -0.0003796168634971266,
        -0.0003191339897922968,
        -0.0002536063698297495,
        -0.00018406838308729847,
        -0.00011161888884383165,
        -3.7403557162201556e-05,
        3.7403557203513426e-05,
        0.00011161888886128937,
        0.00018406838316744844,
        0.0002536063698112846,
        0.0003191339901607287,
        0.00037961686336018607,
        0.00043410167629851014,
        0.0004817313420735452,
        0.0005217584255927283,
        0.000553556524998703,
        0.0005766294451429543,
        0.000590618096744906,
        0.0005953052189458269,
        0.0005906180968117683,
        0.000576629445142813,
        0.0005535565250164435,
        0.0005217584256156669,
        0.0004817313421416091,
        0.0004341016761956722,
        0.0003796168637396969,
        0.00031913398980076065,
        0.0002536063700190985,
        0.00018406838322604133,
        0.00011161888883073838,
        3.740355720033287e-05,
        -3.7403557206430594e-05,
        -0.00011161888885439817,
        -0.0001840683830376818,
        -0.000253606369869259,
        -0.0003191339903346697,
        -0.00037961686353868586,
        -0.0004341016761048144,
        -0.0004817313421002089,
        -0.0005217584254240175,
        -0.0005535565252805709,
        -0.0005766294449348753,
        -0.0005906180968274119,
        -0.0005953052187844844,
        -0.0005906180966859598,
        -0.0005766294453277092,
        -0.0005535565253756341,
        -0.0005217584258996165,
        -0.0004817313425177627,
        -0.0004341016757429556,
        -0.00037961686348956397,
        -0.0003191339900139815,
        -0.00025360636997086007,
        -0.00018406838312772685,
        -0.00011161888887874708,
        -3.740355715251853e-05,
        3.740355714410773e-05,
        0.00011161888880785605,
        0.0001840683832231435,
        0.00025360637005956223,
        0.00031913398989794425,
        0.0003796168637073966,
        0.0004341016759842714,
        0.0004817313424352803,
        0.0005217584254833702,
        0.0005535565251504332,
        0.0005766294451200544,
        0.0005906180966533061,
        0.0005953052185647611
    ],