{
    "I_fc": [
        1.75,
        1.7362007273003364,
        1.6950205319751044,
        1.62710885030444,
        1.5335366900767613,
        1.415779740156158,
        1.2756950979874702,
        1.115491982060207,
        0.937696891213244,
        0.7451137602388771,
        0.540779740156158,
        0.3279173005250179,
        0.10988340917629828,
        -0.10988340917629845,
        -0.32791730052501844,
        -0.5407797401561583,
        -0.7451137602388772,
        -0.9376968912132445,
        -1.115491982060207,
        -1.2756950979874704,
        -1.4157797401561578,
        -1.5335366900767613,
        -1.62710885030444,
        -1.6950205319751044,
        -1.7362007273003364,
        -1.75,
        -1.7362007273003364,
        -1.6950205319751044,
        -1.6271088503044397,
        -1.533536690076761,
        -1.4157797401561576,
        -1.2756950979874702,
        -1.1154919820602067,
        -0.9376968912132435,
        -0.7451137602388763,
        -0.5407797401561583,
        -0.3279173005250181,
        -0.10988340917629812,
        0.10988340917629902,
        0.327917300525019,
        0.5407797401561576,
        0.7451137602388771,
        0.9376968912132444,
        1.1154919820602074,
        1.2756950979874708,
        1.4157797401561587,
        1.5335366900767613,
        1.62710885030444,
        1.6950205319751046,
        1.7362007273003364,
        1.75,
        1.7362007273003364,
        1.6950205319751044,
        1.62710885030444,
        1.5335366900767609,
        1.4157797401561574,
        1.2756950979874693,
        1.115491982060207,
        0.9376968912132437,
        0.7451137602388764,
        0.5407797401561569,
        0.3279173005250168,
        0.10988340917629831,
        -0.1098834091762988,
        -0.3279173005250188,
        -0.5407797401561575,
        -0.7451137602388783,
        -0.9376968912132442,
        -1.1154919820602085,
        -1.2756950979874706,
        -1.4157797401561576,
        -1.5335366900767617,
        -1.62710885030444,
        -1.695020531975105,
        -1.7362007273003364,
        -1.75
    ],
    "args": {
        "I_fc": [
            1.75
        ],
        "current_units": "mA",
        "cycles": 1.5,
        "d": 0.2,
        "directory": "/scratch/users/lbvh/py-tdgl/results/17224036/98",
        "dt_init": 1e-06,
        "fc_center": [
            0,
            0,
            1
        ],
        "fc_radius": 2.4,
        "field_units": "mT",
        "film_points": 4000,
        "film_radius": 15.0,
        "film_shape": "box",
        "film_smooth": 100,
        "gamma": 1.0,
        "index": 98,
        "lam": 1.35,
        "max_edge_length": 0.5,
        "pl_center": null,
        "pl_radius": 0.8,
        "points_per_cycle": 51.0,
        "save_every": 500,
        "screening": false,
        "seed_solutions": true,
        "slot_radius": 0.1,
        "slot_size": [
            2.0,
            50.0
        ],
        "slot_top_center_x": [
            -10.0,
            10.0,
            101.0
        ],
        "slot_top_center_y": [
            5.0,
            5.0,
            101.0
        ],
        "solve_time": [
            10000.0,
            2000.0
        ],
        "squid_angle": 180.0,
        "squid_iterations": 5,
        "squid_points": 4000,
        "squid_position": [
            0.0,
            0.0,
            0.5
        ],
        "squid_smooth": 100,
        "squid_type": "hypres-small",
        "xi": 0.9
    },
    "film_fluxoid": [
        -0.00112665129717529,
        -0.0011177947117356384,
        -0.0010913888398433008,
        -0.0010478614939620934,
        -0.000987858425052747,
        -0.0009122674977544782,
        -0.0008222360369362612,
        -0.0007191613751770605,
        -0.0006046650477335842,
        -0.0004805604360037535,
        -0.0003488185174788538,
        -0.0002115332093629335,
        -7.088652284031745e-05,
        7.088652284851622e-05,
        0.00021153320937206875,
        0.00034881851745446955,
        0.0004805604359014103,
        0.0006046650478268805,
        0.0007191613752600553,
        0.0008222360369399719,
        0.0009122674976165128,
        0.0009878584251124178,
        0.0010478614941714357,
        0.001091388839897017,
        0.0011177947116587925,
        0.001126651297336615,
        0.0011177947117890009,
        0.0010913888398754598,
        0.0010478614940938478,
        0.0009878584251820895,
        0.0009122674976482477,
        0.0008222360369649569,
        0.0007191613751514394,
        0.0006046650477843317,
        0.0004805604359424395,
        0.0003488185174501405,
        0.0002115332093507767,
        7.088652283643011e-05,
        -7.088652284851622e-05,
        -0.0002115332093471279,
        -0.00034881851749981013,
        -0.0004805604359582362,
        -0.0006046650477432849,
        -0.0007191613752400002,
        -0.0008222360369800823,
        -0.0009122674977604153,
        -0.0009878584250027416,
        -0.0010478614941127015,
        -0.0010913888399635258,
        -0.0011177947117261497,
        -0.0011266512972861148,
        -0.0011177947116810035,
        -0.0010913888400380216,
        -0.0010478614941659935,
        -0.0009878584249274332,
        -0.000912267497722496,
        -0.0008222360369325683,
        -0.0007191613752079119,
        -0.0006046650477216395,
        -0.0004805604359000674,
        -0.0003488185175106947,
        -0.00021153320933155203,
        -7.088652284865757e-05,
        7.088652283572332e-05,
        0.00021153320934438026,
        0.00034881851747228066,
        0.00048056043592218994,
        0.0006046650477381076,
        0.000719161375105964,
        0.0008222360369458383,
        0.0009122674976573476,
        0.0009878584251166054,
        0.00104786149410733,
        0.0010913888399015758,
        0.0011177947118675517,
        0.0011266512971693531
    ],