{
    "I_fc": [
        7.3875,
        7.329247355960706,
        7.155408102837762,
        6.868723789499457,
        6.473715598824042,
        5.976613045944925,
        5.385255735075678,
        4.708969724268445,
        3.9584204479073373,
        3.1454445164369744,
        2.282863045944924,
        1.38427946150204,
        0.46386496302280206,
        -0.4638649630228028,
        -1.3842794615020422,
        -2.282863045944925,
        -3.145444516436975,
        -3.9584204479073395,
        -4.708969724268446,
        -5.3852557350756785,
        -5.976613045944924,
        -6.473715598824042,
        -6.868723789499458,
        -7.155408102837762,
        -7.329247355960706,
        -7.3875,
        -7.329247355960706,
        -7.155408102837762,
        -6.868723789499456,
        -6.473715598824041,
        -5.976613045944923,
        -5.385255735075678,
        -4.708969724268444,
        -3.9584204479073355,
        -3.145444516436971,
        -2.282863045944925,
        -1.3842794615020406,
        -0.46386496302280134,
        0.4638649630228051,
        1.3842794615020444,
        2.282863045944923,
        3.145444516436974,
        3.9584204479073386,
        4.708969724268448,
        5.38525573507568,
        5.9766130459449265,
        6.473715598824042,
        6.868723789499458,
        7.155408102837763,
        7.329247355960706,
        7.3875,
        7.329247355960706,
        7.155408102837762,
        6.868723789499457,
        6.4737155988240405,
        5.976613045944921,
        5.385255735075674,
        4.708969724268445,
        3.9584204479073364,
        3.1454445164369713,
        2.2828630459449197,
        1.3842794615020353,
        0.46386496302280217,
        -0.4638649630228042,
        -1.3842794615020435,
        -2.282863045944922,
        -3.1454445164369793,
        -3.9584204479073377,
        -4.708969724268451,
        -5.385255735075679,
        -5.976613045944923,
        -6.473715598824045,
        -6.868723789499458,
        -7.1554081028377645,
        -7.329247355960706,
        -7.3875
    ],
    "args": {
        "I_fc": [
            0.5,
            10.0,
            201.0
        ],
        "current_units": "mA",
        "cycles": 1.5,
        "d": 0.2,
        "directory": "/scratch/users/lbvh/py-tdgl/results/14122470/145",
        "dt_init": 1e-06,
        "fc_center": [
            0,
            0,
            1
        ],
        "fc_radius": 2.4,
        "field_units": "mT",
        "film_points": 4000,
        "film_radius": 15.0,
        "film_shape": "box",
        "film_smooth": 100,
        "gamma": 1.0,
        "index": 145,
        "lam": 1.35,
        "max_edge_length": 0.5,
        "pl_center": null,
        "pl_radius": 0.8,
        "points_per_cycle": 51.0,
        "save_every": 500,
        "screening": false,
        "seed_solutions": true,
        "slot_radius": 0,
        "slot_size": null,
        "slot_top_center_x": null,
        "slot_top_center_y": null,
        "solve_time": [
            20000.0,
            2000.0
        ],
        "squid_angle": 0,
        "squid_iterations": 5,
        "squid_points": 4000,
        "squid_position": [
            0.0,
            0.0,
            0.5
        ],
        "squid_smooth": 100,
        "squid_type": "hypres-small",
        "xi": 0.9
    },
    "film_fluxoid": [
        3.9967676805045333,
        3.996792022253461,
        3.996864636586411,
        3.9969847569797774,
        3.9971515941332894,
        3.997360552081821,
        3.997612272515505,
        3.9979119074073832,
        3.9982186050111452,
        3.998547855177244,
        2.9989413460142003,
        1.999350068717922,
        0.9997694855633842,
        0.00018890505084721918,
        0.0005643063266613903,
        0.000934483635415767,
        -1.9986340614417843,
        -1.9982979293178322,
        -1.9979528449091288,
        -2.9976429700350535,
        -2.997395663409072,
        -2.9971809075688625,
        -2.997014768805461,
        -2.9968938162747296,
        -2.996821009439262,
        -2.9967977750664465,
        -2.9968231551834994,
        -2.9968968751062395,
        -2.99701806115033,
        -2.997184895711966,
        -2.99739450704793,
        -2.9976383345127267,
        -2.9979259328328367,
        -2.9982601251000367,
        -2.998592120167171,
        -2.998941346016632,
        -1.9993500687177377,
        -0.9997694855623205,
        -0.00018890505069805118,
        -0.0005643063263859013,
        -0.0009344836383702549,
        1.9986340614407887,
        1.9982979293175205,
        1.9979528449065254,
        2.9976429700336245,
        2.997395663409668,
        2.9971809075660296,
        2.9970147688056064,
        2.996893816263343,
        2.99682100942768,
        2.9967977750636225,
        2.9968231551784617,
        2.9968968751052008,
        2.9970180611415436,
        2.9971848957144798,
        2.997394507059264,
        2.997638334512104,
        2.9979259328320307,
        2.998260125098761,
        2.998592120164533,
        2.9989413460175824,
        1.9993500687154402,
        0.999769485563042,
        0.00018890505114177388,
        0.0005643063263113173,
        0.0009344836368997432,
        -1.9986340614403748,
        -1.9982979293178362,
        -1.997952844908573,
        -2.9976429700350065,
        -2.9973956634124868,
        -2.9971809075682336,
        -2.9970147688061877,
        -2.996893816269449,
        -2.9968210094353913,
        -2.996797775059725
    ],
    "flux": [
        -0.0037496716721091418,
        -0.0033869664632842278,
        -0.002332678305908454,
        -0.0007532021767810965,
        -0.0025192595849088456,
        0.00040778857930546863,
        9.920266319137904e-05,
        -0.005068137206374167,
        0.00256484594589027,
        0.010952959443149501,
        0.00991904027974617,
        0.008460403721326056,
        0.0109943927761314,
        0.007496136288715172,
        0.019659379290189447,
        0.023735725498279327,
        0.01085226129002837,
        0.01599231073748505,
        0.009144546204305907,
        0.006979013660614474,
        0.010824570887503682,
        0.009015141752607151,
        0.011095654874052641,
        0.011973241625479324,
        0.0090564175157176,
        0.009316714017703205,
        0.009002961195099982,
        0.008040926733263577,
        0.0062948997539130185,
        0.0037679473267490026,
        0.0009101405762942127,
        0.001651858336986463,
        0.0018476580714572462,
        0.007995267828363038,
        -0.0006248473794795549,
        -0.009919040301615166,
        -0.008460403723623828,
        -0.010994392777782728,
        -0.007496136289481042,
        -0.019659379289507763,
        -0.023735725491914536,
        -0.01085226125624722,
        -0.01599231073483881,
        -0.009144546037683221,
        -0.006979014184957612,
        -0.010824570862622805,
        -0.009015141769411386,
        -0.011095654842115726,
        -0.011973243056909309,
        -0.009056417753382047,
        -0.009316714071521825,
        -0.009002961259362315,
        -0.008040926747985996,
        -0.006294899856608817,
        -0.0037679472909762594,
        -0.0009101403969833067,
        -0.00165185832417234,
        -0.0018476580611445019,
        -0.007995267827355292,
        0.0006248473415737471,
        0.009919040300148774,
        0.00846040372805184,
        0.010994392775840937,
        0.007496136288345786,
        0.019659379289433166,
        0.023735725495889246,
        0.010852261255166955,
        0.01599231073604397,
        0.0091445463565929,
        0.006979013744689016,
        0.010824571033097715,
        0.0090151416937525,
        0.01109565485529356,
        0.011973242102511996,
        0.009056417595128066,
        0.009316714182684722
    ],
    "timing": {
        "end_time": "2023-03-29T17:24:32.812894",
        "start_time": "2023-03-29T09:49:16.650851",