{
    "I_fc": [
        7.91,
        7.84762728739752,
        7.661492804527472,
        7.354532003376068,
        6.931585839146961,
        6.399324425505834,
        5.766141842903365,
        5.042023758912135,
        4.238389948283863,
        3.3679141962797248,
        2.4443244255058345,
        1.4821861983730809,
        0.49667300947686827,
        -0.49667300947686904,
        -1.4821861983730833,
        -2.4443244255058354,
        -3.367914196279725,
        -4.238389948283865,
        -5.042023758912136,
        -5.766141842903366,
        -6.399324425505833,
        -6.931585839146961,
        -7.354532003376069,
        -7.661492804527472,
        -7.84762728739752,
        -7.91,
        -7.84762728739752,
        -7.661492804527472,
        -7.354532003376067,
        -6.93158583914696,
        -6.399324425505832,
        -5.766141842903365,
        -5.042023758912134,
        -4.238389948283861,
        -3.3679141962797208,
        -2.4443244255058354,
        -1.4821861983730817,
        -0.4966730094768675,
        0.49667300947687154,
        1.4821861983730857,
        2.4443244255058327,
        3.3679141962797243,
        4.2383899482838645,
        5.042023758912138,
        5.766141842903368,
        6.399324425505837,
        6.931585839146961,
        7.354532003376069,
        7.661492804527473,
        7.84762728739752,
        7.91,
        7.84762728739752,
        7.661492804527472,
        7.354532003376068,
        6.931585839146959,
        6.399324425505831,
        5.7661418429033615,
        5.042023758912135,
        4.238389948283862,
        3.3679141962797217,
        2.4443244255058296,
        1.482186198373076,
        0.4966730094768684,
        -0.49667300947687054,
        -1.4821861983730849,
        -2.444324425505832,
        -3.36791419627973,
        -4.238389948283864,
        -5.042023758912142,
        -5.766141842903367,
        -6.399324425505832,
        -6.931585839146964,
        -7.354532003376069,
        -7.661492804527475,
        -7.84762728739752,
        -7.91
    ],
    "args": {
        "I_fc": [
            0.5,
            10.0,
            201.0
        ],
        "current_units": "mA",
        "cycles": 1.5,
        "d": 0.2,
        "directory": "/scratch/users/lbvh/py-tdgl/results/14122470/156",
        "dt_init": 1e-06,
        "fc_center": [
            0,
            0,
            1
        ],
        "fc_radius": 2.4,
        "field_units": "mT",
        "film_points": 4000,
        "film_radius": 15.0,
        "film_shape": "box",
        "film_smooth": 100,
        "gamma": 1.0,
        "index": 156,
        "lam": 1.35,
        "max_edge_length": 0.5,
        "pl_center": null,
        "pl_radius": 0.8,
        "points_per_cycle": 51.0,
        "save_every": 500,
        "screening": false,
        "seed_solutions": true,
        "slot_radius": 0,
        "slot_size": null,
        "slot_top_center_x": null,
        "slot_top_center_y": null,
        "solve_time": [
            20000.0,
            2000.0
        ],
        "squid_angle": 0,
        "squid_iterations": 5,
        "squid_points": 4000,
        "squid_position": [
            0.0,
            0.0,
            0.5
        ],
        "squid_smooth": 100,
        "squid_type": "hypres-small",
        "xi": 0.9
    },
    "film_fluxoid": [
        3.9965490374699693,
        3.996575190641867,
        3.9966531782449426,
        3.996781555605733,
        3.9969583654774996,
        3.997182605359352,
        3.997452674137244,
        3.9977630961559174,
        3.9981044883196395,
        3.998458174292038,
        2.998876324639407,
        1.999310652856376,
        0.9997561515455353,
        0.00020226898317167945,
        0.0006043452554677883,
        -0.99896197227989,
        -1.9985427522263441,
        -2.99814501789555,
        -2.9977966190715417,
        -2.9974837644089387,
        -2.997212159724295,
        -2.9969882707397524,
        -2.99681017352385,
        -2.9966810558492916,
        -2.996603058311788,
        -2.996577537411744,
        -3.996576070957124,
        -3.9966543991441936,
        -3.996782965301361,
        -3.9969598217134905,
        -3.997182605372205,
        -3.997452674137961,
        -3.997763096155504,
        -3.99810448831972,
        -3.998458174292999,
        -2.9988763246385997,
        -1.9993106528573297,
        -0.9997561515438187,
        -0.00020226898373540625,
        -0.0006043452578492462,
        0.998961972279942,
        1.9985427522275674,
        2.9981450178934734,
        2.9977966190667953,
        2.997483764407919,
        2.997212159723125,
        2.996988270737187,
        2.9968101735232224,
        2.99668105583321,
        2.9966030583741423,
        2.9965775374474393,
        3.996576070973349,
        3.9966543991475176,
        3.9967829653011386,
        3.9969598217138023,
        3.99718260536781,
        3.9974526741365635,
        3.9977630961564334,
        3.998104488319531,
        3.9984581742932352,
        2.9988763246406576,
        1.9993106528566689,
        0.9997561515448881,
        0.00020226898317429458,
        0.000604345257090684,
        -0.9989619722800851,
        -1.9985427522264942,
        -2.998145017893366,
        -2.997796619070324,
        -2.9974837644095707,
        -2.9972121597253567,
        -2.996988270736322,
        -2.996810173522983,
        -2.99668105585713,
        -2.9966030583639554,
        -2.9965775374421386
    ],
    "flux": [
        -0.006986929526800945,
        -0.006614894943256859,
        -0.00546962307813248,
        -0.0035412709708247045,
        -0.0010755684710904555,
        -0.001983463749023017,
        -0.002362900729536481,
        -0.0027026831078918036,
        -0.0004240377051972816,
        0.008806643609488251,
        0.008348772338361558,
        0.007602824925652089,
        0.01056765046201457,
        0.008008194738858217,
        0.020573841464232932,
        0.015395541102471589,
        0.01281264682829903,
        0.010333046883449453,
        0.010319474002378209,
        0.009619748363107911,
        0.008553767531629002,
        0.011351381832589475,
        0.009186978852697996,
        0.010527609729991108,
        0.011071375966203216,
        0.011178122552347661,
        0.01069722969259655,
        0.00991175913039352,
        0.008322726000526791,
        0.005623199308866425,
        0.0019832166003241904,
        0.0023629006567603425,
        0.002702682999412231,
        0.0004240377073606221,
        -0.008806643570521758,
        -0.008348772339658623,
        -0.007602824922965994,
        -0.010567650463384556,
        -0.00800819473776535,
        -0.020573841459629615,
        -0.01539554110281406,
        -0.012812646792071614,
        -0.010333046904684645,
        -0.010319473762432812,
        -0.00961974887550814,
        -0.008553767445946223,
        -0.011351381944508134,
        -0.00918697879023976,
        -0.010527610095869715,
        -0.011071374881739796,
        -0.01117812053473487,
        -0.010697221601490644,
        -0.009911758816227351,
        -0.008322725989185141,
        -0.005623199309936307,
        -0.0019832165941855518,
        -0.0023629006308803504,
        -0.002702683020458054,
        -0.0004240377068943597,
        0.008806643594352995,
        0.008348772335028991,
        0.007602824927292306,
        0.010567650463216515,
        0.008008194729762368,
        0.020573841461120436,
        0.015395541100498242,
        0.012812646790653566,
        0.01033304687914574,
        0.010319473944268609,
        0.009619748471002484,
        0.008553767534665389,
        0.0113513819843965,
        0.009186978766464836,
        0.010527609559372667,
        0.011071375044033254,
        0.011178120834892323
    ],
    "timing": {
        "end_time": "2023-03-29T17:13:52.009679",
        "start_time": "2023-03-29T09:48:28.579129",
        "total_seconds": 26723.43055
    }
}