{
    "I_fc": [
        1.5,
        1.4881720519717168,
        1.4528747416929466,
        1.394664728832377,
        1.3144600200657954,
        1.2135254915624212,
        1.0934529411321172,
        0.9561359846230344,
        0.8037401924684948,
        0.638668937347609,
        0.4635254915624212,
        0.2810719718785868,
        0.09418577929396996,
        -0.0941857792939701,
        -0.28107197187858723,
        -0.46352549156242134,
        -0.6386689373476091,
        -0.8037401924684953,
        -0.9561359846230346,
        -1.0934529411321174,
        -1.213525491562421,
        -1.3144600200657954,
        -1.3946647288323772,
        -1.4528747416929466,
        -1.4881720519717168,
        -1.5,
        -1.4881720519717168,
        -1.4528747416929466,
        -1.3946647288323768,
        -1.3144600200657952,
        -1.2135254915624207,
        -1.0934529411321172,
        -0.9561359846230343,
        -0.8037401924684945,
        -0.6386689373476082,
        -0.46352549156242134,
        -0.28107197187858696,
        -0.09418577929396982,
        0.09418577929397058,
        0.2810719718785877,
        0.46352549156242084,
        0.6386689373476089,
        0.8037401924684952,
        0.956135984623035,
        1.0934529411321179,
        1.2135254915624216,
        1.3144600200657954,
        1.3946647288323772,
        1.4528747416929468,
        1.4881720519717168,
        1.5,
        1.4881720519717168,
        1.4528747416929466,
        1.394664728832377,
        1.314460020065795,
        1.2135254915624205,
        1.0934529411321166,
        0.9561359846230344,
        0.8037401924684946,
        0.6386689373476084,
        0.4635254915624203,
        0.2810719718785858,
        0.09418577929396998,
        -0.0941857792939704,
        -0.2810719718785875,
        -0.4635254915624207,
        -0.63866893734761,
        -0.803740192468495,
        -0.9561359846230357,
        -1.0934529411321177,
        -1.2135254915624207,
        -1.3144600200657959,
        -1.3946647288323772,
        -1.452874741692947,
        -1.4881720519717168,
        -1.5
    ],
    "args": {
        "I_fc": [
            1.5
        ],
        "current_units": "mA",
        "cycles": 1.5,
        "d": 0.2,
        "directory": "/scratch/users/lbvh/py-tdgl/results/17223198/78",
        "dt_init": 1e-06,
        "fc_center": [
            0,
            0,
            1
        ],
        "fc_radius": 2.4,
        "field_units": "mT",
        "film_points": 4000,
        "film_radius": 15.0,
        "film_shape": "box",
        "film_smooth": 100,
        "gamma": 1.0,
        "index": 78,
        "lam": 1.35,
        "max_edge_length": 0.5,
        "pl_center": null,
        "pl_radius": 0.8,
        "points_per_cycle": 51.0,
        "save_every": 500,
        "screening": false,
        "seed_solutions": true,
        "slot_radius": 0.1,
        "slot_size": [
            2.0,
            50.0
        ],
        "slot_top_center_x": [
            -10.0,
            10.0,
            101.0
        ],
        "slot_top_center_y": [
            -1.0,
            -1.0,
            101.0
        ],
        "solve_time": [
            10000.0,
            2000.0
        ],
        "squid_angle": 180.0,
        "squid_iterations": 5,
        "squid_points": 4000,
        "squid_position": [
            0.0,
            0.0,
            0.5
        ],
        "squid_smooth": 100,
        "squid_type": "hypres-small",
        "xi": 0.9
    },
    "film_fluxoid": [
        0.9986840294904898,
        0.998694002560181,
        0.9987237636668573,
        0.9987728417314048,
        0.9988404619172915,
        0.9989255598422717,
        0.9990268001167303,
        0.999142599435573,
        0.999271156480592,
        0.9994105000923026,
        0.9995586512129357,
        -0.00023705527916156375,
        -7.943191208931868e-05,
        7.943191205382899e-05,
        0.0002370552791926095,
        0.00039097787560913184,
        0.0005388012046823983,
        0.0006782299953580867,
        0.0008071146149746404,
        0.0009234975939493368,
        0.0010256781958505668,
        0.0011123948429697177,
        -0.9987728417315317,
        -0.9987237636668604,
        -0.9986940025602856,
        -0.9986840294905854,
        -0.9986940025602917,
        -0.9987237636669162,
        -0.9987728417314737,
        -0.9988404619169604,
        -0.9989255598423852,
        -0.9990268001164369,
        -0.9991425994356307,
        -0.9992711564803698,
        -0.9994105000922027,
        -0.9995586512128823,
        0.00023705527918829806,
        7.94319120578577e-05,
        -7.943191206004875e-05,
        -0.00023705527920826047,
        -0.00039097787560446706,
        -0.0005388012047193457,
        -0.0006782299953509834,
        -0.0008071146149117168,
        -0.0009234975938316803,
        -0.001025678195857458,
        -0.0011123948430882286,
        0.998772841731428,
        0.9987237636667148,
        0.9986940025604779,
        0.9986840294903591,
        0.9986940025603254,
        0.9987237636668149,
        0.9987728417314147,
        0.9988404619170902,
        0.9989255598424508,
        0.9990268001166365,
        0.9991425994357342,
        0.9992711564805652,
        0.999410500092172,
        0.9995586512131759,
        -0.00023705527918690215,
        -7.943191206125029e-05,
        7.943191206733753e-05,
        0.00023705527922929188,
        0.00039097787567624157,
        0.0005388012046925938,
        0.0006782299954049114,
        0.0008071146149641092,
        0.0009234975939194139,
        0.0010256781957632783,
        0.00111239484303802,
        -0.9987728417314603,
        -0.9987237636667379,
        -0.9986940025603906,
        -0.9986840294905321
    ],