{
    "I_fc": [
        0.9,
        0.89290323118303,
        0.871724845015768,
        0.8367988372994263,
        0.7886760120394772,
        0.7281152949374528,
        0.6560717646792704,
        0.5736815907738206,
        0.4822441154810969,
        0.3832013624085654,
        0.27811529493745274,
        0.16864318312715207,
        0.05651146757638197,
        -0.05651146757638206,
        -0.16864318312715235,
        -0.2781152949374528,
        -0.38320136240856545,
        -0.4822441154810972,
        -0.5736815907738207,
        -0.6560717646792705,
        -0.7281152949374526,
        -0.7886760120394772,
        -0.8367988372994263,
        -0.871724845015768,
        -0.89290323118303,
        -0.9,
        -0.89290323118303,
        -0.871724845015768,
        -0.8367988372994262,
        -0.7886760120394771,
        -0.7281152949374525,
        -0.6560717646792704,
        -0.5736815907738206,
        -0.4822441154810967,
        -0.38320136240856495,
        -0.2781152949374528,
        -0.16864318312715218,
        -0.05651146757638189,
        0.05651146757638235,
        0.16864318312715262,
        0.2781152949374525,
        0.38320136240856534,
        0.4822441154810971,
        0.573681590773821,
        0.6560717646792708,
        0.728115294937453,
        0.7886760120394772,
        0.8367988372994263,
        0.8717248450157681,
        0.89290323118303,
        0.9,
        0.89290323118303,
        0.871724845015768,
        0.8367988372994263,
        0.788676012039477,
        0.7281152949374523,
        0.6560717646792699,
        0.5736815907738206,
        0.4822441154810968,
        0.38320136240856506,
        0.2781152949374522,
        0.16864318312715149,
        0.05651146757638199,
        -0.056511467576382236,
        -0.1686431831271525,
        -0.2781152949374524,
        -0.383201362408566,
        -0.482244115481097,
        -0.5736815907738215,
        -0.6560717646792706,
        -0.7281152949374525,
        -0.7886760120394776,
        -0.8367988372994263,
        -0.8717248450157683,
        -0.89290323118303,
        -0.9
    ],
    "args": {
        "I_fc": [
            0.9
        ],
        "current_units": "mA",
        "cycles": 1.5,
        "d": 0.2,
        "directory": "/scratch/users/lbvh/py-tdgl/results/17289540/13",
        "dt_init": 1e-06,
        "fc_center": [
            0,
            0,
            1
        ],
        "fc_radius": 2.4,
        "field_units": "mT",
        "film_points": 4000,
        "film_radius": 15.0,
        "film_shape": "box",
        "film_smooth": 100,
        "gamma": 1.0,
        "index": 13,
        "lam": 1.35,
        "max_edge_length": 0.5,
        "pl_center": null,
        "pl_radius": 0.8,
        "points_per_cycle": 51.0,
        "save_every": 500,
        "screening": false,
        "seed_solutions": true,
        "slot_radius": 0.1,
        "slot_size": [
            2.0,
            50.0
        ],
        "slot_top_center_x": [
            -10.0,
            10.0,
            101.0
        ],
        "slot_top_center_y": [
            -1.0,
            -1.0,
            101.0
        ],
        "solve_time": [
            10000.0,
            2000.0
        ],
        "squid_angle": 180.0,
        "squid_iterations": 5,
        "squid_points": 4000,
        "squid_position": [
            0.0,
            0.0,
            0.5
        ],
        "squid_smooth": 100,
        "squid_type": "hypres-small",
        "xi": 0.9
    },
    "film_fluxoid": [
        -0.00036123318083245223,
        -0.00035838467782319205,
        -0.0003498841038092452,
        -0.0003358655522756451,
        -0.0003165501528103359,
        -0.00029224257400766655,
        -0.00026332620950926603,
        -0.0002302571249073884,
        -0.00019355686154884765,
        -0.0001538042104593555,
        -0.00011162608548992761,
        -6.768763891275066e-05,
        -2.26817748019907e-05,
        2.26817748019907e-05,
        6.768763891271533e-05,
        0.00011162608548971557,
        0.00015380421045921414,
        0.00019355686154867095,
        0.00023025712490837348,
        0.0002633262095089833,
        0.00029224257400794926,
        0.0003165501528104066,
        0.0003358655522752917,
        0.00034988410381030536,
        0.0003583846778226355,
        0.00036123318083340644,
        0.0003583846778225736,
        0.0003498841038089183,
        0.0003358655522754684,
        0.00031655015280991183,
        0.0002922425740074192,
        0.00026332620950891264,
        0.00023025712490825422,
        0.000193556861548883,
        0.0001538042104589314,
        0.00011162608549013966,
        6.768763891271533e-05,
        2.268177480195536e-05,
        -2.268177480195536e-05,
        -6.7687638912786e-05,
        -0.00011162608548989227,
        -0.00015380421045859568,
        -0.00019355686154909503,
        -0.00023025712490825422,
        -0.00026332620950947805,
        -0.0002922425740076489,
        -0.00031655015280980585,
        -0.0003358655522751857,
        -0.00034988410380957206,
        -0.0003583846778232804,
        -0.00036123318083284097,
        -0.0003583846778222821,
        -0.00034988410381016404,
        -0.0003358655522747616,
        -0.0003165501528098412,
        -0.00029224257400724247,
        -0.00026332620950905396,
        -0.000230257124908051,
        -0.00019355686154838824,
        -0.0001538042104590021,
        -0.00011162608548992761,
        -6.768763891282134e-05,
        -2.26817748019907e-05,
        2.268177480206138e-05,
        6.768763891275066e-05,
        0.00011162608548999829,
        0.0001538042104592848,
        0.00019355686154895368,
        0.00023025712490814046,
        0.0002633262095090186,
        0.00029224257400801995,
        0.00031655015280980585,
        0.0003358655522750443,
        0.00034988410381037605,
        0.0003583846778233688,
        0.00036123318083277034
    ],