{
    "I_fc": [
        1.1,
        1.0913261714459257,
        1.0654414772414942,
        1.0227541344770765,
        0.96393734804825,
        0.8899186938124423,
        0.8018654901635528,
        0.7011663887235586,
        0.5894094744768963,
        0.46835722072158,
        0.3399186938124422,
        0.206119446044297,
        0.06906957148224464,
        -0.06906957148224475,
        -0.20611944604429733,
        -0.33991869381244233,
        -0.46835722072158004,
        -0.5894094744768966,
        -0.7011663887235587,
        -0.8018654901635529,
        -0.8899186938124422,
        -0.96393734804825,
        -1.0227541344770767,
        -1.0654414772414942,
        -1.0913261714459257,
        -1.1,
        -1.0913261714459257,
        -1.0654414772414942,
        -1.0227541344770765,
        -0.9639373480482499,
        -0.889918693812442,
        -0.8018654901635528,
        -0.7011663887235585,
        -0.589409474476896,
        -0.4683572207215794,
        -0.33991869381244233,
        -0.2061194460442971,
        -0.06906957148224453,
        0.0690695714822451,
        0.20611944604429766,
        0.339918693812442,
        0.4683572207215799,
        0.5894094744768965,
        0.7011663887235591,
        0.8018654901635531,
        0.8899186938124426,
        0.96393734804825,
        1.0227541344770767,
        1.0654414772414944,
        1.0913261714459257,
        1.1,
        1.0913261714459257,
        1.0654414772414942,
        1.0227541344770765,
        0.9639373480482498,
        0.8899186938124418,
        0.8018654901635521,
        0.7011663887235586,
        0.5894094744768962,
        0.46835722072157954,
        0.33991869381244155,
        0.20611944604429627,
        0.06906957148224466,
        -0.06906957148224496,
        -0.20611944604429752,
        -0.33991869381244183,
        -0.4683572207215807,
        -0.5894094744768964,
        -0.7011663887235596,
        -0.801865490163553,
        -0.889918693812442,
        -0.9639373480482504,
        -1.0227541344770767,
        -1.0654414772414946,
        -1.0913261714459257,
        -1.1
    ],
    "args": {
        "I_fc": [
            1.1
        ],
        "current_units": "mA",
        "cycles": 1.5,
        "d": 0.2,
        "directory": "/scratch/users/lbvh/py-tdgl/results/17223196/51",
        "dt_init": 1e-06,
        "fc_center": [
            0,
            0,
            1
        ],
        "fc_radius": 2.4,
        "field_units": "mT",
        "film_points": 4000,
        "film_radius": 15.0,
        "film_shape": "box",
        "film_smooth": 100,
        "gamma": 1.0,
        "index": 51,
        "lam": 1.35,
        "max_edge_length": 0.5,
        "pl_center": null,
        "pl_radius": 0.8,
        "points_per_cycle": 51.0,
        "save_every": 500,
        "screening": false,
        "seed_solutions": true,
        "slot_radius": 0.1,
        "slot_size": [
            2.0,
            50.0
        ],
        "slot_top_center_x": [
            -10.0,
            10.0,
            101.0
        ],
        "slot_top_center_y": [
            -1.0,
            -1.0,
            101.0
        ],
        "solve_time": [
            10000.0,
            2000.0
        ],
        "squid_angle": 180.0,
        "squid_iterations": 5,
        "squid_points": 4000,
        "squid_position": [
            0.0,
            0.0,
            0.5
        ],
        "squid_smooth": 100,
        "squid_type": "hypres-small",
        "xi": 0.9
    },
    "film_fluxoid": [
        -0.00044091795968652234,
        -0.0004367978146999275,
        -0.00042564208065852896,
        -0.0004079158381861846,
        -0.0003839096008534294,
        -0.00035399766510224893,
        -0.0003186426377366809,
        -0.00027838909589076287,
        -0.00023385576730558535,
        -0.00018572668444066847,
        -0.00013474121484911014,
        -8.168301085757415e-05,
        -2.7368044113655294e-05,
        2.7368044148075962e-05,
        8.168301072678267e-05,
        0.0001347412148057486,
        0.00018572668461563433,
        0.0002338557673882444,
        0.00027838909610232275,
        0.0003186426377065363,
        0.0003539976652324926,
        0.00038390960016593484,
        0.0004079158380777939,
        0.0004256420804953665,
        0.0004367978144567564,
        0.0004409179598839111,
        0.0004367978147687335,
        0.00042564208114635537,
        0.0004079158380917177,
        0.0003839096005078091,
        0.00035399766534152384,
        0.0003186426378669776,
        0.00027838909602434617,
        0.00023385576736112136,
        0.0001857266845505743,
        0.00013474121463145417,
        8.168301075692726e-05,
        2.736804416588707e-05,
        -2.736804423317347e-05,
        -8.168301081495471e-05,
        -0.00013474121467211227,
        -0.00018572668454393048,
        -0.0002338557675881953,
        -0.0002783890960274207,
        -0.00031864263823429636,
        -0.0003539976648572402,
        -0.0003839096009692016,
        -0.00040791583853823225,
        -0.00042564208089680553,
        -0.0004367978147516998,
        -0.0004409179593168889,
        -0.0004367978156227124,
        -0.0004256420809579252,
        -0.0004079158388452574,
        -0.00038390960050109464,
        -0.00035399766492002084,
        -0.0003186426378389181,
        -0.0002783890959069483,
        -0.00023385576756796344,
        -0.00018572668462360338,
        -0.00013474121466739445,
        -8.168301073685442e-05,
        -2.736804410538585e-05,
        2.736804415510852e-05,
        8.168301072510404e-05,
        0.00013474121482546803,
        0.00018572668470348831,
        0.0002338557671531661,
        0.0002783890958702483,
        0.00031864263781488717,
        0.0003539976652188279,
        0.0003839096005175628,
        0.00040791583850442997,
        0.00042564208110804736,
        0.00043679781533356466,
        0.00044091795965529987
    ],