{
    "I_fc": [
        1.0,
        0.9921147013144779,
        0.9685831611286311,
        0.9297764858882513,
        0.8763066800438636,
        0.8090169943749475,
        0.7289686274214116,
        0.6374239897486896,
        0.5358267949789965,
        0.42577929156507266,
        0.30901699437494745,
        0.18738131458572452,
        0.0627905195293133,
        -0.0627905195293134,
        -0.18738131458572482,
        -0.30901699437494756,
        -0.4257792915650727,
        -0.5358267949789969,
        -0.6374239897486897,
        -0.7289686274214117,
        -0.8090169943749473,
        -0.8763066800438636,
        -0.9297764858882515,
        -0.9685831611286311,
        -0.9921147013144779,
        -1.0,
        -0.9921147013144779,
        -0.9685831611286311,
        -0.9297764858882512,
        -0.8763066800438635,
        -0.8090169943749472,
        -0.7289686274214116,
        -0.6374239897486895,
        -0.5358267949789963,
        -0.42577929156507216,
        -0.30901699437494756,
        -0.18738131458572463,
        -0.06279051952931321,
        0.06279051952931372,
        0.18738131458572513,
        0.30901699437494723,
        0.4257792915650726,
        0.5358267949789968,
        0.63742398974869,
        0.7289686274214119,
        0.8090169943749478,
        0.8763066800438636,
        0.9297764858882515,
        0.9685831611286312,
        0.9921147013144779,
        1.0,
        0.9921147013144779,
        0.9685831611286311,
        0.9297764858882513,
        0.8763066800438634,
        0.809016994374947,
        0.728968627421411,
        0.6374239897486896,
        0.5358267949789964,
        0.42577929156507227,
        0.30901699437494684,
        0.18738131458572388,
        0.06279051952931332,
        -0.0627905195293136,
        -0.18738131458572502,
        -0.3090169943749471,
        -0.4257792915650733,
        -0.5358267949789967,
        -0.6374239897486905,
        -0.7289686274214118,
        -0.8090169943749472,
        -0.8763066800438639,
        -0.9297764858882515,
        -0.9685831611286314,
        -0.9921147013144779,
        -1.0
    ],
    "args": {
        "I_fc": [
            1.0
        ],
        "current_units": "mA",
        "cycles": 1.5,
        "d": 0.2,
        "directory": "/scratch/users/lbvh/py-tdgl/results/17223170/66",
        "dt_init": 1e-06,
        "fc_center": [
            0,
            0,
            1
        ],
        "fc_radius": 2.4,
        "field_units": "mT",
        "film_points": 4000,
        "film_radius": 15.0,
        "film_shape": "box",
        "film_smooth": 100,
        "gamma": 1.0,
        "index": 66,
        "lam": 1.35,
        "max_edge_length": 0.5,
        "pl_center": null,
        "pl_radius": 0.8,
        "points_per_cycle": 51.0,
        "save_every": 500,
        "screening": false,
        "seed_solutions": true,
        "slot_radius": 0.1,
        "slot_size": [
            2.0,
            50.0
        ],
        "slot_top_center_x": [
            -10.0,
            10.0,
            101.0
        ],
        "slot_top_center_y": [
            -1.0,
            -1.0,
            101.0
        ],
        "solve_time": [
            10000.0,
            2000.0
        ],
        "squid_angle": 180.0,
        "squid_iterations": 5,
        "squid_points": 4000,
        "squid_position": [
            0.0,
            0.0,
            0.5
        ],
        "squid_smooth": 100,
        "squid_type": "hypres-small",
        "xi": 0.9
    },
    "film_fluxoid": [
        0.9990666505828548,
        0.9990737682558998,
        0.9990950124188211,
        0.9991300604311389,
        0.9991783890179173,
        0.9992393038652729,
        0.9993120208917711,
        0.9993961200386237,
        -0.0004825815253095448,
        -0.00038332401666033917,
        -0.0002781277058138291,
        -0.00016862044939083205,
        -5.649884914553451e-05,
        5.6498849145993924e-05,
        0.0001686204493898602,
        0.00027812770581386447,
        0.00038332401666016244,
        0.0004825815253096508,
        0.000574367361234704,
        0.0006572691152137584,
        0.0007300208493967702,
        0.0007915360277155891,
        0.0008409883547311925,
        -0.9990950124188142,
        -0.9990737682558967,
        -0.9990666505828468,
        -0.9990737682558962,
        -0.9990950124188193,
        -0.9991300604311405,
        -0.999178389017912,
        -0.9992393038652749,
        -0.9993120208917762,
        -0.999396120038622,
        0.00048258152530876734,
        0.00038332401665945565,
        0.0002781277058141119,
        0.00016862044939007224,
        5.649884914560519e-05,
        -5.6498849145675866e-05,
        -0.0001686204493898602,
        -0.0002781277058143239,
        -0.0003833240166586694,
        -0.0004825815253102516,
        -0.0005743673612350818,
        -0.0006572691152134447,
        -0.0007300208493965581,
        -0.000791536027714635,
        -0.0008409883547320495,
        0.9990950124188195,
        0.9990737682558953,
        0.9990666505828478,
        0.9990737682558957,
        0.9990950124188167,
        0.9991300604311387,
        0.9991783890179137,
        0.9992393038652775,
        0.9993120208917742,
        0.999396120038621,
        -0.00048258152530852,
        -0.0003833240166610106,
        -0.00027812770581359944,
        -0.00016862044939099327,
        -5.649884914542849e-05,
        5.649884914509608e-05,
        0.000168620449390567,
        0.00027812770581329906,
        0.00038332401666023313,
        0.0004825815253088734,
        0.0005743673612347747,
        0.0006572691152152427,
        0.0007300208493963462,
        0.0007915360277143876,
        0.0008409883547326597,
        -0.9990950124188138,
        -0.9990737682558948,
        -0.9990666505828489
    ],