{
    "I_fc": [
        1.1,
        1.0913261714459257,
        1.0654414772414942,
        1.0227541344770765,
        0.96393734804825,
        0.8899186938124423,
        0.8018654901635528,
        0.7011663887235586,
        0.5894094744768963,
        0.46835722072158,
        0.3399186938124422,
        0.206119446044297,
        0.06906957148224464,
        -0.06906957148224475,
        -0.20611944604429733,
        -0.33991869381244233,
        -0.46835722072158004,
        -0.5894094744768966,
        -0.7011663887235587,
        -0.8018654901635529,
        -0.8899186938124422,
        -0.96393734804825,
        -1.0227541344770767,
        -1.0654414772414942,
        -1.0913261714459257,
        -1.1,
        -1.0913261714459257,
        -1.0654414772414942,
        -1.0227541344770765,
        -0.9639373480482499,
        -0.889918693812442,
        -0.8018654901635528,
        -0.7011663887235585,
        -0.589409474476896,
        -0.4683572207215794,
        -0.33991869381244233,
        -0.2061194460442971,
        -0.06906957148224453,
        0.0690695714822451,
        0.20611944604429766,
        0.339918693812442,
        0.4683572207215799,
        0.5894094744768965,
        0.7011663887235591,
        0.8018654901635531,
        0.8899186938124426,
        0.96393734804825,
        1.0227541344770767,
        1.0654414772414944,
        1.0913261714459257,
        1.1,
        1.0913261714459257,
        1.0654414772414942,
        1.0227541344770765,
        0.9639373480482498,
        0.8899186938124418,
        0.8018654901635521,
        0.7011663887235586,
        0.5894094744768962,
        0.46835722072157954,
        0.33991869381244155,
        0.20611944604429627,
        0.06906957148224466,
        -0.06906957148224496,
        -0.20611944604429752,
        -0.33991869381244183,
        -0.4683572207215807,
        -0.5894094744768964,
        -0.7011663887235596,
        -0.801865490163553,
        -0.889918693812442,
        -0.9639373480482504,
        -1.0227541344770767,
        -1.0654414772414946,
        -1.0913261714459257,
        -1.1
    ],
    "args": {
        "I_fc": [
            1.1
        ],
        "current_units": "mA",
        "cycles": 1.5,
        "d": 0.2,
        "directory": "/scratch/users/lbvh/py-tdgl/results/17223927/15",
        "dt_init": 1e-06,
        "fc_center": [
            0,
            0,
            1
        ],
        "fc_radius": 2.4,
        "field_units": "mT",
        "film_points": 4000,
        "film_radius": 15.0,
        "film_shape": "box",
        "film_smooth": 100,
        "gamma": 1.0,
        "index": 15,
        "lam": 1.35,
        "max_edge_length": 0.5,
        "pl_center": null,
        "pl_radius": 0.8,
        "points_per_cycle": 51.0,
        "save_every": 500,
        "screening": false,
        "seed_solutions": true,
        "slot_radius": 0.1,
        "slot_size": [
            2.0,
            50.0
        ],
        "slot_top_center_x": [
            -10.0,
            10.0,
            101.0
        ],
        "slot_top_center_y": [
            5.0,
            5.0,
            101.0
        ],
        "solve_time": [
            10000.0,
            2000.0
        ],
        "squid_angle": 180.0,
        "squid_iterations": 5,
        "squid_points": 4000,
        "squid_position": [
            0.0,
            0.0,
            0.5
        ],
        "squid_smooth": 100,
        "squid_type": "hypres-small",
        "xi": 0.9
    },
    "film_fluxoid": [
        -2.570285694933893e-05,
        -2.5500176899875102e-05,
        -2.4895334658308425e-05,
        -2.389787277308069e-05,
        -2.252352632636108e-05,
        -2.079397335611468e-05,
        -1.873649228777251e-05,
        -1.638353170135072e-05,
        -1.3772198929632672e-05,
        -1.0943675302021254e-05,
        -7.942567095128231e-06,
        -4.816202348193715e-06,
        -1.6138846089426854e-06,
        1.6138846089426854e-06,
        4.816202348264394e-06,
        7.942567095039884e-06,
        1.0943675302056594e-05,
        1.3772198929639298e-05,
        1.638353170138606e-05,
        1.873649228773717e-05,
        2.079397335625604e-05,
        2.252352632625506e-05,
        2.389787277315137e-05,
        2.489533465828192e-05,
        2.5500176899850806e-05,
        2.5702856949197573e-05,
        2.5500176899875102e-05,
        2.489533465821124e-05,
        2.389787277308069e-05,
        2.252352632632574e-05,
        2.079397335615002e-05,
        1.873649228784319e-05,
        1.638353170131538e-05,
        1.3772198929639298e-05,
        1.0943675302003585e-05,
        7.942567095075222e-06,
        4.8162023482202194e-06,
        1.613884608748318e-06,
        -1.613884608929433e-06,
        -4.816202348264394e-06,
        -7.942567095075222e-06,
        -1.0943675301950576e-05,
        -1.3772198929648134e-05,
        -1.6383531701306544e-05,
        -1.873649228784319e-05,
        -2.0793973356158856e-05,
        -2.2523526326365498e-05,
        -2.3897872772957003e-05,
        -2.489533465842328e-05,
        -2.5500176899875102e-05,
        -2.5702856949268252e-05,
        -2.5500176899875102e-05,
        -2.489533465824658e-05,
        -2.3897872773199962e-05,
        -2.252352632643176e-05,
        -2.079397335629138e-05,
        -1.8736492287807847e-05,
        -1.638353170145674e-05,
        -1.377219892960396e-05,
        -1.0943675302091934e-05,
        -7.942567095092893e-06,
        -4.816202348264394e-06,
        -1.6138846089426854e-06,
        1.6138846089426854e-06,
        4.816202348299734e-06,
        7.942567095075222e-06,
        1.0943675301968245e-05,
        1.3772198929639298e-05,
        1.638353170131538e-05,
        1.8736492287807847e-05,
        2.079397335625604e-05,
        2.252352632639642e-05,
        2.389787277308069e-05,
        2.489533465828192e-05,
        2.5500176899848597e-05,
        2.570285694928592e-05
    ],