{
    "I_fc": [
        2.495,
        2.4753261797796218,
        2.4166149870159352,
        2.319792332291187,
        2.1863851667094396,
        2.018497400965494,
        1.8187767254164222,
        1.5903728544229807,
        1.3368878534725965,
        1.0623193324548563,
        0.7709974009654941,
        0.46751637989138267,
        0.15666234622563666,
        -0.15666234622563693,
        -0.4675163798913835,
        -0.7709974009654943,
        -1.0623193324548565,
        -1.336887853472597,
        -1.5903728544229807,
        -1.8187767254164222,
        -2.018497400965494,
        -2.1863851667094396,
        -2.3197923322911875,
        -2.4166149870159352,
        -2.4753261797796218,
        -2.495,
        -2.4753261797796218,
        -2.416614987015935,
        -2.319792332291187,
        -2.1863851667094396,
        -2.0184974009654937,
        -1.8187767254164222,
        -1.5903728544229805,
        -1.3368878534725956,
        -1.062319332454855,
        -0.7709974009654943,
        -0.46751637989138306,
        -0.15666234622563643,
        0.15666234622563774,
        0.4675163798913843,
        0.7709974009654935,
        1.0623193324548563,
        1.3368878534725968,
        1.5903728544229812,
        1.8187767254164227,
        2.018497400965495,
        2.1863851667094396,
        2.319792332291187,
        2.4166149870159352,
        2.4753261797796218,
        2.495,
        2.4753261797796218,
        2.416614987015935,
        2.319792332291187,
        2.1863851667094387,
        2.0184974009654932,
        1.8187767254164209,
        1.5903728544229807,
        1.3368878534725959,
        1.0623193324548554,
        0.7709974009654926,
        0.4675163798913812,
        0.15666234622563674,
        -0.15666234622563743,
        -0.467516379891384,
        -0.7709974009654931,
        -1.0623193324548579,
        -1.3368878534725965,
        -1.590372854422983,
        -1.8187767254164227,
        -2.0184974009654937,
        -2.1863851667094405,
        -2.319792332291187,
        -2.4166149870159357,
        -2.4753261797796218,
        -2.495
    ],
    "args": {
        "I_fc": [
            0.5,
            10.0,
            201.0
        ],
        "current_units": "mA",
        "cycles": 1.5,
        "d": 0.2,
        "directory": "/scratch/users/lbvh/py-tdgl/results/14122470/42",
        "dt_init": 1e-06,
        "fc_center": [
            0,
            0,
            1
        ],
        "fc_radius": 2.4,
        "field_units": "mT",
        "film_points": 4000,
        "film_radius": 15.0,
        "film_shape": "box",
        "film_smooth": 100,
        "gamma": 1.0,
        "index": 42,
        "lam": 1.35,
        "max_edge_length": 0.5,
        "pl_center": null,
        "pl_radius": 0.8,
        "points_per_cycle": 51.0,
        "save_every": 500,
        "screening": false,
        "seed_solutions": true,
        "slot_radius": 0,
        "slot_size": null,
        "slot_top_center_x": null,
        "slot_top_center_y": null,
        "solve_time": [
            20000.0,
            2000.0
        ],
        "squid_angle": 0,
        "squid_iterations": 5,
        "squid_points": 4000,
        "squid_position": [
            0.0,
            0.0,
            0.5
        ],
        "squid_smooth": 100,
        "squid_type": "hypres-small",
        "xi": 0.9
    },
    "film_fluxoid": [
        0.9989411822455496,
        0.9989492553099464,
        0.99897333433825,
        0.9990130061247013,
        0.9990676029009664,
        0.999136224989026,
        0.9992177624413139,
        0.9993109145172275,
        0.999414208326085,
        0.9995260179266037,
        0.9996445821486526,
        0.9997680016946764,
        0.9998937714073715,
        6.379355617269133e-05,
        0.00019039237658450206,
        0.0003140428628136979,
        0.0004328342988331927,
        0.0005449370661210597,
        0.000648632113201919,
        0.0007423357372748698,
        0.0008246159962363883,
        0.0008941991239594924,
        0.0009500482895040365,
        -0.9989733343387764,
        -0.9989492553099715,
        -0.9989411822459843,
        -0.9989492553100976,
        -0.9989733343386229,
        -0.9990130061247164,
        -0.9990676029010642,
        -0.9991362249891568,
        -0.9992177624415347,
        -0.999310914517794,
        -0.9994142083267309,
        -0.9995260179253361,
        -0.9996445821484538,
        -0.9997680016960075,
        -0.9998937714061616,
        -6.379355614388965e-05,
        -0.00019039237659284217,
        -0.0003140428632780589,
        -0.0004328342990668707,
        -0.0005449370659470524,
        -0.0006486321139742543,
        -0.0007423357355787507,
        -0.0008246159968890381,
        -0.0008941991269668482,
        -0.0009500482876738526,
        0.9989733343386151,
        0.9989492553101809,
        0.9989411822453044,
        0.9989492553103216,
        0.998973334338314,
        0.9990130061245218,
        0.9990676029010479,
        0.9991362249894146,
        0.9992177624413942,
        0.9993109145166372,
        0.9994142083258994,
        0.9995260179250666,
        0.9996445821490864,
        0.9997680016963996,
        0.9998937714077363,
        6.37935560838125e-05,
        0.00019039237698595873,
        0.000314042864027963,
        0.000432834298722865,
        0.0005449370639607402,
        0.000648632113231074,
        0.0007423357385308709,
        0.0008246159979618745,
        0.0008941991254280252,
        0.0009500482882796113,
        -0.9989733343386222,
        -0.9989492553101469,
        -0.9989411822460232
    ],
    "flux": [
        -0.01585614140484737,
        -0.015679933457387683,
        -0.0151345256326542,
        -0.01417394348236127,
        -0.012735328733497185,
        -0.010757053076774813,
        -0.008199775122546254,
        -0.005067048121304503,
        -0.0014217404065581982,
        0.00260519090464596,
        0.006815366063876591,
        0.010947188362426752,
        0.01450197690132896,
        0.002566302347503991,
        0.007553302406508489,
        0.012121268000774729,
        0.016047303143812412,
        0.019183811843881265,
        0.021471336276810405,
        0.022937548226480524,
        0.02368328092566382,
        0.023859572280718392,
        0.023615257210558415,
        0.015134525633495745,
        0.015679933457512497,
        0.015856141404926374,
        0.015679933454768726,
        0.015134525633092746,
        0.014173943482630241,
        0.01273532873377173,
        0.01075705307677147,
        0.008199775118936152,
        0.005067048138018936,
        0.0014217404028024389,
        -0.0026051909077512243,
        -0.006815366099734679,
        -0.010947188358620808,
        -0.014501976903410747,
        -0.002566302346473707,
        -0.007553302396918367,
        -0.012121268000406235,
        -0.016047303142907726,
        -0.019183811845791984,
        -0.021471336273934768,
        -0.022937548229591997,
        -0.023683280971283298,
        -0.023859572278944228,
        -0.023615257198085722,
        -0.015134525633479334,
        -0.015679933457484887,
        -0.015856141404219776,
        -0.015679933457982284,
        -0.015134525632636855,
        -0.014173943481347555,
        -0.012735328733671695,
        -0.010757053077776524,
        -0.008199775118810869,
        -0.005067048125557978,
        -0.0014217404009637226,
        0.002605190908300044,
        0.006815366098455913,
        0.010947188359968581,
        0.01450197689406236,
        0.0025663023477554663,
        0.007553302405968632,
        0.012121267995041556,
        0.01604730314395678,
        0.019183811848827243,
        0.021471336242029848,
        0.022937548223688865,
        0.023683280969179744,
        0.023859572282645864,
        0.023615257210964344,
        0.01513452563199251,
        0.01567993345685912,
        0.015856141404018344
    ],