{
    "I_fc": [
        1.5,
        1.4881720519717168,
        1.4528747416929466,
        1.394664728832377,
        1.3144600200657954,
        1.2135254915624212,
        1.0934529411321172,
        0.9561359846230344,
        0.8037401924684948,
        0.638668937347609,
        0.4635254915624212,
        0.2810719718785868,
        0.09418577929396996,
        -0.0941857792939701,
        -0.28107197187858723,
        -0.46352549156242134,
        -0.6386689373476091,
        -0.8037401924684953,
        -0.9561359846230346,
        -1.0934529411321174,
        -1.213525491562421,
        -1.3144600200657954,
        -1.3946647288323772,
        -1.4528747416929466,
        -1.4881720519717168,
        -1.5,
        -1.4881720519717168,
        -1.4528747416929466,
        -1.3946647288323768,
        -1.3144600200657952,
        -1.2135254915624207,
        -1.0934529411321172,
        -0.9561359846230343,
        -0.8037401924684945,
        -0.6386689373476082,
        -0.46352549156242134,
        -0.28107197187858696,
        -0.09418577929396982,
        0.09418577929397058,
        0.2810719718785877,
        0.46352549156242084,
        0.6386689373476089,
        0.8037401924684952,
        0.956135984623035,
        1.0934529411321179,
        1.2135254915624216,
        1.3144600200657954,
        1.3946647288323772,
        1.4528747416929468,
        1.4881720519717168,
        1.5,
        1.4881720519717168,
        1.4528747416929466,
        1.394664728832377,
        1.314460020065795,
        1.2135254915624205,
        1.0934529411321166,
        0.9561359846230344,
        0.8037401924684946,
        0.6386689373476084,
        0.4635254915624203,
        0.2810719718785858,
        0.09418577929396998,
        -0.0941857792939704,
        -0.2810719718785875,
        -0.4635254915624207,
        -0.63866893734761,
        -0.803740192468495,
        -0.9561359846230357,
        -1.0934529411321177,
        -1.2135254915624207,
        -1.3144600200657959,
        -1.3946647288323772,
        -1.452874741692947,
        -1.4881720519717168,
        -1.5
    ],
    "args": {
        "I_fc": [
            1.5
        ],
        "current_units": "mA",
        "cycles": 1.5,
        "d": 0.2,
        "directory": "/scratch/users/lbvh/py-tdgl/results/17223933/77",
        "dt_init": 1e-06,
        "fc_center": [
            0,
            0,
            1
        ],
        "fc_radius": 2.4,
        "field_units": "mT",
        "film_points": 4000,
        "film_radius": 15.0,
        "film_shape": "box",
        "film_smooth": 100,
        "gamma": 1.0,
        "index": 77,
        "lam": 1.35,
        "max_edge_length": 0.5,
        "pl_center": null,
        "pl_radius": 0.8,
        "points_per_cycle": 51.0,
        "save_every": 500,
        "screening": false,
        "seed_solutions": true,
        "slot_radius": 0.1,
        "slot_size": [
            2.0,
            50.0
        ],
        "slot_top_center_x": [
            -10.0,
            10.0,
            101.0
        ],
        "slot_top_center_y": [
            5.0,
            5.0,
            101.0
        ],
        "solve_time": [
            10000.0,
            2000.0
        ],
        "squid_angle": 180.0,
        "squid_iterations": 5,
        "squid_points": 4000,
        "squid_position": [
            0.0,
            0.0,
            0.5
        ],
        "squid_smooth": 100,
        "squid_type": "hypres-small",
        "xi": 0.9
    },
    "film_fluxoid": [
        0.9984686284614327,
        0.9984803185048291,
        0.998515200372716,
        0.9985727148362167,
        0.9986519470104419,
        0.9987516487554042,
        0.9988702670369201,
        0.9990059813903976,
        0.9991567647660872,
        0.9993205355887778,
        0.9994960274877926,
        -0.00027742902858613665,
        -9.295537786318506e-05,
        9.295537786316518e-05,
        0.000277429028586119,
        0.00045761590989909176,
        0.0006307402105229403,
        0.0007941504220476776,
        0.0009453743859656455,
        0.0010821944250408227,
        0.0012028500602806395,
        -0.998651947010442,
        -0.9985727148362168,
        -0.998515200372716,
        -0.9984803185048291,
        -0.9984686284614325,
        -0.9984803185048291,
        -0.998515200372716,
        -0.9985727148362168,
        -0.998651947010442,
        -0.9987516487554043,
        -0.99887026703692,
        -0.9990059813903976,
        -0.999156764766087,
        -0.9993205355887778,
        -0.9994960274877925,
        0.000277429028586119,
        9.295537786314089e-05,
        -9.295537786314089e-05,
        -0.0002774290285861896,
        -0.0004576159098991448,
        -0.0006307402105229756,
        -0.0007941504220475363,
        -0.0009453743859656279,
        -0.001082194425040964,
        -0.001202850060280571,
        0.9986519470104419,
        0.9985727148362167,
        0.998515200372716,
        0.9984803185048291,
        0.9984686284614325,
        0.9984803185048291,
        0.9985152003727159,
        0.9985727148362167,
        0.9986519470104419,
        0.9987516487554041,
        0.9988702670369201,
        0.9990059813903976,
        0.999156764766087,
        0.9993205355887776,
        0.9994960274877925,
        -0.0002774290285861355,
        -9.29553778631707e-05,
        9.295537786315856e-05,
        0.000277429028586119,
        0.00045761590989930377,
        0.0006307402105229933,
        0.000794150422047607,
        0.0009453743859656366,
        0.0010821944250408227,
        0.0012028500602806328,
        -0.998651947010442,
        -0.9985727148362167,
        -0.998515200372716,
        -0.9984803185048291,
        -0.9984686284614325
    ],