{
    "I_fc": [
        1.2,
        1.1905376415773734,
        1.1622997933543573,
        1.1157317830659015,
        1.0515680160526362,
        0.9708203932499369,
        0.8747623529056938,
        0.7649087876984275,
        0.6429921539747958,
        0.5109351498780872,
        0.37082039324993693,
        0.22485757750286942,
        0.07534862343517597,
        -0.07534862343517608,
        -0.22485757750286978,
        -0.37082039324993704,
        -0.5109351498780872,
        -0.6429921539747963,
        -0.7649087876984276,
        -0.8747623529056939,
        -0.9708203932499367,
        -1.0515680160526362,
        -1.1157317830659017,
        -1.1622997933543573,
        -1.1905376415773734,
        -1.2,
        -1.1905376415773734,
        -1.1622997933543573,
        -1.1157317830659015,
        -1.0515680160526362,
        -0.9708203932499366,
        -0.8747623529056938,
        -0.7649087876984274,
        -0.6429921539747956,
        -0.5109351498780865,
        -0.37082039324993704,
        -0.22485757750286955,
        -0.07534862343517584,
        0.07534862343517647,
        0.22485757750287014,
        0.37082039324993665,
        0.5109351498780871,
        0.6429921539747961,
        0.764908787698428,
        0.8747623529056943,
        0.9708203932499373,
        1.0515680160526362,
        1.1157317830659017,
        1.1622997933543573,
        1.1905376415773734,
        1.2,
        1.1905376415773734,
        1.1622997933543573,
        1.1157317830659015,
        1.051568016052636,
        0.9708203932499364,
        0.8747623529056932,
        0.7649087876984275,
        0.6429921539747957,
        0.5109351498780867,
        0.3708203932499362,
        0.22485757750286864,
        0.07534862343517598,
        -0.07534862343517632,
        -0.22485757750287003,
        -0.37082039324993654,
        -0.510935149878088,
        -0.6429921539747959,
        -0.7649087876984286,
        -0.8747623529056942,
        -0.9708203932499366,
        -1.0515680160526366,
        -1.1157317830659017,
        -1.1622997933543577,
        -1.1905376415773734,
        -1.2
    ],
    "args": {
        "I_fc": [
            1.2
        ],
        "current_units": "mA",
        "cycles": 1.5,
        "d": 0.2,
        "directory": "/scratch/users/lbvh/py-tdgl/results/17298304/6",
        "dt_init": 1e-06,
        "fc_center": [
            0,
            0,
            1
        ],
        "fc_radius": 2.4,
        "field_units": "mT",
        "film_points": 4000,
        "film_radius": 15.0,
        "film_shape": "box",
        "film_smooth": 100,
        "gamma": 1.0,
        "index": 6,
        "lam": 1.35,
        "max_edge_length": 0.5,
        "pl_center": null,
        "pl_radius": 0.8,
        "points_per_cycle": 51.0,
        "save_every": 500,
        "screening": false,
        "seed_solutions": true,
        "slot_radius": 0.1,
        "slot_size": [
            2.0,
            50.0
        ],
        "slot_top_center_x": [
            -10.0,
            10.0,
            101.0
        ],
        "slot_top_center_y": [
            5.0,
            5.0,
            101.0
        ],
        "solve_time": [
            10000.0,
            2000.0
        ],
        "squid_angle": 180.0,
        "squid_iterations": 5,
        "squid_points": 4000,
        "squid_position": [
            0.0,
            0.0,
            0.5
        ],
        "squid_smooth": 100,
        "squid_type": "hypres-small",
        "xi": 0.9
    },
    "film_fluxoid": [
        -0.0005827892522634466,
        -0.0005781937852245168,
        -0.0005644798573449113,
        -0.0005418637453853049,
        -0.0005107021188039318,
        -0.0004714864148653144,
        -0.00042483508839934696,
        -0.0003714838584370404,
        -0.00031227410552872934,
        -0.00024813960271432265,
        -0.00018009178939385931,
        -0.00010920382033284952,
        -3.6593641356743274e-05,
        3.659364135672119e-05,
        0.00010920382033284952,
        0.00018009178939383888,
        0.00024813960271425196,
        0.00031227410552883537,
        0.00037148385843700505,
        0.00042483508839933373,
        0.0004714864148653144,
        0.0005107021188039759,
        0.0005418637453853402,
        0.0005644798573448406,
        0.0005781937852244284,
        0.0005827892522634466,
        0.0005781937852243754,
        0.0005644798573449113,
        0.0005418637453852783,
        0.0005107021188039406,
        0.00047148641486527903,
        0.00042483508839934696,
        0.00037148385843700505,
        0.00031227410552873817,
        0.000248139602714358,
        0.00018009178939383888,
        0.00010920382033286718,
        3.65936413566991e-05,
        -3.659364135666376e-05,
        -0.00010920382033283185,
        -0.00018009178939385875,
        -0.00024813960271439334,
        -0.000312274105528694,
        -0.0003714838584370404,
        -0.00042483508839934696,
        -0.0004714864148653166,
        -0.0005107021188039406,
        -0.0005418637453853402,
        -0.0005644798573449113,
        -0.0005781937852244284,
        -0.0005827892522634642,
        -0.0005781937852244107,
        -0.0005644798573448406,
        -0.0005418637453852695,
        -0.0005107021188039406,
        -0.0004714864148652967,
        -0.00042483508839934696,
        -0.0003714838584370404,
        -0.00031227410552872934,
        -0.00024813960271434033,
        -0.00018009178939385213,
        -0.00010920382033282301,
        -3.659364135671677e-05,
        3.659364135672561e-05,
        0.00010920382033285836,
        0.00018009178939387422,
        0.00024813960271439334,
        0.0003122741055287647,
        0.00037148385843700505,
        0.0004248350883993514,
        0.0004714864148653144,
        0.0005107021188039052,
        0.0005418637453851988,
        0.0005644798573449113,
        0.0005781937852244107,
        0.0005827892522634819
    ],