{
    "I_fc": [
        4.9175,
        4.878724043713945,
        4.763007694850044,
        4.572175869355476,
        4.309238099115699,
        3.9783410698388044,
        3.5847032253447915,
        3.1345324695891814,
        2.634928264309216,
        2.093769666271245,
        1.5195910698388042,
        0.9214476144753004,
        0.3087723797853982,
        -0.3087723797853987,
        -0.9214476144753019,
        -1.5195910698388049,
        -2.0937696662712453,
        -2.6349282643092176,
        -3.1345324695891823,
        -3.5847032253447924,
        -3.978341069838804,
        -4.309238099115699,
        -4.572175869355477,
        -4.763007694850044,
        -4.878724043713945,
        -4.9175,
        -4.878724043713945,
        -4.763007694850044,
        -4.572175869355476,
        -4.309238099115699,
        -3.9783410698388035,
        -3.5847032253447915,
        -3.134532469589181,
        -2.6349282643092145,
        -2.0937696662712426,
        -1.5195910698388049,
        -0.921447614475301,
        -0.30877237978539773,
        0.30877237978540023,
        0.9214476144753034,
        1.519591069838803,
        2.093769666271245,
        2.6349282643092167,
        3.134532469589183,
        3.5847032253447932,
        3.978341069838806,
        4.309238099115699,
        4.572175869355477,
        4.763007694850044,
        4.878724043713945,
        4.9175,
        4.878724043713945,
        4.763007694850044,
        4.572175869355476,
        4.309238099115698,
        3.978341069838802,
        3.584703225344789,
        3.1345324695891814,
        2.6349282643092153,
        2.093769666271243,
        1.5195910698388013,
        0.9214476144752972,
        0.3087723797853983,
        -0.3087723797853996,
        -0.9214476144753029,
        -1.5195910698388027,
        -2.0937696662712484,
        -2.6349282643092162,
        -3.134532469589186,
        -3.584703225344793,
        -3.9783410698388035,
        -4.309238099115701,
        -4.572175869355477,
        -4.763007694850045,
        -4.878724043713945,
        -4.9175
    ],
    "args": {
        "I_fc": [
            0.5,
            10.0,
            201.0
        ],
        "current_units": "mA",
        "cycles": 1.5,
        "d": 0.2,
        "directory": "/scratch/users/lbvh/py-tdgl/results/14122470/93",
        "dt_init": 1e-06,
        "fc_center": [
            0,
            0,
            1
        ],
        "fc_radius": 2.4,
        "field_units": "mT",
        "film_points": 4000,
        "film_radius": 15.0,
        "film_shape": "box",
        "film_smooth": 100,
        "gamma": 1.0,
        "index": 93,
        "lam": 1.35,
        "max_edge_length": 0.5,
        "pl_center": null,
        "pl_radius": 0.8,
        "points_per_cycle": 51.0,
        "save_every": 500,
        "screening": false,
        "seed_solutions": true,
        "slot_radius": 0,
        "slot_size": null,
        "slot_top_center_x": null,
        "slot_top_center_y": null,
        "solve_time": [
            20000.0,
            2000.0
        ],
        "squid_angle": 0,
        "squid_iterations": 5,
        "squid_points": 4000,
        "squid_position": [
            0.0,
            0.0,
            0.5
        ],
        "squid_smooth": 100,
        "squid_type": "hypres-small",
        "xi": 0.9
    },
    "film_fluxoid": [
        2.9978487263878484,
        2.997864836762382,
        2.997912873347239,
        2.9979920154810342,
        2.99810117563211,
        2.99823989624916,
        2.998413074213634,
        2.998596559248877,
        2.9987993038986547,
        2.9990170839107133,
        1.999295568906611,
        1.9995332350365376,
        0.999832450378248,
        0.00012573762113783196,
        0.00037537642590801694,
        0.0006196514750247225,
        0.0008557524754122318,
        -0.998883691309544,
        -0.998676591080463,
        -1.9984534195009636,
        -1.9982895462511434,
        -2.998115790900274,
        -2.9980068246001186,
        -2.9979270078510867,
        -2.997878052256232,
        -2.9978480898311344,
        -2.9978648032426145,
        -2.997912872400508,
        -2.997992015464514,
        -2.99810117562837,
        -2.998239896250198,
        -2.998413074211907,
        -2.9985965592492776,
        -2.9987993038975302,
        -2.999017083909864,
        -1.9992955689041207,
        -1.9995332350348456,
        -0.9998324503751111,
        -0.00012573762056011955,
        -0.000375376425593681,
        -0.0006196514757227482,
        -0.0008557524770938618,
        0.998883691309932,
        0.9986765910802529,
        1.9984534194996815,
        1.9982895462513983,
        2.9981157909013345,
        2.998006824602726,
        2.9979270078489857,
        2.9978780522583905,
        2.9978480898382274,
        2.997864803239767,
        2.9979128724024346,
        2.9979920154641353,
        2.998101175628259,
        2.9982398962475885,
        2.998413074211927,
        2.998596559248204,
        2.9987993038961687,
        2.9990170839110655,
        1.9992955689053855,
        1.999533235034638,
        0.9998324503775227,
        0.0001257376207198364,
        0.0003753764252287918,
        0.0006196514774616459,
        0.0008557524794039693,
        -0.9988836913094498,
        -0.9986765910802646,
        -1.998453419500487,
        -1.9982895462511587,
        -2.9981157909007043,
        -2.998006824600371,
        -2.997927007847938,
        -2.9978780522578536,
        -2.997848089835784
    ],
    "flux": [
        -0.009557167683464594,
        -0.009296753002708559,
        -0.008475906998837756,
        -0.007011800564417938,
        -0.00489113917583803,
        -0.0025915737856908737,
        -0.0042633371619122526,
        0.0007491983351831899,
        0.0063535020137371525,
        0.011554073492465561,
        0.007256543864055909,
        0.011290051032876993,
        0.012917651398820854,
        0.005032685435513962,
        0.014215859342094255,
        0.02089796831463032,
        0.023817736153294862,
        0.01700903224066301,
        0.019405331938680454,
        0.014372828120077424,
        0.016028888546310915,
        0.01084327875955227,
        0.012383229276419442,
        0.013074596635135483,
        0.013251386533000864,
        0.009514597409614588,
        0.009294721843360578,
        0.008475843345334846,
        0.007011799214870978,
        0.004891139227017672,
        0.0025915737645383556,
        0.004263337159403593,
        -0.0007491983359114428,
        -0.0063535020166994955,
        -0.011554073463230126,
        -0.0072565438715805185,
        -0.011290051007905831,
        -0.01291765140833275,
        -0.005032685436686122,
        -0.014215859342160422,
        -0.020897968321994954,
        -0.023817736206790473,
        -0.017009032241078588,
        -0.01940533193820293,
        -0.014372828117388058,
        -0.01602888854340118,
        -0.010843278817348059,
        -0.01238322928102194,
        -0.013074596630279094,
        -0.013251386474921715,
        -0.009514597970274957,
        -0.009294721685019037,
        -0.008475843302930414,
        -0.0070117991958103705,
        -0.004891139169096872,
        -0.002591573870152592,
        -0.004263337212399044,
        0.0007491983357408294,
        0.006353502019877313,
        0.011554073491720048,
        0.007256543868162663,
        0.01129005100208721,
        0.012917651387404855,
        0.005032685436224693,
        0.014215859343095784,
        0.02089796834767747,
        0.023817736207194365,
        0.017009032240458372,
        0.019405331915925594,
        0.014372828119147257,
        0.01602888852657174,
        0.010843278760463988,
        0.012383229311898144,
        0.01307459662886358,
        0.013251386474588931,
        0.009514597777120189
    ],
    "timing": {
        "end_time": "2023-03-29T15:05:00.948115",
        "start_time": "2023-03-29T09:46:57.956132",