{
    "I_fc": [
        1.75,
        1.7362007273003364,
        1.6950205319751044,
        1.62710885030444,
        1.5335366900767613,
        1.415779740156158,
        1.2756950979874702,
        1.115491982060207,
        0.937696891213244,
        0.7451137602388771,
        0.540779740156158,
        0.3279173005250179,
        0.10988340917629828,
        -0.10988340917629845,
        -0.32791730052501844,
        -0.5407797401561583,
        -0.7451137602388772,
        -0.9376968912132445,
        -1.115491982060207,
        -1.2756950979874704,
        -1.4157797401561578,
        -1.5335366900767613,
        -1.62710885030444,
        -1.6950205319751044,
        -1.7362007273003364,
        -1.75,
        -1.7362007273003364,
        -1.6950205319751044,
        -1.6271088503044397,
        -1.533536690076761,
        -1.4157797401561576,
        -1.2756950979874702,
        -1.1154919820602067,
        -0.9376968912132435,
        -0.7451137602388763,
        -0.5407797401561583,
        -0.3279173005250181,
        -0.10988340917629812,
        0.10988340917629902,
        0.327917300525019,
        0.5407797401561576,
        0.7451137602388771,
        0.9376968912132444,
        1.1154919820602074,
        1.2756950979874708,
        1.4157797401561587,
        1.5335366900767613,
        1.62710885030444,
        1.6950205319751046,
        1.7362007273003364,
        1.75,
        1.7362007273003364,
        1.6950205319751044,
        1.62710885030444,
        1.5335366900767609,
        1.4157797401561574,
        1.2756950979874693,
        1.115491982060207,
        0.9376968912132437,
        0.7451137602388764,
        0.5407797401561569,
        0.3279173005250168,
        0.10988340917629831,
        -0.1098834091762988,
        -0.3279173005250188,
        -0.5407797401561575,
        -0.7451137602388783,
        -0.9376968912132442,
        -1.1154919820602085,
        -1.2756950979874706,
        -1.4157797401561576,
        -1.5335366900767617,
        -1.62710885030444,
        -1.695020531975105,
        -1.7362007273003364,
        -1.75
    ],
    "args": {
        "I_fc": [
            1.75
        ],
        "current_units": "mA",
        "cycles": 1.5,
        "d": 0.2,
        "directory": "/scratch/users/lbvh/py-tdgl/results/17223199/34",
        "dt_init": 1e-06,
        "fc_center": [
            0,
            0,
            1
        ],
        "fc_radius": 2.4,
        "field_units": "mT",
        "film_points": 4000,
        "film_radius": 15.0,
        "film_shape": "box",
        "film_smooth": 100,
        "gamma": 1.0,
        "index": 34,
        "lam": 1.35,
        "max_edge_length": 0.5,
        "pl_center": null,
        "pl_radius": 0.8,
        "points_per_cycle": 51.0,
        "save_every": 500,
        "screening": false,
        "seed_solutions": true,
        "slot_radius": 0.1,
        "slot_size": [
            2.0,
            50.0
        ],
        "slot_top_center_x": [
            -10.0,
            10.0,
            101.0
        ],
        "slot_top_center_y": [
            -1.0,
            -1.0,
            101.0
        ],
        "solve_time": [
            10000.0,
            2000.0
        ],
        "squid_angle": 180.0,
        "squid_iterations": 5,
        "squid_points": 4000,
        "squid_position": [
            0.0,
            0.0,
            0.5
        ],
        "squid_smooth": 100,
        "squid_type": "hypres-small",
        "xi": 0.9
    },
    "film_fluxoid": [
        0.9999536927881153,
        0.9999540884514881,
        0.9999552248600557,
        0.9999570289831363,
        0.9999594488032101,
        0.9999624396581684,
        0.9999659564433919,
        0.9999699530166627,
        0.9999743906570105,
        -1.8709956416583253e-05,
        -1.3474427466184315e-05,
        -8.138642910996488e-06,
        -2.7224862521552373e-06,
        2.7224862521375678e-06,
        8.138642912056673e-06,
        1.3474427465018111e-05,
        1.870995641043418e-05,
        -0.9999743906570197,
        -0.99996995301666,
        -0.9999659564433928,
        -0.9999624396581679,
        -0.9999594488032102,
        -0.9999570289831384,
        -0.9999552248600605,
        -0.9999540884514881,
        -0.9999536927881142,
        -0.999954088451489,
        -0.9999552248600605,
        -0.9999570289831232,
        -0.9999594488032109,
        -0.9999624396581659,
        -0.9999659564433949,
        -0.9999699530166682,
        -0.9999743906570228,
        1.870995641190077e-05,
        1.3474427465230149e-05,
        8.138642914283062e-06,
        2.7224862515367965e-06,
        -2.7224862515367965e-06,
        -8.138642911985995e-06,
        -1.3474427464293653e-05,
        -1.8709956410716896e-05,
        0.9999743906570149,
        0.9999699530166697,
        0.9999659564433908,
        0.9999624396581689,
        0.9999594488032122,
        0.9999570289831369,
        0.9999552248600566,
        0.9999540884514913,
        0.9999536927881232,
        0.9999540884514871,
        0.9999552248600613,
        0.9999570289831279,
        0.999959448803213,
        0.9999624396581664,
        0.9999659564433911,
        0.9999699530166583,
        0.9999743906570212,
        -1.8709956412130476e-05,
        -1.3474427465300827e-05,
        -8.138642911491242e-06,
        -2.722486251695824e-06,
        2.722486251395438e-06,
        8.138642911455902e-06,
        1.3474427465124131e-05,
        1.870995640976273e-05,
        -0.9999743906570222,
        -0.9999699530166661,
        -0.9999659564433905,
        -0.999962439658165,
        -0.9999594488032071,
        -0.9999570289831369,
        -0.9999552248600561,
        -0.999954088451484,
        -0.9999536927881193
    ],