{
    "I_fc": [
        2.685,
        2.6638279730293726,
        2.6006457876303752,
        2.4964498646099544,
        2.3528834359177733,
        2.172210629896734,
        1.9572807646264903,
        1.7114834124752316,
        1.4386949445186057,
        1.1432173978522202,
        0.829710629896734,
        0.5031188296626703,
        0.16859254493620618,
        -0.16859254493620648,
        -0.5031188296626712,
        -0.8297106298967344,
        -1.1432173978522204,
        -1.4386949445186064,
        -1.7114834124752316,
        -1.9572807646264903,
        -2.172210629896734,
        -2.3528834359177737,
        -2.4964498646099553,
        -2.6006457876303752,
        -2.6638279730293726,
        -2.685,
        -2.6638279730293726,
        -2.600645787630375,
        -2.4964498646099544,
        -2.3528834359177733,
        -2.1722106298967336,
        -1.9572807646264903,
        -1.7114834124752314,
        -1.4386949445186048,
        -1.1432173978522189,
        -0.8297106298967344,
        -0.5031188296626707,
        -0.16859254493620593,
        0.16859254493620734,
        0.5031188296626721,
        0.8297106298967335,
        1.1432173978522202,
        1.4386949445186061,
        1.7114834124752323,
        1.957280764626491,
        2.172210629896735,
        2.3528834359177733,
        2.496449864609955,
        2.6006457876303752,
        2.6638279730293726,
        2.685,
        2.6638279730293726,
        2.600645787630375,
        2.4964498646099544,
        2.352883435917773,
        2.172210629896733,
        1.957280764626489,
        1.7114834124752316,
        1.4386949445186052,
        1.143217397852219,
        0.8297106298967326,
        0.5031188296626687,
        0.16859254493620626,
        -0.168592544936207,
        -0.5031188296626717,
        -0.829710629896733,
        -1.1432173978522218,
        -1.4386949445186057,
        -1.711483412475234,
        -1.957280764626491,
        -2.1722106298967336,
        -2.3528834359177746,
        -2.496449864609955,
        -2.6006457876303757,
        -2.6638279730293726,
        -2.685
    ],
    "args": {
        "I_fc": [
            0.5,
            10.0,
            201.0
        ],
        "current_units": "mA",
        "cycles": 1.5,
        "d": 0.2,
        "directory": "/scratch/users/lbvh/py-tdgl/results/14122470/46",
        "dt_init": 1e-06,
        "fc_center": [
            0,
            0,
            1
        ],
        "fc_radius": 2.4,
        "field_units": "mT",
        "film_points": 4000,
        "film_radius": 15.0,
        "film_shape": "box",
        "film_smooth": 100,
        "gamma": 1.0,
        "index": 46,
        "lam": 1.35,
        "max_edge_length": 0.5,
        "pl_center": null,
        "pl_radius": 0.8,
        "points_per_cycle": 51.0,
        "save_every": 500,
        "screening": false,
        "seed_solutions": true,
        "slot_radius": 0,
        "slot_size": null,
        "slot_top_center_x": null,
        "slot_top_center_y": null,
        "solve_time": [
            20000.0,
            2000.0
        ],
        "squid_angle": 0,
        "squid_iterations": 5,
        "squid_points": 4000,
        "squid_position": [
            0.0,
            0.0,
            0.5
        ],
        "squid_smooth": 100,
        "squid_type": "hypres-small",
        "xi": 0.9
    },
    "film_fluxoid": [
        0.99886308342637,
        0.9988717996950284,
        0.9988977892994577,
        0.9989405872102993,
        0.9989994523945264,
        0.9990733999726654,
        0.9991612269587984,
        0.9992615317882084,
        0.9993727317602497,
        0.9994930815746589,
        0.9996206920743688,
        0.9997535314509681,
        0.9998890130204912,
        6.865170796655713e-05,
        0.0002048946810944237,
        0.00033797497924494593,
        0.0004658462946106538,
        0.0005865553035082412,
        0.0006982776685553805,
        0.0007993509048163796,
        0.0008883033314836824,
        -0.9989994523942904,
        -0.9989405872103597,
        -0.9988977892994696,
        -0.9988717996948051,
        -0.9988630834263714,
        -0.9988717996947981,
        -0.9988977893000202,
        -0.9989405872103104,
        -0.9989994523942953,
        -0.9990733999725816,
        -0.9991612269587524,
        -0.9992615317888274,
        -0.9993727317601396,
        -0.9994930815732959,
        -0.9996206920725232,
        -0.999753531453665,
        -0.9998890130200417,
        -6.865170772974715e-05,
        -0.0002048946813388979,
        -0.0003379749781354094,
        -0.00046584629340257314,
        -0.000586555302079112,
        -0.0006982776689679514,
        -0.0007993509043443676,
        -0.0008883033329410833,
        0.9989994523946706,
        0.9989405872102847,
        0.9988977892996272,
        0.9988717996954447,
        0.9988630834270049,
        0.9988717996950925,
        0.9988977892995301,
        0.9989405872103101,
        0.9989994523942961,
        0.9990733999725787,
        0.9991612269591883,
        0.9992615317882251,
        0.9993727317603666,
        0.9994930815732156,
        0.9996206920751793,
        0.9997535314535237,
        0.9998890130210596,
        6.865170804409198e-05,
        0.0002048946813706372,
        0.0003379749784479343,
        0.00046584629601084,
        0.0005865553024477736,
        0.0006982776670114509,
        0.0007993509039224494,
        0.0008883033298490893,
        -0.9989994523945114,
        -0.9989405872106268,
        -0.9988977892993298,
        -0.9988717996948191,
        -0.9988630834270403
    ],
    "flux": [
        -0.017376533886402427,
        -0.01722416074474644,
        -0.016743366350048576,
        -0.015868994185503603,
        -0.014510522359883746,
        -0.012575188716203875,
        -0.009994662957679978,
        -0.006751468006881027,
        -0.0029006260277117443,
        0.0014180521331532637,
        0.005979928314454448,
        0.010483137840948242,
        0.014404964557582802,
        0.002760973437852158,
        0.008108370883938062,
        0.012954304817961178,
        0.017034801172090105,
        0.020179212872848358,
        0.022324839830144272,
        0.023512536634096297,
        0.023862586632059493,
        0.014510522358573983,
        0.015868994185677762,
        0.01674336634970728,
        0.017224160744254403,
        0.017376533886791837,
        0.01722416074381831,
        0.016743366348223536,
        0.015868994185684875,
        0.01451052235986636,
        0.012575188716495284,
        0.009994662957233775,
        0.0067514680081943316,
        0.002900626022964326,
        -0.001418052135377315,
        -0.005979928318157443,
        -0.010483137861706453,
        -0.014404964556704416,
        -0.002760973431356243,
        -0.008108370902348684,
        -0.012954304821194685,
        -0.017034801173135744,
        -0.02017921287061194,
        -0.02232483982818218,
        -0.0235125366351952,
        -0.02386258663396643,
        -0.01451052235967604,
        -0.015868994179926443,
        -0.01674336634479563,
        -0.017224160745274438,
        -0.01737653388635068,
        -0.01722416074463211,
        -0.01674336634984588,
        -0.015868994176480425,
        -0.014510522359569395,
        -0.012575188716141456,
        -0.009994662957868954,
        -0.006751468016780938,
        -0.002900626013485826,
        0.001418052136376432,
        0.005979928313103053,
        0.01048313787496506,
        0.01440496455211002,
        0.0027609734378057954,
        0.008108370902150866,
        0.01295430482063077,
        0.01703480116919176,
        0.020179212874182145,
        0.02232483983200621,
        0.02351253663731293,
        0.0238625866380238,
        0.01451052235981083,
        0.015868994186200306,
        0.016743366349608716,
        0.017224160744206848,
        0.017376533887270708
    ],