{
    "I_fc": [
        1.0,
        0.9921147013144779,
        0.9685831611286311,
        0.9297764858882513,
        0.8763066800438636,
        0.8090169943749475,
        0.7289686274214116,
        0.6374239897486896,
        0.5358267949789965,
        0.42577929156507266,
        0.30901699437494745,
        0.18738131458572452,
        0.0627905195293133,
        -0.0627905195293134,
        -0.18738131458572482,
        -0.30901699437494756,
        -0.4257792915650727,
        -0.5358267949789969,
        -0.6374239897486897,
        -0.7289686274214117,
        -0.8090169943749473,
        -0.8763066800438636,
        -0.9297764858882515,
        -0.9685831611286311,
        -0.9921147013144779,
        -1.0,
        -0.9921147013144779,
        -0.9685831611286311,
        -0.9297764858882512,
        -0.8763066800438635,
        -0.8090169943749472,
        -0.7289686274214116,
        -0.6374239897486895,
        -0.5358267949789963,
        -0.42577929156507216,
        -0.30901699437494756,
        -0.18738131458572463,
        -0.06279051952931321,
        0.06279051952931372,
        0.18738131458572513,
        0.30901699437494723,
        0.4257792915650726,
        0.5358267949789968,
        0.63742398974869,
        0.7289686274214119,
        0.8090169943749478,
        0.8763066800438636,
        0.9297764858882515,
        0.9685831611286312,
        0.9921147013144779,
        1.0,
        0.9921147013144779,
        0.9685831611286311,
        0.9297764858882513,
        0.8763066800438634,
        0.809016994374947,
        0.728968627421411,
        0.6374239897486896,
        0.5358267949789964,
        0.42577929156507227,
        0.30901699437494684,
        0.18738131458572388,
        0.06279051952931332,
        -0.0627905195293136,
        -0.18738131458572502,
        -0.3090169943749471,
        -0.4257792915650733,
        -0.5358267949789967,
        -0.6374239897486905,
        -0.7289686274214118,
        -0.8090169943749472,
        -0.8763066800438639,
        -0.9297764858882515,
        -0.9685831611286314,
        -0.9921147013144779,
        -1.0
    ],
    "args": {
        "I_fc": [
            1.0
        ],
        "current_units": "mA",
        "cycles": 1.5,
        "d": 0.2,
        "directory": "/scratch/users/lbvh/py-tdgl/results/17223926/64",
        "dt_init": 1e-06,
        "fc_center": [
            0,
            0,
            1
        ],
        "fc_radius": 2.4,
        "field_units": "mT",
        "film_points": 4000,
        "film_radius": 15.0,
        "film_shape": "box",
        "film_smooth": 100,
        "gamma": 1.0,
        "index": 64,
        "lam": 1.35,
        "max_edge_length": 0.5,
        "pl_center": null,
        "pl_radius": 0.8,
        "points_per_cycle": 51.0,
        "save_every": 500,
        "screening": false,
        "seed_solutions": true,
        "slot_radius": 0.1,
        "slot_size": [
            2.0,
            50.0
        ],
        "slot_top_center_x": [
            -10.0,
            10.0,
            101.0
        ],
        "slot_top_center_y": [
            5.0,
            5.0,
            101.0
        ],
        "solve_time": [
            10000.0,
            2000.0
        ],
        "squid_angle": 180.0,
        "squid_iterations": 5,
        "squid_points": 4000,
        "squid_position": [
            0.0,
            0.0,
            0.5
        ],
        "squid_smooth": 100,
        "squid_type": "hypres-small",
        "xi": 0.9
    },
    "film_fluxoid": [
        -0.00040146081690824723,
        -0.0003980706988806484,
        -0.0003880740557313493,
        -0.0003718376651386928,
        -0.00034976592390736466,
        -0.0003222904939609222,
        -0.0002898876867263869,
        -0.00025308540754813213,
        -0.00021246244931717663,
        -0.0001686441749420516,
        -0.00012229626820390357,
        -7.411716303940771e-05,
        -2.4829453779491643e-05,
        2.4829453820991253e-05,
        7.411716304707638e-05,
        0.00012229626819888536,
        0.00016864417491719026,
        0.00021246244930763497,
        0.000253085407491854,
        0.0002898876867118259,
        0.0003222904939369974,
        0.00034976592398365053,
        0.0003718376651318723,
        0.0003880740555523194,
        0.0003980706988556523,
        0.0004014608169691725,
        0.0003980706989153761,
        0.0003880740556434953,
        0.0003718376650144215,
        0.00034976592384310535,
        0.00032229049397276095,
        0.00028988768676031285,
        0.00025308540754205377,
        0.00021246244932406785,
        0.00016864417482219767,
        0.00012229626819604053,
        7.411716305048664e-05,
        2.482945383151138e-05,
        -2.4829453742614877e-05,
        -7.411716307123093e-05,
        -0.0001222962682111835,
        -0.00016864417494897812,
        -0.00021246244923190242,
        -0.00025308540753148724,
        -0.0002898876867201672,
        -0.00032229049393941815,
        -0.00034976592397621155,
        -0.00037183766511893803,
        -0.0003880740556793649,
        -0.0003980706987470541,
        -0.00040146081694577776,
        -0.00039807069874697455,
        -0.0003880740556713075,
        -0.00037183766506833187,
        -0.0003497659239564568,
        -0.00032229049399753394,
        -0.00028988768672469063,
        -0.0002530854074625399,
        -0.000212462449319297,
        -0.00016864417493993121,
        -0.00012229626817817643,
        -7.411716307958871e-05,
        -2.4829453729927998e-05,
        2.4829453760699864e-05,
        7.411716309537664e-05,
        0.00012229626823838608,
        0.00016864417498309843,
        0.00021246244926985706,
        0.00025308540754435965,
        0.0002898876867145614,
        0.0003222904939610106,
        0.00034976592385851333,
        0.00037183766507709607,
        0.0003880740556428327,
        0.00039807069895693534,
        0.00040146081693931066
    ],