{
    "I_fc": [
        1.2,
        1.1905376415773734,
        1.1622997933543573,
        1.1157317830659015,
        1.0515680160526362,
        0.9708203932499369,
        0.8747623529056938,
        0.7649087876984275,
        0.6429921539747958,
        0.5109351498780872,
        0.37082039324993693,
        0.22485757750286942,
        0.07534862343517597,
        -0.07534862343517608,
        -0.22485757750286978,
        -0.37082039324993704,
        -0.5109351498780872,
        -0.6429921539747963,
        -0.7649087876984276,
        -0.8747623529056939,
        -0.9708203932499367,
        -1.0515680160526362,
        -1.1157317830659017,
        -1.1622997933543573,
        -1.1905376415773734,
        -1.2,
        -1.1905376415773734,
        -1.1622997933543573,
        -1.1157317830659015,
        -1.0515680160526362,
        -0.9708203932499366,
        -0.8747623529056938,
        -0.7649087876984274,
        -0.6429921539747956,
        -0.5109351498780865,
        -0.37082039324993704,
        -0.22485757750286955,
        -0.07534862343517584,
        0.07534862343517647,
        0.22485757750287014,
        0.37082039324993665,
        0.5109351498780871,
        0.6429921539747961,
        0.764908787698428,
        0.8747623529056943,
        0.9708203932499373,
        1.0515680160526362,
        1.1157317830659017,
        1.1622997933543573,
        1.1905376415773734,
        1.2,
        1.1905376415773734,
        1.1622997933543573,
        1.1157317830659015,
        1.051568016052636,
        0.9708203932499364,
        0.8747623529056932,
        0.7649087876984275,
        0.6429921539747957,
        0.5109351498780867,
        0.3708203932499362,
        0.22485757750286864,
        0.07534862343517598,
        -0.07534862343517632,
        -0.22485757750287003,
        -0.37082039324993654,
        -0.510935149878088,
        -0.6429921539747959,
        -0.7649087876984286,
        -0.8747623529056942,
        -0.9708203932499366,
        -1.0515680160526366,
        -1.1157317830659017,
        -1.1622997933543577,
        -1.1905376415773734,
        -1.2
    ],
    "args": {
        "I_fc": [
            1.2
        ],
        "current_units": "mA",
        "cycles": 1.5,
        "d": 0.2,
        "directory": "/scratch/users/lbvh/py-tdgl/results/17298304/71",
        "dt_init": 1e-06,
        "fc_center": [
            0,
            0,
            1
        ],
        "fc_radius": 2.4,
        "field_units": "mT",
        "film_points": 4000,
        "film_radius": 15.0,
        "film_shape": "box",
        "film_smooth": 100,
        "gamma": 1.0,
        "index": 71,
        "lam": 1.35,
        "max_edge_length": 0.5,
        "pl_center": null,
        "pl_radius": 0.8,
        "points_per_cycle": 51.0,
        "save_every": 500,
        "screening": false,
        "seed_solutions": true,
        "slot_radius": 0.1,
        "slot_size": [
            2.0,
            50.0
        ],
        "slot_top_center_x": [
            -10.0,
            10.0,
            101.0
        ],
        "slot_top_center_y": [
            5.0,
            5.0,
            101.0
        ],
        "solve_time": [
            10000.0,
            2000.0
        ],
        "squid_angle": 180.0,
        "squid_iterations": 5,
        "squid_points": 4000,
        "squid_position": [
            0.0,
            0.0,
            0.5
        ],
        "squid_smooth": 100,
        "squid_type": "hypres-small",
        "xi": 0.9
    },
    "film_fluxoid": [
        0.9987187254644009,
        0.998728529152393,
        0.9987577857306722,
        0.9988060365190039,
        0.9988725328759311,
        0.9989562606850652,
        0.9990559809507085,
        0.999170313026178,
        0.9992980118115999,
        -0.000528146707284373,
        -0.00038317473678909833,
        -0.00023229488543239924,
        -7.783189558431546e-05,
        7.783189559979415e-05,
        0.00023229488540921653,
        0.0003831747368597066,
        0.0005281467072807506,
        0.0006649815411264804,
        0.000791583498570492,
        0.0009060323023253741,
        0.001006649439375475,
        0.0010922963327068477,
        -0.9988060365190374,
        -0.9987577857306917,
        -0.9987285291524615,
        -0.9987187254644411,
        -0.9987285291524638,
        -0.9987577857306829,
        -0.9988060365190423,
        -0.9988725328759083,
        -0.9989562606850423,
        -0.999055980950707,
        -0.9991703130261751,
        -0.9992980118115997,
        0.0005281467072931901,
        0.0003831747367561619,
        0.00023229488540681345,
        7.78318956006423e-05,
        -7.783189559647224e-05,
        -0.00023229488539105203,
        -0.00038317473681899553,
        -0.0005281467072662438,
        -0.0006649815411291308,
        -0.0007915834986091534,
        -0.0009060323023419969,
        -0.0010066494394330783,
        -0.0010922963327898957,
        0.9988060365189906,
        0.9987577857306935,
        0.9987285291524343,
        0.998718725464443,
        0.9987285291524446,
        0.9987577857306691,
        0.9988060365190481,
        0.998872532875937,
        0.9989562606850755,
        0.9990559809507092,
        0.9991703130261765,
        0.999298011811603,
        -0.0005281467072157966,
        -0.0003831747368230949,
        -0.00023229488539190017,
        -7.783189558693058e-05,
        7.783189559081792e-05,
        0.0002322948854136693,
        0.0003831747367956008,
        0.0005281467072652719,
        0.0006649815410905048,
        0.0007915834985883737,
        0.0009060323023778223,
        0.0010066494391558225,
        0.001092296332822196,
        -0.998806036519054,
        -0.9987577857306779,
        -0.9987285291524209,
        -0.9987187254644057
    ],