{
    "I_fc": [
        1.1,
        1.0913261714459257,
        1.0654414772414942,
        1.0227541344770765,
        0.96393734804825,
        0.8899186938124423,
        0.8018654901635528,
        0.7011663887235586,
        0.5894094744768963,
        0.46835722072158,
        0.3399186938124422,
        0.206119446044297,
        0.06906957148224464,
        -0.06906957148224475,
        -0.20611944604429733,
        -0.33991869381244233,
        -0.46835722072158004,
        -0.5894094744768966,
        -0.7011663887235587,
        -0.8018654901635529,
        -0.8899186938124422,
        -0.96393734804825,
        -1.0227541344770767,
        -1.0654414772414942,
        -1.0913261714459257,
        -1.1,
        -1.0913261714459257,
        -1.0654414772414942,
        -1.0227541344770765,
        -0.9639373480482499,
        -0.889918693812442,
        -0.8018654901635528,
        -0.7011663887235585,
        -0.589409474476896,
        -0.4683572207215794,
        -0.33991869381244233,
        -0.2061194460442971,
        -0.06906957148224453,
        0.0690695714822451,
        0.20611944604429766,
        0.339918693812442,
        0.4683572207215799,
        0.5894094744768965,
        0.7011663887235591,
        0.8018654901635531,
        0.8899186938124426,
        0.96393734804825,
        1.0227541344770767,
        1.0654414772414944,
        1.0913261714459257,
        1.1,
        1.0913261714459257,
        1.0654414772414942,
        1.0227541344770765,
        0.9639373480482498,
        0.8899186938124418,
        0.8018654901635521,
        0.7011663887235586,
        0.5894094744768962,
        0.46835722072157954,
        0.33991869381244155,
        0.20611944604429627,
        0.06906957148224466,
        -0.06906957148224496,
        -0.20611944604429752,
        -0.33991869381244183,
        -0.4683572207215807,
        -0.5894094744768964,
        -0.7011663887235596,
        -0.801865490163553,
        -0.889918693812442,
        -0.9639373480482504,
        -1.0227541344770767,
        -1.0654414772414946,
        -1.0913261714459257,
        -1.1
    ],
    "args": {
        "I_fc": [
            1.1
        ],
        "current_units": "mA",
        "cycles": 1.5,
        "d": 0.2,
        "directory": "/scratch/users/lbvh/py-tdgl/results/17223927/42",
        "dt_init": 1e-06,
        "fc_center": [
            0,
            0,
            1
        ],
        "fc_radius": 2.4,
        "field_units": "mT",
        "film_points": 4000,
        "film_radius": 15.0,
        "film_shape": "box",
        "film_smooth": 100,
        "gamma": 1.0,
        "index": 42,
        "lam": 1.35,
        "max_edge_length": 0.5,
        "pl_center": null,
        "pl_radius": 0.8,
        "points_per_cycle": 51.0,
        "save_every": 500,
        "screening": false,
        "seed_solutions": true,
        "slot_radius": 0.1,
        "slot_size": [
            2.0,
            50.0
        ],
        "slot_top_center_x": [
            -10.0,
            10.0,
            101.0
        ],
        "slot_top_center_y": [
            5.0,
            5.0,
            101.0
        ],
        "solve_time": [
            10000.0,
            2000.0
        ],
        "squid_angle": 180.0,
        "squid_iterations": 5,
        "squid_points": 4000,
        "squid_position": [
            0.0,
            0.0,
            0.5
        ],
        "squid_smooth": 100,
        "squid_type": "hypres-small",
        "xi": 0.9
    },
    "film_fluxoid": [
        -0.0009360425786425073,
        -0.0009286621016164271,
        -0.0009066369950500238,
        -0.0008703144080559943,
        -0.000820266867343289,
        -0.0007572832908646442,
        -0.0006823565965270348,
        -0.0005966680956838346,
        -0.0005015689090706059,
        -0.00039855869229014077,
        -0.0002892620015328682,
        -0.00017540266997283382,
        -5.877659959241194e-05,
        5.877659959417892e-05,
        0.00017540266997337716,
        0.00028926200152484615,
        0.00039855869229754435,
        0.0005015689090572961,
        0.0005966680956451378,
        0.0006823565964809962,
        0.0007572832908765183,
        0.0008202668673974292,
        0.0008703144080497393,
        0.0009066369950478327,
        0.0009286621015841621,
        0.0009360425786465006,
        0.0009286621015700617,
        0.0009066369950679762,
        0.0008703144080565863,
        0.00082026686736421,
        0.0007572832908651037,
        0.0006823565965182485,
        0.0005966680956704409,
        0.000501568909059792,
        0.00039855869229989447,
        0.00028926200152316753,
        0.00017540266997674326,
        5.877659959312315e-05,
        -5.877659959115739e-05,
        -0.00017540266997694644,
        -0.000289262001536358,
        -0.0003985586922932705,
        -0.0005015689090690863,
        -0.0005966680956511101,
        -0.000682356596500645,
        -0.0007572832908355245,
        -0.0008202668673333057,
        -0.0008703144080432721,
        -0.0009066369950320713,
        -0.0009286621016155789,
        -0.0009360425786605481,
        -0.0009286621016151549,
        -0.0009066369950414716,
        -0.0008703144080352678,
        -0.0008202668673587678,
        -0.0007572832908544311,
        -0.0006823565965011927,
        -0.0005966680956589555,
        -0.0005015689090684148,
        -0.00039855869227536884,
        -0.00028926200152341495,
        -0.00017540266998066593,
        -5.8776599593737177e-05,
        5.87765995934898e-05,
        0.00017540266997599229,
        0.00028926200152595935,
        0.0003985586922835146,
        0.0005015689090526931,
        0.0005966680956602631,
        0.0006823565965075008,
        0.0007572832908812537,
        0.0008202668673740698,
        0.0008703144080437669,
        0.0009066369950592121,
        0.0009286621016017965,
        0.0009360425786266222
    ],