{
    "I_fc": [
        1.0,
        0.9921147013144777,
        0.9685831611286313,
        0.9297764858882512,
        0.8763066800438635,
        0.8090169943749476,
        0.7289686274214117,
        0.6374239897486896,
        0.5358267949789965,
        0.42577929156507266,
        0.3090169943749475,
        0.18738131458572452,
        0.06279051952931329,
        -0.0627905195293134,
        -0.18738131458572485,
        -0.3090169943749476,
        -0.42577929156507277,
        -0.5358267949789968,
        -0.6374239897486896,
        -0.7289686274214117,
        -0.8090169943749475,
        -0.8763066800438636,
        -0.9297764858882515,
        -0.9685831611286313,
        -0.9921147013144777,
        -1.0,
        -0.9921147013144777,
        -0.9685831611286312,
        -0.9297764858882512,
        -0.8763066800438635,
        -0.8090169943749473,
        -0.7289686274214117,
        -0.6374239897486895,
        -0.5358267949789962,
        -0.42577929156507216,
        -0.3090169943749476,
        -0.18738131458572466,
        -0.0627905195293132,
        0.06279051952931372,
        0.18738131458572516,
        0.3090169943749473,
        0.42577929156507266,
        0.5358267949789967,
        0.6374239897486899,
        0.7289686274214119,
        0.8090169943749479,
        0.8763066800438635,
        0.9297764858882513,
        0.9685831611286313,
        0.9921147013144777,
        1.0,
        0.9921147013144777,
        0.9685831611286312,
        0.9297764858882512,
        0.8763066800438633,
        0.8090169943749471,
        0.7289686274214111,
        0.6374239897486896,
        0.5358267949789963,
        0.42577929156507227,
        0.30901699437494695,
        0.1873813145857239,
        0.06279051952931332,
        -0.0627905195293136,
        -0.18738131458572505,
        -0.3090169943749471,
        -0.42577929156507327,
        -0.5358267949789965,
        -0.6374239897486905,
        -0.7289686274214119,
        -0.8090169943749473,
        -0.8763066800438639,
        -0.9297764858882513,
        -0.9685831611286315,
        -0.9921147013144777,
        -1.0
    ],
    "args": {
        "I_fc": [
            1.0
        ],
        "current_units": "mA",
        "cycles": 1.5,
        "d": 0.2,
        "directory": "/scratch/users/lbvh/py-tdgl/results/17223926/53",
        "dt_init": 1e-06,
        "fc_center": [
            0,
            0,
            1
        ],
        "fc_radius": 2.4,
        "field_units": "mT",
        "film_points": 4000,
        "film_radius": 15.0,
        "film_shape": "box",
        "film_smooth": 100,
        "gamma": 1.0,
        "index": 53,
        "lam": 1.35,
        "max_edge_length": 0.5,
        "pl_center": null,
        "pl_radius": 0.8,
        "points_per_cycle": 51.0,
        "save_every": 500,
        "screening": false,
        "seed_solutions": true,
        "slot_radius": 0.1,
        "slot_size": [
            2.0,
            50.0
        ],
        "slot_top_center_x": [
            -10.0,
            10.0,
            101.0
        ],
        "slot_top_center_y": [
            5.0,
            5.0,
            101.0
        ],
        "solve_time": [
            10000.0,
            2000.0
        ],
        "squid_angle": 180.0,
        "squid_iterations": 5,
        "squid_points": 4000,
        "squid_position": [
            0.0,
            0.0,
            0.5
        ],
        "squid_smooth": 100,
        "squid_type": "hypres-small",
        "xi": 0.9
    },
    "film_fluxoid": [
        -0.0010907687036894457,
        -0.0010821610237290973,
        -0.0010564748353472434,
        -0.001014118298989905,
        -0.0009557638267558283,
        -0.0008823366462827367,
        -0.0007949993781817276,
        -0.0006951330411741483,
        -0.000584314855076648,
        -0.00046429320415538624,
        -0.0003369601180044446,
        -0.00020432163568358242,
        -6.846648540086454e-05,
        6.84664852859405e-05,
        0.00020432163547500873,
        0.00033696011824425843,
        0.00046429320421669586,
        0.000584314854768947,
        0.0006951330407218205,
        0.000794999378087327,
        0.0008823366464405629,
        0.0009557638270346922,
        0.0010141182985778463,
        0.0010564748347758745,
        0.0010821610239157605,
        0.001090768703649088,
        0.0010821610245126845,
        0.0010564748348804794,
        0.0010141182988165117,
        0.0009557638268969389,
        0.0008823366461754107,
        0.0007949993783133584,
        0.0006951330407059706,
        0.0005843148546991161,
        0.0004642932048644865,
        0.0003369601183270235,
        0.00020432163558887256,
        6.8466485164514e-05,
        -6.846648531640314e-05,
        -0.00020432163545444114,
        -0.000336960118090567,
        -0.00046429320428299277,
        -0.0005843148546051838,
        -0.0006951330408172194,
        -0.000794999378631944,
        -0.0008823366462091598,
        -0.000955763827042891,
        -0.0010141182986974882,
        -0.0010564748355676205,
        -0.001082161024416645,
        -0.001090768703949403,
        -0.0010821610243228186,
        -0.0010564748355384654,
        -0.0010141182988360014,
        -0.0009557638266117139,
        -0.000882336646192621,
        -0.0007949993780494961,
        -0.0006951330407833289,
        -0.0005843148546747319,
        -0.0004642932046433496,
        -0.00033696011806667745,
        -0.00020432163560124138,
        -6.846648516670505e-05,
        6.846648511765382e-05,
        0.00020432163608291874,
        0.0003369601179105829,
        0.0004642932042496323,
        0.0005843148545056324,
        0.0006951330410894219,
        0.0007949993781787149,
        0.0008823366462498003,
        0.0009557638272906032,
        0.0010141182986953855,
        0.0010564748351031183,
        0.001082161024352018,
        0.0010907687038942027
    ],