{
    "I_fc": [
        0.9,
        0.89290323118303,
        0.871724845015768,
        0.8367988372994263,
        0.7886760120394772,
        0.7281152949374528,
        0.6560717646792704,
        0.5736815907738206,
        0.4822441154810969,
        0.3832013624085654,
        0.27811529493745274,
        0.16864318312715207,
        0.05651146757638197,
        -0.05651146757638206,
        -0.16864318312715235,
        -0.2781152949374528,
        -0.38320136240856545,
        -0.4822441154810972,
        -0.5736815907738207,
        -0.6560717646792705,
        -0.7281152949374526,
        -0.7886760120394772,
        -0.8367988372994263,
        -0.871724845015768,
        -0.89290323118303,
        -0.9,
        -0.89290323118303,
        -0.871724845015768,
        -0.8367988372994262,
        -0.7886760120394771,
        -0.7281152949374525,
        -0.6560717646792704,
        -0.5736815907738206,
        -0.4822441154810967,
        -0.38320136240856495,
        -0.2781152949374528,
        -0.16864318312715218,
        -0.05651146757638189,
        0.05651146757638235,
        0.16864318312715262,
        0.2781152949374525,
        0.38320136240856534,
        0.4822441154810971,
        0.573681590773821,
        0.6560717646792708,
        0.728115294937453,
        0.7886760120394772,
        0.8367988372994263,
        0.8717248450157681,
        0.89290323118303,
        0.9,
        0.89290323118303,
        0.871724845015768,
        0.8367988372994263,
        0.788676012039477,
        0.7281152949374523,
        0.6560717646792699,
        0.5736815907738206,
        0.4822441154810968,
        0.38320136240856506,
        0.2781152949374522,
        0.16864318312715149,
        0.05651146757638199,
        -0.056511467576382236,
        -0.1686431831271525,
        -0.2781152949374524,
        -0.383201362408566,
        -0.482244115481097,
        -0.5736815907738215,
        -0.6560717646792706,
        -0.7281152949374525,
        -0.7886760120394776,
        -0.8367988372994263,
        -0.8717248450157683,
        -0.89290323118303,
        -0.9
    ],
    "args": {
        "I_fc": [
            0.9
        ],
        "current_units": "mA",
        "cycles": 1.5,
        "d": 0.2,
        "directory": "/scratch/users/lbvh/py-tdgl/results/17289540/4",
        "dt_init": 1e-06,
        "fc_center": [
            0,
            0,
            1
        ],
        "fc_radius": 2.4,
        "field_units": "mT",
        "film_points": 4000,
        "film_radius": 15.0,
        "film_shape": "box",
        "film_smooth": 100,
        "gamma": 1.0,
        "index": 4,
        "lam": 1.35,
        "max_edge_length": 0.5,
        "pl_center": null,
        "pl_radius": 0.8,
        "points_per_cycle": 51.0,
        "save_every": 500,
        "screening": false,
        "seed_solutions": true,
        "slot_radius": 0.1,
        "slot_size": [
            2.0,
            50.0
        ],
        "slot_top_center_x": [
            -10.0,
            10.0,
            101.0
        ],
        "slot_top_center_y": [
            -1.0,
            -1.0,
            101.0
        ],
        "solve_time": [
            10000.0,
            2000.0
        ],
        "squid_angle": 180.0,
        "squid_iterations": 5,
        "squid_points": 4000,
        "squid_position": [
            0.0,
            0.0,
            0.5
        ],
        "squid_smooth": 100,
        "squid_type": "hypres-small",
        "xi": 0.9
    },
    "film_fluxoid": [
        0.00015957560921649267,
        0.00015831731032768165,
        0.0001545622573937354,
        0.00014836966873997006,
        0.00013983720358505745,
        0.00012909942218069777,
        0.00011632566401405443,
        0.00010171737747521595,
        8.550494306691323e-05,
        6.794404024674666e-05,
        4.931161520717011e-05,
        2.9901513197636958e-05,
        1.0019844293001794e-05,
        -1.0019844293001794e-05,
        -2.9901513197681132e-05,
        -4.931161520716127e-05,
        -6.794404024676433e-05,
        -8.55049430667542e-05,
        -0.00010171737747549867,
        -0.00011632566401405443,
        -0.00012909942218066245,
        -0.00013983720358511927,
        -0.00014836966874000538,
        -0.0001545622573936294,
        -0.00015831731032765514,
        -0.00015957560921652802,
        -0.00015831731032763747,
        -0.0001545622573936294,
        -0.00014836966874000538,
        -0.00013983720358514578,
        -0.00012909942218059176,
        -0.00011632566401405443,
        -0.00010171737747521595,
        -8.550494306677188e-05,
        -6.794404024668593e-05,
        -4.931161520716127e-05,
        -2.9901513197636958e-05,
        -1.0019844292931114e-05,
        1.0019844293001794e-05,
        2.9901513197672296e-05,
        4.9311615207143606e-05,
        6.79440402469057e-05,
        8.550494306680721e-05,
        0.00010171737747521595,
        0.00011632566401405443,
        0.0001290994221806271,
        0.00013983720358496908,
        0.00014836966874014673,
        0.00015456225739364707,
        0.00015831731032765514,
        0.00015957560921645735,
        0.0001583173103276463,
        0.00015456225739359406,
        0.00014836966874007607,
        0.00013983720358505745,
        0.00012909942218059176,
        0.00011632566401405443,
        0.0001017173774752513,
        8.550494306663051e-05,
        6.794404024674666e-05,
        4.9311615207178945e-05,
        2.9901513197672296e-05,
        1.0019844293037132e-05,
        -1.0019844293001794e-05,
        -2.99015131976988e-05,
        -4.9311615206984574e-05,
        -6.794404024676433e-05,
        -8.550494306678954e-05,
        -0.00010171737747514527,
        -0.00011632566401405443,
        -0.0001290994221807331,
        -0.00013983720358506625,
        -0.00014836966873986402,
        -0.00015456225739359406,
        -0.00015831731032765514,
        -0.00015957560921638666
    ],