{
    "I_fc": [
        1.0,
        0.9921147013144779,
        0.9685831611286311,
        0.9297764858882513,
        0.8763066800438636,
        0.8090169943749475,
        0.7289686274214116,
        0.6374239897486896,
        0.5358267949789965,
        0.42577929156507266,
        0.30901699437494745,
        0.18738131458572452,
        0.0627905195293133,
        -0.0627905195293134,
        -0.18738131458572482,
        -0.30901699437494756,
        -0.4257792915650727,
        -0.5358267949789969,
        -0.6374239897486897,
        -0.7289686274214117,
        -0.8090169943749473,
        -0.8763066800438636,
        -0.9297764858882515,
        -0.9685831611286311,
        -0.9921147013144779,
        -1.0,
        -0.9921147013144779,
        -0.9685831611286311,
        -0.9297764858882512,
        -0.8763066800438635,
        -0.8090169943749472,
        -0.7289686274214116,
        -0.6374239897486895,
        -0.5358267949789963,
        -0.42577929156507216,
        -0.30901699437494756,
        -0.18738131458572463,
        -0.06279051952931321,
        0.06279051952931372,
        0.18738131458572513,
        0.30901699437494723,
        0.4257792915650726,
        0.5358267949789968,
        0.63742398974869,
        0.7289686274214119,
        0.8090169943749478,
        0.8763066800438636,
        0.9297764858882515,
        0.9685831611286312,
        0.9921147013144779,
        1.0,
        0.9921147013144779,
        0.9685831611286311,
        0.9297764858882513,
        0.8763066800438634,
        0.809016994374947,
        0.728968627421411,
        0.6374239897486896,
        0.5358267949789964,
        0.42577929156507227,
        0.30901699437494684,
        0.18738131458572388,
        0.06279051952931332,
        -0.0627905195293136,
        -0.18738131458572502,
        -0.3090169943749471,
        -0.4257792915650733,
        -0.5358267949789967,
        -0.6374239897486905,
        -0.7289686274214118,
        -0.8090169943749472,
        -0.8763066800438639,
        -0.9297764858882515,
        -0.9685831611286314,
        -0.9921147013144779,
        -1.0
    ],
    "args": {
        "I_fc": [
            1.0
        ],
        "current_units": "mA",
        "cycles": 1.5,
        "d": 0.2,
        "directory": "/scratch/users/lbvh/py-tdgl/results/17223170/44",
        "dt_init": 1e-06,
        "fc_center": [
            0,
            0,
            1
        ],
        "fc_radius": 2.4,
        "field_units": "mT",
        "film_points": 4000,
        "film_radius": 15.0,
        "film_shape": "box",
        "film_smooth": 100,
        "gamma": 1.0,
        "index": 44,
        "lam": 1.35,
        "max_edge_length": 0.5,
        "pl_center": null,
        "pl_radius": 0.8,
        "points_per_cycle": 51.0,
        "save_every": 500,
        "screening": false,
        "seed_solutions": true,
        "slot_radius": 0.1,
        "slot_size": [
            2.0,
            50.0
        ],
        "slot_top_center_x": [
            -10.0,
            10.0,
            101.0
        ],
        "slot_top_center_y": [
            -1.0,
            -1.0,
            101.0
        ],
        "solve_time": [
            10000.0,
            2000.0
        ],
        "squid_angle": 180.0,
        "squid_iterations": 5,
        "squid_points": 4000,
        "squid_position": [
            0.0,
            0.0,
            0.5
        ],
        "squid_smooth": 100,
        "squid_type": "hypres-small",
        "xi": 0.9
    },
    "film_fluxoid": [
        -0.0004966115593987887,
        -0.0004926577225290702,
        -0.0004808745170885831,
        -0.0004614806845716401,
        -0.0004348109958343232,
        -0.000401304519926543,
        -0.00036149929959242806,
        -0.00031602654190749513,
        -0.0002656027028119377,
        -0.0002110195902968075,
        -0.00015313283534102373,
        -9.284905416406506e-05,
        -3.1112000693748074e-05,
        3.1112000693866795e-05,
        9.284905416405623e-05,
        0.00015313283534100605,
        0.00021101959029677216,
        0.00026560270281190235,
        0.00031602654190747745,
        0.00036149929959248547,
        0.00040130451992664905,
        0.0004348109958342525,
        0.0004614806845717638,
        0.000480874517088698,
        0.0004926577225291408,
        0.0004966115593988417,
        0.0004926577225291546,
        0.0004808745170887952,
        0.0004614806845716931,
        0.0004348109958340935,
        0.0004013045199267551,
        0.0003614992995924501,
        0.000316026541907557,
        0.00026560270281197304,
        0.00021101959029677216,
        0.00015313283534100605,
        9.284905416409157e-05,
        3.111200069376961e-05,
        -3.111200069376961e-05,
        -9.284905416412691e-05,
        -0.00015313283534107674,
        -0.0002110195902968075,
        -0.00026560270281182283,
        -0.00031602654190742444,
        -0.00036149929959234414,
        -0.00040130451992652534,
        -0.00043481099583428785,
        -0.0004614806845716931,
        -0.00048087451708886587,
        -0.0004926577225292115,
        -0.0004966115593989831,
        -0.0004926577225291761,
        -0.0004808745170887952,
        -0.0004614806845717815,
        -0.00043481099583435854,
        -0.0004013045199266137,
        -0.0003614992995924192,
        -0.0003160265419076365,
        -0.000265602702811867,
        -0.0002110195902968075,
        -0.0001531328353410414,
        -9.28490541641004e-05,
        -3.111200069375912e-05,
        3.111200069376961e-05,
        9.284905416407389e-05,
        0.00015313283534100605,
        0.00021101959029677216,
        0.000265602702811867,
        0.00031602654190749513,
        0.00036149929959248547,
        0.00040130451992659603,
        0.0004348109958341819,
        0.0004614806845719052,
        0.00048087451708866264,
        0.0004926577225290702,
        0.0004966115593989831
    ],