{
    "I_fc": [
        1.75,
        1.7362007273003364,
        1.6950205319751044,
        1.62710885030444,
        1.5335366900767613,
        1.415779740156158,
        1.2756950979874702,
        1.115491982060207,
        0.937696891213244,
        0.7451137602388771,
        0.540779740156158,
        0.3279173005250179,
        0.10988340917629828,
        -0.10988340917629845,
        -0.32791730052501844,
        -0.5407797401561583,
        -0.7451137602388772,
        -0.9376968912132445,
        -1.115491982060207,
        -1.2756950979874704,
        -1.4157797401561578,
        -1.5335366900767613,
        -1.62710885030444,
        -1.6950205319751044,
        -1.7362007273003364,
        -1.75,
        -1.7362007273003364,
        -1.6950205319751044,
        -1.6271088503044397,
        -1.533536690076761,
        -1.4157797401561576,
        -1.2756950979874702,
        -1.1154919820602067,
        -0.9376968912132435,
        -0.7451137602388763,
        -0.5407797401561583,
        -0.3279173005250181,
        -0.10988340917629812,
        0.10988340917629902,
        0.327917300525019,
        0.5407797401561576,
        0.7451137602388771,
        0.9376968912132444,
        1.1154919820602074,
        1.2756950979874708,
        1.4157797401561587,
        1.5335366900767613,
        1.62710885030444,
        1.6950205319751046,
        1.7362007273003364,
        1.75,
        1.7362007273003364,
        1.6950205319751044,
        1.62710885030444,
        1.5335366900767609,
        1.4157797401561574,
        1.2756950979874693,
        1.115491982060207,
        0.9376968912132437,
        0.7451137602388764,
        0.5407797401561569,
        0.3279173005250168,
        0.10988340917629831,
        -0.1098834091762988,
        -0.3279173005250188,
        -0.5407797401561575,
        -0.7451137602388783,
        -0.9376968912132442,
        -1.1154919820602085,
        -1.2756950979874706,
        -1.4157797401561576,
        -1.5335366900767617,
        -1.62710885030444,
        -1.695020531975105,
        -1.7362007273003364,
        -1.75
    ],
    "args": {
        "I_fc": [
            1.75
        ],
        "current_units": "mA",
        "cycles": 1.5,
        "d": 0.2,
        "directory": "/scratch/users/lbvh/py-tdgl/results/17224036/73",
        "dt_init": 1e-06,
        "fc_center": [
            0,
            0,
            1
        ],
        "fc_radius": 2.4,
        "field_units": "mT",
        "film_points": 4000,
        "film_radius": 15.0,
        "film_shape": "box",
        "film_smooth": 100,
        "gamma": 1.0,
        "index": 73,
        "lam": 1.35,
        "max_edge_length": 0.5,
        "pl_center": null,
        "pl_radius": 0.8,
        "points_per_cycle": 51.0,
        "save_every": 500,
        "screening": false,
        "seed_solutions": true,
        "slot_radius": 0.1,
        "slot_size": [
            2.0,
            50.0
        ],
        "slot_top_center_x": [
            -10.0,
            10.0,
            101.0
        ],
        "slot_top_center_y": [
            5.0,
            5.0,
            101.0
        ],
        "solve_time": [
            10000.0,
            2000.0
        ],
        "squid_angle": 180.0,
        "squid_iterations": 5,
        "squid_points": 4000,
        "squid_position": [
            0.0,
            0.0,
            0.5
        ],
        "squid_smooth": 100,
        "squid_type": "hypres-small",
        "xi": 0.9
    },
    "film_fluxoid": [
        0.9985725741578634,
        0.9985836307988245,
        0.9986165802969907,
        0.9986708022712155,
        0.9987453497936515,
        0.9988389982746632,
        0.9989502724066582,
        0.9990774742055232,
        0.9992187381099987,
        0.9993721936758763,
        0.9995370056950421,
        -0.00025978824837429097,
        -8.703270332013289e-05,
        8.703270331769446e-05,
        0.00025978824835096685,
        0.00042864687762217077,
        0.0005911301381088624,
        0.0007450093006603228,
        0.0008892492799432117,
        -0.9989502724066854,
        -0.9988389982746894,
        -0.9987453497936664,
        -0.9986708022712398,
        -0.9986165802969075,
        -0.9985836307986982,
        -0.9985725741578693,
        -0.9985836307987646,
        -0.998616580296996,
        -0.998670802271224,
        -0.9987453497937017,
        -0.9988389982746311,
        -0.9989502724066684,
        -0.9990774742055083,
        -0.9992187381100236,
        -0.9993721936758715,
        -0.9995370056950346,
        0.00025978824840365805,
        8.703270332776622e-05,
        -8.703270331704068e-05,
        -0.00025978824834700887,
        -0.0004286468776450884,
        -0.0005911301380662076,
        -0.0007450093004524118,
        -0.0008892492798863328,
        0.9989502724066551,
        0.9988389982746497,
        0.9987453497937152,
        0.9986708022713093,
        0.9986165802969678,
        0.9985836307992295,
        0.9985725741577733,
        0.9985836307987002,
        0.998616580296911,
        0.9986708022713708,
        0.9987453497936943,
        0.9988389982746236,
        0.9989502724067042,
        0.999077474205516,
        0.9992187381099885,
        0.9993721936758806,
        0.9995370056950642,
        -0.00025978824840217383,
        -8.70327033141075e-05,
        8.703270333089376e-05,
        0.00025978824838337317,
        0.0004286468776461486,
        0.0005911301381242704,
        0.000745009300612959,
        0.0008892492800274434,
        -0.9989502724066643,
        -0.9988389982746236,
        -0.9987453497936533,
        -0.9986708022712514,
        -0.9986165802970088,
        -0.9985836307988396,
        -0.9985725741579471
    ],