{
    "I_fc": [
        1.75,
        1.7362007273003364,
        1.6950205319751044,
        1.62710885030444,
        1.5335366900767613,
        1.415779740156158,
        1.2756950979874702,
        1.115491982060207,
        0.937696891213244,
        0.7451137602388771,
        0.540779740156158,
        0.3279173005250179,
        0.10988340917629828,
        -0.10988340917629845,
        -0.32791730052501844,
        -0.5407797401561583,
        -0.7451137602388772,
        -0.9376968912132445,
        -1.115491982060207,
        -1.2756950979874704,
        -1.4157797401561578,
        -1.5335366900767613,
        -1.62710885030444,
        -1.6950205319751044,
        -1.7362007273003364,
        -1.75,
        -1.7362007273003364,
        -1.6950205319751044,
        -1.6271088503044397,
        -1.533536690076761,
        -1.4157797401561576,
        -1.2756950979874702,
        -1.1154919820602067,
        -0.9376968912132435,
        -0.7451137602388763,
        -0.5407797401561583,
        -0.3279173005250181,
        -0.10988340917629812,
        0.10988340917629902,
        0.327917300525019,
        0.5407797401561576,
        0.7451137602388771,
        0.9376968912132444,
        1.1154919820602074,
        1.2756950979874708,
        1.4157797401561587,
        1.5335366900767613,
        1.62710885030444,
        1.6950205319751046,
        1.7362007273003364,
        1.75,
        1.7362007273003364,
        1.6950205319751044,
        1.62710885030444,
        1.5335366900767609,
        1.4157797401561574,
        1.2756950979874693,
        1.115491982060207,
        0.9376968912132437,
        0.7451137602388764,
        0.5407797401561569,
        0.3279173005250168,
        0.10988340917629831,
        -0.1098834091762988,
        -0.3279173005250188,
        -0.5407797401561575,
        -0.7451137602388783,
        -0.9376968912132442,
        -1.1154919820602085,
        -1.2756950979874706,
        -1.4157797401561576,
        -1.5335366900767617,
        -1.62710885030444,
        -1.695020531975105,
        -1.7362007273003364,
        -1.75
    ],
    "args": {
        "I_fc": [
            1.75
        ],
        "current_units": "mA",
        "cycles": 1.5,
        "d": 0.2,
        "directory": "/scratch/users/lbvh/py-tdgl/results/17224036/33",
        "dt_init": 1e-06,
        "fc_center": [
            0,
            0,
            1
        ],
        "fc_radius": 2.4,
        "field_units": "mT",
        "film_points": 4000,
        "film_radius": 15.0,
        "film_shape": "box",
        "film_smooth": 100,
        "gamma": 1.0,
        "index": 33,
        "lam": 1.35,
        "max_edge_length": 0.5,
        "pl_center": null,
        "pl_radius": 0.8,
        "points_per_cycle": 51.0,
        "save_every": 500,
        "screening": false,
        "seed_solutions": true,
        "slot_radius": 0.1,
        "slot_size": [
            2.0,
            50.0
        ],
        "slot_top_center_x": [
            -10.0,
            10.0,
            101.0
        ],
        "slot_top_center_y": [
            5.0,
            5.0,
            101.0
        ],
        "solve_time": [
            10000.0,
            2000.0
        ],
        "squid_angle": 180.0,
        "squid_iterations": 5,
        "squid_points": 4000,
        "squid_position": [
            0.0,
            0.0,
            0.5
        ],
        "squid_smooth": 100,
        "squid_type": "hypres-small",
        "xi": 0.9
    },
    "film_fluxoid": [
        0.9996654440837951,
        0.9996680813210297,
        0.9996759515302461,
        0.9996889308519487,
        0.9997068150031038,
        0.9997293224704656,
        0.9997560989392451,
        0.9997867230181355,
        -0.0001792673672950654,
        -0.0001424508678138923,
        -0.00010338708669453971,
        -6.269208347621379e-05,
        -2.1007859907434806e-05,
        2.1007859907699853e-05,
        6.269208347578972e-05,
        0.0001033870866893448,
        0.00014245086780652404,
        0.0001792673673000129,
        0.00021325644178073067,
        -0.9997560989392485,
        -0.9997293224704801,
        -0.999706815003119,
        -0.9996889308519237,
        -0.9996759515302405,
        -0.9996680813210173,
        -0.9996654440837908,
        -0.9996680813210156,
        -0.9996759515302354,
        -0.9996889308519621,
        -0.9997068150031116,
        -0.9997293224704794,
        -0.9997560989392511,
        -0.9997867230181342,
        0.00017926736730587928,
        0.00014245086781645828,
        0.000103387086690458,
        6.269208346961414e-05,
        2.1007859907505486e-05,
        -2.100785990838014e-05,
        -6.269208347006472e-05,
        -0.00010338708669347952,
        -0.0001424508678190712,
        -0.0001792673672952774,
        -0.0002132564417833458,
        0.9997560989392519,
        0.9997293224704772,
        0.9997068150030941,
        0.9996889308519393,
        0.999675951530231,
        0.999668081321031,
        0.9996654440837857,
        0.999668081321026,
        0.9996759515302398,
        0.9996889308519525,
        0.9997068150030972,
        0.9997293224704698,
        0.9997560989392538,
        0.9997867230181363,
        -0.00017926736730255736,
        -0.00014245086780908614,
        -0.00010338708668789588,
        -6.269208347296257e-05,
        -2.1007859907364126e-05,
        2.1007859909060425e-05,
        6.26920834713988e-05,
        0.00010338708668657948,
        0.0001424508678078846,
        0.0001792673672955248,
        0.00021325644178067765,
        -0.9997560989392543,
        -0.9997293224704716,
        -0.9997068150031149,
        -0.999688930851935,
        -0.9996759515302427,
        -0.9996680813210078,
        -0.9996654440838029
    ],