{
    "I_fc": [
        0.9275,
        0.920186385469178,
        0.8983608819468055,
        0.862367690661353,
        0.8127744457406834,
        0.7503632622827638,
        0.6761184019333593,
        0.5912107504919096,
        0.49697935234301926,
        0.3949102929266049,
        0.2866132622827638,
        0.1737961692782595,
        0.05823820686343808,
        -0.05823820686343818,
        -0.1737961692782598,
        -0.2866132622827639,
        -0.394910292926605,
        -0.4969793523430195,
        -0.5912107504919096,
        -0.6761184019333593,
        -0.7503632622827637,
        -0.8127744457406835,
        -0.8623676906613532,
        -0.8983608819468055,
        -0.920186385469178,
        -0.9275,
        -0.920186385469178,
        -0.8983608819468054,
        -0.862367690661353,
        -0.8127744457406834,
        -0.7503632622827636,
        -0.6761184019333593,
        -0.5912107504919095,
        -0.496979352343019,
        -0.3949102929266044,
        -0.2866132622827639,
        -0.1737961692782596,
        -0.05823820686343799,
        0.058238206863438474,
        0.17379616927826008,
        0.2866132622827636,
        0.3949102929266049,
        0.4969793523430194,
        0.5912107504919099,
        0.6761184019333595,
        0.7503632622827642,
        0.8127744457406834,
        0.8623676906613531,
        0.8983608819468055,
        0.920186385469178,
        0.9275,
        0.920186385469178,
        0.8983608819468054,
        0.862367690661353,
        0.8127744457406831,
        0.7503632622827634,
        0.6761184019333588,
        0.5912107504919096,
        0.4969793523430191,
        0.3949102929266045,
        0.2866132622827633,
        0.17379616927825892,
        0.0582382068634381,
        -0.058238206863438356,
        -0.17379616927825997,
        -0.28661326228276346,
        -0.39491029292660546,
        -0.49697935234301926,
        -0.5912107504919104,
        -0.6761184019333595,
        -0.7503632622827636,
        -0.8127744457406838,
        -0.8623676906613531,
        -0.8983608819468057,
        -0.920186385469178,
        -0.9275
    ],
    "args": {
        "I_fc": [
            0.5,
            10.0,
            201.0
        ],
        "current_units": "mA",
        "cycles": 1.5,
        "d": 0.2,
        "directory": "/scratch/users/lbvh/py-tdgl/results/14122470/9",
        "dt_init": 1e-06,
        "fc_center": [
            0,
            0,
            1
        ],
        "fc_radius": 2.4,
        "field_units": "mT",
        "film_points": 4000,
        "film_radius": 15.0,
        "film_shape": "box",
        "film_smooth": 100,
        "gamma": 1.0,
        "index": 9,
        "lam": 1.35,
        "max_edge_length": 0.5,
        "pl_center": null,
        "pl_radius": 0.8,
        "points_per_cycle": 51.0,
        "save_every": 500,
        "screening": false,
        "seed_solutions": true,
        "slot_radius": 0,
        "slot_size": null,
        "slot_top_center_x": null,
        "slot_top_center_y": null,
        "solve_time": [
            20000.0,
            2000.0
        ],
        "squid_angle": 0,
        "squid_iterations": 5,
        "squid_points": 4000,
        "squid_position": [
            0.0,
            0.0,
            0.5
        ],
        "squid_smooth": 100,
        "squid_type": "hypres-small",
        "xi": 0.9
    },
    "film_fluxoid": [
        -0.00037784440304569427,
        -0.00037486214143685334,
        -0.0003659628416813764,
        -0.0003512881064517775,
        -0.0003310712081579131,
        -0.0003056330849456596,
        -0.00027537694925824896,
        -0.00024078161834306303,
        -0.00020239377055336546,
        -0.00016081920807592138,
        -0.00011671329704309897,
        -7.077070856184411e-05,
        -2.371460286175657e-05,
        2.3714602785564614e-05,
        7.077070872998944e-05,
        0.00011671329679692404,
        0.00016081920825329032,
        0.00020239377146759823,
        0.00024078161807918302,
        0.00027537694822681274,
        0.0003056330854289007,
        0.0003310712080108478,
        0.0003512881061599086,
        0.00036596284081881,
        0.00037486214302008926,
        0.00037784440228101824,
        0.00037486214276306515,
        0.00036596284145037976,
        0.00035128810620019567,
        0.00033107120756871536,
        0.00030563308581748493,
        0.00027537694835848774,
        0.00024078161781767075,
        0.00020239377084028685,
        0.00016081920868934435,
        0.00011671329718608257,
        7.077070874120974e-05,
        2.3714602895301483e-05,
        -2.3714602794523176e-05,
        -7.077070875614067e-05,
        -0.00011671329735740845,
        -0.00016081920815635408,
        -0.000202393771571249,
        -0.00024078161824213343,
        -0.00027537694798102655,
        -0.000305633085345632,
        -0.0003310712078035463,
        -0.0003512881054632523,
        -0.00036596284176827623,
        -0.00037486214193785253,
        -0.00037784440278771595,
        -0.00037486214162030067,
        -0.0003659628411059787,
        -0.00035128810602766825,
        -0.0003310712076806002,
        -0.00030563308538287984,
        -0.0002753769482638662,
        -0.00024078161819117387,
        -0.00020239377073953395,
        -0.00016081920892975894,
        -0.00011671329681325088,
        -7.077070854042838e-05,
        -2.371460269389396e-05,
        2.371460297540839e-05,
        7.077070868652186e-05,
        0.0001167132972712861,
        0.00016081920865625775,
        0.0002023937707830015,
        0.00024078161847995057,
        0.0002753769488049669,
        0.00030563308555450606,
        0.00033107120935597505,
        0.00035128810685637943,
        0.0003659628425204597,
        0.00037486214205507365,
        0.0003778444014520243
    ],