{
    "I_fc": [
        1.1,
        1.0913261714459257,
        1.0654414772414942,
        1.0227541344770765,
        0.96393734804825,
        0.8899186938124423,
        0.8018654901635528,
        0.7011663887235586,
        0.5894094744768963,
        0.46835722072158,
        0.3399186938124422,
        0.206119446044297,
        0.06906957148224464,
        -0.06906957148224475,
        -0.20611944604429733,
        -0.33991869381244233,
        -0.46835722072158004,
        -0.5894094744768966,
        -0.7011663887235587,
        -0.8018654901635529,
        -0.8899186938124422,
        -0.96393734804825,
        -1.0227541344770767,
        -1.0654414772414942,
        -1.0913261714459257,
        -1.1,
        -1.0913261714459257,
        -1.0654414772414942,
        -1.0227541344770765,
        -0.9639373480482499,
        -0.889918693812442,
        -0.8018654901635528,
        -0.7011663887235585,
        -0.589409474476896,
        -0.4683572207215794,
        -0.33991869381244233,
        -0.2061194460442971,
        -0.06906957148224453,
        0.0690695714822451,
        0.20611944604429766,
        0.339918693812442,
        0.4683572207215799,
        0.5894094744768965,
        0.7011663887235591,
        0.8018654901635531,
        0.8899186938124426,
        0.96393734804825,
        1.0227541344770767,
        1.0654414772414944,
        1.0913261714459257,
        1.1,
        1.0913261714459257,
        1.0654414772414942,
        1.0227541344770765,
        0.9639373480482498,
        0.8899186938124418,
        0.8018654901635521,
        0.7011663887235586,
        0.5894094744768962,
        0.46835722072157954,
        0.33991869381244155,
        0.20611944604429627,
        0.06906957148224466,
        -0.06906957148224496,
        -0.20611944604429752,
        -0.33991869381244183,
        -0.4683572207215807,
        -0.5894094744768964,
        -0.7011663887235596,
        -0.801865490163553,
        -0.889918693812442,
        -0.9639373480482504,
        -1.0227541344770767,
        -1.0654414772414946,
        -1.0913261714459257,
        -1.1
    ],
    "args": {
        "I_fc": [
            1.1
        ],
        "current_units": "mA",
        "cycles": 1.5,
        "d": 0.2,
        "directory": "/scratch/users/lbvh/py-tdgl/results/17223927/77",
        "dt_init": 1e-06,
        "fc_center": [
            0,
            0,
            1
        ],
        "fc_radius": 2.4,
        "field_units": "mT",
        "film_points": 4000,
        "film_radius": 15.0,
        "film_shape": "box",
        "film_smooth": 100,
        "gamma": 1.0,
        "index": 77,
        "lam": 1.35,
        "max_edge_length": 0.5,
        "pl_center": null,
        "pl_radius": 0.8,
        "points_per_cycle": 51.0,
        "save_every": 500,
        "screening": false,
        "seed_solutions": true,
        "slot_radius": 0.1,
        "slot_size": [
            2.0,
            50.0
        ],
        "slot_top_center_x": [
            -10.0,
            10.0,
            101.0
        ],
        "slot_top_center_y": [
            5.0,
            5.0,
            101.0
        ],
        "solve_time": [
            10000.0,
            2000.0
        ],
        "squid_angle": 180.0,
        "squid_iterations": 5,
        "squid_points": 4000,
        "squid_position": [
            0.0,
            0.0,
            0.5
        ],
        "squid_smooth": 100,
        "squid_type": "hypres-small",
        "xi": 0.9
    },
    "film_fluxoid": [
        -0.0010887395136704916,
        -0.0010800688543564493,
        -0.0010542189941636802,
        -0.0010116591924831633,
        -0.0009531296724993988,
        -0.0008796092077010369,
        -0.0007922927194118733,
        -0.0006925739087557038,
        -0.000582027634642247,
        -0.00046238947078101395,
        -0.000335531813115398,
        -0.00020343682707919176,
        -6.816687139603523e-05,
        6.816687139603523e-05,
        0.00020343682707912107,
        0.000335531813115292,
        0.00046238947078102057,
        0.000582027634642247,
        0.0006925739087557744,
        0.000792292719411944,
        0.0008796092077008955,
        0.0009531296724994032,
        0.0010116591924831633,
        0.0010542189941636759,
        0.0010800688543565907,
        0.0010887395136704385,
        0.0010800688543564846,
        0.001054218994163658,
        0.0010116591924832694,
        0.0009531296724993988,
        0.0008796092077009662,
        0.0007922927194119241,
        0.0006925739087557038,
        0.0005820276346421764,
        0.00046238947078101395,
        0.0003355318131153627,
        0.0002034368270791299,
        6.816687139603965e-05,
        -6.81668713960529e-05,
        -0.00020343682707912107,
        -0.000335531813115398,
        -0.0004623894707810846,
        -0.0005820276346422514,
        -0.0006925739087557744,
        -0.000792292719411944,
        -0.0008796092077010369,
        -0.0009531296724993988,
        -0.001011659192483128,
        -0.0010542189941637288,
        -0.0010800688543564493,
        -0.0010887395136704562,
        -0.00108006885435652,
        -0.0010542189941636873,
        -0.0010116591924831633,
        -0.00095312967249939,
        -0.0008796092077011076,
        -0.000792292719411944,
        -0.0006925739087557214,
        -0.000582027634642247,
        -0.00046238947078101395,
        -0.000335531813115398,
        -0.00020343682707915642,
        -6.816687139599988e-05,
        6.816687139596455e-05,
        0.00020343682707919176,
        0.0003355318131153627,
        0.0004623894707810404,
        0.000582027634642247,
        0.0006925739087557744,
        0.0007922927194119263,
        0.0008796092077011076,
        0.0009531296724993988,
        0.0010116591924831633,
        0.0010542189941636405,
        0.001080068854356308,
        0.0010887395136705091
    ],