{
    "I_fc": [
        1.0,
        0.9921147013144779,
        0.9685831611286311,
        0.9297764858882513,
        0.8763066800438636,
        0.8090169943749475,
        0.7289686274214116,
        0.6374239897486896,
        0.5358267949789965,
        0.42577929156507266,
        0.30901699437494745,
        0.18738131458572452,
        0.0627905195293133,
        -0.0627905195293134,
        -0.18738131458572482,
        -0.30901699437494756,
        -0.4257792915650727,
        -0.5358267949789969,
        -0.6374239897486897,
        -0.7289686274214117,
        -0.8090169943749473,
        -0.8763066800438636,
        -0.9297764858882515,
        -0.9685831611286311,
        -0.9921147013144779,
        -1.0,
        -0.9921147013144779,
        -0.9685831611286311,
        -0.9297764858882512,
        -0.8763066800438635,
        -0.8090169943749472,
        -0.7289686274214116,
        -0.6374239897486895,
        -0.5358267949789963,
        -0.42577929156507216,
        -0.30901699437494756,
        -0.18738131458572463,
        -0.06279051952931321,
        0.06279051952931372,
        0.18738131458572513,
        0.30901699437494723,
        0.4257792915650726,
        0.5358267949789968,
        0.63742398974869,
        0.7289686274214119,
        0.8090169943749478,
        0.8763066800438636,
        0.9297764858882515,
        0.9685831611286312,
        0.9921147013144779,
        1.0,
        0.9921147013144779,
        0.9685831611286311,
        0.9297764858882513,
        0.8763066800438634,
        0.809016994374947,
        0.728968627421411,
        0.6374239897486896,
        0.5358267949789964,
        0.42577929156507227,
        0.30901699437494684,
        0.18738131458572388,
        0.06279051952931332,
        -0.0627905195293136,
        -0.18738131458572502,
        -0.3090169943749471,
        -0.4257792915650733,
        -0.5358267949789967,
        -0.6374239897486905,
        -0.7289686274214118,
        -0.8090169943749472,
        -0.8763066800438639,
        -0.9297764858882515,
        -0.9685831611286314,
        -0.9921147013144779,
        -1.0
    ],
    "args": {
        "I_fc": [
            1.0
        ],
        "current_units": "mA",
        "cycles": 1.5,
        "d": 0.2,
        "directory": "/scratch/users/lbvh/py-tdgl/results/17223170/20",
        "dt_init": 1e-06,
        "fc_center": [
            0,
            0,
            1
        ],
        "fc_radius": 2.4,
        "field_units": "mT",
        "film_points": 4000,
        "film_radius": 15.0,
        "film_shape": "box",
        "film_smooth": 100,
        "gamma": 1.0,
        "index": 20,
        "lam": 1.35,
        "max_edge_length": 0.5,
        "pl_center": null,
        "pl_radius": 0.8,
        "points_per_cycle": 51.0,
        "save_every": 500,
        "screening": false,
        "seed_solutions": true,
        "slot_radius": 0.1,
        "slot_size": [
            2.0,
            50.0
        ],
        "slot_top_center_x": [
            -10.0,
            10.0,
            101.0
        ],
        "slot_top_center_y": [
            -1.0,
            -1.0,
            101.0
        ],
        "solve_time": [
            10000.0,
            2000.0
        ],
        "squid_angle": 180.0,
        "squid_iterations": 5,
        "squid_points": 4000,
        "squid_position": [
            0.0,
            0.0,
            0.5
        ],
        "squid_smooth": 100,
        "squid_type": "hypres-small",
        "xi": 0.9
    },
    "film_fluxoid": [
        -0.0002717268534710073,
        -0.0002695833317627283,
        -0.000263186795871137,
        -0.0002526386891204692,
        -0.00023810604061073805,
        -0.00021981863998377446,
        -0.0001980653227398226,
        -0.00017318940070061903,
        -0.00014558326922656427,
        -0.00011568225078968338,
        -8.39577610475343e-05,
        -5.090990188526599e-05,
        -1.7059598012912505e-05,
        1.7059598013018523e-05,
        5.090990188541618e-05,
        8.3957761047711e-05,
        0.00011568225079000143,
        0.00014558326922666588,
        0.00017318940069991227,
        0.00019806532273978724,
        0.00021981863998363088,
        0.000238106040610473,
        0.00025263868912046036,
        0.0002631867958702535,
        0.00026958333176241024,
        0.00027172685347079525,
        0.00026958333176241024,
        0.0002631867958709956,
        0.0002526386891203985,
        0.00023810604061080874,
        0.00021981863998373692,
        0.0001980653227399551,
        0.00017318940070040702,
        0.00014558326922680724,
        0.00011568225079000143,
        8.395776104771983e-05,
        5.090990188532783e-05,
        1.705959801257678e-05,
        -1.7059598013000854e-05,
        -5.090990188546919e-05,
        -8.395776104780818e-05,
        -0.00011568225079003678,
        -0.00014558326922672332,
        -0.00017318940070033633,
        -0.0001980653227399286,
        -0.00021981863998355139,
        -0.00023810604061080874,
        -0.00025263868912036317,
        -0.0002631867958710663,
        -0.0002695833317625162,
        -0.00027172685347107796,
        -0.0002695833317623042,
        -0.0002631867958710663,
        -0.0002526386891203279,
        -0.00023810604061066736,
        -0.00021981863998378994,
        -0.00019806532273999928,
        -0.00017318940070040702,
        -0.00014558326922661286,
        -0.00011568225078975406,
        -8.39577610475343e-05,
        -5.090990188545152e-05,
        -1.7059598012930174e-05,
        1.7059598012877164e-05,
        5.090990188544379e-05,
        8.395776104760498e-05,
        0.00011568225079003678,
        0.00014558326922680724,
        0.00017318940070047768,
        0.0001980653227399286,
        0.00021981863998359557,
        0.00023810604061068504,
        0.0002526386891204758,
        0.00026318679587110166,
        0.00026958333176226886,
        0.00027172685347093663
    ],