{
    "I_fc": [
        1.5,
        1.4881720519717168,
        1.4528747416929466,
        1.394664728832377,
        1.3144600200657954,
        1.2135254915624212,
        1.0934529411321172,
        0.9561359846230344,
        0.8037401924684948,
        0.638668937347609,
        0.4635254915624212,
        0.2810719718785868,
        0.09418577929396996,
        -0.0941857792939701,
        -0.28107197187858723,
        -0.46352549156242134,
        -0.6386689373476091,
        -0.8037401924684953,
        -0.9561359846230346,
        -1.0934529411321174,
        -1.213525491562421,
        -1.3144600200657954,
        -1.3946647288323772,
        -1.4528747416929466,
        -1.4881720519717168,
        -1.5,
        -1.4881720519717168,
        -1.4528747416929466,
        -1.3946647288323768,
        -1.3144600200657952,
        -1.2135254915624207,
        -1.0934529411321172,
        -0.9561359846230343,
        -0.8037401924684945,
        -0.6386689373476082,
        -0.46352549156242134,
        -0.28107197187858696,
        -0.09418577929396982,
        0.09418577929397058,
        0.2810719718785877,
        0.46352549156242084,
        0.6386689373476089,
        0.8037401924684952,
        0.956135984623035,
        1.0934529411321179,
        1.2135254915624216,
        1.3144600200657954,
        1.3946647288323772,
        1.4528747416929468,
        1.4881720519717168,
        1.5,
        1.4881720519717168,
        1.4528747416929466,
        1.394664728832377,
        1.314460020065795,
        1.2135254915624205,
        1.0934529411321166,
        0.9561359846230344,
        0.8037401924684946,
        0.6386689373476084,
        0.4635254915624203,
        0.2810719718785858,
        0.09418577929396998,
        -0.0941857792939704,
        -0.2810719718785875,
        -0.4635254915624207,
        -0.63866893734761,
        -0.803740192468495,
        -0.9561359846230357,
        -1.0934529411321177,
        -1.2135254915624207,
        -1.3144600200657959,
        -1.3946647288323772,
        -1.452874741692947,
        -1.4881720519717168,
        -1.5
    ],
    "args": {
        "I_fc": [
            1.5
        ],
        "current_units": "mA",
        "cycles": 1.5,
        "d": 0.2,
        "directory": "/scratch/users/lbvh/py-tdgl/results/17223933/16",
        "dt_init": 1e-06,
        "fc_center": [
            0,
            0,
            1
        ],
        "fc_radius": 2.4,
        "field_units": "mT",
        "film_points": 4000,
        "film_radius": 15.0,
        "film_shape": "box",
        "film_smooth": 100,
        "gamma": 1.0,
        "index": 16,
        "lam": 1.35,
        "max_edge_length": 0.5,
        "pl_center": null,
        "pl_radius": 0.8,
        "points_per_cycle": 51.0,
        "save_every": 500,
        "screening": false,
        "seed_solutions": true,
        "slot_radius": 0.1,
        "slot_size": [
            2.0,
            50.0
        ],
        "slot_top_center_x": [
            -10.0,
            10.0,
            101.0
        ],
        "slot_top_center_y": [
            5.0,
            5.0,
            101.0
        ],
        "solve_time": [
            10000.0,
            2000.0
        ],
        "squid_angle": 180.0,
        "squid_iterations": 5,
        "squid_points": 4000,
        "squid_position": [
            0.0,
            0.0,
            0.5
        ],
        "squid_smooth": 100,
        "squid_type": "hypres-small",
        "xi": 0.9
    },
    "film_fluxoid": [
        1.000228924489162,
        1.0002271192878742,
        1.0002217321536042,
        1.0002128480463937,
        1.000200607077408,
        1.0001852022997573,
        1.0001668766640788,
        1.0001459191870958,
        1.0001226603946354,
        1.0000974671157767,
        1.0000707367674844,
        4.289731031707061e-05,
        1.4374669790620458e-05,
        -1.4374669790598371e-05,
        -4.289731031699993e-05,
        -7.074342821408585e-05,
        -9.74738672090191e-05,
        -0.0001226670630221153,
        -0.0001459256906121085,
        -0.00016688292811631726,
        -0.0001852082331454461,
        -0.000200612470730761,
        -1.0002128480463937,
        -1.0002217321536042,
        -1.0002271192878742,
        -1.000228924489162,
        -1.0002271192878744,
        -1.0002217321536047,
        -1.0002128480463937,
        -1.000200607077408,
        -1.0001852022997577,
        -1.0001668766640788,
        -1.0001459191870958,
        -1.0001226603946354,
        -1.0000974671157767,
        -1.0000707367674844,
        -4.289731031708828e-05,
        -1.437466979054978e-05,
        1.4374669790610795e-05,
        4.289731031707061e-05,
        7.074342821408585e-05,
        9.74738672090191e-05,
        0.00012266706302204464,
        0.00014592569061214384,
        0.0001668829281166,
        0.00018520823314549913,
        0.00020061247073069034,
        1.0002128480463937,
        1.000221732153604,
        1.0002271192878742,
        1.000228924489162,
        1.0002271192878742,
        1.0002217321536042,
        1.0002128480463939,
        1.000200607077408,
        1.0001852022997577,
        1.0001668766640788,
        1.0001459191870958,
        1.0001226603946354,
        1.000097467115777,
        1.0000707367674844,
        4.289731031705294e-05,
        1.4374669790655798e-05,
        -1.4374669790655798e-05,
        -4.2897310317141286e-05,
        -7.074342821408585e-05,
        -9.747386720905445e-05,
        -0.00012266706302195628,
        -0.00014592569061232935,
        -0.0001668829281166353,
        -0.0001852082331454461,
        -0.0002006124707306616,
        -1.0002128480463937,
        -1.0002217321536042,
        -1.0002271192878742,
        -1.000228924489162
    ],