{
    "I_fc": [
        0.9,
        0.89290323118303,
        0.871724845015768,
        0.8367988372994263,
        0.7886760120394772,
        0.7281152949374528,
        0.6560717646792704,
        0.5736815907738206,
        0.4822441154810969,
        0.3832013624085654,
        0.27811529493745274,
        0.16864318312715207,
        0.05651146757638197,
        -0.05651146757638206,
        -0.16864318312715235,
        -0.2781152949374528,
        -0.38320136240856545,
        -0.4822441154810972,
        -0.5736815907738207,
        -0.6560717646792705,
        -0.7281152949374526,
        -0.7886760120394772,
        -0.8367988372994263,
        -0.871724845015768,
        -0.89290323118303,
        -0.9,
        -0.89290323118303,
        -0.871724845015768,
        -0.8367988372994262,
        -0.7886760120394771,
        -0.7281152949374525,
        -0.6560717646792704,
        -0.5736815907738206,
        -0.4822441154810967,
        -0.38320136240856495,
        -0.2781152949374528,
        -0.16864318312715218,
        -0.05651146757638189,
        0.05651146757638235,
        0.16864318312715262,
        0.2781152949374525,
        0.38320136240856534,
        0.4822441154810971,
        0.573681590773821,
        0.6560717646792708,
        0.728115294937453,
        0.7886760120394772,
        0.8367988372994263,
        0.8717248450157681,
        0.89290323118303,
        0.9,
        0.89290323118303,
        0.871724845015768,
        0.8367988372994263,
        0.788676012039477,
        0.7281152949374523,
        0.6560717646792699,
        0.5736815907738206,
        0.4822441154810968,
        0.38320136240856506,
        0.2781152949374522,
        0.16864318312715149,
        0.05651146757638199,
        -0.056511467576382236,
        -0.1686431831271525,
        -0.2781152949374524,
        -0.383201362408566,
        -0.482244115481097,
        -0.5736815907738215,
        -0.6560717646792706,
        -0.7281152949374525,
        -0.7886760120394776,
        -0.8367988372994263,
        -0.8717248450157683,
        -0.89290323118303,
        -0.9
    ],
    "args": {
        "I_fc": [
            0.9
        ],
        "current_units": "mA",
        "cycles": 1.5,
        "d": 0.2,
        "directory": "/scratch/users/lbvh/py-tdgl/results/17289540/65",
        "dt_init": 1e-06,
        "fc_center": [
            0,
            0,
            1
        ],
        "fc_radius": 2.4,
        "field_units": "mT",
        "film_points": 4000,
        "film_radius": 15.0,
        "film_shape": "box",
        "film_smooth": 100,
        "gamma": 1.0,
        "index": 65,
        "lam": 1.35,
        "max_edge_length": 0.5,
        "pl_center": null,
        "pl_radius": 0.8,
        "points_per_cycle": 51.0,
        "save_every": 500,
        "screening": false,
        "seed_solutions": true,
        "slot_radius": 0.1,
        "slot_size": [
            2.0,
            50.0
        ],
        "slot_top_center_x": [
            -10.0,
            10.0,
            101.0
        ],
        "slot_top_center_y": [
            -1.0,
            -1.0,
            101.0
        ],
        "solve_time": [
            10000.0,
            2000.0
        ],
        "squid_angle": 180.0,
        "squid_iterations": 5,
        "squid_points": 4000,
        "squid_position": [
            0.0,
            0.0,
            0.5
        ],
        "squid_smooth": 100,
        "squid_type": "hypres-small",
        "xi": 0.9
    },
    "film_fluxoid": [
        -0.0009395203988069229,
        -0.0009319516112610284,
        -0.0009094476271089051,
        -0.0008725176419703523,
        -0.0008218587545289644,
        -0.0007583304656646254,
        -0.0006829595895725526,
        -0.0005969391269424957,
        -0.0005016181108446628,
        -0.00039848516960386054,
        -0.0002891478686050636,
        -0.00017530907205856152,
        -5.874116817398943e-05,
        5.874116818728591e-05,
        0.00017530907203060797,
        0.00028914786864922033,
        0.00039848516963646673,
        0.0005016181108808504,
        0.0005969391269488215,
        0.0006829595895467017,
        0.0007583304657456943,
        0.0008218587544902147,
        0.0008725176420124063,
        0.0009094476271338195,
        0.0009319516112990183,
        0.0009395203987760715,
        0.0009319516112425458,
        0.0009094476271401806,
        0.0008725176419964329,
        0.0008218587545050219,
        0.0007583304657012195,
        0.0006829595895255864,
        0.0005969391269609075,
        0.0005016181108509709,
        0.00039848516964597307,
        0.0002891478686381414,
        0.0001753090720389481,
        5.874116815272388e-05,
        -5.874116816109934e-05,
        -0.00017530907205690055,
        -0.0002891478686230868,
        -0.00039848516961275837,
        -0.0005016181108426838,
        -0.0005969391269589153,
        -0.0006829595895392273,
        -0.0007583304656791853,
        -0.0008218587545361384,
        -0.0008725176419896476,
        -0.0009094476271218217,
        -0.0009319516112594735,
        -0.0009395203987896105,
        -0.0009319516113216003,
        -0.0009094476271372827,
        -0.0008725176419662529,
        -0.0008218587545127613,
        -0.0007583304656865006,
        -0.0006829595895433621,
        -0.0005969391269746546,
        -0.0005016181108756908,
        -0.0003984851696090963,
        -0.00028914786861474666,
        -0.00017530907204369242,
        -5.874116817693144e-05,
        5.874116819368236e-05,
        0.00017530907203089068,
        0.00028914786861660195,
        0.0003984851696312365,
        0.0005016181108420477,
        0.0005969391269730643,
        0.0006829595895254626,
        0.0007583304657531155,
        0.0008218587545445315,
        0.0008725176419769784,
        0.000909447627104523,
        0.0009319516112485888,
        0.0009395203987869562
    ],