{
    "I_fc": [
        1.1,
        1.0913261714459257,
        1.0654414772414942,
        1.0227541344770765,
        0.96393734804825,
        0.8899186938124423,
        0.8018654901635528,
        0.7011663887235586,
        0.5894094744768963,
        0.46835722072158,
        0.3399186938124422,
        0.206119446044297,
        0.06906957148224464,
        -0.06906957148224475,
        -0.20611944604429733,
        -0.33991869381244233,
        -0.46835722072158004,
        -0.5894094744768966,
        -0.7011663887235587,
        -0.8018654901635529,
        -0.8899186938124422,
        -0.96393734804825,
        -1.0227541344770767,
        -1.0654414772414942,
        -1.0913261714459257,
        -1.1,
        -1.0913261714459257,
        -1.0654414772414942,
        -1.0227541344770765,
        -0.9639373480482499,
        -0.889918693812442,
        -0.8018654901635528,
        -0.7011663887235585,
        -0.589409474476896,
        -0.4683572207215794,
        -0.33991869381244233,
        -0.2061194460442971,
        -0.06906957148224453,
        0.0690695714822451,
        0.20611944604429766,
        0.339918693812442,
        0.4683572207215799,
        0.5894094744768965,
        0.7011663887235591,
        0.8018654901635531,
        0.8899186938124426,
        0.96393734804825,
        1.0227541344770767,
        1.0654414772414944,
        1.0913261714459257,
        1.1,
        1.0913261714459257,
        1.0654414772414942,
        1.0227541344770765,
        0.9639373480482498,
        0.8899186938124418,
        0.8018654901635521,
        0.7011663887235586,
        0.5894094744768962,
        0.46835722072157954,
        0.33991869381244155,
        0.20611944604429627,
        0.06906957148224466,
        -0.06906957148224496,
        -0.20611944604429752,
        -0.33991869381244183,
        -0.4683572207215807,
        -0.5894094744768964,
        -0.7011663887235596,
        -0.801865490163553,
        -0.889918693812442,
        -0.9639373480482504,
        -1.0227541344770767,
        -1.0654414772414946,
        -1.0913261714459257,
        -1.1
    ],
    "args": {
        "I_fc": [
            1.1
        ],
        "current_units": "mA",
        "cycles": 1.5,
        "d": 0.2,
        "directory": "/scratch/users/lbvh/py-tdgl/results/17223927/52",
        "dt_init": 1e-06,
        "fc_center": [
            0,
            0,
            1
        ],
        "fc_radius": 2.4,
        "field_units": "mT",
        "film_points": 4000,
        "film_radius": 15.0,
        "film_shape": "box",
        "film_smooth": 100,
        "gamma": 1.0,
        "index": 52,
        "lam": 1.35,
        "max_edge_length": 0.5,
        "pl_center": null,
        "pl_radius": 0.8,
        "points_per_cycle": 51.0,
        "save_every": 500,
        "screening": false,
        "seed_solutions": true,
        "slot_radius": 0.1,
        "slot_size": [
            2.0,
            50.0
        ],
        "slot_top_center_x": [
            -10.0,
            10.0,
            101.0
        ],
        "slot_top_center_y": [
            5.0,
            5.0,
            101.0
        ],
        "solve_time": [
            10000.0,
            2000.0
        ],
        "squid_angle": 180.0,
        "squid_iterations": 5,
        "squid_points": 4000,
        "squid_position": [
            0.0,
            0.0,
            0.5
        ],
        "squid_smooth": 100,
        "squid_type": "hypres-small",
        "xi": 0.9
    },
    "film_fluxoid": [
        -0.0002830695186984012,
        -0.0002808305861632463,
        -0.00027415024710517787,
        -0.00026313705437186393,
        -0.0002479692802274011,
        -0.00022889122784934784,
        -0.00020620851520193373,
        -0.0001802825773457971,
        -0.00015152455363970366,
        -0.00012038865639408272,
        -8.73650776143741e-05,
        -5.297248270855026e-05,
        -1.775015168256041e-05,
        1.775015168277245e-05,
        5.297248270847958e-05,
        8.73650776126778e-05,
        0.00012038865639394136,
        0.0001515245536360637,
        0.00018028257734514333,
        0.00020620851520295857,
        0.0002288912278499663,
        0.00024796928024205814,
        0.0002631370543686127,
        0.00027415024710201503,
        0.0002808305861518935,
        0.0002830695186926055,
        0.0002808305861628443,
        0.00027415024710152026,
        0.0002631370543649374,
        0.00024796928022846127,
        0.00022889122785100881,
        0.0002062085152014721,
        0.00018028257733980704,
        0.00015152455363825473,
        0.00012038865639563766,
        8.736507761168829e-05,
        5.297248270932773e-05,
        1.7750151683832633e-05,
        -1.7750151683479238e-05,
        -5.297248270950443e-05,
        -8.736507761271315e-05,
        -0.00012038865639584969,
        -0.00015152455363740658,
        -0.0001802825773397717,
        -0.00020620851520189838,
        -0.00022889122785058473,
        -0.0002479692802366865,
        -0.00026313705437121016,
        -0.0002741502470954772,
        -0.0002808305861554981,
        -0.00028306951869829514,
        -0.00028083058615541856,
        -0.00027415024709579524,
        -0.00026313705437129846,
        -0.00024796928023376215,
        -0.00022889122784256266,
        -0.00020620851520746435,
        -0.0001802825773436237,
        -0.00015152455364334362,
        -0.00012038865639903025,
        -8.736507761395002e-05,
        -5.297248270798483e-05,
        -1.7750151683267202e-05,
        1.7750151682348374e-05,
        5.297248270982248e-05,
        8.736507761585836e-05,
        0.00012038865639592036,
        0.00015152455364588808,
        0.0001802825773404785,
        0.00020620851520465486,
        0.00022889122785293482,
        0.0002479692802404811,
        0.00026313705437797764,
        0.0002741502471078814,
        0.00028083058615945613,
        0.0002830695186989666
    ],