{
    "I_fc": [
        1.5,
        1.4881720519717168,
        1.4528747416929466,
        1.394664728832377,
        1.3144600200657954,
        1.2135254915624212,
        1.0934529411321172,
        0.9561359846230344,
        0.8037401924684948,
        0.638668937347609,
        0.4635254915624212,
        0.2810719718785868,
        0.09418577929396996,
        -0.0941857792939701,
        -0.28107197187858723,
        -0.46352549156242134,
        -0.6386689373476091,
        -0.8037401924684953,
        -0.9561359846230346,
        -1.0934529411321174,
        -1.213525491562421,
        -1.3144600200657954,
        -1.3946647288323772,
        -1.4528747416929466,
        -1.4881720519717168,
        -1.5,
        -1.4881720519717168,
        -1.4528747416929466,
        -1.3946647288323768,
        -1.3144600200657952,
        -1.2135254915624207,
        -1.0934529411321172,
        -0.9561359846230343,
        -0.8037401924684945,
        -0.6386689373476082,
        -0.46352549156242134,
        -0.28107197187858696,
        -0.09418577929396982,
        0.09418577929397058,
        0.2810719718785877,
        0.46352549156242084,
        0.6386689373476089,
        0.8037401924684952,
        0.956135984623035,
        1.0934529411321179,
        1.2135254915624216,
        1.3144600200657954,
        1.3946647288323772,
        1.4528747416929468,
        1.4881720519717168,
        1.5,
        1.4881720519717168,
        1.4528747416929466,
        1.394664728832377,
        1.314460020065795,
        1.2135254915624205,
        1.0934529411321166,
        0.9561359846230344,
        0.8037401924684946,
        0.6386689373476084,
        0.4635254915624203,
        0.2810719718785858,
        0.09418577929396998,
        -0.0941857792939704,
        -0.2810719718785875,
        -0.4635254915624207,
        -0.63866893734761,
        -0.803740192468495,
        -0.9561359846230357,
        -1.0934529411321177,
        -1.2135254915624207,
        -1.3144600200657959,
        -1.3946647288323772,
        -1.452874741692947,
        -1.4881720519717168,
        -1.5
    ],
    "args": {
        "I_fc": [
            1.5
        ],
        "current_units": "mA",
        "cycles": 1.5,
        "d": 0.2,
        "directory": "/scratch/users/lbvh/py-tdgl/results/17223933/11",
        "dt_init": 1e-06,
        "fc_center": [
            0,
            0,
            1
        ],
        "fc_radius": 2.4,
        "field_units": "mT",
        "film_points": 4000,
        "film_radius": 15.0,
        "film_shape": "box",
        "film_smooth": 100,
        "gamma": 1.0,
        "index": 11,
        "lam": 1.35,
        "max_edge_length": 0.5,
        "pl_center": null,
        "pl_radius": 0.8,
        "points_per_cycle": 51.0,
        "save_every": 500,
        "screening": false,
        "seed_solutions": true,
        "slot_radius": 0.1,
        "slot_size": [
            2.0,
            50.0
        ],
        "slot_top_center_x": [
            -10.0,
            10.0,
            101.0
        ],
        "slot_top_center_y": [
            5.0,
            5.0,
            101.0
        ],
        "solve_time": [
            10000.0,
            2000.0
        ],
        "squid_angle": 180.0,
        "squid_iterations": 5,
        "squid_points": 4000,
        "squid_position": [
            0.0,
            0.0,
            0.5
        ],
        "squid_smooth": 100,
        "squid_type": "hypres-small",
        "xi": 0.9
    },
    "film_fluxoid": [
        0.0005384283338740743,
        0.0005341826841165951,
        0.0005215126756261327,
        0.0005006181014256308,
        0.00047182847189811003,
        0.00043559781388566966,
        0.00039249750706895487,
        0.00034320727114954183,
        0.0002885044454028685,
        0.00022925172869571377,
        0.000166383573799771,
        0.00010089145029439359,
        3.380820857546413e-05,
        -3.380820860928403e-05,
        -0.00010089145031375964,
        -0.00016638357378170478,
        -0.00022925172870258732,
        -0.00028850444540007666,
        -0.000343207271181206,
        -0.00039249750708489296,
        -0.00043559781389089107,
        -0.000471828471888427,
        -0.000500618101384637,
        -0.0005215126756004055,
        -0.000534182684077757,
        -0.0005384283338740566,
        -0.0005341826840554578,
        -0.0005215126755909743,
        -0.0005006181014280693,
        -0.0004718284718977213,
        -0.00043559781390092747,
        -0.00039249750709167817,
        -0.00034320727115459535,
        -0.0002885044454054085,
        -0.00022925172869210915,
        -0.00016638357378916582,
        -0.00010089145030418263,
        -3.3808208598222766e-05,
        3.380820859108419e-05,
        0.00010089145030108159,
        0.00016638357378489306,
        0.00022925172869034217,
        0.00028850444541025444,
        0.00034320727113720833,
        0.00039249750706208384,
        0.0004355978139216011,
        0.0004718284718815712,
        0.000500618101424924,
        0.0005215126756083923,
        0.0005341826840782716,
        0.0005384283338885988,
        0.0005341826840842948,
        0.0005215126756069433,
        0.0005006181014282459,
        0.00047182847186722334,
        0.00043559781389173924,
        0.0003924975070332708,
        0.0003432072711574402,
        0.0002885044453928321,
        0.00022925172868779771,
        0.00016638357378920447,
        0.00010089145029347477,
        3.380820859589036e-05,
        -3.380820859355795e-05,
        -0.00010089145029870501,
        -0.000166383573785538,
        -0.00022925172869578446,
        -0.00028850444542697,
        -0.00034320727114533643,
        -0.00039249750706602166,
        -0.0004355978139269374,
        -0.00047182847190341097,
        -0.0005006181014444314,
        -0.0005215126755823824,
        -0.0005341826840713252,
        -0.0005384283339095905
    ],