{
    "I_fc": [
        0.9,
        0.89290323118303,
        0.871724845015768,
        0.8367988372994263,
        0.7886760120394772,
        0.7281152949374528,
        0.6560717646792704,
        0.5736815907738206,
        0.4822441154810969,
        0.3832013624085654,
        0.27811529493745274,
        0.16864318312715207,
        0.05651146757638197,
        -0.05651146757638206,
        -0.16864318312715235,
        -0.2781152949374528,
        -0.38320136240856545,
        -0.4822441154810972,
        -0.5736815907738207,
        -0.6560717646792705,
        -0.7281152949374526,
        -0.7886760120394772,
        -0.8367988372994263,
        -0.871724845015768,
        -0.89290323118303,
        -0.9,
        -0.89290323118303,
        -0.871724845015768,
        -0.8367988372994262,
        -0.7886760120394771,
        -0.7281152949374525,
        -0.6560717646792704,
        -0.5736815907738206,
        -0.4822441154810967,
        -0.38320136240856495,
        -0.2781152949374528,
        -0.16864318312715218,
        -0.05651146757638189,
        0.05651146757638235,
        0.16864318312715262,
        0.2781152949374525,
        0.38320136240856534,
        0.4822441154810971,
        0.573681590773821,
        0.6560717646792708,
        0.728115294937453,
        0.7886760120394772,
        0.8367988372994263,
        0.8717248450157681,
        0.89290323118303,
        0.9,
        0.89290323118303,
        0.871724845015768,
        0.8367988372994263,
        0.788676012039477,
        0.7281152949374523,
        0.6560717646792699,
        0.5736815907738206,
        0.4822441154810968,
        0.38320136240856506,
        0.2781152949374522,
        0.16864318312715149,
        0.05651146757638199,
        -0.056511467576382236,
        -0.1686431831271525,
        -0.2781152949374524,
        -0.383201362408566,
        -0.482244115481097,
        -0.5736815907738215,
        -0.6560717646792706,
        -0.7281152949374525,
        -0.7886760120394776,
        -0.8367988372994263,
        -0.8717248450157683,
        -0.89290323118303,
        -0.9
    ],
    "args": {
        "I_fc": [
            0.9
        ],
        "current_units": "mA",
        "cycles": 1.5,
        "d": 0.2,
        "directory": "/scratch/users/lbvh/py-tdgl/results/17289543/26",
        "dt_init": 1e-06,
        "fc_center": [
            0,
            0,
            1
        ],
        "fc_radius": 2.4,
        "field_units": "mT",
        "film_points": 4000,
        "film_radius": 15.0,
        "film_shape": "box",
        "film_smooth": 100,
        "gamma": 1.0,
        "index": 26,
        "lam": 1.35,
        "max_edge_length": 0.5,
        "pl_center": null,
        "pl_radius": 0.8,
        "points_per_cycle": 51.0,
        "save_every": 500,
        "screening": false,
        "seed_solutions": true,
        "slot_radius": 0.1,
        "slot_size": [
            2.0,
            50.0
        ],
        "slot_top_center_x": [
            -10.0,
            10.0,
            101.0
        ],
        "slot_top_center_y": [
            5.0,
            5.0,
            101.0
        ],
        "solve_time": [
            10000.0,
            2000.0
        ],
        "squid_angle": 180.0,
        "squid_iterations": 5,
        "squid_points": 4000,
        "squid_position": [
            0.0,
            0.0,
            0.5
        ],
        "squid_smooth": 100,
        "squid_type": "hypres-small",
        "xi": 0.9
    },
    "film_fluxoid": [
        -0.00027527130152561367,
        -0.00027310069223946163,
        -0.00026662310137660005,
        -0.00025594069678614345,
        -0.00024122195930331532,
        -0.00022269902064455898,
        -0.0002006640009995374,
        -0.00017546440321059058,
        -0.0001474976346943259,
        -0.00011720474240546371,
        -8.506345904227687e-05,
        -5.158066988030086e-05,
        -1.728441898790645e-05,
        1.7284418987897612e-05,
        5.15806698802103e-05,
        8.506345904224152e-05,
        0.00011720474240546371,
        0.00014749763469436124,
        0.00017546440321059058,
        0.00020066400099951972,
        0.0002226990206448417,
        0.00024122195930306354,
        0.00025594069678614345,
        0.00026662310137660005,
        0.0002731006922395323,
        0.00027527130152571965,
        0.00027310069223948814,
        0.00026662310137665307,
        0.0002559406967861081,
        0.00024122195930327556,
        0.00022269902064470034,
        0.0002006640009994667,
        0.00017546440321059058,
        0.0001474976346943259,
        0.00011720474240539303,
        8.506345904232987e-05,
        5.158066988035166e-05,
        1.728441898788878e-05,
        -1.728441898788878e-05,
        -5.1580669880333994e-05,
        -8.506345904213552e-05,
        -0.00011720474240546371,
        -0.0001474976346945026,
        -0.0001754644032105994,
        -0.00020066400099932535,
        -0.00022269902064462965,
        -0.00024122195930330206,
        -0.00025594069678609043,
        -0.00026662310137660005,
        -0.00027310069223939094,
        -0.0002752713015256843,
        -0.00027310069223946163,
        -0.0002666231013765647,
        -0.00025594069678614345,
        -0.00024122195930327556,
        -0.000222699020644665,
        -0.0002006640009994667,
        -0.00017546440321059058,
        -0.0001474976346943259,
        -0.00011720474240546371,
        -8.506345904227687e-05,
        -5.1580669880307485e-05,
        -1.728441898788878e-05,
        1.7284418987932954e-05,
        5.158066988035166e-05,
        8.50634590422857e-05,
        0.00011720474240546813,
        0.0001474976346943259,
        0.00017546440321066124,
        0.00020066400099948438,
        0.00022269902064470034,
        0.00024122195930327556,
        0.00025594069678614345,
        0.0002666231013766354,
        0.0002731006922395323,
        0.0002752713015256667
    ],