{
    "I_fc": [
        0.9,
        0.89290323118303,
        0.871724845015768,
        0.8367988372994263,
        0.7886760120394772,
        0.7281152949374528,
        0.6560717646792704,
        0.5736815907738206,
        0.4822441154810969,
        0.3832013624085654,
        0.27811529493745274,
        0.16864318312715207,
        0.05651146757638197,
        -0.05651146757638206,
        -0.16864318312715235,
        -0.2781152949374528,
        -0.38320136240856545,
        -0.4822441154810972,
        -0.5736815907738207,
        -0.6560717646792705,
        -0.7281152949374526,
        -0.7886760120394772,
        -0.8367988372994263,
        -0.871724845015768,
        -0.89290323118303,
        -0.9,
        -0.89290323118303,
        -0.871724845015768,
        -0.8367988372994262,
        -0.7886760120394771,
        -0.7281152949374525,
        -0.6560717646792704,
        -0.5736815907738206,
        -0.4822441154810967,
        -0.38320136240856495,
        -0.2781152949374528,
        -0.16864318312715218,
        -0.05651146757638189,
        0.05651146757638235,
        0.16864318312715262,
        0.2781152949374525,
        0.38320136240856534,
        0.4822441154810971,
        0.573681590773821,
        0.6560717646792708,
        0.728115294937453,
        0.7886760120394772,
        0.8367988372994263,
        0.8717248450157681,
        0.89290323118303,
        0.9,
        0.89290323118303,
        0.871724845015768,
        0.8367988372994263,
        0.788676012039477,
        0.7281152949374523,
        0.6560717646792699,
        0.5736815907738206,
        0.4822441154810968,
        0.38320136240856506,
        0.2781152949374522,
        0.16864318312715149,
        0.05651146757638199,
        -0.056511467576382236,
        -0.1686431831271525,
        -0.2781152949374524,
        -0.383201362408566,
        -0.482244115481097,
        -0.5736815907738215,
        -0.6560717646792706,
        -0.7281152949374525,
        -0.7886760120394776,
        -0.8367988372994263,
        -0.8717248450157683,
        -0.89290323118303,
        -0.9
    ],
    "args": {
        "I_fc": [
            0.9
        ],
        "current_units": "mA",
        "cycles": 1.5,
        "d": 0.2,
        "directory": "/scratch/users/lbvh/py-tdgl/results/17289540/6",
        "dt_init": 1e-06,
        "fc_center": [
            0,
            0,
            1
        ],
        "fc_radius": 2.4,
        "field_units": "mT",
        "film_points": 4000,
        "film_radius": 15.0,
        "film_shape": "box",
        "film_smooth": 100,
        "gamma": 1.0,
        "index": 6,
        "lam": 1.35,
        "max_edge_length": 0.5,
        "pl_center": null,
        "pl_radius": 0.8,
        "points_per_cycle": 51.0,
        "save_every": 500,
        "screening": false,
        "seed_solutions": true,
        "slot_radius": 0.1,
        "slot_size": [
            2.0,
            50.0
        ],
        "slot_top_center_x": [
            -10.0,
            10.0,
            101.0
        ],
        "slot_top_center_y": [
            -1.0,
            -1.0,
            101.0
        ],
        "solve_time": [
            10000.0,
            2000.0
        ],
        "squid_angle": 180.0,
        "squid_iterations": 5,
        "squid_points": 4000,
        "squid_position": [
            0.0,
            0.0,
            0.5
        ],
        "squid_smooth": 100,
        "squid_type": "hypres-small",
        "xi": 0.9
    },
    "film_fluxoid": [
        -0.000465987115802515,
        -0.00046231266244035993,
        -0.0004513472516078986,
        -0.0004332638169902687,
        -0.0004083475489370839,
        -0.0003769913961633952,
        -0.0003396898680102969,
        -0.0002970312351516939,
        -0.00024968825180995963,
        -0.00019840754584476853,
        -0.00014399784399522889,
        -8.731721793806616e-05,
        -2.925955226679175e-05,
        2.9259552266584127e-05,
        8.731721793834004e-05,
        0.00014399784399514055,
        0.0001984075458441501,
        0.000249688251810313,
        0.0002970312351510578,
        0.0003396898680108623,
        0.00037699139616290047,
        0.00040834754893694254,
        0.0004332638169899153,
        0.00045134725160802223,
        0.0004623126624405897,
        0.00046598711580300977,
        0.0004623126624403776,
        0.0004513472516079869,
        0.00043326381699072814,
        0.00040834754893706625,
        0.0003769913961628403,
        0.00033968986801054425,
        0.0002970312351516939,
        0.000249688251809889,
        0.00019840754584492755,
        0.00014399784399448675,
        8.731721793841072e-05,
        2.9259552266694563e-05,
        -2.9259552266694563e-05,
        -8.731721793798665e-05,
        -0.00014399784399484015,
        -0.0001984075458445035,
        -0.0002496882518099243,
        -0.0002970312351517999,
        -0.00033968986800999646,
        -0.0003769913961630948,
        -0.0004083475489364478,
        -0.0004332638169902687,
        -0.00045134725160819896,
        -0.0004623126624412258,
        -0.00046598711580226763,
        -0.0004623126624406427,
        -0.000451347251608517,
        -0.0004332638169901627,
        -0.0004083475489368012,
        -0.0003769913961634659,
        -0.0003396898680100848,
        -0.00029703123515176455,
        -0.00024968825180942956,
        -0.00019840754584494522,
        -0.00014399784399413335,
        -8.7317217938075e-05,
        -2.9259552266604005e-05,
        2.9259552266780703e-05,
        8.731721793839304e-05,
        0.00014399784399476065,
        0.00019840754584506893,
        0.0002496882518098183,
        0.000297031235150457,
        0.0003396898680099435,
        0.00037699139616360726,
        0.0004083475489364478,
        0.00043326381699051607,
        0.00045134725160865833,
        0.00046231266244083704,
        0.00046598711580233827
    ],