{
    "I_fc": [
        1.2,
        1.1905376415773734,
        1.1622997933543573,
        1.1157317830659015,
        1.0515680160526362,
        0.9708203932499369,
        0.8747623529056938,
        0.7649087876984275,
        0.6429921539747958,
        0.5109351498780872,
        0.37082039324993693,
        0.22485757750286942,
        0.07534862343517597,
        -0.07534862343517608,
        -0.22485757750286978,
        -0.37082039324993704,
        -0.5109351498780872,
        -0.6429921539747963,
        -0.7649087876984276,
        -0.8747623529056939,
        -0.9708203932499367,
        -1.0515680160526362,
        -1.1157317830659017,
        -1.1622997933543573,
        -1.1905376415773734,
        -1.2,
        -1.1905376415773734,
        -1.1622997933543573,
        -1.1157317830659015,
        -1.0515680160526362,
        -0.9708203932499366,
        -0.8747623529056938,
        -0.7649087876984274,
        -0.6429921539747956,
        -0.5109351498780865,
        -0.37082039324993704,
        -0.22485757750286955,
        -0.07534862343517584,
        0.07534862343517647,
        0.22485757750287014,
        0.37082039324993665,
        0.5109351498780871,
        0.6429921539747961,
        0.764908787698428,
        0.8747623529056943,
        0.9708203932499373,
        1.0515680160526362,
        1.1157317830659017,
        1.1622997933543573,
        1.1905376415773734,
        1.2,
        1.1905376415773734,
        1.1622997933543573,
        1.1157317830659015,
        1.051568016052636,
        0.9708203932499364,
        0.8747623529056932,
        0.7649087876984275,
        0.6429921539747957,
        0.5109351498780867,
        0.3708203932499362,
        0.22485757750286864,
        0.07534862343517598,
        -0.07534862343517632,
        -0.22485757750287003,
        -0.37082039324993654,
        -0.510935149878088,
        -0.6429921539747959,
        -0.7649087876984286,
        -0.8747623529056942,
        -0.9708203932499366,
        -1.0515680160526366,
        -1.1157317830659017,
        -1.1622997933543577,
        -1.1905376415773734,
        -1.2
    ],
    "args": {
        "I_fc": [
            1.2
        ],
        "current_units": "mA",
        "cycles": 1.5,
        "d": 0.2,
        "directory": "/scratch/users/lbvh/py-tdgl/results/17298299/73",
        "dt_init": 1e-06,
        "fc_center": [
            0,
            0,
            1
        ],
        "fc_radius": 2.4,
        "field_units": "mT",
        "film_points": 4000,
        "film_radius": 15.0,
        "film_shape": "box",
        "film_smooth": 100,
        "gamma": 1.0,
        "index": 73,
        "lam": 1.35,
        "max_edge_length": 0.5,
        "pl_center": null,
        "pl_radius": 0.8,
        "points_per_cycle": 51.0,
        "save_every": 500,
        "screening": false,
        "seed_solutions": true,
        "slot_radius": 0.1,
        "slot_size": [
            2.0,
            50.0
        ],
        "slot_top_center_x": [
            -10.0,
            10.0,
            101.0
        ],
        "slot_top_center_y": [
            -1.0,
            -1.0,
            101.0
        ],
        "solve_time": [
            10000.0,
            2000.0
        ],
        "squid_angle": 180.0,
        "squid_iterations": 5,
        "squid_points": 4000,
        "squid_position": [
            0.0,
            0.0,
            0.5
        ],
        "squid_smooth": 100,
        "squid_type": "hypres-small",
        "xi": 0.9
    },
    "film_fluxoid": [
        0.9990516246075427,
        0.9990588000071201,
        0.9990802129381254,
        0.999115526029159,
        0.9991641849895772,
        0.9992254304261207,
        0.9992983150351833,
        0.9993817301906441,
        0.9994744612265896,
        0.9995754200989097,
        -0.00028112810236205287,
        -0.00017044540040017197,
        -5.711132488732134e-05,
        5.711132489424788e-05,
        0.00017044540030733513,
        0.0002811281025402523,
        0.00038743948326073747,
        0.00048773036791135814,
        0.0005804493555672702,
        0.0006641687635458355,
        0.0007376101720990438,
        0.0007996738481442626,
        0.0008494991725843314,
        0.0008873071113529017,
        -0.9990588000071927,
        -0.9990516246076447,
        -0.9990588000072786,
        -0.9990802129381595,
        -0.9991155260292129,
        -0.9991641849895947,
        -0.9992254304261177,
        -0.9992983150354796,
        -0.9993817301908478,
        -0.9994744612265134,
        -0.9995754200988677,
        0.00028112810236678834,
        0.00017044540038699035,
        5.711132489423021e-05,
        -5.7111324900078896e-05,
        -0.00017044540039027692,
        -0.00028112810242951594,
        -0.00038743948336566043,
        -0.0004877303679427926,
        -0.0005804493555872635,
        -0.000664168763546507,
        -0.000737610172100846,
        -0.0007996738481446866,
        -0.0008494991725844904,
        -0.0008873071113515234,
        0.9990588000072599,
        0.9990516246076172,
        0.9990588000070193,
        0.9990802129381794,
        0.9991155260295034,
        0.9991641849895513,
        0.9992254304257789,
        0.9992983150356183,
        0.9993817301908816,
        0.9994744612266581,
        0.9995754200988891,
        -0.0002811281023738916,
        -0.00017044540033641953,
        -5.7111324925346634e-05,
        5.711132489421254e-05,
        0.00017044540039902345,
        0.0002811281024421498,
        0.00038743948310393614,
        0.00048773036799514805,
        0.0005804493554607702,
        0.0006641687635461889,
        0.0007376101721015882,
        0.000799673848145314,
        0.0008494991725854622,
        0.0008873071113544566,
        -0.9990588000073494,
        -0.9990516246075185
    ],