{
    "I_fc": [
        1.0,
        0.9921147013144779,
        0.9685831611286311,
        0.9297764858882513,
        0.8763066800438636,
        0.8090169943749475,
        0.7289686274214116,
        0.6374239897486896,
        0.5358267949789965,
        0.42577929156507266,
        0.30901699437494745,
        0.18738131458572452,
        0.0627905195293133,
        -0.0627905195293134,
        -0.18738131458572482,
        -0.30901699437494756,
        -0.4257792915650727,
        -0.5358267949789969,
        -0.6374239897486897,
        -0.7289686274214117,
        -0.8090169943749473,
        -0.8763066800438636,
        -0.9297764858882515,
        -0.9685831611286311,
        -0.9921147013144779,
        -1.0,
        -0.9921147013144779,
        -0.9685831611286311,
        -0.9297764858882512,
        -0.8763066800438635,
        -0.8090169943749472,
        -0.7289686274214116,
        -0.6374239897486895,
        -0.5358267949789963,
        -0.42577929156507216,
        -0.30901699437494756,
        -0.18738131458572463,
        -0.06279051952931321,
        0.06279051952931372,
        0.18738131458572513,
        0.30901699437494723,
        0.4257792915650726,
        0.5358267949789968,
        0.63742398974869,
        0.7289686274214119,
        0.8090169943749478,
        0.8763066800438636,
        0.9297764858882515,
        0.9685831611286312,
        0.9921147013144779,
        1.0,
        0.9921147013144779,
        0.9685831611286311,
        0.9297764858882513,
        0.8763066800438634,
        0.809016994374947,
        0.728968627421411,
        0.6374239897486896,
        0.5358267949789964,
        0.42577929156507227,
        0.30901699437494684,
        0.18738131458572388,
        0.06279051952931332,
        -0.0627905195293136,
        -0.18738131458572502,
        -0.3090169943749471,
        -0.4257792915650733,
        -0.5358267949789967,
        -0.6374239897486905,
        -0.7289686274214118,
        -0.8090169943749472,
        -0.8763066800438639,
        -0.9297764858882515,
        -0.9685831611286314,
        -0.9921147013144779,
        -1.0
    ],
    "args": {
        "I_fc": [
            1.0
        ],
        "current_units": "mA",
        "cycles": 1.5,
        "d": 0.2,
        "directory": "/scratch/users/lbvh/py-tdgl/results/17223926/32",
        "dt_init": 1e-06,
        "fc_center": [
            0,
            0,
            1
        ],
        "fc_radius": 2.4,
        "field_units": "mT",
        "film_points": 4000,
        "film_radius": 15.0,
        "film_shape": "box",
        "film_smooth": 100,
        "gamma": 1.0,
        "index": 32,
        "lam": 1.35,
        "max_edge_length": 0.5,
        "pl_center": null,
        "pl_radius": 0.8,
        "points_per_cycle": 51.0,
        "save_every": 500,
        "screening": false,
        "seed_solutions": true,
        "slot_radius": 0.1,
        "slot_size": [
            2.0,
            50.0
        ],
        "slot_top_center_x": [
            -10.0,
            10.0,
            101.0
        ],
        "slot_top_center_y": [
            5.0,
            5.0,
            101.0
        ],
        "solve_time": [
            10000.0,
            2000.0
        ],
        "squid_angle": 180.0,
        "squid_iterations": 5,
        "squid_points": 4000,
        "squid_position": [
            0.0,
            0.0,
            0.5
        ],
        "squid_smooth": 100,
        "squid_type": "hypres-small",
        "xi": 0.9
    },
    "film_fluxoid": [
        -0.00036834437573582846,
        -0.0003654399057128419,
        -0.00035677230340248444,
        -0.0003424782632328555,
        -0.000322783199060811,
        -0.00029799768476579397,
        -0.00026851256068943097,
        -0.0002347927791786807,
        -0.00019737008221341892,
        -0.00015683462360776895,
        -0.00011382566705933957,
        -6.902150557648335e-05,
        -2.312876179887813e-05,
        2.312876180244079e-05,
        6.902150558157224e-05,
        0.00011382566706039976,
        0.00015683462361003068,
        0.00019737008221340125,
        0.00023479277920143932,
        0.0002685125606750831,
        0.0002979976847704588,
        0.00032278319905593416,
        0.0003424782632294629,
        0.0003567723034022724,
        0.0003654399056950485,
        0.00036834437572808964,
        0.0003654399057030882,
        0.0003567723034006468,
        0.000342478263226247,
        0.0003227831990619065,
        0.0002979976847730872,
        0.00026851256069093286,
        0.00023479277918242667,
        0.00019737008221509754,
        0.00015683462361699258,
        0.00011382566706216672,
        6.902150558464677e-05,
        2.3128761789771583e-05,
        -2.3128761796592106e-05,
        -6.902150558722656e-05,
        -0.00011382566706145994,
        -0.00015683462361494287,
        -0.0001973700822182781,
        -0.000234792779192441,
        -0.0002685125606818683,
        -0.00029799768475467526,
        -0.00032278319905986564,
        -0.00034247826323957,
        -0.0003567723033986678,
        -0.0003654399057113577,
        -0.0003683443757314822,
        -0.00036543990571254154,
        -0.0003567723034067605,
        -0.0003424782631962438,
        -0.0003227831990643449,
        -0.00029799768477310924,
        -0.00026851256069579204,
        -0.00023479277920044982,
        -0.00019737008222262486,
        -0.00015683462360518917,
        -0.00011382566705986966,
        -6.902150556983952e-05,
        -2.3128761802917877e-05,
        2.3128761800885855e-05,
        6.902150557503444e-05,
        0.00011382566705750192,
        0.0001568346236112543,
        0.00019737008221714722,
        0.00023479277918617267,
        0.0002685125606936363,
        0.00029799768477894024,
        0.0003227831990432826,
        0.00034247826322833204,
        0.0003567723034055943,
        0.0003654399057147193,
        0.00036834437573109353
    ],