{
    "I_fc": [
        1.1,
        1.0913261714459255,
        1.0654414772414944,
        1.0227541344770765,
        0.9639373480482499,
        0.8899186938124424,
        0.8018654901635529,
        0.7011663887235586,
        0.5894094744768963,
        0.46835722072158,
        0.3399186938124423,
        0.206119446044297,
        0.06906957148224463,
        -0.06906957148224475,
        -0.20611944604429736,
        -0.3399186938124424,
        -0.4683572207215801,
        -0.5894094744768965,
        -0.7011663887235586,
        -0.8018654901635529,
        -0.8899186938124423,
        -0.96393734804825,
        -1.0227541344770767,
        -1.0654414772414944,
        -1.0913261714459255,
        -1.1,
        -1.0913261714459255,
        -1.0654414772414944,
        -1.0227541344770765,
        -0.9639373480482499,
        -0.8899186938124422,
        -0.8018654901635529,
        -0.7011663887235585,
        -0.5894094744768958,
        -0.4683572207215794,
        -0.3399186938124424,
        -0.20611944604429713,
        -0.06906957148224452,
        0.0690695714822451,
        0.2061194460442977,
        0.33991869381244205,
        0.46835722072158,
        0.5894094744768964,
        0.7011663887235589,
        0.8018654901635531,
        0.8899186938124427,
        0.9639373480482499,
        1.0227541344770765,
        1.0654414772414944,
        1.0913261714459255,
        1.1,
        1.0913261714459255,
        1.0654414772414944,
        1.0227541344770765,
        0.9639373480482497,
        0.8899186938124419,
        0.8018654901635522,
        0.7011663887235586,
        0.589409474476896,
        0.46835722072157954,
        0.33991869381244166,
        0.2061194460442963,
        0.06906957148224466,
        -0.06906957148224496,
        -0.20611944604429758,
        -0.33991869381244183,
        -0.46835722072158065,
        -0.5894094744768963,
        -0.7011663887235596,
        -0.8018654901635531,
        -0.8899186938124422,
        -0.9639373480482504,
        -1.0227541344770765,
        -1.0654414772414948,
        -1.0913261714459255,
        -1.1
    ],
    "args": {
        "I_fc": [
            1.1
        ],
        "current_units": "mA",
        "cycles": 1.5,
        "d": 0.2,
        "directory": "/scratch/users/lbvh/py-tdgl/results/17223927/87",
        "dt_init": 1e-06,
        "fc_center": [
            0,
            0,
            1
        ],
        "fc_radius": 2.4,
        "field_units": "mT",
        "film_points": 4000,
        "film_radius": 15.0,
        "film_shape": "box",
        "film_smooth": 100,
        "gamma": 1.0,
        "index": 87,
        "lam": 1.35,
        "max_edge_length": 0.5,
        "pl_center": null,
        "pl_radius": 0.8,
        "points_per_cycle": 51.0,
        "save_every": 500,
        "screening": false,
        "seed_solutions": true,
        "slot_radius": 0.1,
        "slot_size": [
            2.0,
            50.0
        ],
        "slot_top_center_x": [
            -10.0,
            10.0,
            101.0
        ],
        "slot_top_center_y": [
            5.0,
            5.0,
            101.0
        ],
        "solve_time": [
            10000.0,
            2000.0
        ],
        "squid_angle": 180.0,
        "squid_iterations": 5,
        "squid_points": 4000,
        "squid_position": [
            0.0,
            0.0,
            0.5
        ],
        "squid_smooth": 100,
        "squid_type": "hypres-small",
        "xi": 0.9
    },
    "film_fluxoid": [
        -0.0006650722822502241,
        -0.0006598182445739964,
        -0.0006441413795346216,
        -0.0006182951241030634,
        -0.0005826948452256977,
        -0.00053790902852705,
        -0.0004846489768232512,
        -0.0004237572850652968,
        -0.00035619489225043787,
        -0.00028302647602932877,
        -0.000205404158218677,
        -0.0001245496969649816,
        -4.1735462202424865e-05,
        4.173546219311291e-05,
        0.00012454969692429703,
        0.00020540415818262185,
        0.0002830264760481647,
        0.0003561948922325914,
        0.00042375728512940265,
        0.00048464897689760546,
        0.0005379090286256295,
        0.0005826948450210114,
        0.0006182951241554364,
        0.0006441413793798346,
        0.0006598182444140499,
        0.000665072282252667,
        0.0006598182443596977,
        0.0006441413795387917,
        0.0006182951241632111,
        0.0005826948451677763,
        0.0005379090286430695,
        0.00048464897688728635,
        0.0004237572850103085,
        0.0003561948921977113,
        0.0002830264760092206,
        0.00020540415817148992,
        0.00012454969695407055,
        4.173546219768054e-05,
        -4.1735462216852215e-05,
        -0.0001245496969472412,
        -0.0002054041582078366,
        -0.00028302647604738724,
        -0.00035619489225577415,
        -0.0004237572850978091,
        -0.00048464897688301026,
        -0.0005379090285731504,
        -0.0005826948450411903,
        -0.0006182951241817291,
        -0.0006441413794652502,
        -0.0006598182443753133,
        -0.0006650722822168637,
        -0.0006598182445897579,
        -0.0006441413794647555,
        -0.0006182951241349958,
        -0.000582694845060733,
        -0.0005379090285603398,
        -0.0004846489770759286,
        -0.000423757285041584,
        -0.0003561948922100095,
        -0.00028302647606140766,
        -0.00020540415820705912,
        -0.00012454969693096737,
        -4.173546222322216e-05,
        4.173546218590365e-05,
        0.0001245496969218851,
        0.0002054041581825998,
        0.00028302647603579593,
        0.0003561948922166533,
        0.0004237572850385094,
        0.00048464897682590165,
        0.0005379090285965981,
        0.000582694845146767,
        0.0006182951241997522,
        0.0006441413796821287,
        0.0006598182445959776,
        0.0006650722825439484
    ],