{
    "I_fc": [
        1.1,
        1.0913261714459255,
        1.0654414772414944,
        1.0227541344770765,
        0.9639373480482499,
        0.8899186938124424,
        0.8018654901635529,
        0.7011663887235586,
        0.5894094744768963,
        0.46835722072158,
        0.3399186938124423,
        0.206119446044297,
        0.06906957148224463,
        -0.06906957148224475,
        -0.20611944604429736,
        -0.3399186938124424,
        -0.4683572207215801,
        -0.5894094744768965,
        -0.7011663887235586,
        -0.8018654901635529,
        -0.8899186938124423,
        -0.96393734804825,
        -1.0227541344770767,
        -1.0654414772414944,
        -1.0913261714459255,
        -1.1,
        -1.0913261714459255,
        -1.0654414772414944,
        -1.0227541344770765,
        -0.9639373480482499,
        -0.8899186938124422,
        -0.8018654901635529,
        -0.7011663887235585,
        -0.5894094744768958,
        -0.4683572207215794,
        -0.3399186938124424,
        -0.20611944604429713,
        -0.06906957148224452,
        0.0690695714822451,
        0.2061194460442977,
        0.33991869381244205,
        0.46835722072158,
        0.5894094744768964,
        0.7011663887235589,
        0.8018654901635531,
        0.8899186938124427,
        0.9639373480482499,
        1.0227541344770765,
        1.0654414772414944,
        1.0913261714459255,
        1.1,
        1.0913261714459255,
        1.0654414772414944,
        1.0227541344770765,
        0.9639373480482497,
        0.8899186938124419,
        0.8018654901635522,
        0.7011663887235586,
        0.589409474476896,
        0.46835722072157954,
        0.33991869381244166,
        0.2061194460442963,
        0.06906957148224466,
        -0.06906957148224496,
        -0.20611944604429758,
        -0.33991869381244183,
        -0.46835722072158065,
        -0.5894094744768963,
        -0.7011663887235596,
        -0.8018654901635531,
        -0.8899186938124422,
        -0.9639373480482504,
        -1.0227541344770765,
        -1.0654414772414948,
        -1.0913261714459255,
        -1.1
    ],
    "args": {
        "I_fc": [
            1.1
        ],
        "current_units": "mA",
        "cycles": 1.5,
        "d": 0.2,
        "directory": "/scratch/users/lbvh/py-tdgl/results/17223196/5",
        "dt_init": 1e-06,
        "fc_center": [
            0,
            0,
            1
        ],
        "fc_radius": 2.4,
        "field_units": "mT",
        "film_points": 4000,
        "film_radius": 15.0,
        "film_shape": "box",
        "film_smooth": 100,
        "gamma": 1.0,
        "index": 5,
        "lam": 1.35,
        "max_edge_length": 0.5,
        "pl_center": null,
        "pl_radius": 0.8,
        "points_per_cycle": 51.0,
        "save_every": 500,
        "screening": false,
        "seed_solutions": true,
        "slot_radius": 0.1,
        "slot_size": [
            2.0,
            50.0
        ],
        "slot_top_center_x": [
            -10.0,
            10.0,
            101.0
        ],
        "slot_top_center_y": [
            -1.0,
            -1.0,
            101.0
        ],
        "solve_time": [
            10000.0,
            2000.0
        ],
        "squid_angle": 180.0,
        "squid_iterations": 5,
        "squid_points": 4000,
        "squid_position": [
            0.0,
            0.0,
            0.5
        ],
        "squid_smooth": 100,
        "squid_type": "hypres-small",
        "xi": 0.9
    },
    "film_fluxoid": [
        0.0003798250685044544,
        0.0003768300431719831,
        0.00036789219899504406,
        0.0003531524868978501,
        0.0003328433549593431,
        0.0003072850837642106,
        0.000276880736527319,
        0.00024210980339590577,
        0.00020352064005498975,
        0.00016172181997442333,
        0.00011737253668247393,
        7.117220758111098e-05,
        2.384944331307961e-05,
        -2.38494433130266e-05,
        -7.117220758111098e-05,
        -0.00011737253668293335,
        -0.00016172181997444984,
        -0.00020352064005506044,
        -0.00024210980339587043,
        -0.0002768807365302875,
        -0.000307285083765353,
        -0.0003328433549592459,
        -0.000353152486897638,
        -0.00036789219899525607,
        -0.0003768300431719478,
        -0.0003798250685036063,
        -0.00037683004317208915,
        -0.00036789219899524724,
        -0.0003531524868982035,
        -0.0003328433549587512,
        -0.0003072850837653415,
        -0.0002768807365303582,
        -0.00024210980339576442,
        -0.0002035206400551311,
        -0.00016172181997448515,
        -0.00011737253668367547,
        -7.117220758178243e-05,
        -2.3849443312832232e-05,
        2.384944331382174e-05,
        7.117220758033351e-05,
        0.00011737253668254461,
        0.00016172181997109258,
        0.00020352064005506044,
        0.00024210980339583508,
        0.00027688073653022566,
        0.000307285083766543,
        0.0003328433549593166,
        0.0003531524868978788,
        0.0003678921989952208,
        0.00037683004317201846,
        0.0003798250685031027,
        0.00037683004316836085,
        0.0003678921989953091,
        0.0003531524868977087,
        0.000332843354959236,
        0.0003072850837653415,
        0.0002768807365300755,
        0.00024210980339583508,
        0.00020352064005509576,
        0.0001617218199750771,
        0.00011737253668240326,
        7.117220758091661e-05,
        2.3849443313044268e-05,
        -2.3849443313114948e-05,
        -7.117220758108889e-05,
        -0.00011737253668212054,
        -0.00016172181997310692,
        -0.00020352064005509576,
        -0.0002421098033959941,
        -0.00027688073653019915,
        -0.00030728508376103004,
        -0.0003328433549593166,
        -0.00035315248689792077,
        -0.00036789219899511475,
        -0.00037683004317166506,
        -0.00037982506850304084
    ],