{
    "I_fc": [
        9.24,
        9.167139840145776,
        8.94970840882855,
        8.591134729607443,
        8.0970737236053,
        7.475317028024515,
        6.735670117373843,
        5.889797665277892,
        4.951039585605928,
        3.9342006540612715,
        2.8553170280245146,
        1.7314033467720946,
        0.580184400450855,
        -0.5801844004508558,
        -1.7314033467720975,
        -2.8553170280245155,
        -3.934200654061272,
        -4.9510395856059315,
        -5.889797665277893,
        -6.735670117373844,
        -7.475317028024514,
        -8.0970737236053,
        -8.591134729607443,
        -8.94970840882855,
        -9.167139840145776,
        -9.24,
        -9.167139840145776,
        -8.94970840882855,
        -8.591134729607441,
        -8.097073723605298,
        -7.475317028024513,
        -6.735670117373843,
        -5.889797665277891,
        -4.951039585605926,
        -3.934200654061267,
        -2.8553170280245155,
        -1.7314033467720955,
        -0.5801844004508541,
        0.5801844004508588,
        1.7314033467721002,
        2.8553170280245124,
        3.934200654061271,
        4.951039585605931,
        5.889797665277896,
        6.735670117373846,
        7.475317028024517,
        8.0970737236053,
        8.591134729607443,
        8.949708408828553,
        9.167139840145776,
        9.24,
        9.167139840145776,
        8.94970840882855,
        8.591134729607443,
        8.097073723605298,
        7.47531702802451,
        6.735670117373838,
        5.889797665277892,
        4.951039585605927,
        3.934200654061268,
        2.855317028024509,
        1.7314033467720886,
        0.5801844004508551,
        -0.5801844004508576,
        -1.7314033467720993,
        -2.8553170280245115,
        -3.9342006540612777,
        -4.951039585605929,
        -5.889797665277901,
        -6.735670117373845,
        -7.475317028024513,
        -8.097073723605304,
        -8.591134729607443,
        -8.949708408828554,
        -9.167139840145776,
        -9.24
    ],
    "args": {
        "I_fc": [
            0.5,
            10.0,
            201.0
        ],
        "current_units": "mA",
        "cycles": 1.5,
        "d": 0.2,
        "directory": "/scratch/users/lbvh/py-tdgl/results/14122470/184",
        "dt_init": 1e-06,
        "fc_center": [
            0,
            0,
            1
        ],
        "fc_radius": 2.4,
        "field_units": "mT",
        "film_points": 4000,
        "film_radius": 15.0,
        "film_shape": "box",
        "film_smooth": 100,
        "gamma": 1.0,
        "index": 184,
        "lam": 1.35,
        "max_edge_length": 0.5,
        "pl_center": null,
        "pl_radius": 0.8,
        "points_per_cycle": 51.0,
        "save_every": 500,
        "screening": false,
        "seed_solutions": true,
        "slot_radius": 0,
        "slot_size": null,
        "slot_top_center_x": null,
        "slot_top_center_y": null,
        "solve_time": [
            20000.0,
            2000.0
        ],
        "squid_angle": 0,
        "squid_iterations": 5,
        "squid_points": 4000,
        "squid_position": [
            0.0,
            0.0,
            0.5
        ],
        "squid_smooth": 100,
        "squid_type": "hypres-small",
        "xi": 0.9
    },
    "film_fluxoid": [
        4.995968298793677,
        4.995998874494346,
        4.9960901121570105,
        4.996240586501485,
        4.996447990140682,
        4.996699422883232,
        4.997016221879091,
        4.9973768423684595,
        4.9977725300875075,
        4.998184829179688,
        3.998663719466992,
        2.999158064253877,
        0.9997221987981053,
        0.00023628939445754436,
        0.0007064514290095079,
        -1.9987527603930724,
        -1.9983081015775235,
        -1.9978496930821237,
        -2.9974315623172423,
        -2.9970707183552747,
        -3.9967329058366103,
        -3.9964697699379337,
        -3.996262784601683,
        -3.9961203821126885,
        -3.9960303493091587,
        -3.995999962347295,
        -3.9960306989681436,
        -3.996122103656073,
        -3.9962727298088967,
        -3.9964806293338317,
        -3.9967425778787424,
        -3.997041753115149,
        -3.9973974701288433,
        -3.9978123591110974,
        -3.998228462307364,
        -3.99866371946756,
        -2.999158064254145,
        -0.999722198798232,
        -0.00023628939452778602,
        -0.0007064514286753376,
        1.9987527603928859,
        1.9983081015769384,
        1.9978496930791312,
        2.9974315623179963,
        2.9970707183500567,
        3.9967329056811196,
        3.9964697698318226,
        3.9962627845655367,
        3.996120382037736,
        3.9960303492863574,
        3.995999962348161,
        3.9960306989683687,
        3.9961221036539563,
        3.99627272980897,
        3.9964806293355406,
        3.9967425778799153,
        3.997041753113545,
        3.9973974701300614,
        3.9978123591105206,
        3.998228462307681,
        3.998663719468406,
        2.999158064254323,
        0.9997221987956896,
        0.00023628939526632408,
        0.0007064514300508568,
        -1.9987527603938586,
        -1.9983081015769983,
        -1.9978496930784044,
        -2.9974315623185883,
        -2.997070718353318,
        -3.996732905768583,
        -3.9964697698871223,
        -3.9962627845875898,
        -3.9961203820947353,
        -3.996030349308987,
        -3.9959999623504046
    ],
    "flux": [
        -0.0044688516565237965,
        -0.00404123010786015,
        -0.002761972637745254,
        -0.0007516458601626188,
        0.0013726683164198331,
        0.0009876254318552065,
        -0.002102537236779853,
        -0.0013133437014692332,
        0.002566134043662095,
        0.012563858483558746,
        0.013375236076319756,
        0.013369425582488518,
        0.009457146868646092,
        0.009294312227790995,
        0.022449089599140208,
        0.007874372485949814,
        0.015939252210997578,
        0.010733388967308697,
        0.01043339142067211,
        0.010483610151545378,
        0.008905960013637823,
        0.008072010080888845,
        0.010234447496187996,
        0.008093277055082471,
        0.009018623773864557,
        0.009287076105775787,
        0.009013090785329985,
        0.00805899053123997,
        0.006156820844122615,
        0.003231428587130872,
        -7.499961988501821e-05,
        0.00427325401297418,
        -0.0007002862991494309,
        0.007113225990569769,
        -0.0028262202227175605,
        -0.013375236075203268,
        -0.013369425582338995,
        -0.009457146842243079,
        -0.00929431223763842,
        -0.022449089599684013,
        -0.007874372454125686,
        -0.015939252212776384,
        -0.010733389234724677,
        -0.01043339128954415,
        -0.010483610775944265,
        -0.008905980378584638,
        -0.008072013211282916,
        -0.01023444904817184,
        -0.008093278555543685,
        -0.009018624114936064,
        -0.009287076080993328,
        -0.009013090840627111,
        -0.008058990558302665,
        -0.0061568208716521544,
        -0.0032314285955041184,
        7.499962013635797e-05,
        -0.004273254047217429,
        0.0007002862712566878,
        -0.0071132259821531695,
        0.0028262202128563887,
        0.013375236013514277,
        0.013369425582454079,
        0.009457146862433945,
        0.00929431224411409,
        0.022449089598903647,
        0.007874372457589037,
        0.01593925221839151,
        0.01073338943882741,
        0.010433391186707918,
        0.010483610374350095,
        0.008905968963594931,
        0.00807201157387059,
        0.010234448100892508,
        0.008093277416883125,
        0.009018623778457642,
        0.009287076055885322
    ],
    "timing": {
        "end_time": "2023-03-29T18:19:42.573578",
        "start_time": "2023-03-29T09:49:52.141412",