{
    "I_fc": [
        4.0625,
        4.030465974090067,
        3.934869092085064,
        3.7772169739210213,
        3.5599958876781956,
        3.286631539648224,
        2.9614350488994843,
        2.5895349583540517,
        2.1767963546021734,
        1.7297283719831076,
        1.255381539648224,
        0.7612365905045059,
        0.2550864855878353,
        -0.2550864855878357,
        -0.7612365905045071,
        -1.2553815396482244,
        -1.7297283719831078,
        -2.1767963546021747,
        -2.589534958354052,
        -2.9614350488994847,
        -3.2866315396482237,
        -3.5599958876781956,
        -3.7772169739210217,
        -3.934869092085064,
        -4.030465974090067,
        -4.0625,
        -4.030465974090067,
        -3.934869092085064,
        -3.777216973921021,
        -3.559995887678195,
        -3.2866315396482233,
        -2.9614350488994843,
        -2.5895349583540512,
        -2.1767963546021725,
        -1.7297283719831056,
        -1.2553815396482244,
        -0.7612365905045063,
        -0.2550864855878349,
        0.255086485587837,
        0.7612365905045083,
        1.255381539648223,
        1.7297283719831074,
        2.1767963546021742,
        2.589534958354053,
        2.9614350488994856,
        3.2866315396482255,
        3.5599958876781956,
        3.7772169739210217,
        3.9348690920850644,
        4.030465974090067,
        4.0625,
        4.030465974090067,
        3.934869092085064,
        3.7772169739210213,
        3.5599958876781947,
        3.2866315396482224,
        2.961435048899482,
        2.5895349583540517,
        2.176796354602173,
        1.729728371983106,
        1.2553815396482215,
        0.7612365905045032,
        0.25508648558783537,
        -0.2550864855878365,
        -0.7612365905045079,
        -1.2553815396482226,
        -1.7297283719831105,
        -2.176796354602174,
        -2.5895349583540552,
        -2.961435048899485,
        -3.2866315396482233,
        -3.559995887678197,
        -3.7772169739210217,
        -3.9348690920850653,
        -4.030465974090067,
        -4.0625
    ],
    "args": {
        "I_fc": [
            0.5,
            10.0,
            201.0
        ],
        "current_units": "mA",
        "cycles": 1.5,
        "d": 0.2,
        "directory": "/scratch/users/lbvh/py-tdgl/results/14122470/75",
        "dt_init": 1e-06,
        "fc_center": [
            0,
            0,
            1
        ],
        "fc_radius": 2.4,
        "field_units": "mT",
        "film_points": 4000,
        "film_radius": 15.0,
        "film_shape": "box",
        "film_smooth": 100,
        "gamma": 1.0,
        "index": 75,
        "lam": 1.35,
        "max_edge_length": 0.5,
        "pl_center": null,
        "pl_radius": 0.8,
        "points_per_cycle": 51.0,
        "save_every": 500,
        "screening": false,
        "seed_solutions": true,
        "slot_radius": 0,
        "slot_size": null,
        "slot_top_center_x": null,
        "slot_top_center_y": null,
        "solve_time": [
            20000.0,
            2000.0
        ],
        "squid_angle": 0,
        "squid_iterations": 5,
        "squid_points": 4000,
        "squid_position": [
            0.0,
            0.0,
            0.5
        ],
        "squid_smooth": 100,
        "squid_type": "hypres-small",
        "xi": 0.9
    },
    "film_fluxoid": [
        1.998225871791603,
        1.9982393876120683,
        1.9982797357723827,
        1.9983463857882422,
        1.9984389211167468,
        1.9985592797942866,
        1.998709385901817,
        1.9988612238690873,
        1.9990292443726114,
        1.999210636454791,
        1.9994017666638835,
        0.9996485534751651,
        0.999854189712424,
        0.00010387426654471321,
        0.00031006462979382335,
        0.0005116401689055006,
        0.0007057640379034334,
        0.0008902102176689301,
        -0.9989023565257359,
        -0.9987488272049605,
        -1.9985761491845722,
        -1.9984636232869681,
        -1.9983736468565303,
        -1.9983078211039422,
        -1.9982675186239702,
        -1.998253864505344,
        -1.9982675186244006,
        -1.9983078211033525,
        -1.998373646856327,
        -1.9984636232858428,
        -1.9985761491856666,
        -1.9987093859024974,
        -1.9988612238720094,
        -1.9990292443713655,
        -1.9992106364545694,
        -1.9994017666637514,
        -0.99964855347472,
        -0.9998541897097758,
        -0.00010387426723833918,
        -0.0003100646306610988,
        -0.0005116401685283222,
        -0.000705764038097094,
        -0.0008902102156051388,
        0.9989023565264694,
        0.9987488272045794,
        1.9985761491846525,
        1.9984636232870443,
        1.9983736468574358,
        1.9983078211043055,
        1.998267518623734,
        1.9982538645057788,
        1.9982675186242846,
        1.9983078211041065,
        1.9983736468572642,
        1.9984636232858581,
        1.9985761491848617,
        1.9987093859027023,
        1.9988612238693781,
        1.9990292443732465,
        1.9992106364541722,
        1.9994017666613915,
        0.9996485534770518,
        0.9998541897088025,
        0.00010387426682136847,
        0.00031006463061496306,
        0.0005116401691934822,
        0.0007057640378779537,
        0.0008902102176612261,
        -0.9989023565259537,
        -0.998748827204796,
        -1.9985761491834844,
        -1.998463623285933,
        -1.9983736468570539,
        -1.9983078211047776,
        -1.9982675186237067,
        -1.998253864504959
    ],
    "flux": [
        -0.004111372628717574,
        -0.003861182437974608,
        -0.0031303067216777135,
        -0.002013261739339682,
        -0.0009100571561999771,
        -0.004629981782794045,
        -0.00900993324903818,
        -0.0048580292484433,
        5.570482098258654e-05,
        0.005148837091998548,
        0.00946844695518869,
        0.006953376755926638,
        0.01353262176920419,
        0.004166610456522901,
        0.011980962071240754,
        0.018318339363251706,
        0.022438822764262727,
        0.023861999656423487,
        0.016654871640952088,
        0.01892401628458876,
        0.012134520842751849,
        0.014214897548755519,
        0.015403335340263795,
        0.015940836574639548,
        0.016088808630778943,
        0.016086476841391636,
        0.01608880863136284,
        0.01594083657419818,
        0.015403335356418201,
        0.014214897546511446,
        0.012134520845371867,
        0.009009933249761903,
        0.004858029253623981,
        -5.570482364317195e-05,
        -0.00514883709522203,
        -0.009468446900764038,
        -0.006953376768273767,
        -0.013532621781584368,
        -0.0041666104550247985,
        -0.011980962084409224,
        -0.0183183393983737,
        -0.02243882276458895,
        -0.023861999658139968,
        -0.016654871644181037,
        -0.018924016284859343,
        -0.01213452084269529,
        -0.014214897554713958,
        -0.015403335347826397,
        -0.01594083657509108,
        -0.016088808630371425,
        -0.016086476842323654,
        -0.01608880863169968,
        -0.01594083657532737,
        -0.015403335341982502,
        -0.014214897546378428,
        -0.012134520843244283,
        -0.009009933250982021,
        -0.004858029248262428,
        5.570481965342774e-05,
        0.005148837095191012,
        0.009468446907373045,
        0.006953376787142205,
        0.013532621783018556,
        0.004166610456202874,
        0.011980962084115242,
        0.01831833939533879,
        0.02243882276460594,
        0.02386199965445389,
        0.016654871645404894,
        0.018924016285331195,
        0.012134520875374068,
        0.014214897546537942,
        0.015403335341084142,
        0.015940836577627033,
        0.016088808629731822,
        0.016086476853480317
    ],
    "timing": {
        "end_time": "2023-03-29T14:39:45.564564",