{
    "I_fc": [
        1.5,
        1.4881720519717168,
        1.4528747416929466,
        1.394664728832377,
        1.3144600200657954,
        1.2135254915624212,
        1.0934529411321172,
        0.9561359846230344,
        0.8037401924684948,
        0.638668937347609,
        0.4635254915624212,
        0.2810719718785868,
        0.09418577929396996,
        -0.0941857792939701,
        -0.28107197187858723,
        -0.46352549156242134,
        -0.6386689373476091,
        -0.8037401924684953,
        -0.9561359846230346,
        -1.0934529411321174,
        -1.213525491562421,
        -1.3144600200657954,
        -1.3946647288323772,
        -1.4528747416929466,
        -1.4881720519717168,
        -1.5,
        -1.4881720519717168,
        -1.4528747416929466,
        -1.3946647288323768,
        -1.3144600200657952,
        -1.2135254915624207,
        -1.0934529411321172,
        -0.9561359846230343,
        -0.8037401924684945,
        -0.6386689373476082,
        -0.46352549156242134,
        -0.28107197187858696,
        -0.09418577929396982,
        0.09418577929397058,
        0.2810719718785877,
        0.46352549156242084,
        0.6386689373476089,
        0.8037401924684952,
        0.956135984623035,
        1.0934529411321179,
        1.2135254915624216,
        1.3144600200657954,
        1.3946647288323772,
        1.4528747416929468,
        1.4881720519717168,
        1.5,
        1.4881720519717168,
        1.4528747416929466,
        1.394664728832377,
        1.314460020065795,
        1.2135254915624205,
        1.0934529411321166,
        0.9561359846230344,
        0.8037401924684946,
        0.6386689373476084,
        0.4635254915624203,
        0.2810719718785858,
        0.09418577929396998,
        -0.0941857792939704,
        -0.2810719718785875,
        -0.4635254915624207,
        -0.63866893734761,
        -0.803740192468495,
        -0.9561359846230357,
        -1.0934529411321177,
        -1.2135254915624207,
        -1.3144600200657959,
        -1.3946647288323772,
        -1.452874741692947,
        -1.4881720519717168,
        -1.5
    ],
    "args": {
        "I_fc": [
            1.5
        ],
        "current_units": "mA",
        "cycles": 1.5,
        "d": 0.2,
        "directory": "/scratch/users/lbvh/py-tdgl/results/17223198/51",
        "dt_init": 1e-06,
        "fc_center": [
            0,
            0,
            1
        ],
        "fc_radius": 2.4,
        "field_units": "mT",
        "film_points": 4000,
        "film_radius": 15.0,
        "film_shape": "box",
        "film_smooth": 100,
        "gamma": 1.0,
        "index": 51,
        "lam": 1.35,
        "max_edge_length": 0.5,
        "pl_center": null,
        "pl_radius": 0.8,
        "points_per_cycle": 51.0,
        "save_every": 500,
        "screening": false,
        "seed_solutions": true,
        "slot_radius": 0.1,
        "slot_size": [
            2.0,
            50.0
        ],
        "slot_top_center_x": [
            -10.0,
            10.0,
            101.0
        ],
        "slot_top_center_y": [
            -1.0,
            -1.0,
            101.0
        ],
        "solve_time": [
            10000.0,
            2000.0
        ],
        "squid_angle": 180.0,
        "squid_iterations": 5,
        "squid_points": 4000,
        "squid_position": [
            0.0,
            0.0,
            0.5
        ],
        "squid_smooth": 100,
        "squid_type": "hypres-small",
        "xi": 0.9
    },
    "film_fluxoid": [
        0.9993912833332136,
        0.9993960158018689,
        0.9994101406657472,
        0.9994334465938696,
        0.9994656057875939,
        0.9995062392751005,
        0.9995553718710858,
        -0.00038074491980159727,
        -0.0003193935720226542,
        -0.00025347045099853344,
        -0.00018380738412448151,
        -0.00011140016225946484,
        -3.732057495039624e-05,
        3.732057494792248e-05,
        0.00011140016212195885,
        0.00018380738404934975,
        0.0002534704509453122,
        0.00031939357253737397,
        0.0003807449195389541,
        0.0004377603832722867,
        -0.9995062392765284,
        -0.9994656057868511,
        -0.9994334465959017,
        -0.9994101406651161,
        -0.9993960158039906,
        -0.9993912833340879,
        -0.9993960158031179,
        -0.9994101406674675,
        -0.9994334465940532,
        -0.999465605786281,
        -0.9995062392754752,
        -0.9995553718720064,
        0.0003807449192811878,
        0.000319393572065362,
        0.00025347045132618356,
        0.00018380738396209652,
        0.00011140016229042224,
        3.732057488671447e-05,
        -3.7320574941066613e-05,
        -0.00011140016209077893,
        -0.0001838073842177071,
        -0.00025347045143985305,
        -0.00031939357219181553,
        -0.00038074491959429576,
        -0.00043776038301573966,
        0.9995062392762971,
        0.9994656057868834,
        0.9994334465952347,
        0.9994101406665633,
        0.9993960158020894,
        0.999391283332349,
        0.999396015803756,
        0.9994101406655187,
        0.9994334465945308,
        0.999465605788699,
        0.9995062392748636,
        0.999555371871204,
        -0.00038074491951796245,
        -0.00031939357239394866,
        -0.00025347045117632644,
        -0.0001838073838910288,
        -0.00011140016198763343,
        -3.7320574811936095e-05,
        3.7320574900638226e-05,
        0.00011140016214008801,
        0.00018380738391122532,
        0.0002534704513579361,
        0.00031939357178672773,
        0.0003807449195050989,
        0.0004377603829384345,
        -0.9995062392762181,
        -0.9994656057873296,
        -0.9994334465958792,
        -0.9994101406652363,
        -0.9993960158038847,
        -0.999391283333938
    ],