{
    "I_fc": [
        1.1,
        1.0913261714459257,
        1.0654414772414942,
        1.0227541344770765,
        0.96393734804825,
        0.8899186938124423,
        0.8018654901635528,
        0.7011663887235586,
        0.5894094744768963,
        0.46835722072158,
        0.3399186938124422,
        0.206119446044297,
        0.06906957148224464,
        -0.06906957148224475,
        -0.20611944604429733,
        -0.33991869381244233,
        -0.46835722072158004,
        -0.5894094744768966,
        -0.7011663887235587,
        -0.8018654901635529,
        -0.8899186938124422,
        -0.96393734804825,
        -1.0227541344770767,
        -1.0654414772414942,
        -1.0913261714459257,
        -1.1,
        -1.0913261714459257,
        -1.0654414772414942,
        -1.0227541344770765,
        -0.9639373480482499,
        -0.889918693812442,
        -0.8018654901635528,
        -0.7011663887235585,
        -0.589409474476896,
        -0.4683572207215794,
        -0.33991869381244233,
        -0.2061194460442971,
        -0.06906957148224453,
        0.0690695714822451,
        0.20611944604429766,
        0.339918693812442,
        0.4683572207215799,
        0.5894094744768965,
        0.7011663887235591,
        0.8018654901635531,
        0.8899186938124426,
        0.96393734804825,
        1.0227541344770767,
        1.0654414772414944,
        1.0913261714459257,
        1.1,
        1.0913261714459257,
        1.0654414772414942,
        1.0227541344770765,
        0.9639373480482498,
        0.8899186938124418,
        0.8018654901635521,
        0.7011663887235586,
        0.5894094744768962,
        0.46835722072157954,
        0.33991869381244155,
        0.20611944604429627,
        0.06906957148224466,
        -0.06906957148224496,
        -0.20611944604429752,
        -0.33991869381244183,
        -0.4683572207215807,
        -0.5894094744768964,
        -0.7011663887235596,
        -0.801865490163553,
        -0.889918693812442,
        -0.9639373480482504,
        -1.0227541344770767,
        -1.0654414772414946,
        -1.0913261714459257,
        -1.1
    ],
    "args": {
        "I_fc": [
            1.1
        ],
        "current_units": "mA",
        "cycles": 1.5,
        "d": 0.2,
        "directory": "/scratch/users/lbvh/py-tdgl/results/17223927/16",
        "dt_init": 1e-06,
        "fc_center": [
            0,
            0,
            1
        ],
        "fc_radius": 2.4,
        "field_units": "mT",
        "film_points": 4000,
        "film_radius": 15.0,
        "film_shape": "box",
        "film_smooth": 100,
        "gamma": 1.0,
        "index": 16,
        "lam": 1.35,
        "max_edge_length": 0.5,
        "pl_center": null,
        "pl_radius": 0.8,
        "points_per_cycle": 51.0,
        "save_every": 500,
        "screening": false,
        "seed_solutions": true,
        "slot_radius": 0.1,
        "slot_size": [
            2.0,
            50.0
        ],
        "slot_top_center_x": [
            -10.0,
            10.0,
            101.0
        ],
        "slot_top_center_y": [
            5.0,
            5.0,
            101.0
        ],
        "solve_time": [
            10000.0,
            2000.0
        ],
        "squid_angle": 180.0,
        "squid_iterations": 5,
        "squid_points": 4000,
        "squid_position": [
            0.0,
            0.0,
            0.5
        ],
        "squid_smooth": 100,
        "squid_type": "hypres-small",
        "xi": 0.9
    },
    "film_fluxoid": [
        0.00016788213430688503,
        0.0001665583423969807,
        0.00016260784102444957,
        0.00015609292544031507,
        0.00014711633227330157,
        0.00013581962168842827,
        0.00012238094590703537,
        0.00010701223957219731,
        8.995587682539082e-05,
        7.148084820756914e-05,
        5.187851790092403e-05,
        3.145802831792751e-05,
        1.0541424539395407e-05,
        -1.0541424539554435e-05,
        -3.1458028317847995e-05,
        -5.187851790088869e-05,
        -7.148084820749845e-05,
        -8.995587682524947e-05,
        -0.00010701223957216198,
        -0.00012238094590703537,
        -0.00013581962168856962,
        -0.00014711633227333692,
        -0.0001560929254403239,
        -0.00016260784102439655,
        -0.0001665583423971574,
        -0.0001678821343069027,
        -0.00016655834239722808,
        -0.00016260784102439655,
        -0.0001560929254403239,
        -0.00014711633227333692,
        -0.00013581962168849896,
        -0.00012238094590703537,
        -0.00010701223957216198,
        -8.995587682524947e-05,
        -7.148084820755146e-05,
        -5.187851790088869e-05,
        -3.145802831791867e-05,
        -1.0541424539360068e-05,
        1.0541424539289389e-05,
        3.145802831792088e-05,
        5.187851790088869e-05,
        7.148084820760447e-05,
        8.995587682539082e-05,
        0.00010701223957214761,
        0.00012238094590707072,
        0.00013581962168856962,
        0.0001471163322733038,
        0.0001560929254403946,
        0.00016260784102452023,
        0.0001665583423971574,
        0.00016788213430696453,
        0.00016655834239719274,
        0.00016260784102444957,
        0.00015609292544041227,
        0.00014711633227331924,
        0.0001358196216885873,
        0.00012238094590704475,
        0.00010701223957212663,
        8.995587682524947e-05,
        7.148084820749845e-05,
        5.187851790092403e-05,
        3.1458028317901005e-05,
        1.0541424539395407e-05,
        -1.0541424539382156e-05,
        -3.145802831806003e-05,
        -5.1878517900853354e-05,
        -7.148084820756914e-05,
        -8.995587682526713e-05,
        -0.00010701223957216198,
        -0.00012238094590696468,
        -0.00013581962168864031,
        -0.00014711633227326625,
        -0.0001560929254403239,
        -0.00016260784102435638,
        -0.00016655834239719274,
        -0.0001678821343069027
    ],