{
    "I_fc": [
        1.2,
        1.1905376415773734,
        1.1622997933543573,
        1.1157317830659015,
        1.0515680160526362,
        0.9708203932499369,
        0.8747623529056938,
        0.7649087876984275,
        0.6429921539747958,
        0.5109351498780872,
        0.37082039324993693,
        0.22485757750286942,
        0.07534862343517597,
        -0.07534862343517608,
        -0.22485757750286978,
        -0.37082039324993704,
        -0.5109351498780872,
        -0.6429921539747963,
        -0.7649087876984276,
        -0.8747623529056939,
        -0.9708203932499367,
        -1.0515680160526362,
        -1.1157317830659017,
        -1.1622997933543573,
        -1.1905376415773734,
        -1.2,
        -1.1905376415773734,
        -1.1622997933543573,
        -1.1157317830659015,
        -1.0515680160526362,
        -0.9708203932499366,
        -0.8747623529056938,
        -0.7649087876984274,
        -0.6429921539747956,
        -0.5109351498780865,
        -0.37082039324993704,
        -0.22485757750286955,
        -0.07534862343517584,
        0.07534862343517647,
        0.22485757750287014,
        0.37082039324993665,
        0.5109351498780871,
        0.6429921539747961,
        0.764908787698428,
        0.8747623529056943,
        0.9708203932499373,
        1.0515680160526362,
        1.1157317830659017,
        1.1622997933543573,
        1.1905376415773734,
        1.2,
        1.1905376415773734,
        1.1622997933543573,
        1.1157317830659015,
        1.051568016052636,
        0.9708203932499364,
        0.8747623529056932,
        0.7649087876984275,
        0.6429921539747957,
        0.5109351498780867,
        0.3708203932499362,
        0.22485757750286864,
        0.07534862343517598,
        -0.07534862343517632,
        -0.22485757750287003,
        -0.37082039324993654,
        -0.510935149878088,
        -0.6429921539747959,
        -0.7649087876984286,
        -0.8747623529056942,
        -0.9708203932499366,
        -1.0515680160526366,
        -1.1157317830659017,
        -1.1622997933543577,
        -1.1905376415773734,
        -1.2
    ],
    "args": {
        "I_fc": [
            1.2
        ],
        "current_units": "mA",
        "cycles": 1.5,
        "d": 0.2,
        "directory": "/scratch/users/lbvh/py-tdgl/results/17298304/48",
        "dt_init": 1e-06,
        "fc_center": [
            0,
            0,
            1
        ],
        "fc_radius": 2.4,
        "field_units": "mT",
        "film_points": 4000,
        "film_radius": 15.0,
        "film_shape": "box",
        "film_smooth": 100,
        "gamma": 1.0,
        "index": 48,
        "lam": 1.35,
        "max_edge_length": 0.5,
        "pl_center": null,
        "pl_radius": 0.8,
        "points_per_cycle": 51.0,
        "save_every": 500,
        "screening": false,
        "seed_solutions": true,
        "slot_radius": 0.1,
        "slot_size": [
            2.0,
            50.0
        ],
        "slot_top_center_x": [
            -10.0,
            10.0,
            101.0
        ],
        "slot_top_center_y": [
            5.0,
            5.0,
            101.0
        ],
        "solve_time": [
            10000.0,
            2000.0
        ],
        "squid_angle": 180.0,
        "squid_iterations": 5,
        "squid_points": 4000,
        "squid_position": [
            0.0,
            0.0,
            0.5
        ],
        "squid_smooth": 100,
        "squid_type": "hypres-small",
        "xi": 0.9
    },
    "film_fluxoid": [
        -0.0010753368658002933,
        -0.0010668566766458259,
        -0.001041549969455123,
        -0.0009998162475836965,
        -0.0009423142263150644,
        -0.0008699513878610958,
        -0.0007838695245074238,
        -0.0006854266601499791,
        -0.0005761755810735951,
        -0.00045783932496053025,
        -0.000332284017008473,
        -0.00020148947097850447,
        -6.751801058994572e-05,
        6.751800934094189e-05,
        0.00020148947099527306,
        0.0003322840165549966,
        0.00045783932585992046,
        0.0005761755802016284,
        0.0006854266597678178,
        0.0007838695227382403,
        0.0008699513891007347,
        0.0009423142259672531,
        0.0009998162466805605,
        0.0010415499716259575,
        0.0010668566717920167,
        0.0010753368680147014,
        0.001066856676397672,
        0.0010415499717395741,
        0.000999816243052537,
        0.0009423142275312379,
        0.0008699513906689602,
        0.0007838695258036765,
        0.0006854266619868908,
        0.0005761755810998878,
        0.0004578393259893337,
        0.00033228401628341257,
        0.00020148947042521162,
        6.751801007020774e-05,
        -6.751801015375032e-05,
        -0.00020148947097244372,
        -0.00033228401707632486,
        -0.0004578393250621313,
        -0.000576175580919886,
        -0.0006854266604667713,
        -0.0007838695241801448,
        -0.0008699513879560177,
        -0.000942314224448927,
        -0.0009998162435491276,
        -0.0010415499697480168,
        -0.001066856673758037,
        -0.0010753368696345402,
        -0.0010668566749492475,
        -0.0010415499690704173,
        -0.000999816246425268,
        -0.0009423142290956467,
        -0.0008699513863284925,
        -0.000783869522533607,
        -0.0006854266591528752,
        -0.0005761755834077159,
        -0.0004578393251435358,
        -0.00033228401662196495,
        -0.00020148947031207223,
        -6.751800989813973e-05,
        6.751801000850498e-05,
        0.00020148947054207935,
        0.0003322840160812353,
        0.0004578393261267336,
        0.0005761755799911818,
        0.0006854266602297227,
        0.0007838695244415709,
        0.0008699513889428731,
        0.0009423142283977623,
        0.0009998162429779001,
        0.0010415499697639195,
        0.0010668566747403555,
        0.0010753368705453275
    ],