{
    "I_fc": [
        1.0,
        0.9921147013144777,
        0.9685831611286313,
        0.9297764858882512,
        0.8763066800438635,
        0.8090169943749476,
        0.7289686274214117,
        0.6374239897486896,
        0.5358267949789965,
        0.42577929156507266,
        0.3090169943749475,
        0.18738131458572452,
        0.06279051952931329,
        -0.0627905195293134,
        -0.18738131458572485,
        -0.3090169943749476,
        -0.42577929156507277,
        -0.5358267949789968,
        -0.6374239897486896,
        -0.7289686274214117,
        -0.8090169943749475,
        -0.8763066800438636,
        -0.9297764858882515,
        -0.9685831611286313,
        -0.9921147013144777,
        -1.0,
        -0.9921147013144777,
        -0.9685831611286312,
        -0.9297764858882512,
        -0.8763066800438635,
        -0.8090169943749473,
        -0.7289686274214117,
        -0.6374239897486895,
        -0.5358267949789962,
        -0.42577929156507216,
        -0.3090169943749476,
        -0.18738131458572466,
        -0.0627905195293132,
        0.06279051952931372,
        0.18738131458572516,
        0.3090169943749473,
        0.42577929156507266,
        0.5358267949789967,
        0.6374239897486899,
        0.7289686274214119,
        0.8090169943749479,
        0.8763066800438635,
        0.9297764858882513,
        0.9685831611286313,
        0.9921147013144777,
        1.0,
        0.9921147013144777,
        0.9685831611286312,
        0.9297764858882512,
        0.8763066800438633,
        0.8090169943749471,
        0.7289686274214111,
        0.6374239897486896,
        0.5358267949789963,
        0.42577929156507227,
        0.30901699437494695,
        0.1873813145857239,
        0.06279051952931332,
        -0.0627905195293136,
        -0.18738131458572505,
        -0.3090169943749471,
        -0.42577929156507327,
        -0.5358267949789965,
        -0.6374239897486905,
        -0.7289686274214119,
        -0.8090169943749473,
        -0.8763066800438639,
        -0.9297764858882513,
        -0.9685831611286315,
        -0.9921147013144777,
        -1.0
    ],
    "args": {
        "I_fc": [
            1.0
        ],
        "current_units": "mA",
        "cycles": 1.5,
        "d": 0.2,
        "directory": "/scratch/users/lbvh/py-tdgl/results/17223170/42",
        "dt_init": 1e-06,
        "fc_center": [
            0,
            0,
            1
        ],
        "fc_radius": 2.4,
        "field_units": "mT",
        "film_points": 4000,
        "film_radius": 15.0,
        "film_shape": "box",
        "film_smooth": 100,
        "gamma": 1.0,
        "index": 42,
        "lam": 1.35,
        "max_edge_length": 0.5,
        "pl_center": null,
        "pl_radius": 0.8,
        "points_per_cycle": 51.0,
        "save_every": 500,
        "screening": false,
        "seed_solutions": true,
        "slot_radius": 0.1,
        "slot_size": [
            2.0,
            50.0
        ],
        "slot_top_center_x": [
            -10.0,
            10.0,
            101.0
        ],
        "slot_top_center_y": [
            -1.0,
            -1.0,
            101.0
        ],
        "solve_time": [
            10000.0,
            2000.0
        ],
        "squid_angle": 180.0,
        "squid_iterations": 5,
        "squid_points": 4000,
        "squid_position": [
            0.0,
            0.0,
            0.5
        ],
        "squid_smooth": 100,
        "squid_type": "hypres-small",
        "xi": 0.9
    },
    "film_fluxoid": [
        -0.0008460470644422566,
        -0.0008393227651142145,
        -0.0008192895834854603,
        -0.0007863164350023442,
        -0.0007409554111082875,
        -0.0006839369917375003,
        -0.0006161664699543273,
        -0.0005387136560881421,
        -0.00045279794213313324,
        -0.00035977017301422017,
        -0.00026109205177581013,
        -0.0001583135680104009,
        -5.304888465197449e-05,
        5.304888465331739e-05,
        0.0001583135680111077,
        0.0002610920517748206,
        0.00035977017301542174,
        0.0004527979421346528,
        0.0005387136560884115,
        0.0006161664699524544,
        0.0006839369917402302,
        0.0007409554111115033,
        0.0007863164350027505,
        0.0008192895834838348,
        0.0008393227651174127,
        0.0008460470644323262,
        0.0008393227651082245,
        0.0008192895834845416,
        0.0007863164350047031,
        0.0007409554111089236,
        0.0006839369917434815,
        0.0006161664699515002,
        0.0005387136560883187,
        0.0004527979421305827,
        0.0003597701730136901,
        0.0002610920517741138,
        0.0001583135680111077,
        5.3048884652681274e-05,
        -5.304888465363544e-05,
        -0.00015831356801124905,
        -0.00026109205177642856,
        -0.00035977017301255923,
        -0.00045279794213094217,
        -0.0005387136560873646,
        -0.0006161664699498393,
        -0.0006839369917356095,
        -0.0007409554111022798,
        -0.0007863164350027682,
        -0.000819289583473445,
        -0.000839322765113596,
        -0.0008460470644480257,
        -0.0008393227651151157,
        -0.0008192895834833399,
        -0.0007863164350073624,
        -0.0007409554111031632,
        -0.0006839369917432782,
        -0.0006161664699555465,
        -0.0005387136560894143,
        -0.00045279794213179034,
        -0.00035977017301535105,
        -0.00026109205177531536,
        -0.00015831356801107235,
        -5.304888465317603e-05,
        5.304888465289331e-05,
        0.00015831356801089566,
        0.00026109205177545674,
        0.0003597701730171887,
        0.0004527979421341581,
        0.0005387136560868267,
        0.0006161664699541859,
        0.0006839369917400182,
        0.0007409554111030925,
        0.0007863164350098361,
        0.0008192895834781804,
        0.000839322765100167,
        0.000846047064440949
    ],