{
    "I_fc": [
        1.735,
        1.7213190067806188,
        1.6804917845581755,
        1.613162203016116,
        1.5203920898761032,
        1.403644485240534,
        1.2647605685761494,
        1.1059306222139766,
        0.929659489288559,
        0.7387270708654011,
        0.5361444852405339,
        0.32510658080623206,
        0.10894155138335856,
        -0.10894155138335876,
        -0.3251065808062326,
        -0.5361444852405342,
        -0.7387270708654013,
        -0.9296594892885595,
        -1.1059306222139766,
        -1.2647605685761494,
        -1.4036444852405339,
        -1.5203920898761034,
        -1.6131622030161163,
        -1.6804917845581755,
        -1.7213190067806188,
        -1.735,
        -1.7213190067806188,
        -1.6804917845581753,
        -1.613162203016116,
        -1.5203920898761032,
        -1.4036444852405336,
        -1.2647605685761494,
        -1.1059306222139764,
        -0.9296594892885585,
        -0.7387270708654002,
        -0.5361444852405342,
        -0.3251065808062323,
        -0.1089415513833584,
        0.10894155138335931,
        0.32510658080623317,
        0.5361444852405336,
        0.7387270708654011,
        0.9296594892885592,
        1.1059306222139769,
        1.2647605685761496,
        1.4036444852405348,
        1.5203920898761032,
        1.6131622030161161,
        1.6804917845581755,
        1.7213190067806188,
        1.735,
        1.7213190067806188,
        1.6804917845581753,
        1.613162203016116,
        1.5203920898761027,
        1.4036444852405334,
        1.2647605685761483,
        1.1059306222139766,
        0.9296594892885587,
        0.7387270708654005,
        0.536144485240533,
        0.325106580806231,
        0.10894155138335862,
        -0.10894155138335909,
        -0.32510658080623295,
        -0.5361444852405333,
        -0.7387270708654021,
        -0.929659489288559,
        -1.1059306222139782,
        -1.2647605685761496,
        -1.4036444852405336,
        -1.520392089876104,
        -1.6131622030161161,
        -1.6804917845581757,
        -1.7213190067806188,
        -1.735
    ],
    "args": {
        "I_fc": [
            0.5,
            10.0,
            201.0
        ],
        "current_units": "mA",
        "cycles": 1.5,
        "d": 0.2,
        "directory": "/scratch/users/lbvh/py-tdgl/results/14122470/26",
        "dt_init": 1e-06,
        "fc_center": [
            0,
            0,
            1
        ],
        "fc_radius": 2.4,
        "field_units": "mT",
        "film_points": 4000,
        "film_radius": 15.0,
        "film_shape": "box",
        "film_smooth": 100,
        "gamma": 1.0,
        "index": 26,
        "lam": 1.35,
        "max_edge_length": 0.5,
        "pl_center": null,
        "pl_radius": 0.8,
        "points_per_cycle": 51.0,
        "save_every": 500,
        "screening": false,
        "seed_solutions": true,
        "slot_radius": 0,
        "slot_size": null,
        "slot_top_center_x": null,
        "slot_top_center_y": null,
        "solve_time": [
            20000.0,
            2000.0
        ],
        "squid_angle": 0,
        "squid_iterations": 5,
        "squid_points": 4000,
        "squid_position": [
            0.0,
            0.0,
            0.5
        ],
        "squid_smooth": 100,
        "squid_type": "hypres-small",
        "xi": 0.9
    },
    "film_fluxoid": [
        -0.0007079275199396587,
        -0.0007023131967468015,
        -0.0006855657522550039,
        -0.0006579679028361318,
        -0.000619979319400512,
        -0.000572222995946458,
        -0.0005154707688214349,
        -0.0004506291266578404,
        -0.00037872498763725875,
        -0.0003008907638610833,
        -0.00021834806489795937,
        -0.0001323898556780842,
        -4.436118580311229e-05,
        4.436118574792966e-05,
        0.00013238985570239778,
        0.00021834806514339216,
        0.0003008907651958207,
        0.0003787249878515221,
        0.0004506291269772874,
        0.0005154707708403935,
        0.000572222993351651,
        0.0006199793213540616,
        0.0006579679029875835,
        0.000685565754417834,
        0.000702313197652058,
        0.0007079275191047984,
        0.0007023131980659541,
        0.0006855657524724478,
        0.0006579679010540139,
        0.0006199793183402432,
        0.0005722229948433179,
        0.0005154707699280248,
        0.00045062912603201325,
        0.0003787249865203186,
        0.00030089076416032047,
        0.00021834806453056995,
        0.000132389855122618,
        4.4361185954771734e-05,
        -4.4361185912116964e-05,
        -0.00013238985577215795,
        -0.0002183480652429612,
        -0.000300890764191967,
        -0.00037872498766786274,
        -0.0004506291268408173,
        -0.0005154707697710469,
        -0.0005722229947471679,
        -0.0006199793192950368,
        -0.0006579679024991034,
        -0.0006855657529600092,
        -0.0007023131978165987,
        -0.0007079275193277906,
        -0.0007023131978114037,
        -0.0006855657533887126,
        -0.0006579679010524723,
        -0.0006199793193044902,
        -0.0005722229968606863,
        -0.0005154707687643218,
        -0.00045062912585316006,
        -0.0003787249877043331,
        -0.00030089076521607025,
        -0.0002183480649618532,
        -0.0001323898552314283,
        -4.4361185720329514e-05,
        4.436118576333768e-05,
        0.00013238985551000955,
        0.0002183480658097714,
        0.0003008907641095553,
        0.0003787249887947686,
        0.0004506291260387543,
        0.0005154707706603079,
        0.0005722229945978498,
        0.0006199793209367287,
        0.0006579679028262588,
        0.0006855657536610387,
        0.0007023131985897562,
        0.0007079275215848537
    ],