{
    "I_fc": [
        1.2,
        1.1905376415773734,
        1.1622997933543573,
        1.1157317830659015,
        1.0515680160526362,
        0.9708203932499369,
        0.8747623529056938,
        0.7649087876984275,
        0.6429921539747958,
        0.5109351498780872,
        0.37082039324993693,
        0.22485757750286942,
        0.07534862343517597,
        -0.07534862343517608,
        -0.22485757750286978,
        -0.37082039324993704,
        -0.5109351498780872,
        -0.6429921539747963,
        -0.7649087876984276,
        -0.8747623529056939,
        -0.9708203932499367,
        -1.0515680160526362,
        -1.1157317830659017,
        -1.1622997933543573,
        -1.1905376415773734,
        -1.2,
        -1.1905376415773734,
        -1.1622997933543573,
        -1.1157317830659015,
        -1.0515680160526362,
        -0.9708203932499366,
        -0.8747623529056938,
        -0.7649087876984274,
        -0.6429921539747956,
        -0.5109351498780865,
        -0.37082039324993704,
        -0.22485757750286955,
        -0.07534862343517584,
        0.07534862343517647,
        0.22485757750287014,
        0.37082039324993665,
        0.5109351498780871,
        0.6429921539747961,
        0.764908787698428,
        0.8747623529056943,
        0.9708203932499373,
        1.0515680160526362,
        1.1157317830659017,
        1.1622997933543573,
        1.1905376415773734,
        1.2,
        1.1905376415773734,
        1.1622997933543573,
        1.1157317830659015,
        1.051568016052636,
        0.9708203932499364,
        0.8747623529056932,
        0.7649087876984275,
        0.6429921539747957,
        0.5109351498780867,
        0.3708203932499362,
        0.22485757750286864,
        0.07534862343517598,
        -0.07534862343517632,
        -0.22485757750287003,
        -0.37082039324993654,
        -0.510935149878088,
        -0.6429921539747959,
        -0.7649087876984286,
        -0.8747623529056942,
        -0.9708203932499366,
        -1.0515680160526366,
        -1.1157317830659017,
        -1.1622997933543577,
        -1.1905376415773734,
        -1.2
    ],
    "args": {
        "I_fc": [
            1.2
        ],
        "current_units": "mA",
        "cycles": 1.5,
        "d": 0.2,
        "directory": "/scratch/users/lbvh/py-tdgl/results/17298299/79",
        "dt_init": 1e-06,
        "fc_center": [
            0,
            0,
            1
        ],
        "fc_radius": 2.4,
        "field_units": "mT",
        "film_points": 4000,
        "film_radius": 15.0,
        "film_shape": "box",
        "film_smooth": 100,
        "gamma": 1.0,
        "index": 79,
        "lam": 1.35,
        "max_edge_length": 0.5,
        "pl_center": null,
        "pl_radius": 0.8,
        "points_per_cycle": 51.0,
        "save_every": 500,
        "screening": false,
        "seed_solutions": true,
        "slot_radius": 0.1,
        "slot_size": [
            2.0,
            50.0
        ],
        "slot_top_center_x": [
            -10.0,
            10.0,
            101.0
        ],
        "slot_top_center_y": [
            -1.0,
            -1.0,
            101.0
        ],
        "solve_time": [
            10000.0,
            2000.0
        ],
        "squid_angle": 180.0,
        "squid_iterations": 5,
        "squid_points": 4000,
        "squid_position": [
            0.0,
            0.0,
            0.5
        ],
        "squid_smooth": 100,
        "squid_type": "hypres-small",
        "xi": 0.9
    },
    "film_fluxoid": [
        -0.0008916256948718454,
        -0.000884547879692727,
        -0.0008634421577239978,
        -0.0008286792400686666,
        -0.0007808469628846018,
        -0.0007207280652734701,
        -0.0006492854036907516,
        -0.0005676498170441129,
        -0.00047710627881795016,
        -0.00037907668581517006,
        -0.0002750992859040506,
        -0.0001668054018500997,
        -5.589415354352093e-05,
        5.589415336507415e-05,
        0.00016680540193664614,
        0.0002750992857163272,
        0.0003790766860880617,
        0.00047710627959750415,
        0.0005676498170208064,
        0.000649285403809437,
        0.0007207280647176859,
        0.0007808469630788983,
        0.0008286792403599348,
        0.0008634421578898814,
        0.0008845478792509126,
        0.0008916256947879496,
        0.0008845478797372901,
        0.0008634421572171587,
        0.0008286792402745633,
        0.0007808469630788453,
        0.0007207280651938149,
        0.0006492854035421644,
        0.0005676498170531244,
        0.00047710627928504115,
        0.0003790766861597832,
        0.0002750992856948231,
        0.0001668054019879591,
        5.589415358525688e-05,
        -5.5894153400501995e-05,
        -0.00016680540174084766,
        -0.00027509928556456175,
        -0.0003790766860028493,
        -0.0004771062791534987,
        -0.0005676498185068852,
        -0.0006492854029776513,
        -0.0007207280648294294,
        -0.0007808469634322226,
        -0.0008286792398330935,
        -0.0008634421572079351,
        -0.0008845478795527119,
        -0.0008916256950343365,
        -0.0008845478796338514,
        -0.000863442157445876,
        -0.0008286792404470113,
        -0.0007808469630256771,
        -0.000720728065094935,
        -0.0006492854033577541,
        -0.000567649817513704,
        -0.000477106280216069,
        -0.0003790766863206044,
        -0.0002750992861192328,
        -0.00016680540153024193,
        -5.589415350171431e-05,
        5.5894153500795486e-05,
        0.00016680540178595852,
        0.00027509928523896125,
        0.00037907668592369767,
        0.00047710628001196574,
        0.0005676498166433287,
        0.0006492854032602613,
        0.0007207280648807776,
        0.000780846962983411,
        0.0008286792400854882,
        0.0008634421573631816,
        0.0008845478799957985,
        0.0008916256948232183
    ],