{
    "I_fc": [
        1.75,
        1.7362007273003364,
        1.6950205319751044,
        1.62710885030444,
        1.5335366900767613,
        1.415779740156158,
        1.2756950979874702,
        1.115491982060207,
        0.937696891213244,
        0.7451137602388771,
        0.540779740156158,
        0.3279173005250179,
        0.10988340917629828,
        -0.10988340917629845,
        -0.32791730052501844,
        -0.5407797401561583,
        -0.7451137602388772,
        -0.9376968912132445,
        -1.115491982060207,
        -1.2756950979874704,
        -1.4157797401561578,
        -1.5335366900767613,
        -1.62710885030444,
        -1.6950205319751044,
        -1.7362007273003364,
        -1.75,
        -1.7362007273003364,
        -1.6950205319751044,
        -1.6271088503044397,
        -1.533536690076761,
        -1.4157797401561576,
        -1.2756950979874702,
        -1.1154919820602067,
        -0.9376968912132435,
        -0.7451137602388763,
        -0.5407797401561583,
        -0.3279173005250181,
        -0.10988340917629812,
        0.10988340917629902,
        0.327917300525019,
        0.5407797401561576,
        0.7451137602388771,
        0.9376968912132444,
        1.1154919820602074,
        1.2756950979874708,
        1.4157797401561587,
        1.5335366900767613,
        1.62710885030444,
        1.6950205319751046,
        1.7362007273003364,
        1.75,
        1.7362007273003364,
        1.6950205319751044,
        1.62710885030444,
        1.5335366900767609,
        1.4157797401561574,
        1.2756950979874693,
        1.115491982060207,
        0.9376968912132437,
        0.7451137602388764,
        0.5407797401561569,
        0.3279173005250168,
        0.10988340917629831,
        -0.1098834091762988,
        -0.3279173005250188,
        -0.5407797401561575,
        -0.7451137602388783,
        -0.9376968912132442,
        -1.1154919820602085,
        -1.2756950979874706,
        -1.4157797401561576,
        -1.5335366900767617,
        -1.62710885030444,
        -1.695020531975105,
        -1.7362007273003364,
        -1.75
    ],
    "args": {
        "I_fc": [
            1.75
        ],
        "current_units": "mA",
        "cycles": 1.5,
        "d": 0.2,
        "directory": "/scratch/users/lbvh/py-tdgl/results/17224036/19",
        "dt_init": 1e-06,
        "fc_center": [
            0,
            0,
            1
        ],
        "fc_radius": 2.4,
        "field_units": "mT",
        "film_points": 4000,
        "film_radius": 15.0,
        "film_shape": "box",
        "film_smooth": 100,
        "gamma": 1.0,
        "index": 19,
        "lam": 1.35,
        "max_edge_length": 0.5,
        "pl_center": null,
        "pl_radius": 0.8,
        "points_per_cycle": 51.0,
        "save_every": 500,
        "screening": false,
        "seed_solutions": true,
        "slot_radius": 0.1,
        "slot_size": [
            2.0,
            50.0
        ],
        "slot_top_center_x": [
            -10.0,
            10.0,
            101.0
        ],
        "slot_top_center_y": [
            5.0,
            5.0,
            101.0
        ],
        "solve_time": [
            10000.0,
            2000.0
        ],
        "squid_angle": 180.0,
        "squid_iterations": 5,
        "squid_points": 4000,
        "squid_position": [
            0.0,
            0.0,
            0.5
        ],
        "squid_smooth": 100,
        "squid_type": "hypres-small",
        "xi": 0.9
    },
    "film_fluxoid": [
        0.9992510597201032,
        0.9992569652457322,
        0.9992745886850605,
        0.999303652098808,
        0.9993436971377506,
        0.9993940922762022,
        0.9994540427718039,
        0.9995226031972647,
        0.9995986923505865,
        0.9996811103199116,
        0.9997685575394538,
        -0.00014033585212393901,
        -4.702582373159899e-05,
        4.7025823731607824e-05,
        0.0001403358521239037,
        0.00023143272265843096,
        0.0003188798112086594,
        0.0004012980794744976,
        0.00047738788031869014,
        -0.9994540427718042,
        -0.9993940922762022,
        -0.9993436971377505,
        -0.999303652098808,
        -0.9992745886850606,
        -0.9992569652457319,
        -0.9992510597201032,
        -0.9992569652457319,
        -0.9992745886850605,
        -0.999303652098808,
        -0.9993436971377505,
        -0.9993940922762022,
        -0.9994540427718042,
        -0.9995226031972644,
        -0.9995986923505862,
        -0.9996811103199114,
        -0.9997685575394539,
        0.00014033585212397436,
        4.702582373159015e-05,
        -4.702582373159015e-05,
        -0.0001403358521239037,
        -0.00023143272265843096,
        -0.00031887981120857107,
        -0.00040129807947453293,
        -0.0004773878803186813,
        0.9994540427718042,
        0.9993940922762022,
        0.9993436971377505,
        0.9993036520988082,
        0.9992745886850605,
        0.9992569652457322,
        0.999251059720103,
        0.9992569652457322,
        0.9992745886850605,
        0.999303652098808,
        0.9993436971377506,
        0.999394092276202,
        0.9994540427718042,
        0.9995226031972644,
        0.9995986923505862,
        0.9996811103199114,
        0.9997685575394538,
        -0.00014033585212393901,
        -4.7025823731554814e-05,
        4.702582373159015e-05,
        0.00014033585212397436,
        0.0002314327226583956,
        0.0003188798112086594,
        0.0004012980794745683,
        0.0004773878803186813,
        -0.9994540427718042,
        -0.999394092276202,
        -0.9993436971377505,
        -0.999303652098808,
        -0.9992745886850602,
        -0.9992569652457319,
        -0.999251059720103
    ],