{
    "I_fc": [
        1.1,
        1.0913261714459257,
        1.0654414772414942,
        1.0227541344770765,
        0.96393734804825,
        0.8899186938124423,
        0.8018654901635528,
        0.7011663887235586,
        0.5894094744768963,
        0.46835722072158,
        0.3399186938124422,
        0.206119446044297,
        0.06906957148224464,
        -0.06906957148224475,
        -0.20611944604429733,
        -0.33991869381244233,
        -0.46835722072158004,
        -0.5894094744768966,
        -0.7011663887235587,
        -0.8018654901635529,
        -0.8899186938124422,
        -0.96393734804825,
        -1.0227541344770767,
        -1.0654414772414942,
        -1.0913261714459257,
        -1.1,
        -1.0913261714459257,
        -1.0654414772414942,
        -1.0227541344770765,
        -0.9639373480482499,
        -0.889918693812442,
        -0.8018654901635528,
        -0.7011663887235585,
        -0.589409474476896,
        -0.4683572207215794,
        -0.33991869381244233,
        -0.2061194460442971,
        -0.06906957148224453,
        0.0690695714822451,
        0.20611944604429766,
        0.339918693812442,
        0.4683572207215799,
        0.5894094744768965,
        0.7011663887235591,
        0.8018654901635531,
        0.8899186938124426,
        0.96393734804825,
        1.0227541344770767,
        1.0654414772414944,
        1.0913261714459257,
        1.1,
        1.0913261714459257,
        1.0654414772414942,
        1.0227541344770765,
        0.9639373480482498,
        0.8899186938124418,
        0.8018654901635521,
        0.7011663887235586,
        0.5894094744768962,
        0.46835722072157954,
        0.33991869381244155,
        0.20611944604429627,
        0.06906957148224466,
        -0.06906957148224496,
        -0.20611944604429752,
        -0.33991869381244183,
        -0.4683572207215807,
        -0.5894094744768964,
        -0.7011663887235596,
        -0.801865490163553,
        -0.889918693812442,
        -0.9639373480482504,
        -1.0227541344770767,
        -1.0654414772414946,
        -1.0913261714459257,
        -1.1
    ],
    "args": {
        "I_fc": [
            1.1
        ],
        "current_units": "mA",
        "cycles": 1.5,
        "d": 0.2,
        "directory": "/scratch/users/lbvh/py-tdgl/results/17223927/63",
        "dt_init": 1e-06,
        "fc_center": [
            0,
            0,
            1
        ],
        "fc_radius": 2.4,
        "field_units": "mT",
        "film_points": 4000,
        "film_radius": 15.0,
        "film_shape": "box",
        "film_smooth": 100,
        "gamma": 1.0,
        "index": 63,
        "lam": 1.35,
        "max_edge_length": 0.5,
        "pl_center": null,
        "pl_radius": 0.8,
        "points_per_cycle": 51.0,
        "save_every": 500,
        "screening": false,
        "seed_solutions": true,
        "slot_radius": 0.1,
        "slot_size": [
            2.0,
            50.0
        ],
        "slot_top_center_x": [
            -10.0,
            10.0,
            101.0
        ],
        "slot_top_center_y": [
            5.0,
            5.0,
            101.0
        ],
        "solve_time": [
            10000.0,
            2000.0
        ],
        "squid_angle": 180.0,
        "squid_iterations": 5,
        "squid_points": 4000,
        "squid_position": [
            0.0,
            0.0,
            0.5
        ],
        "squid_smooth": 100,
        "squid_type": "hypres-small",
        "xi": 0.9
    },
    "film_fluxoid": [
        0.9994040114626604,
        0.9994085702597961,
        0.9994221871956064,
        0.9994446929485874,
        0.9994758459657735,
        0.9995154770018443,
        -0.0004163920148392841,
        -0.00036368153425617926,
        -0.00030542417022045453,
        -0.00024251276651195776,
        -0.00017590863018954655,
        -0.0001066272632845444,
        -3.572357294348241e-05,
        3.5723572948111884e-05,
        0.0001066272633225697,
        0.0001759086302273598,
        0.00024251276652429454,
        0.000305424170194162,
        0.0003636815342449148,
        0.00041639201493037385,
        0.0004627459401605809,
        0.0005020358147464227,
        0.0005336996907193001,
        0.0005577578839160297,
        -0.999408570259727,
        -0.9994040114626995,
        -0.9994085702597534,
        -0.9994221871955912,
        -0.9994446929486066,
        -0.9994758459657467,
        -0.9995154770018482,
        0.00041639201492021157,
        0.00036368153428855906,
        0.00030542417015316813,
        0.00024251276647470994,
        0.00017590863019300982,
        0.00010662726330454656,
        3.5723572954919156e-05,
        -3.5723572955692205e-05,
        -0.00010662726328896183,
        -0.0001759086301662225,
        -0.000242512766504775,
        -0.000305424170100795,
        -0.00036368153428746353,
        -0.00041639201488504434,
        -0.00046274594027949833,
        -0.0005020358148324038,
        -0.0005336996907681922,
        -0.0005577578838684505,
        0.9994085702597072,
        0.9994040114627373,
        0.9994085702596738,
        0.9994221871955171,
        0.9994446929485836,
        0.9994758459658056,
        0.9995154770018736,
        -0.00041639201507051045,
        -0.0003636815343051686,
        -0.00030542417020773234,
        -0.00024251276646605174,
        -0.00017590863014339318,
        -0.00010662726332138582,
        -3.5723572951016346e-05,
        3.572357296461101e-05,
        0.0001066272633112964,
        0.0001759086301735731,
        0.00024251276640752955,
        0.0003054241702041984,
        0.00036368153429340057,
        0.00041639201485679924,
        0.0004627459402702747,
        0.0005020358147103765,
        0.0005336996908329696,
        0.000557757884092799,
        -0.9994085702597763,
        -0.9994040114626711
    ],