{
    "I_fc": [
        1.75,
        1.7362007273003364,
        1.6950205319751044,
        1.62710885030444,
        1.5335366900767613,
        1.415779740156158,
        1.2756950979874702,
        1.115491982060207,
        0.937696891213244,
        0.7451137602388771,
        0.540779740156158,
        0.3279173005250179,
        0.10988340917629828,
        -0.10988340917629845,
        -0.32791730052501844,
        -0.5407797401561583,
        -0.7451137602388772,
        -0.9376968912132445,
        -1.115491982060207,
        -1.2756950979874704,
        -1.4157797401561578,
        -1.5335366900767613,
        -1.62710885030444,
        -1.6950205319751044,
        -1.7362007273003364,
        -1.75,
        -1.7362007273003364,
        -1.6950205319751044,
        -1.6271088503044397,
        -1.533536690076761,
        -1.4157797401561576,
        -1.2756950979874702,
        -1.1154919820602067,
        -0.9376968912132435,
        -0.7451137602388763,
        -0.5407797401561583,
        -0.3279173005250181,
        -0.10988340917629812,
        0.10988340917629902,
        0.327917300525019,
        0.5407797401561576,
        0.7451137602388771,
        0.9376968912132444,
        1.1154919820602074,
        1.2756950979874708,
        1.4157797401561587,
        1.5335366900767613,
        1.62710885030444,
        1.6950205319751046,
        1.7362007273003364,
        1.75,
        1.7362007273003364,
        1.6950205319751044,
        1.62710885030444,
        1.5335366900767609,
        1.4157797401561574,
        1.2756950979874693,
        1.115491982060207,
        0.9376968912132437,
        0.7451137602388764,
        0.5407797401561569,
        0.3279173005250168,
        0.10988340917629831,
        -0.1098834091762988,
        -0.3279173005250188,
        -0.5407797401561575,
        -0.7451137602388783,
        -0.9376968912132442,
        -1.1154919820602085,
        -1.2756950979874706,
        -1.4157797401561576,
        -1.5335366900767617,
        -1.62710885030444,
        -1.695020531975105,
        -1.7362007273003364,
        -1.75
    ],
    "args": {
        "I_fc": [
            1.75
        ],
        "current_units": "mA",
        "cycles": 1.5,
        "d": 0.2,
        "directory": "/scratch/users/lbvh/py-tdgl/results/17224036/99",
        "dt_init": 1e-06,
        "fc_center": [
            0,
            0,
            1
        ],
        "fc_radius": 2.4,
        "field_units": "mT",
        "film_points": 4000,
        "film_radius": 15.0,
        "film_shape": "box",
        "film_smooth": 100,
        "gamma": 1.0,
        "index": 99,
        "lam": 1.35,
        "max_edge_length": 0.5,
        "pl_center": null,
        "pl_radius": 0.8,
        "points_per_cycle": 51.0,
        "save_every": 500,
        "screening": false,
        "seed_solutions": true,
        "slot_radius": 0.1,
        "slot_size": [
            2.0,
            50.0
        ],
        "slot_top_center_x": [
            -10.0,
            10.0,
            101.0
        ],
        "slot_top_center_y": [
            5.0,
            5.0,
            101.0
        ],
        "solve_time": [
            10000.0,
            2000.0
        ],
        "squid_angle": 180.0,
        "squid_iterations": 5,
        "squid_points": 4000,
        "squid_position": [
            0.0,
            0.0,
            0.5
        ],
        "squid_smooth": 100,
        "squid_type": "hypres-small",
        "xi": 0.9
    },
    "film_fluxoid": [
        -0.0010394896617298302,
        -0.0010313475397439424,
        -0.0010070584807102705,
        -0.0009669916902989322,
        -0.0009117205924796816,
        -0.0008420478718392249,
        -0.0007590222820157066,
        -0.0006639293550662768,
        -0.0005582660511029745,
        -0.0004437092528367049,
        -0.0003220828958288367,
        -0.00019532517548537926,
        -6.545593451649282e-05,
        6.545593448170109e-05,
        0.00019532517548272882,
        0.00032208289603011725,
        0.00044370925317020374,
        0.0005582660510235312,
        0.0006639293549946083,
        0.000759022281813621,
        0.0008420478718776742,
        0.0009117205922528727,
        0.0009669916903264264,
        0.001007058481065079,
        0.0010313475397210072,
        0.0010394896618838463,
        0.001031347539693089,
        0.0010070584809606861,
        0.0009669916904609992,
        0.0009117205924296408,
        0.0008420478717524487,
        0.0007590222819152707,
        0.0006639293549379237,
        0.0005582660511144951,
        0.0004437092532906407,
        0.0003220828958769691,
        0.00019532517544834348,
        6.54559345260345e-05,
        -6.545593445166252e-05,
        -0.00019532517542053128,
        -0.00032208289602077435,
        -0.0004437092529058643,
        -0.0005582660516264937,
        -0.00066392935508066,
        -0.0007590222817271011,
        -0.0008420478720493358,
        -0.0009117205922841481,
        -0.000966991690335544,
        -0.0010070584811025388,
        -0.0010313475397553218,
        -0.00103948966172695,
        -0.0010313475396640046,
        -0.0010070584809947535,
        -0.0009669916901230123,
        -0.0009117205923797061,
        -0.0008420478719016587,
        -0.0007590222818387916,
        -0.0006639293551276615,
        -0.0005582660512116434,
        -0.0004437092530978991,
        -0.0003220828959802311,
        -0.00019532517530553657,
        -6.54559345469378e-05,
        6.545593448611853e-05,
        0.00019532517545318498,
        0.0003220828957978793,
        0.0004437092532252627,
        0.0005582660512663842,
        0.0006639293547869888,
        0.000759022281827907,
        0.0008420478718759956,
        0.0009117205923277747,
        0.0009669916902622499,
        0.0010070584806569078,
        0.0010313475396737937,
        0.001039489661639794
    ],