{
    "I_fc": [
        0.9,
        0.89290323118303,
        0.871724845015768,
        0.8367988372994263,
        0.7886760120394772,
        0.7281152949374528,
        0.6560717646792704,
        0.5736815907738206,
        0.4822441154810969,
        0.3832013624085654,
        0.27811529493745274,
        0.16864318312715207,
        0.05651146757638197,
        -0.05651146757638206,
        -0.16864318312715235,
        -0.2781152949374528,
        -0.38320136240856545,
        -0.4822441154810972,
        -0.5736815907738207,
        -0.6560717646792705,
        -0.7281152949374526,
        -0.7886760120394772,
        -0.8367988372994263,
        -0.871724845015768,
        -0.89290323118303,
        -0.9,
        -0.89290323118303,
        -0.871724845015768,
        -0.8367988372994262,
        -0.7886760120394771,
        -0.7281152949374525,
        -0.6560717646792704,
        -0.5736815907738206,
        -0.4822441154810967,
        -0.38320136240856495,
        -0.2781152949374528,
        -0.16864318312715218,
        -0.05651146757638189,
        0.05651146757638235,
        0.16864318312715262,
        0.2781152949374525,
        0.38320136240856534,
        0.4822441154810971,
        0.573681590773821,
        0.6560717646792708,
        0.728115294937453,
        0.7886760120394772,
        0.8367988372994263,
        0.8717248450157681,
        0.89290323118303,
        0.9,
        0.89290323118303,
        0.871724845015768,
        0.8367988372994263,
        0.788676012039477,
        0.7281152949374523,
        0.6560717646792699,
        0.5736815907738206,
        0.4822441154810968,
        0.38320136240856506,
        0.2781152949374522,
        0.16864318312715149,
        0.05651146757638199,
        -0.056511467576382236,
        -0.1686431831271525,
        -0.2781152949374524,
        -0.383201362408566,
        -0.482244115481097,
        -0.5736815907738215,
        -0.6560717646792706,
        -0.7281152949374525,
        -0.7886760120394776,
        -0.8367988372994263,
        -0.8717248450157683,
        -0.89290323118303,
        -0.9
    ],
    "args": {
        "I_fc": [
            0.9
        ],
        "current_units": "mA",
        "cycles": 1.5,
        "d": 0.2,
        "directory": "/scratch/users/lbvh/py-tdgl/results/17289543/6",
        "dt_init": 1e-06,
        "fc_center": [
            0,
            0,
            1
        ],
        "fc_radius": 2.4,
        "field_units": "mT",
        "film_points": 4000,
        "film_radius": 15.0,
        "film_shape": "box",
        "film_smooth": 100,
        "gamma": 1.0,
        "index": 6,
        "lam": 1.35,
        "max_edge_length": 0.5,
        "pl_center": null,
        "pl_radius": 0.8,
        "points_per_cycle": 51.0,
        "save_every": 500,
        "screening": false,
        "seed_solutions": true,
        "slot_radius": 0.1,
        "slot_size": [
            2.0,
            50.0
        ],
        "slot_top_center_x": [
            -10.0,
            10.0,
            101.0
        ],
        "slot_top_center_y": [
            5.0,
            5.0,
            101.0
        ],
        "solve_time": [
            10000.0,
            2000.0
        ],
        "squid_angle": 180.0,
        "squid_iterations": 5,
        "squid_points": 4000,
        "squid_position": [
            0.0,
            0.0,
            0.5
        ],
        "squid_smooth": 100,
        "squid_type": "hypres-small",
        "xi": 0.9
    },
    "film_fluxoid": [
        -0.0004370919459708765,
        -0.00043364534557329185,
        -0.000423359899309539,
        -0.0004063978147575188,
        -0.00038302659403883176,
        -0.0003536148151590203,
        -0.0003186263193248185,
        -0.00027861289590745664,
        -0.00023420558041167448,
        -0.00018610470268287885,
        -0.0001350688422963691,
        -8.190286530614057e-05,
        -2.744523101970654e-05,
        2.744523101970654e-05,
        8.190286530614057e-05,
        0.00013506884229640443,
        0.0001861047026829142,
        0.00023420558041181583,
        0.000278612895907492,
        0.00031862631932476327,
        0.00035361481515898494,
        0.00038302659403884943,
        0.0004063978147576601,
        0.00042335989930957434,
        0.00043364534557335365,
        0.0004370919459708765,
        0.0004336453455733625,
        0.000423359899309539,
        0.0004063978147575011,
        0.00038302659403884943,
        0.00035361481515898494,
        0.0003186263193247478,
        0.00027861289590752733,
        0.00023420558041167448,
        0.00018610470268287885,
        0.00013506884229640443,
        8.190286530614057e-05,
        2.7445231019664575e-05,
        -2.74452310196712e-05,
        -8.190286530615825e-05,
        -0.00013506884229640443,
        -0.0001861047026828435,
        -0.00023420558041167448,
        -0.00027861289590745664,
        -0.0003186263193247478,
        -0.00035361481515898494,
        -0.00038302659403884943,
        -0.0004063978147575188,
        -0.0004233598993096804,
        -0.0004336453455734155,
        -0.0004370919459708412,
        -0.0004336453455733625,
        -0.000423359899309539,
        -0.00040639781475748345,
        -0.0003830265940388406,
        -0.0003536148151589496,
        -0.00031862631932478316,
        -0.00027861289590745664,
        -0.00023420558041167448,
        -0.0001861047026828435,
        -0.0001350688422963691,
        -8.190286530614057e-05,
        -2.744523101963586e-05,
        2.74452310196712e-05,
        8.190286530614057e-05,
        0.00013506884229640443,
        0.0001861047026828435,
        0.00023420558041174514,
        0.00027861289590742135,
        0.0003186263193247622,
        0.00035361481515898494,
        0.00038302659403884943,
        0.0004063978147576601,
        0.00042335989930955667,
        0.000433645345573336,
        0.00043709194597091187
    ],