{
    "I_fc": [
        1.0,
        0.9921147013144779,
        0.9685831611286311,
        0.9297764858882513,
        0.8763066800438636,
        0.8090169943749475,
        0.7289686274214116,
        0.6374239897486896,
        0.5358267949789965,
        0.42577929156507266,
        0.30901699437494745,
        0.18738131458572452,
        0.0627905195293133,
        -0.0627905195293134,
        -0.18738131458572482,
        -0.30901699437494756,
        -0.4257792915650727,
        -0.5358267949789969,
        -0.6374239897486897,
        -0.7289686274214117,
        -0.8090169943749473,
        -0.8763066800438636,
        -0.9297764858882515,
        -0.9685831611286311,
        -0.9921147013144779,
        -1.0,
        -0.9921147013144779,
        -0.9685831611286311,
        -0.9297764858882512,
        -0.8763066800438635,
        -0.8090169943749472,
        -0.7289686274214116,
        -0.6374239897486895,
        -0.5358267949789963,
        -0.42577929156507216,
        -0.30901699437494756,
        -0.18738131458572463,
        -0.06279051952931321,
        0.06279051952931372,
        0.18738131458572513,
        0.30901699437494723,
        0.4257792915650726,
        0.5358267949789968,
        0.63742398974869,
        0.7289686274214119,
        0.8090169943749478,
        0.8763066800438636,
        0.9297764858882515,
        0.9685831611286312,
        0.9921147013144779,
        1.0,
        0.9921147013144779,
        0.9685831611286311,
        0.9297764858882513,
        0.8763066800438634,
        0.809016994374947,
        0.728968627421411,
        0.6374239897486896,
        0.5358267949789964,
        0.42577929156507227,
        0.30901699437494684,
        0.18738131458572388,
        0.06279051952931332,
        -0.0627905195293136,
        -0.18738131458572502,
        -0.3090169943749471,
        -0.4257792915650733,
        -0.5358267949789967,
        -0.6374239897486905,
        -0.7289686274214118,
        -0.8090169943749472,
        -0.8763066800438639,
        -0.9297764858882515,
        -0.9685831611286314,
        -0.9921147013144779,
        -1.0
    ],
    "args": {
        "I_fc": [
            1.0
        ],
        "current_units": "mA",
        "cycles": 1.5,
        "d": 0.2,
        "directory": "/scratch/users/lbvh/py-tdgl/results/17223170/3",
        "dt_init": 1e-06,
        "fc_center": [
            0,
            0,
            1
        ],
        "fc_radius": 2.4,
        "field_units": "mT",
        "film_points": 4000,
        "film_radius": 15.0,
        "film_shape": "box",
        "film_smooth": 100,
        "gamma": 1.0,
        "index": 3,
        "lam": 1.35,
        "max_edge_length": 0.5,
        "pl_center": null,
        "pl_radius": 0.8,
        "points_per_cycle": 51.0,
        "save_every": 500,
        "screening": false,
        "seed_solutions": true,
        "slot_radius": 0.1,
        "slot_size": [
            2.0,
            50.0
        ],
        "slot_top_center_x": [
            -10.0,
            10.0,
            101.0
        ],
        "slot_top_center_y": [
            -1.0,
            -1.0,
            101.0
        ],
        "solve_time": [
            10000.0,
            2000.0
        ],
        "squid_angle": 180.0,
        "squid_iterations": 5,
        "squid_points": 4000,
        "squid_position": [
            0.0,
            0.0,
            0.5
        ],
        "squid_smooth": 100,
        "squid_type": "hypres-small",
        "xi": 0.9
    },
    "film_fluxoid": [
        1.2884799684936226e-05,
        1.2783201006365674e-05,
        1.2480006941692771e-05,
        1.197999820343885e-05,
        1.1291059018700003e-05,
        1.0424053016574885e-05,
        9.392652132513862e-06,
        8.213121172785036e-06,
        6.904061426970775e-06,
        5.486117357926193e-06,
        3.981651008608448e-06,
        2.4143892827326246e-06,
        8.090496688295345e-07,
        -8.090496686174976e-07,
        -2.4143892825912667e-06,
        -3.981651008537769e-06,
        -5.486117357926193e-06,
        -6.904061426970775e-06,
        -8.21312117250232e-06,
        -9.392652132443184e-06,
        -1.042405301699896e-05,
        -1.129105901865141e-05,
        -1.1979998203553703e-05,
        -1.248000694178112e-05,
        -1.2783201006330336e-05,
        -1.2884799685006904e-05,
        -1.2783201006365674e-05,
        -1.248000694183413e-05,
        -1.1979998203544868e-05,
        -1.129105901865141e-05,
        -1.0424053016968037e-05,
        -9.39265213261988e-06,
        -8.213121172749696e-06,
        -6.904061427006114e-06,
        -5.486117357714156e-06,
        -3.981651008679127e-06,
        -2.4143892826619457e-06,
        -8.090496688295345e-07,
        8.090496688295345e-07,
        2.4143892825912667e-06,
        3.981651008608448e-06,
        5.486117357784835e-06,
        6.904061427041454e-06,
        8.213121172679018e-06,
        9.392652132549202e-06,
        1.042405301694595e-05,
        1.1291059018660246e-05,
        1.197999820349186e-05,
        1.248000694179879e-05,
        1.2783201006224316e-05,
        1.2884799684865547e-05,
        1.2783201006365674e-05,
        1.248000694179879e-05,
        1.1979998203686226e-05,
        1.1291059018700003e-05,
        1.042405301701663e-05,
        9.392652132513862e-06,
        8.213121172714357e-06,
        6.904061426900096e-06,
        5.4861173576434774e-06,
        3.981651008608448e-06,
        2.4143892825205877e-06,
        8.090496689002135e-07,
        -8.090496686881765e-07,
        -2.4143892828739826e-06,
        -3.981651008679127e-06,
        -5.486117357855514e-06,
        -6.904061426970775e-06,
        -8.213121172572999e-06,
        -9.392652132513862e-06,
        -1.042405301696362e-05,
        -1.1291059018616072e-05,
        -1.1979998203551494e-05,
        -1.248000694181646e-05,
        -1.2783201006330336e-05,
        -1.2884799684724189e-05
    ],