{
    "I_fc": [
        5.1075,
        5.067225836963695,
        4.947038495464483,
        4.7488334016742435,
        4.475736368324033,
        4.132054298770044,
        3.7232072645548593,
        3.2556430276414323,
        2.7367353553552247,
        2.1746677316686087,
        1.5783042987700442,
        0.957050064246588,
        0.32070257849596767,
        -0.32070257849596817,
        -0.9570500642465896,
        -1.5783042987700446,
        -2.1746677316686087,
        -2.7367353553552265,
        -3.2556430276414328,
        -3.72320726455486,
        -4.1320542987700435,
        -4.475736368324033,
        -4.748833401674244,
        -4.947038495464483,
        -5.067225836963695,
        -5.1075,
        -5.067225836963695,
        -4.947038495464483,
        -4.7488334016742435,
        -4.475736368324033,
        -4.132054298770043,
        -3.7232072645548593,
        -3.255643027641432,
        -2.736735355355224,
        -2.174667731668606,
        -1.5783042987700446,
        -0.9570500642465886,
        -0.3207025784959672,
        0.32070257849596984,
        0.9570500642465911,
        1.5783042987700429,
        2.1746677316686083,
        2.736735355355226,
        3.255643027641434,
        3.723207264554861,
        4.132054298770046,
        4.475736368324033,
        4.748833401674244,
        4.947038495464484,
        5.067225836963695,
        5.1075,
        5.067225836963695,
        4.947038495464483,
        4.7488334016742435,
        4.475736368324032,
        4.132054298770042,
        3.7232072645548566,
        3.2556430276414323,
        2.7367353553552243,
        2.1746677316686065,
        1.5783042987700409,
        0.9570500642465847,
        0.3207025784959678,
        -0.32070257849596917,
        -0.9570500642465906,
        -1.5783042987700424,
        -2.174667731668612,
        -2.7367353553552256,
        -3.2556430276414368,
        -3.7232072645548606,
        -4.132054298770043,
        -4.475736368324035,
        -4.748833401674244,
        -4.947038495464485,
        -5.067225836963695,
        -5.1075
    ],
    "args": {
        "I_fc": [
            0.5,
            10.0,
            201.0
        ],
        "current_units": "mA",
        "cycles": 1.5,
        "d": 0.2,
        "directory": "/scratch/users/lbvh/py-tdgl/results/14122470/97",
        "dt_init": 1e-06,
        "fc_center": [
            0,
            0,
            1
        ],
        "fc_radius": 2.4,
        "field_units": "mT",
        "film_points": 4000,
        "film_radius": 15.0,
        "film_shape": "box",
        "film_smooth": 100,
        "gamma": 1.0,
        "index": 97,
        "lam": 1.35,
        "max_edge_length": 0.5,
        "pl_center": null,
        "pl_radius": 0.8,
        "points_per_cycle": 51.0,
        "save_every": 500,
        "screening": false,
        "seed_solutions": true,
        "slot_radius": 0,
        "slot_size": null,
        "slot_top_center_x": null,
        "slot_top_center_y": null,
        "solve_time": [
            20000.0,
            2000.0
        ],
        "squid_angle": 0,
        "squid_iterations": 5,
        "squid_points": 4000,
        "squid_position": [
            0.0,
            0.0,
            0.5
        ],
        "squid_smooth": 100,
        "squid_type": "hypres-small",
        "xi": 0.9
    },
    "film_fluxoid": [
        2.9977696572402217,
        2.997786440658652,
        2.997836451385008,
        2.9979187544973227,
        2.9980320144062933,
        2.9981751060864963,
        2.9983564654911974,
        2.9985472672215336,
        2.9987580777307534,
        2.998984751766653,
        1.999271868655451,
        1.9995195728862365,
        0.9998276134783951,
        0.00013059627998473662,
        0.0003898947724673053,
        0.0006436891847365555,
        0.0008893250098135389,
        -0.9988417676017094,
        -1.9985888700993482,
        -1.998396081394791,
        -1.998204759764329,
        -2.998046896762231,
        -2.9979329675535715,
        -2.997835883568409,
        -2.9977863911144884,
        -2.9977696517537686,
        -2.997786440300935,
        -2.997836451365858,
        -2.997918754498994,
        -2.998032014406987,
        -2.998175106085887,
        -2.998356465489943,
        -2.998547267222598,
        -2.9987580777304013,
        -2.9989847517671637,
        -1.9992718686559112,
        -1.9995195728858055,
        -0.9998276134780401,
        -0.00013059627996332089,
        -0.0003898947729576055,
        -0.0006436891857201244,
        -0.000889325010127283,
        0.9988417676025317,
        1.9985888700996952,
        1.9983960813952988,
        1.9982047597583583,
        2.9980468967630367,
        2.997932967557055,
        2.997835883568409,
        2.9977863911194067,
        2.9977696517535124,
        2.997786440298874,
        2.9978364513680495,
        2.99791875449855,
        2.9980320144062422,
        2.998175106084765,
        2.9983564654900237,
        2.9985472672225097,
        2.998758077730737,
        2.9989847517669044,
        1.999271868655572,
        1.9995195728873156,
        0.9998276134793346,
        0.00013059628025632067,
        0.00038989477273210417,
        0.0006436891868006296,
        0.0008893250120841016,
        -0.9988417676021107,
        -1.9985888700988423,
        -1.9983960813960362,
        -1.9982047597575883,
        -2.9980468967596856,
        -2.9979329675559416,
        -2.9978358835634986,
        -2.9977863911240332,
        -2.9977696517558137
    ],
    "flux": [
        -0.010698624476363267,
        -0.010478163153334373,
        -0.009750132259555266,
        -0.008371393157794558,
        -0.006238440567757202,
        -0.0035216160728147607,
        -0.005710828932775567,
        -0.0006273301279234966,
        0.005242529160480647,
        0.010887265537291331,
        0.006694022733218068,
        0.011157602990244883,
        0.012776518600753177,
        0.00522434416246229,
        0.01469135763772966,
        0.021377352981327712,
        0.023862317990582794,
        0.017729782753967676,
        0.011863988532002677,
        0.015152076682666901,
        0.01099697305692756,
        0.011888533123078209,
        0.013038332249242241,
        0.009714543677235609,
        0.010476419324918955,
        0.01069848658089082,
        0.010478150877163205,
        0.009750131340073555,
        0.008371393134230659,
        0.006238440566551977,
        0.0035216160742533326,
        0.005710828930052624,
        0.0006273301297334128,
        -0.005242529161014959,
        -0.010887265534748797,
        -0.006694022732467051,
        -0.011157602994461452,
        -0.012776518651145843,
        -0.005224344163150446,
        -0.014691357636772352,
        -0.02137735297842487,
        -0.023862317991024267,
        -0.01772978275637372,
        -0.011863988532497921,
        -0.015152076682695668,
        -0.010996971579954114,
        -0.011888533109631677,
        -0.013038332253904564,
        -0.009714543677237831,
        -0.010476419518585287,
        -0.010698486562610748,
        -0.010478150916878459,
        -0.009750131346769409,
        -0.008371393134425264,
        -0.006238440564729197,
        -0.0035216160831369183,
        -0.005710828930883507,
        -0.0006273301290324493,
        0.005242529160304463,
        0.01088726548188918,
        0.006694022733001327,
        0.011157602991170888,
        0.01277651864713665,
        0.005224344162533289,
        0.014691357637643218,
        0.021377352977562433,
        0.02386231798835468,
        0.017729782755309113,
        0.011863988531267846,
        0.015152076685119776,
        0.010996971389433584,
        0.011888533104786327,
        0.013038332261836157,
        0.009714543319785846,
        0.010476419691340744,
        0.010698486560118542
    ],
    "timing": {
        "end_time": "2023-03-29T15:08:39.667614",