{
    "I_fc": [
        1.2,
        1.1905376415773734,
        1.1622997933543573,
        1.1157317830659015,
        1.0515680160526362,
        0.9708203932499369,
        0.8747623529056938,
        0.7649087876984275,
        0.6429921539747958,
        0.5109351498780872,
        0.37082039324993693,
        0.22485757750286942,
        0.07534862343517597,
        -0.07534862343517608,
        -0.22485757750286978,
        -0.37082039324993704,
        -0.5109351498780872,
        -0.6429921539747963,
        -0.7649087876984276,
        -0.8747623529056939,
        -0.9708203932499367,
        -1.0515680160526362,
        -1.1157317830659017,
        -1.1622997933543573,
        -1.1905376415773734,
        -1.2,
        -1.1905376415773734,
        -1.1622997933543573,
        -1.1157317830659015,
        -1.0515680160526362,
        -0.9708203932499366,
        -0.8747623529056938,
        -0.7649087876984274,
        -0.6429921539747956,
        -0.5109351498780865,
        -0.37082039324993704,
        -0.22485757750286955,
        -0.07534862343517584,
        0.07534862343517647,
        0.22485757750287014,
        0.37082039324993665,
        0.5109351498780871,
        0.6429921539747961,
        0.764908787698428,
        0.8747623529056943,
        0.9708203932499373,
        1.0515680160526362,
        1.1157317830659017,
        1.1622997933543573,
        1.1905376415773734,
        1.2,
        1.1905376415773734,
        1.1622997933543573,
        1.1157317830659015,
        1.051568016052636,
        0.9708203932499364,
        0.8747623529056932,
        0.7649087876984275,
        0.6429921539747957,
        0.5109351498780867,
        0.3708203932499362,
        0.22485757750286864,
        0.07534862343517598,
        -0.07534862343517632,
        -0.22485757750287003,
        -0.37082039324993654,
        -0.510935149878088,
        -0.6429921539747959,
        -0.7649087876984286,
        -0.8747623529056942,
        -0.9708203932499366,
        -1.0515680160526366,
        -1.1157317830659017,
        -1.1622997933543577,
        -1.1905376415773734,
        -1.2
    ],
    "args": {
        "I_fc": [
            1.2
        ],
        "current_units": "mA",
        "cycles": 1.5,
        "d": 0.2,
        "directory": "/scratch/users/lbvh/py-tdgl/results/17298299/60",
        "dt_init": 1e-06,
        "fc_center": [
            0,
            0,
            1
        ],
        "fc_radius": 2.4,
        "field_units": "mT",
        "film_points": 4000,
        "film_radius": 15.0,
        "film_shape": "box",
        "film_smooth": 100,
        "gamma": 1.0,
        "index": 60,
        "lam": 1.35,
        "max_edge_length": 0.5,
        "pl_center": null,
        "pl_radius": 0.8,
        "points_per_cycle": 51.0,
        "save_every": 500,
        "screening": false,
        "seed_solutions": true,
        "slot_radius": 0.1,
        "slot_size": [
            2.0,
            50.0
        ],
        "slot_top_center_x": [
            -10.0,
            10.0,
            101.0
        ],
        "slot_top_center_y": [
            -1.0,
            -1.0,
            101.0
        ],
        "solve_time": [
            10000.0,
            2000.0
        ],
        "squid_angle": 180.0,
        "squid_iterations": 5,
        "squid_points": 4000,
        "squid_position": [
            0.0,
            0.0,
            0.5
        ],
        "squid_smooth": 100,
        "squid_type": "hypres-small",
        "xi": 0.9
    },
    "film_fluxoid": [
        0.9988826985559891,
        0.9988913543884068,
        0.9989171879370163,
        0.9989598031931841,
        0.9990185615372609,
        0.9990926273000269,
        0.9991811214863273,
        -0.0006983737430320165,
        -0.0005865436659848061,
        -0.0004658002280047984,
        -0.00033792530316609573,
        -0.00020485848408345576,
        -6.863858463504012e-05,
        6.863858463461604e-05,
        0.00020485848408613273,
        0.0003379253031661311,
        0.00046580022801002866,
        0.0005865436659893428,
        0.0006983737430363986,
        0.0007998191137023017,
        -0.9990926273000376,
        -0.9990185615372567,
        -0.9989598031931786,
        -0.9989171879370178,
        -0.9988913543884337,
        -0.9988826985559767,
        -0.9988913543884161,
        -0.9989171879370149,
        -0.9989598031931802,
        -0.9990185615372582,
        -0.9990926273000219,
        -0.9991811214863092,
        0.0006983737430360099,
        0.0005865436659857426,
        0.00046580022800787294,
        0.00033792530316722655,
        0.00020485848408154743,
        6.863858463557021e-05,
        -6.863858463814999e-05,
        -0.000204858484084834,
        -0.00033792530316266775,
        -0.000465800228004445,
        -0.0005865436659886051,
        -0.0006983737430393672,
        -0.0007998191136995806,
        0.9990926273000306,
        0.9990185615372568,
        0.9989598031931801,
        0.998917187937014,
        0.9988913543884241,
        0.9988826985559852,
        0.9988913543884141,
        0.9989171879370128,
        0.9989598031931828,
        0.999018561537252,
        0.9990926273000282,
        0.9991811214863214,
        -0.0006983737430341015,
        -0.00058654366598599,
        -0.0004658002280099227,
        -0.0003379253031626656,
        -0.00020485848407914435,
        -6.863858463694845e-05,
        6.863858463935153e-05,
        0.0002048584840823779,
        0.0003379253031629505,
        0.0004658002280028194,
        0.0005865436659925631,
        0.0006983737430321579,
        0.000799819113705977,
        -0.9990926273000256,
        -0.999018561537262,
        -0.9989598031931849,
        -0.9989171879370246,
        -0.9988913543884288,
        -0.9988826985559772
    ],