{
    "I_fc": [
        8.955,
        8.884387150271149,
        8.673662207906892,
        8.32614843112929,
        7.847326319792798,
        7.244747184627655,
        6.52791405855874,
        5.708131828199516,
        4.7983289490369145,
        3.812853555965226,
        2.7672471846276543,
        1.677999672115163,
        0.5622891023850006,
        -0.5622891023850015,
        -1.6779996721151658,
        -2.7672471846276556,
        -3.8128535559652263,
        -4.798328949036917,
        -5.708131828199517,
        -6.527914058558742,
        -7.244747184627654,
        -7.847326319792798,
        -8.326148431129292,
        -8.673662207906892,
        -8.884387150271149,
        -8.955,
        -8.884387150271149,
        -8.673662207906892,
        -8.32614843112929,
        -7.847326319792797,
        -7.244747184627652,
        -6.52791405855874,
        -5.708131828199515,
        -4.798328949036912,
        -3.812853555965221,
        -2.7672471846276556,
        -1.677999672115164,
        -0.5622891023849997,
        0.5622891023850044,
        1.6779996721151684,
        2.7672471846276525,
        3.812853555965225,
        4.798328949036916,
        5.708131828199519,
        6.527914058558744,
        7.244747184627657,
        7.847326319792798,
        8.326148431129292,
        8.673662207906892,
        8.884387150271149,
        8.955,
        8.884387150271149,
        8.673662207906892,
        8.32614843112929,
        7.8473263197927965,
        7.24474718462765,
        6.527914058558736,
        5.708131828199516,
        4.798328949036913,
        3.8128535559652224,
        2.767247184627649,
        1.6779996721151573,
        0.5622891023850007,
        -0.5622891023850033,
        -1.6779996721151675,
        -2.7672471846276516,
        -3.8128535559652317,
        -4.798328949036915,
        -5.708131828199524,
        -6.527914058558743,
        -7.244747184627652,
        -7.847326319792802,
        -8.326148431129292,
        -8.673662207906894,
        -8.884387150271149,
        -8.955
    ],
    "args": {
        "I_fc": [
            0.5,
            10.0,
            201.0
        ],
        "current_units": "mA",
        "cycles": 1.5,
        "d": 0.2,
        "directory": "/scratch/users/lbvh/py-tdgl/results/14122470/178",
        "dt_init": 1e-06,
        "fc_center": [
            0,
            0,
            1
        ],
        "fc_radius": 2.4,
        "field_units": "mT",
        "film_points": 4000,
        "film_radius": 15.0,
        "film_shape": "box",
        "film_smooth": 100,
        "gamma": 1.0,
        "index": 178,
        "lam": 1.35,
        "max_edge_length": 0.5,
        "pl_center": null,
        "pl_radius": 0.8,
        "points_per_cycle": 51.0,
        "save_every": 500,
        "screening": false,
        "seed_solutions": true,
        "slot_radius": 0,
        "slot_size": null,
        "slot_top_center_x": null,
        "slot_top_center_y": null,
        "solve_time": [
            20000.0,
            2000.0
        ],
        "squid_angle": 0,
        "squid_iterations": 5,
        "squid_points": 4000,
        "squid_position": [
            0.0,
            0.0,
            0.5
        ],
        "squid_smooth": 100,
        "squid_type": "hypres-small",
        "xi": 0.9
    },
    "film_fluxoid": [
        3.996130146319587,
        3.9961597635425727,
        3.9962481598603707,
        3.9963938929369704,
        3.9965858633680837,
        3.996839775623015,
        3.997128712402918,
        3.9974768842247923,
        3.9978752055459004,
        3.998277813604922,
        3.9986983432747327,
        2.999175463070121,
        0.9997294755456351,
        0.00022899889960066575,
        0.0006845438063752619,
        -1.998788726600122,
        -1.998358815867242,
        -1.9979149123956093,
        -2.9975078715546717,
        -2.997158122425053,
        -2.996856418690512,
        -3.996574733629767,
        -3.9963742553745942,
        -3.996228206782728,
        -3.9961479514423113,
        -3.99611966377752,
        -3.99614950072879,
        -3.9962380350071585,
        -3.9963841948431718,
        -3.9965858153518683,
        -3.9968397754975373,
        -3.9971287124021453,
        -3.99747688422646,
        -3.99787520554704,
        -3.9982778136050654,
        -3.9986983432733916,
        -2.999175463072277,
        -0.9997294755441223,
        -0.00022899889918676956,
        -0.0006845438064227406,
        1.9987887265986524,
        1.9983588158668746,
        1.9979149123953044,
        2.9975078715495775,
        2.9971581224220376,
        2.9968564186897457,
        3.996574733600342,
        3.9963742553650587,
        3.996228206789626,
        3.9961479514072855,
        3.996119663757334,
        3.996149500725477,
        3.9962380350076407,
        3.996384194846275,
        3.9965858153525775,
        3.996839775497736,
        3.997128712406366,
        3.9974768842280155,
        3.997875205545346,
        3.998277813604794,
        3.9986983432745506,
        2.99917546307299,
        0.9997294755433141,
        0.0002289988999187212,
        0.0006845438050513561,
        -1.9987887265992972,
        -1.9983588158670258,
        -1.997914912395413,
        -2.9975078715639802,
        -2.997158122423341,
        -2.9968564186868947,
        -3.996574733614928,
        -3.9963742553670993,
        -3.9962282067961676,
        -3.996147951477822,
        -3.9961196637696292
    ],
    "flux": [
        -0.003553639368935164,
        -0.0031679538479969303,
        -0.0020441391414259763,
        -0.00038813900083522774,
        -0.0017876032956179446,
        0.000906919563015084,
        -0.002842397678831405,
        -0.0019396281164005017,
        -0.005857635142135364,
        0.004135873107880997,
        0.013968987593482285,
        0.01307892765383358,
        0.009697827261893556,
        0.009020940010109937,
        0.02210552609116866,
        0.006898658405921713,
        0.015551493791817476,
        0.00976467000933253,
        0.009279356570423078,
        0.009341428467137411,
        0.008595285152969593,
        0.0066286892331322185,
        0.009202848139584276,
        0.010456976321407725,
        0.00777161152515121,
        0.008088484291837375,
        0.007739143241505491,
        0.006621908999156226,
        0.004600702472284742,
        0.0017891160222011477,
        -0.0009069133058675869,
        0.0028423977371609768,
        0.0019396281768328766,
        0.005857635145539916,
        -0.004135873141156856,
        -0.01396898759850151,
        -0.013078927652109239,
        -0.009697827227574148,
        -0.009020940010883457,
        -0.022105526091594514,
        -0.00689865841501779,
        -0.015551493791885898,
        -0.009764669688175165,
        -0.009279357315961275,
        -0.009341428898738499,
        -0.008595284262045927,
        -0.0066286900406563876,
        -0.009202848434964921,
        -0.01045697604836942,
        -0.007771612309858674,
        -0.008088484711286599,
        -0.007739143276414662,
        -0.006621908999910825,
        -0.0046007024468910675,
        -0.0017891160236076869,
        0.0009069133091930744,
        -0.0028423976610358294,
        -0.0019396281134236725,
        -0.005857635142915297,
        0.00413587306380972,
        0.013968987593522537,
        0.013078927653352713,
        0.009697827268266651,
        0.009020940009274038,
        0.02210552609357819,
        0.00689865840474727,
        0.015551493791738407,
        0.00976466985362349,
        0.00927935519532792,
        0.009341428774319985,
        0.008595284218801883,
        0.006628689662187645,
        0.00920284845336271,
        0.010456975600758202,
        0.007771610738521602,
        0.00808848449131799
    ],
    "timing": {
        "end_time": "2023-03-29T18:17:57.653791",
        "start_time": "2023-03-29T09:49:56.515868",