{
    "I_fc": [
        1.75,
        1.7362007273003364,
        1.6950205319751044,
        1.62710885030444,
        1.5335366900767613,
        1.415779740156158,
        1.2756950979874702,
        1.115491982060207,
        0.937696891213244,
        0.7451137602388771,
        0.540779740156158,
        0.3279173005250179,
        0.10988340917629828,
        -0.10988340917629845,
        -0.32791730052501844,
        -0.5407797401561583,
        -0.7451137602388772,
        -0.9376968912132445,
        -1.115491982060207,
        -1.2756950979874704,
        -1.4157797401561578,
        -1.5335366900767613,
        -1.62710885030444,
        -1.6950205319751044,
        -1.7362007273003364,
        -1.75,
        -1.7362007273003364,
        -1.6950205319751044,
        -1.6271088503044397,
        -1.533536690076761,
        -1.4157797401561576,
        -1.2756950979874702,
        -1.1154919820602067,
        -0.9376968912132435,
        -0.7451137602388763,
        -0.5407797401561583,
        -0.3279173005250181,
        -0.10988340917629812,
        0.10988340917629902,
        0.327917300525019,
        0.5407797401561576,
        0.7451137602388771,
        0.9376968912132444,
        1.1154919820602074,
        1.2756950979874708,
        1.4157797401561587,
        1.5335366900767613,
        1.62710885030444,
        1.6950205319751046,
        1.7362007273003364,
        1.75,
        1.7362007273003364,
        1.6950205319751044,
        1.62710885030444,
        1.5335366900767609,
        1.4157797401561574,
        1.2756950979874693,
        1.115491982060207,
        0.9376968912132437,
        0.7451137602388764,
        0.5407797401561569,
        0.3279173005250168,
        0.10988340917629831,
        -0.1098834091762988,
        -0.3279173005250188,
        -0.5407797401561575,
        -0.7451137602388783,
        -0.9376968912132442,
        -1.1154919820602085,
        -1.2756950979874706,
        -1.4157797401561576,
        -1.5335366900767617,
        -1.62710885030444,
        -1.695020531975105,
        -1.7362007273003364,
        -1.75
    ],
    "args": {
        "I_fc": [
            1.75
        ],
        "current_units": "mA",
        "cycles": 1.5,
        "d": 0.2,
        "directory": "/scratch/users/lbvh/py-tdgl/results/17224036/18",
        "dt_init": 1e-06,
        "fc_center": [
            0,
            0,
            1
        ],
        "fc_radius": 2.4,
        "field_units": "mT",
        "film_points": 4000,
        "film_radius": 15.0,
        "film_shape": "box",
        "film_smooth": 100,
        "gamma": 1.0,
        "index": 18,
        "lam": 1.35,
        "max_edge_length": 0.5,
        "pl_center": null,
        "pl_radius": 0.8,
        "points_per_cycle": 51.0,
        "save_every": 500,
        "screening": false,
        "seed_solutions": true,
        "slot_radius": 0.1,
        "slot_size": [
            2.0,
            50.0
        ],
        "slot_top_center_x": [
            -10.0,
            10.0,
            101.0
        ],
        "slot_top_center_y": [
            5.0,
            5.0,
            101.0
        ],
        "solve_time": [
            10000.0,
            2000.0
        ],
        "squid_angle": 180.0,
        "squid_iterations": 5,
        "squid_points": 4000,
        "squid_position": [
            0.0,
            0.0,
            0.5
        ],
        "squid_smooth": 100,
        "squid_type": "hypres-small",
        "xi": 0.9
    },
    "film_fluxoid": [
        0.9989457645006031,
        0.9989540773870741,
        0.9989788849448759,
        0.999019795939587,
        0.999076165179518,
        0.9991471036943445,
        0.999231492755091,
        0.999328001515895,
        0.9994351080020633,
        0.9995511231206625,
        0.9996742173779005,
        -0.00019754274136730087,
        -6.61955599984926e-05,
        6.61955599984926e-05,
        0.00019754274136733952,
        0.0003257745729279364,
        0.0004488687826860917,
        0.0005648841396761012,
        0.0006719910992690211,
        -0.9992314927550913,
        -0.9991471036943448,
        -0.999076165179518,
        -0.999019795939587,
        -0.9989788849448757,
        -0.9989540773870739,
        -0.9989457645006034,
        -0.9989540773870741,
        -0.9989788849448755,
        -0.9990197959395871,
        -0.9990761651795184,
        -0.9991471036943445,
        -0.9992314927550916,
        -0.999328001515895,
        -0.9994351080020633,
        -0.9995511231206625,
        -0.9996742173779004,
        0.00019754274136726552,
        6.619555999842191e-05,
        -6.619555999845726e-05,
        -0.00019754274136740688,
        -0.0003257745729278304,
        -0.0004488687826861624,
        -0.0005648841396760526,
        -0.0006719910992692332,
        0.999231492755091,
        0.9991471036943448,
        0.999076165179518,
        0.999019795939587,
        0.9989788849448757,
        0.9989540773870739,
        0.9989457645006031,
        0.9989540773870739,
        0.9989788849448757,
        0.9990197959395869,
        0.999076165179518,
        0.9991471036943448,
        0.9992314927550914,
        0.999328001515895,
        0.9994351080020631,
        0.9995511231206622,
        0.9996742173779005,
        -0.00019754274136733621,
        -6.619555999845726e-05,
        6.619555999852794e-05,
        0.000197542741367334,
        0.0003257745729278304,
        0.0004488687826861624,
        0.0005648841396761056,
        0.0006719910992691625,
        -0.9992314927550914,
        -0.9991471036943445,
        -0.999076165179518,
        -0.999019795939587,
        -0.9989788849448755,
        -0.9989540773870739,
        -0.9989457645006031
    ],