{
    "I_fc": [
        0.9,
        0.8929032311830299,
        0.8717248450157682,
        0.8367988372994262,
        0.7886760120394771,
        0.7281152949374529,
        0.6560717646792705,
        0.5736815907738206,
        0.4822441154810969,
        0.3832013624085654,
        0.27811529493745274,
        0.16864318312715207,
        0.056511467576381966,
        -0.05651146757638206,
        -0.16864318312715237,
        -0.27811529493745285,
        -0.3832013624085655,
        -0.4822441154810971,
        -0.5736815907738206,
        -0.6560717646792705,
        -0.7281152949374528,
        -0.7886760120394772,
        -0.8367988372994263,
        -0.8717248450157682,
        -0.8929032311830299,
        -0.9,
        -0.8929032311830299,
        -0.8717248450157681,
        -0.8367988372994262,
        -0.7886760120394771,
        -0.7281152949374526,
        -0.6560717646792705,
        -0.5736815907738206,
        -0.4822441154810966,
        -0.38320136240856495,
        -0.27811529493745285,
        -0.1686431831271522,
        -0.056511467576381876,
        0.05651146757638235,
        0.16864318312715265,
        0.2781152949374526,
        0.3832013624085654,
        0.482244115481097,
        0.5736815907738209,
        0.6560717646792708,
        0.7281152949374531,
        0.7886760120394771,
        0.8367988372994263,
        0.8717248450157682,
        0.8929032311830299,
        0.9,
        0.8929032311830299,
        0.8717248450157681,
        0.8367988372994262,
        0.7886760120394769,
        0.7281152949374524,
        0.65607176467927,
        0.5736815907738206,
        0.4822441154810967,
        0.38320136240856506,
        0.27811529493745224,
        0.1686431831271515,
        0.05651146757638199,
        -0.056511467576382236,
        -0.16864318312715254,
        -0.2781152949374524,
        -0.38320136240856595,
        -0.4822441154810969,
        -0.5736815907738215,
        -0.6560717646792708,
        -0.7281152949374526,
        -0.7886760120394776,
        -0.8367988372994263,
        -0.8717248450157684,
        -0.8929032311830299,
        -0.9
    ],
    "args": {
        "I_fc": [
            0.9
        ],
        "current_units": "mA",
        "cycles": 1.5,
        "d": 0.2,
        "directory": "/scratch/users/lbvh/py-tdgl/results/17289543/96",
        "dt_init": 1e-06,
        "fc_center": [
            0,
            0,
            1
        ],
        "fc_radius": 2.4,
        "field_units": "mT",
        "film_points": 4000,
        "film_radius": 15.0,
        "film_shape": "box",
        "film_smooth": 100,
        "gamma": 1.0,
        "index": 96,
        "lam": 1.35,
        "max_edge_length": 0.5,
        "pl_center": null,
        "pl_radius": 0.8,
        "points_per_cycle": 51.0,
        "save_every": 500,
        "screening": false,
        "seed_solutions": true,
        "slot_radius": 0.1,
        "slot_size": [
            2.0,
            50.0
        ],
        "slot_top_center_x": [
            -10.0,
            10.0,
            101.0
        ],
        "slot_top_center_y": [
            5.0,
            5.0,
            101.0
        ],
        "solve_time": [
            10000.0,
            2000.0
        ],
        "squid_angle": 180.0,
        "squid_iterations": 5,
        "squid_points": 4000,
        "squid_position": [
            0.0,
            0.0,
            0.5
        ],
        "squid_smooth": 100,
        "squid_type": "hypres-small",
        "xi": 0.9
    },
    "film_fluxoid": [
        -0.0006796747747381434,
        -0.0006743188551093275,
        -0.0006583349894647458,
        -0.0006319736468959259,
        -0.0005956482308160711,
        -0.0005499289855685515,
        -0.0004955344449460069,
        -0.000433320470676457,
        -0.0003642669868945395,
        -0.0002894626283220185,
        -0.00021008753407465703,
        -0.0001273946163930471,
        -4.268962882778878e-05,
        4.268962883987489e-05,
        0.00012739461651632895,
        0.00021008753402744346,
        0.000289462628395613,
        0.0003642669870306628,
        0.00043332047061961343,
        0.0004955344450031155,
        0.0005499289855130331,
        0.0005956482308092152,
        0.0006319736469120761,
        0.0006583349894568474,
        0.0006743188551624074,
        0.0006796747746920607,
        0.0006743188550861183,
        0.0006583349895199815,
        0.0006319736468996366,
        0.000595648230848018,
        0.0005499289856343183,
        0.0004955344450084163,
        0.000433320470777581,
        0.0003642669871963211,
        0.00028946262827893966,
        0.00021008753391350008,
        0.0001273946165411726,
        4.268962881744977e-05,
        -4.268962882720568e-05,
        -0.00012739461654092082,
        -0.0002100875340916553,
        -0.0002894626284311005,
        -0.00036426698691899436,
        -0.00043332047066612023,
        -0.0004955344450072855,
        -0.0005499289855721914,
        -0.0005956482309538598,
        -0.0006319736468761711,
        -0.0006583349895131835,
        -0.0006743188551726558,
        -0.0006796747747006835,
        -0.0006743188551325809,
        -0.0006583349894418105,
        -0.0006319736468882749,
        -0.0005956482308320445,
        -0.000549928985548938,
        -0.0004955344449549477,
        -0.00043332047105400657,
        -0.00036426698687241693,
        -0.0002894626282877392,
        -0.0002100875338324401,
        -0.00012739461649159128,
        -4.2689628790205224e-05,
        4.26896287823952e-05,
        0.0001273946164353308,
        0.00021008753390304842,
        0.000289462628341844,
        0.00036426698712343337,
        0.00043332047102782,
        0.000495534445023259,
        0.000549928985587246,
        0.0005956482308416525,
        0.0006319736468574412,
        0.0006583349895110847,
        0.0006743188551119072,
        0.0006796747747085996
    ],