{
    "I_fc": [
        1.5,
        1.4881720519717165,
        1.452874741692947,
        1.3946647288323768,
        1.3144600200657952,
        1.2135254915624214,
        1.0934529411321174,
        0.9561359846230344,
        0.8037401924684948,
        0.638668937347609,
        0.4635254915624213,
        0.2810719718785868,
        0.09418577929396993,
        -0.0941857792939701,
        -0.2810719718785873,
        -0.4635254915624214,
        -0.6386689373476091,
        -0.8037401924684952,
        -0.9561359846230344,
        -1.0934529411321174,
        -1.2135254915624212,
        -1.3144600200657954,
        -1.3946647288323772,
        -1.452874741692947,
        -1.4881720519717165,
        -1.5,
        -1.4881720519717165,
        -1.4528747416929468,
        -1.3946647288323768,
        -1.3144600200657952,
        -1.213525491562421,
        -1.0934529411321174,
        -0.9561359846230343,
        -0.8037401924684944,
        -0.6386689373476082,
        -0.4635254915624214,
        -0.281071971878587,
        -0.09418577929396979,
        0.09418577929397058,
        0.28107197187858773,
        0.46352549156242095,
        0.638668937347609,
        0.803740192468495,
        0.9561359846230348,
        1.0934529411321179,
        1.2135254915624218,
        1.3144600200657952,
        1.394664728832377,
        1.452874741692947,
        1.4881720519717165,
        1.5,
        1.4881720519717165,
        1.4528747416929468,
        1.3946647288323768,
        1.3144600200657948,
        1.2135254915624207,
        1.0934529411321168,
        0.9561359846230344,
        0.8037401924684945,
        0.6386689373476084,
        0.4635254915624204,
        0.28107197187858585,
        0.09418577929396998,
        -0.0941857792939704,
        -0.28107197187858757,
        -0.4635254915624207,
        -0.6386689373476099,
        -0.8037401924684948,
        -0.9561359846230357,
        -1.0934529411321179,
        -1.213525491562421,
        -1.3144600200657959,
        -1.394664728832377,
        -1.4528747416929473,
        -1.4881720519717165,
        -1.5
    ],
    "args": {
        "I_fc": [
            1.5
        ],
        "current_units": "mA",
        "cycles": 1.5,
        "d": 0.2,
        "directory": "/scratch/users/lbvh/py-tdgl/results/17223933/54",
        "dt_init": 1e-06,
        "fc_center": [
            0,
            0,
            1
        ],
        "fc_radius": 2.4,
        "field_units": "mT",
        "film_points": 4000,
        "film_radius": 15.0,
        "film_shape": "box",
        "film_smooth": 100,
        "gamma": 1.0,
        "index": 54,
        "lam": 1.35,
        "max_edge_length": 0.5,
        "pl_center": null,
        "pl_radius": 0.8,
        "points_per_cycle": 51.0,
        "save_every": 500,
        "screening": false,
        "seed_solutions": true,
        "slot_radius": 0.1,
        "slot_size": [
            2.0,
            50.0
        ],
        "slot_top_center_x": [
            -10.0,
            10.0,
            101.0
        ],
        "slot_top_center_y": [
            5.0,
            5.0,
            101.0
        ],
        "solve_time": [
            10000.0,
            2000.0
        ],
        "squid_angle": 180.0,
        "squid_iterations": 5,
        "squid_points": 4000,
        "squid_position": [
            0.0,
            0.0,
            0.5
        ],
        "squid_smooth": 100,
        "squid_type": "hypres-small",
        "xi": 0.9
    },
    "film_fluxoid": [
        -0.0013891980098527357,
        -0.0013781900433315483,
        -0.0013453549562755316,
        -0.0012912475867308416,
        -0.0012167632712494882,
        -0.001123111862428353,
        -0.0010117943926922389,
        -0.0008845795473981891,
        -0.0007434774978605328,
        -0.0005907102339805663,
        -0.00042867840108461885,
        -0.0002599250410353409,
        -8.709679070339831e-05,
        8.709679064197826e-05,
        0.0002599250410752392,
        0.00042867840121321927,
        0.0005907102339984304,
        0.0007434774984524767,
        0.0008845795474008395,
        0.0010117943933161402,
        0.0011231118629576502,
        0.0012167632712879728,
        0.0012912475864729075,
        0.00134535495663271,
        0.0013781900433398177,
        0.0013891980097366808,
        0.0013781900433174478,
        0.0013453549564243197,
        0.0012912475866753675,
        0.0012167632709953618,
        0.0011231118623062726,
        0.0010117943926374804,
        0.0008845795479831638,
        0.0007434774976768204,
        0.0005907102339807254,
        0.0004286784011951608,
        0.0002599250409551556,
        8.709679058133569e-05,
        -8.709679053194875e-05,
        -0.00025992504095696453,
        -0.00042867840110020355,
        -0.0005907102334051156,
        -0.0007434774984467974,
        -0.0008845795479572599,
        -0.0010117943923791486,
        -0.001123111862597947,
        -0.0012167632713048122,
        -0.0012912475864728721,
        -0.0013453549566478774,
        -0.001378190043172768,
        -0.001389198010036501,
        -0.0013781900436971,
        -0.0013453549567965088,
        -0.0012912475868445464,
        -0.0012167632712886797,
        -0.0011231118625180622,
        -0.0010117943929467009,
        -0.0008845795476686422,
        -0.0007434774982631204,
        -0.0005907102335566778,
        -0.00042867840090592466,
        -0.0002599250411819998,
        -8.709679071979584e-05,
        8.709679070332764e-05,
        0.0002599250410235728,
        0.0004286784013896694,
        0.0005907102333353201,
        0.0007434774980443424,
        0.0008845795478990911,
        0.0010117943929024912,
        0.0011231118623529913,
        0.0012167632709494912,
        0.0012912475866208033,
        0.0013453549562454667,
        0.0013781900436338423,
        0.0013891980103666781
    ],