{
    "I_fc": [
        1.2,
        1.1905376415773734,
        1.1622997933543573,
        1.1157317830659015,
        1.0515680160526362,
        0.9708203932499369,
        0.8747623529056938,
        0.7649087876984275,
        0.6429921539747958,
        0.5109351498780872,
        0.37082039324993693,
        0.22485757750286942,
        0.07534862343517597,
        -0.07534862343517608,
        -0.22485757750286978,
        -0.37082039324993704,
        -0.5109351498780872,
        -0.6429921539747963,
        -0.7649087876984276,
        -0.8747623529056939,
        -0.9708203932499367,
        -1.0515680160526362,
        -1.1157317830659017,
        -1.1622997933543573,
        -1.1905376415773734,
        -1.2,
        -1.1905376415773734,
        -1.1622997933543573,
        -1.1157317830659015,
        -1.0515680160526362,
        -0.9708203932499366,
        -0.8747623529056938,
        -0.7649087876984274,
        -0.6429921539747956,
        -0.5109351498780865,
        -0.37082039324993704,
        -0.22485757750286955,
        -0.07534862343517584,
        0.07534862343517647,
        0.22485757750287014,
        0.37082039324993665,
        0.5109351498780871,
        0.6429921539747961,
        0.764908787698428,
        0.8747623529056943,
        0.9708203932499373,
        1.0515680160526362,
        1.1157317830659017,
        1.1622997933543573,
        1.1905376415773734,
        1.2,
        1.1905376415773734,
        1.1622997933543573,
        1.1157317830659015,
        1.051568016052636,
        0.9708203932499364,
        0.8747623529056932,
        0.7649087876984275,
        0.6429921539747957,
        0.5109351498780867,
        0.3708203932499362,
        0.22485757750286864,
        0.07534862343517598,
        -0.07534862343517632,
        -0.22485757750287003,
        -0.37082039324993654,
        -0.510935149878088,
        -0.6429921539747959,
        -0.7649087876984286,
        -0.8747623529056942,
        -0.9708203932499366,
        -1.0515680160526366,
        -1.1157317830659017,
        -1.1622997933543577,
        -1.1905376415773734,
        -1.2
    ],
    "args": {
        "I_fc": [
            1.2
        ],
        "current_units": "mA",
        "cycles": 1.5,
        "d": 0.2,
        "directory": "/scratch/users/lbvh/py-tdgl/results/17298304/75",
        "dt_init": 1e-06,
        "fc_center": [
            0,
            0,
            1
        ],
        "fc_radius": 2.4,
        "field_units": "mT",
        "film_points": 4000,
        "film_radius": 15.0,
        "film_shape": "box",
        "film_smooth": 100,
        "gamma": 1.0,
        "index": 75,
        "lam": 1.35,
        "max_edge_length": 0.5,
        "pl_center": null,
        "pl_radius": 0.8,
        "points_per_cycle": 51.0,
        "save_every": 500,
        "screening": false,
        "seed_solutions": true,
        "slot_radius": 0.1,
        "slot_size": [
            2.0,
            50.0
        ],
        "slot_top_center_x": [
            -10.0,
            10.0,
            101.0
        ],
        "slot_top_center_y": [
            5.0,
            5.0,
            101.0
        ],
        "solve_time": [
            10000.0,
            2000.0
        ],
        "squid_angle": 180.0,
        "squid_iterations": 5,
        "squid_points": 4000,
        "squid_position": [
            0.0,
            0.0,
            0.5
        ],
        "squid_smooth": 100,
        "squid_type": "hypres-small",
        "xi": 0.9
    },
    "film_fluxoid": [
        -0.0007048799591132901,
        -0.0006986733379874084,
        -0.0006809451259852334,
        -0.0006525318917527727,
        -0.0006140225072610462,
        -0.0005660689901854109,
        -0.0005094359670229333,
        -0.00044500421927741766,
        -0.00037376466330917994,
        -0.00029680792907616697,
        -0.00021531059277163012,
        -0.00013051871365854937,
        -4.372934353935131e-05,
        4.3729343539139275e-05,
        0.00013051871365920317,
        0.0002153105927712502,
        0.0002968079290758136,
        0.00037376466330889724,
        0.00044500421927752364,
        0.0005094359670233927,
        0.0005660689901854815,
        0.0006140225072615763,
        0.000652531891753369,
        0.000680945125985304,
        0.000698673337987267,
        0.0007048799591132371,
        0.0006986733379875143,
        0.0006809451259853482,
        0.0006525318917534088,
        0.0006140225072618237,
        0.0005660689901845273,
        0.0005094359670228626,
        0.0004450042192768257,
        0.00037376466330937434,
        0.00029680792907576495,
        0.00021531059277089682,
        0.000130518713659265,
        4.3729343539174614e-05,
        -4.37293435391216e-05,
        -0.00013051871365886742,
        -0.00021531059277105584,
        -0.0002968079290756722,
        -0.0003737646633095687,
        -0.00044500421927706426,
        -0.0005094359670230393,
        -0.0005660689901855169,
        -0.0006140225072614648,
        -0.0006525318917522073,
        -0.0006809451259852334,
        -0.000698673337987161,
        -0.0007048799591129367,
        -0.000698673337987744,
        -0.0006809451259846679,
        -0.0006525318917533204,
        -0.000614022507262283,
        -0.0005660689901849515,
        -0.0005094359670231983,
        -0.0004450042192770289,
        -0.0003737646633094627,
        -0.00029680792907616697,
        -0.00021531059277152796,
        -0.00013051871365890277,
        -4.372934353970471e-05,
        4.372934353864452e-05,
        0.00013051871365879676,
        0.00021531059277103817,
        0.00029680792907528346,
        0.0003737646633087559,
        0.0004450042192768169,
        0.000509435967023428,
        0.0005660689901852695,
        0.0006140225072617883,
        0.0006525318917526777,
        0.0006809451259854453,
        0.0006986733379869842,
        0.0007048799591130427
    ],