{
    "I_fc": [
        1.75,
        1.7362007273003364,
        1.6950205319751044,
        1.62710885030444,
        1.5335366900767613,
        1.415779740156158,
        1.2756950979874702,
        1.115491982060207,
        0.937696891213244,
        0.7451137602388771,
        0.540779740156158,
        0.3279173005250179,
        0.10988340917629828,
        -0.10988340917629845,
        -0.32791730052501844,
        -0.5407797401561583,
        -0.7451137602388772,
        -0.9376968912132445,
        -1.115491982060207,
        -1.2756950979874704,
        -1.4157797401561578,
        -1.5335366900767613,
        -1.62710885030444,
        -1.6950205319751044,
        -1.7362007273003364,
        -1.75,
        -1.7362007273003364,
        -1.6950205319751044,
        -1.6271088503044397,
        -1.533536690076761,
        -1.4157797401561576,
        -1.2756950979874702,
        -1.1154919820602067,
        -0.9376968912132435,
        -0.7451137602388763,
        -0.5407797401561583,
        -0.3279173005250181,
        -0.10988340917629812,
        0.10988340917629902,
        0.327917300525019,
        0.5407797401561576,
        0.7451137602388771,
        0.9376968912132444,
        1.1154919820602074,
        1.2756950979874708,
        1.4157797401561587,
        1.5335366900767613,
        1.62710885030444,
        1.6950205319751046,
        1.7362007273003364,
        1.75,
        1.7362007273003364,
        1.6950205319751044,
        1.62710885030444,
        1.5335366900767609,
        1.4157797401561574,
        1.2756950979874693,
        1.115491982060207,
        0.9376968912132437,
        0.7451137602388764,
        0.5407797401561569,
        0.3279173005250168,
        0.10988340917629831,
        -0.1098834091762988,
        -0.3279173005250188,
        -0.5407797401561575,
        -0.7451137602388783,
        -0.9376968912132442,
        -1.1154919820602085,
        -1.2756950979874706,
        -1.4157797401561576,
        -1.5335366900767617,
        -1.62710885030444,
        -1.695020531975105,
        -1.7362007273003364,
        -1.75
    ],
    "args": {
        "I_fc": [
            1.75
        ],
        "current_units": "mA",
        "cycles": 1.5,
        "d": 0.2,
        "directory": "/scratch/users/lbvh/py-tdgl/results/17223199/8",
        "dt_init": 1e-06,
        "fc_center": [
            0,
            0,
            1
        ],
        "fc_radius": 2.4,
        "field_units": "mT",
        "film_points": 4000,
        "film_radius": 15.0,
        "film_shape": "box",
        "film_smooth": 100,
        "gamma": 1.0,
        "index": 8,
        "lam": 1.35,
        "max_edge_length": 0.5,
        "pl_center": null,
        "pl_radius": 0.8,
        "points_per_cycle": 51.0,
        "save_every": 500,
        "screening": false,
        "seed_solutions": true,
        "slot_radius": 0.1,
        "slot_size": [
            2.0,
            50.0
        ],
        "slot_top_center_x": [
            -10.0,
            10.0,
            101.0
        ],
        "slot_top_center_y": [
            -1.0,
            -1.0,
            101.0
        ],
        "solve_time": [
            10000.0,
            2000.0
        ],
        "squid_angle": 180.0,
        "squid_iterations": 5,
        "squid_points": 4000,
        "squid_position": [
            0.0,
            0.0,
            0.5
        ],
        "squid_smooth": 100,
        "squid_type": "hypres-small",
        "xi": 0.9
    },
    "film_fluxoid": [
        0.9996766307144981,
        0.9996791801259347,
        0.9996867881479706,
        0.9996993347798144,
        0.9997166221293541,
        0.999738377539511,
        0.9997642578921228,
        0.9997938550193423,
        0.9998267021339287,
        0.999862281165858,
        0.9999000308324951,
        0.9999393547968222,
        -2.030073112731862e-05,
        2.030073112729653e-05,
        6.058206206034183e-05,
        9.990804725104023e-05,
        0.00013765853719268452,
        0.00017323822598034984,
        0.00020608603749838162,
        0.00023568397105959286,
        0.00026156526802324824,
        0.00028332177558650914,
        0.00030061041801049236,
        -0.9996867881479706,
        -0.9996791801259347,
        -0.999676630714498,
        -0.9996791801259347,
        -0.9996867881479707,
        -0.9996993347798145,
        -0.9997166221293539,
        -0.999738377539511,
        -0.9997642578921226,
        -0.9997938550193426,
        -0.9998267021339291,
        -0.9998622811658581,
        -0.9999000308324953,
        -0.999939354796823,
        2.0300731127331873e-05,
        -2.0300731127349542e-05,
        -6.058206206044784e-05,
        -9.990804725100489e-05,
        -0.0001376585371931086,
        -0.00017323822598029685,
        -0.0002060860374984523,
        -0.00023568397105976514,
        -0.00026156526802310686,
        -0.0002833217755864296,
        -0.00030061041801086343,
        0.9996867881479706,
        0.9996791801259347,
        0.9996766307144981,
        0.9996791801259348,
        0.9996867881479706,
        0.9996993347798144,
        0.9997166221293541,
        0.999738377539511,
        0.9997642578921228,
        0.9997938550193423,
        0.9998267021339292,
        0.9998622811658584,
        0.9999000308324953,
        0.9999393547968227,
        -2.030073112730592e-05,
        2.0300731127172844e-05,
        6.0582062060412504e-05,
        9.990804725119926e-05,
        0.00013765853719296725,
        0.0001732382259802615,
        0.00020608603749838162,
        0.00023568397105969886,
        0.00026156526802310686,
        0.0002833217755864738,
        0.00030061041801029796,
        -0.9996867881479706,
        -0.9996791801259347,
        -0.9996766307144981
    ],