{
    "I_fc": [
        3.065,
        3.0408315595288737,
        2.968707388859255,
        2.84976492924749,
        2.6858799743344415,
        2.4796370877592144,
        2.2342888430466266,
        1.9537045285797336,
        1.6423091266106244,
        1.3050135286469478,
        0.9471370877592141,
        0.5743237292052457,
        0.19245294235734522,
        -0.19245294235734559,
        -0.5743237292052467,
        -0.9471370877592145,
        -1.305013528646948,
        -1.6423091266106251,
        -1.9537045285797336,
        -2.2342888430466266,
        -2.479637087759214,
        -2.685879974334442,
        -2.8497649292474905,
        -2.968707388859255,
        -3.0408315595288737,
        -3.065,
        -3.0408315595288737,
        -2.9687073888592543,
        -2.84976492924749,
        -2.6858799743344415,
        -2.4796370877592135,
        -2.2342888430466266,
        -1.9537045285797334,
        -1.6423091266106233,
        -1.3050135286469462,
        -0.9471370877592145,
        -0.5743237292052461,
        -0.19245294235734495,
        0.19245294235734656,
        0.5743237292052475,
        0.9471370877592135,
        1.3050135286469478,
        1.6423091266106247,
        1.9537045285797343,
        2.2342888430466274,
        2.4796370877592153,
        2.6858799743344415,
        2.8497649292474905,
        2.968707388859255,
        3.0408315595288737,
        3.065,
        3.0408315595288737,
        2.9687073888592543,
        2.84976492924749,
        2.685879974334441,
        2.4796370877592127,
        2.2342888430466252,
        1.9537045285797336,
        1.6423091266106238,
        1.3050135286469464,
        0.9471370877592123,
        0.5743237292052438,
        0.1924529423573453,
        -0.19245294235734617,
        -0.5743237292052472,
        -0.9471370877592129,
        -1.3050135286469495,
        -1.6423091266106244,
        -1.9537045285797363,
        -2.2342888430466274,
        -2.4796370877592135,
        -2.685879974334443,
        -2.8497649292474905,
        -2.9687073888592557,
        -3.0408315595288737,
        -3.065
    ],
    "args": {
        "I_fc": [
            0.5,
            10.0,
            201.0
        ],
        "current_units": "mA",
        "cycles": 1.5,
        "d": 0.2,
        "directory": "/scratch/users/lbvh/py-tdgl/results/14122470/54",
        "dt_init": 1e-06,
        "fc_center": [
            0,
            0,
            1
        ],
        "fc_radius": 2.4,
        "field_units": "mT",
        "film_points": 4000,
        "film_radius": 15.0,
        "film_shape": "box",
        "film_smooth": 100,
        "gamma": 1.0,
        "index": 54,
        "lam": 1.35,
        "max_edge_length": 0.5,
        "pl_center": null,
        "pl_radius": 0.8,
        "points_per_cycle": 51.0,
        "save_every": 500,
        "screening": false,
        "seed_solutions": true,
        "slot_radius": 0,
        "slot_size": null,
        "slot_top_center_x": null,
        "slot_top_center_y": null,
        "solve_time": [
            20000.0,
            2000.0
        ],
        "squid_angle": 0,
        "squid_iterations": 5,
        "squid_points": 4000,
        "squid_position": [
            0.0,
            0.0,
            0.5
        ],
        "squid_smooth": 100,
        "squid_type": "hypres-small",
        "xi": 0.9
    },
    "film_fluxoid": [
        1.998667010631553,
        1.9986769037510497,
        1.9987064117992295,
        1.998755028581616,
        1.9988219324322445,
        1.9989060089198047,
        1.9990058688669943,
        1.9991198533386407,
        1.9992460039022033,
        1.999381892208999,
        1.9995233933797365,
        0.9997245819737818,
        0.999879450303795,
        7.836809728143998e-05,
        0.00023390174789902904,
        0.0003858521662662097,
        0.0005319136016422823,
        0.0006699119684897587,
        0.0007978763218874261,
        0.0009141626086072915,
        -0.9989474865407402,
        -0.9988627210679956,
        -0.9987951001842004,
        -0.9987458066116909,
        -0.9987157911946698,
        -0.9987057059842742,
        -0.9987157911939853,
        -0.9987458066118545,
        -0.9987951001843506,
        -0.9988627210681326,
        -0.9989474865403701,
        -0.9990480061516759,
        -0.9991626872711081,
        -0.9992897403243091,
        -0.9994271917640191,
        -0.9995729035440668,
        -0.9997245819756783,
        -0.9998794503048011,
        -7.836809740417405e-05,
        -0.00023390174762447647,
        -0.00038585216692857784,
        -0.0005319136016713667,
        -0.0006699119665061505,
        -0.0007978763204791294,
        -0.0009141626059687739,
        0.9989474865407912,
        0.9988627210677516,
        0.9987951001841684,
        0.9987458066120876,
        0.9987157911941488,
        0.9987057059839928,
        0.9987157911944241,
        0.9987458066109325,
        0.9987951001845314,
        0.9988627210674318,
        0.9989474865404784,
        0.9990480061516582,
        0.9991626872709434,
        0.9992897403251728,
        0.9994271917637648,
        0.9995729035445227,
        0.9997245819764334,
        0.9998794503044646,
        7.836809730872207e-05,
        0.00023390174791362424,
        0.0003858521653437958,
        0.0005319136021065019,
        0.000669911967385585,
        0.0007978763199717073,
        0.0009141626094053279,
        -0.9989474865406588,
        -0.9988627210679474,
        -0.9987951001841611,
        -0.998745806611278,
        -0.9987157911930863,
        -0.9987057059846945
    ],
    "flux": [
        -0.01006858650614923,
        -0.00982631680500987,
        -0.009085960601670797,
        -0.007813694980325444,
        -0.005974712616719156,
        -0.003561930580557149,
        -0.0006300452618013049,
        0.0026694147867470683,
        0.006056419947755338,
        0.009097808088647262,
        0.011196113445634185,
        0.009536123007901638,
        0.01418759391411276,
        0.0031498029429913705,
        0.009204923297524164,
        0.014559787941770735,
        0.018852378450513817,
        0.021857587569644066,
        0.0235009269813979,
        0.023822090487997927,
        0.01571883009344853,
        0.017382770027804317,
        0.018402745949464297,
        0.018952650229189995,
        0.019198809512206032,
        0.019265132358737645,
        0.019198809522592602,
        0.01895265024875222,
        0.018402745949820516,
        0.01738277002824167,
        0.015718830093711934,
        0.013266445984453505,
        0.009949504624243368,
        0.00579512895210054,
        0.0009559833195521121,
        -0.004286474778795227,
        -0.009536123004604873,
        -0.014187593915667984,
        -0.0031498029426875185,
        -0.009204923320861891,
        -0.014559787960267342,
        -0.018852378450552744,
        -0.021857587572418503,
        -0.02350092698644602,
        -0.023822090513724588,
        -0.015718830094313855,
        -0.01738277002728731,
        -0.018402745949412977,
        -0.01895265024862415,
        -0.01919880952283147,
        -0.0192651323582215,
        -0.019198809523965153,
        -0.018952650246662376,
        -0.018402745950497727,
        -0.017382770024082585,
        -0.015718830094071053,
        -0.013266445984655052,
        -0.009949504624394263,
        -0.005795128937640023,
        -0.0009559833085641229,
        0.00428647480973447,
        0.009536123003397567,
        0.014187593916229155,
        0.0031498029430647966,
        0.009204923321632247,
        0.014559787963554153,
        0.01885237844883299,
        0.02185758755852197,
        0.023500926985502973,
        0.023822090509546773,
        0.01571883009431795,
        0.017382770023501304,
        0.018402745949277478,
        0.018952650243018065,
        0.01919880952153887,
        0.019265132358738415
    ],