{
    "I_fc": [
        1.75,
        1.7362007273003364,
        1.6950205319751044,
        1.62710885030444,
        1.5335366900767613,
        1.415779740156158,
        1.2756950979874702,
        1.115491982060207,
        0.937696891213244,
        0.7451137602388771,
        0.540779740156158,
        0.3279173005250179,
        0.10988340917629828,
        -0.10988340917629845,
        -0.32791730052501844,
        -0.5407797401561583,
        -0.7451137602388772,
        -0.9376968912132445,
        -1.115491982060207,
        -1.2756950979874704,
        -1.4157797401561578,
        -1.5335366900767613,
        -1.62710885030444,
        -1.6950205319751044,
        -1.7362007273003364,
        -1.75,
        -1.7362007273003364,
        -1.6950205319751044,
        -1.6271088503044397,
        -1.533536690076761,
        -1.4157797401561576,
        -1.2756950979874702,
        -1.1154919820602067,
        -0.9376968912132435,
        -0.7451137602388763,
        -0.5407797401561583,
        -0.3279173005250181,
        -0.10988340917629812,
        0.10988340917629902,
        0.327917300525019,
        0.5407797401561576,
        0.7451137602388771,
        0.9376968912132444,
        1.1154919820602074,
        1.2756950979874708,
        1.4157797401561587,
        1.5335366900767613,
        1.62710885030444,
        1.6950205319751046,
        1.7362007273003364,
        1.75,
        1.7362007273003364,
        1.6950205319751044,
        1.62710885030444,
        1.5335366900767609,
        1.4157797401561574,
        1.2756950979874693,
        1.115491982060207,
        0.9376968912132437,
        0.7451137602388764,
        0.5407797401561569,
        0.3279173005250168,
        0.10988340917629831,
        -0.1098834091762988,
        -0.3279173005250188,
        -0.5407797401561575,
        -0.7451137602388783,
        -0.9376968912132442,
        -1.1154919820602085,
        -1.2756950979874706,
        -1.4157797401561576,
        -1.5335366900767617,
        -1.62710885030444,
        -1.695020531975105,
        -1.7362007273003364,
        -1.75
    ],
    "args": {
        "I_fc": [
            1.75
        ],
        "current_units": "mA",
        "cycles": 1.5,
        "d": 0.2,
        "directory": "/scratch/users/lbvh/py-tdgl/results/17224036/51",
        "dt_init": 1e-06,
        "fc_center": [
            0,
            0,
            1
        ],
        "fc_radius": 2.4,
        "field_units": "mT",
        "film_points": 4000,
        "film_radius": 15.0,
        "film_shape": "box",
        "film_smooth": 100,
        "gamma": 1.0,
        "index": 51,
        "lam": 1.35,
        "max_edge_length": 0.5,
        "pl_center": null,
        "pl_radius": 0.8,
        "points_per_cycle": 51.0,
        "save_every": 500,
        "screening": false,
        "seed_solutions": true,
        "slot_radius": 0.1,
        "slot_size": [
            2.0,
            50.0
        ],
        "slot_top_center_x": [
            -10.0,
            10.0,
            101.0
        ],
        "slot_top_center_y": [
            5.0,
            5.0,
            101.0
        ],
        "solve_time": [
            10000.0,
            2000.0
        ],
        "squid_angle": 180.0,
        "squid_iterations": 5,
        "squid_points": 4000,
        "squid_position": [
            0.0,
            0.0,
            0.5
        ],
        "squid_smooth": 100,
        "squid_type": "hypres-small",
        "xi": 0.9
    },
    "film_fluxoid": [
        -0.0007162389721888494,
        -0.0007105638031574228,
        -0.0006936341849193228,
        -0.000665733728668449,
        -0.0006273234394752653,
        -0.0005790287930589376,
        -0.0005216264021929305,
        -0.00045603059880113065,
        -0.0003832792979310797,
        -0.00030451860378544703,
        -0.00022098588548801506,
        -0.00013399132873516395,
        -4.4898157992541565e-05,
        4.4898157850211746e-05,
        0.0001339913288294144,
        0.00022098588556618604,
        0.0003045186038665865,
        0.0003832792981763535,
        0.000456030598881126,
        0.0005216264018298879,
        0.0005790287918487013,
        0.000627323439856066,
        0.0006657337273136034,
        0.0006936341853287309,
        0.000710563803458,
        0.0007162389733532283,
        0.0007105638032860733,
        0.000693634186059481,
        0.0006657337290539322,
        0.0006273234393098058,
        0.0005790287928354154,
        0.0005216264016833527,
        0.00045603059894890714,
        0.0003832792980942068,
        0.0003045186041626608,
        0.00022098588555699778,
        0.00013399132898596838,
        4.489815790113596e-05,
        -4.4898157893750005e-05,
        -0.00013399132882545636,
        -0.0002209858854532587,
        -0.0003045186035377172,
        -0.0003832792977720873,
        -0.00045603059889383937,
        -0.0005216264020323037,
        -0.0005790287919994596,
        -0.0006273234391308289,
        -0.0006657337278472121,
        -0.0006936341859700368,
        -0.000710563802562179,
        -0.0007162389731918506,
        -0.0007105638038526008,
        -0.0006936341849725265,
        -0.0006657337280062575,
        -0.0006273234399492387,
        -0.0005790287915775767,
        -0.0005216264019386982,
        -0.00045603059908509675,
        -0.00038327929829981203,
        -0.0003045186040777577,
        -0.0002209858856705789,
        -0.0001339913287959479,
        -4.4898157893750005e-05,
        4.489815792004259e-05,
        0.00013399132878258956,
        0.00022098588541306,
        0.0003045186035277514,
        0.0003832792981918852,
        0.00045603059885780195,
        0.0005216264018597144,
        0.0005790287921002831,
        0.000627323440063986,
        0.0006657337285998903,
        0.0006936341853035692,
        0.0007105638026772091,
        0.0007162389739163986
    ],