{
    "I_fc": [
        3.255,
        3.2293333527786245,
        3.1527381894736948,
        3.026422461566258,
        2.8523782435427756,
        2.6333503166904544,
        2.372792882256695,
        2.0748150866319848,
        1.7441162176566336,
        1.3859115940443114,
        1.005850316690454,
        0.6099261789765333,
        0.20438314106791475,
        -0.2043831410679151,
        -0.6099261789765343,
        -1.0058503166904544,
        -1.3859115940443119,
        -1.7441162176566345,
        -2.0748150866319848,
        -2.372792882256695,
        -2.633350316690454,
        -2.852378243542776,
        -3.0264224615662583,
        -3.1527381894736948,
        -3.2293333527786245,
        -3.255,
        -3.2293333527786245,
        -3.1527381894736943,
        -3.026422461566258,
        -2.8523782435427756,
        -2.6333503166904535,
        -2.372792882256695,
        -2.0748150866319843,
        -1.7441162176566327,
        -1.3859115940443099,
        -1.0058503166904544,
        -0.6099261789765338,
        -0.20438314106791444,
        0.20438314106791616,
        0.6099261789765353,
        1.0058503166904533,
        1.3859115940443114,
        1.744116217656634,
        2.074815086631985,
        2.3727928822566957,
        2.6333503166904553,
        2.8523782435427756,
        3.026422461566258,
        3.1527381894736948,
        3.2293333527786245,
        3.255,
        3.2293333527786245,
        3.1527381894736943,
        3.026422461566258,
        2.8523782435427747,
        2.6333503166904526,
        2.372792882256693,
        2.0748150866319848,
        1.744116217656633,
        1.3859115940443103,
        1.0058503166904522,
        0.6099261789765313,
        0.20438314106791483,
        -0.20438314106791575,
        -0.609926178976535,
        -1.0058503166904529,
        -1.3859115940443134,
        -1.7441162176566336,
        -2.0748150866319874,
        -2.3727928822566957,
        -2.6333503166904535,
        -2.852378243542777,
        -3.026422461566258,
        -3.1527381894736957,
        -3.2293333527786245,
        -3.255
    ],
    "args": {
        "I_fc": [
            0.5,
            10.0,
            201.0
        ],
        "current_units": "mA",
        "cycles": 1.5,
        "d": 0.2,
        "directory": "/scratch/users/lbvh/py-tdgl/results/14122470/58",
        "dt_init": 1e-06,
        "fc_center": [
            0,
            0,
            1
        ],
        "fc_radius": 2.4,
        "field_units": "mT",
        "film_points": 4000,
        "film_radius": 15.0,
        "film_shape": "box",
        "film_smooth": 100,
        "gamma": 1.0,
        "index": 58,
        "lam": 1.35,
        "max_edge_length": 0.5,
        "pl_center": null,
        "pl_radius": 0.8,
        "points_per_cycle": 51.0,
        "save_every": 500,
        "screening": false,
        "seed_solutions": true,
        "slot_radius": 0,
        "slot_size": null,
        "slot_top_center_x": null,
        "slot_top_center_y": null,
        "solve_time": [
            20000.0,
            2000.0
        ],
        "squid_angle": 0,
        "squid_iterations": 5,
        "squid_points": 4000,
        "squid_position": [
            0.0,
            0.0,
            0.5
        ],
        "squid_smooth": 100,
        "squid_type": "hypres-small",
        "xi": 0.9
    },
    "film_fluxoid": [
        1.998589134003751,
        1.998599665724367,
        1.9986310724343168,
        1.9986828007231145,
        1.9987539609833846,
        1.998843358580947,
        1.9989495166624938,
        1.9990706840055998,
        1.9992048115216756,
        1.9993494125381184,
        1.9995006236022148,
        0.9997101037782887,
        0.9998746526100796,
        8.322633906397624e-05,
        0.00024840664762498685,
        0.00040979820275498924,
        0.0005649735151714381,
        0.0007116692620351814,
        0.0008479036837127898,
        -0.9989912953269348,
        -0.9988843404079297,
        -0.9987940193941687,
        -0.9987217969244917,
        -0.9986689364662346,
        -0.9986363136572085,
        -1.998589134001811,
        -1.9985996657231377,
        -1.9986310724340381,
        -1.9986828007244908,
        -1.9987539609820493,
        -1.9988433585811751,
        -1.9989495166614535,
        -1.9990706840070351,
        -1.9992048115235173,
        -1.9993494125385107,
        -1.9995006236025212,
        -0.9997101037772049,
        -0.9998746526143765,
        -8.322633862445009e-05,
        -0.0002484066473325161,
        -0.000409798202803369,
        -0.0005649735160900529,
        -0.0007116692598070968,
        -0.000847903682945322,
        0.9989912953269477,
        0.9988843404082461,
        0.9987940193941278,
        0.998721796925658,
        0.9986689364668896,
        0.9986363136573806,
        1.9985891340022555,
        1.9985996657226364,
        1.99863107243368,
        1.9986828007237265,
        1.9987539609831335,
        1.998843358582763,
        1.9989495166654203,
        1.9990706840040067,
        1.999204811523328,
        1.999349412538146,
        1.9995006236033133,
        0.9997101037776011,
        0.9998746526107702,
        8.322633905655495e-05,
        0.0002484066468523407,
        0.00040979820265423634,
        0.0005649735176468992,
        0.0007116692596263717,
        0.0008479036834204263,
        -0.998991295326948,
        -0.9988843404081864,
        -0.9987940193939974,
        -0.9987217969247433,
        -0.9986689364658554,
        -0.9986363136572877,
        -1.9985891340031783
    ],
    "flux": [
        -0.011858307375100024,
        -0.011629344447890806,
        -0.01092150661328183,
        -0.009680450684084765,
        -0.00784226993648812,
        -0.005368555797741546,
        -0.0022877205652026733,
        0.0012624486189160686,
        0.0049957711967548,
        0.008446722181767183,
        0.010950334460935353,
        0.009054128065590073,
        0.014070460179047072,
        0.0033439377492218234,
        0.009745785864403375,
        0.015329494388784,
        0.019675383552875517,
        0.0225259242541729,
        0.023792011970503964,
        0.01470893385785332,
        0.016997051756237933,
        0.018416630205011747,
        0.019155288980095962,
        0.019428027246765085,
        0.01938848539755125,
        0.011858307347140318,
        0.011629344446263457,
        0.010921506597960215,
        0.00968045068908777,
        0.007842269934339409,
        0.0053685557971865985,
        0.0022877205506226864,
        -0.001262448615016564,
        -0.004995771235645898,
        -0.008446722129900185,
        -0.010950334461274115,
        -0.009054128068784795,
        -0.014070460164562088,
        -0.003343937750541125,
        -0.009745785864393853,
        -0.015329494388914794,
        -0.019675383550090984,
        -0.02252592421335396,
        -0.023792011935651468,
        -0.014708933857586506,
        -0.016997051749123086,
        -0.018416630204686417,
        -0.01915528898305314,
        -0.019428027245740942,
        -0.01938848539981354,
        -0.011858307346639046,
        -0.011629344477491487,
        -0.010921506623860511,
        -0.0096804506852461,
        -0.007842269935674415,
        -0.005368555801134966,
        -0.002287720558556971,
        0.0012624485892078706,
        0.004995771237271724,
        0.008446722097355424,
        0.010950334459626676,
        0.009054128069616262,
        0.01407046015260478,
        0.003343937750029373,
        0.009745785866078044,
        0.015329494389192502,
        0.019675383546687717,
        0.022525924246560428,
        0.023792012004504638,
        0.014708933857625821,
        0.01699705175740809,
        0.01841663020446949,
        0.019155288981002,
        0.01942802724639292,
        0.019388485377533744,
        0.011858307349947179
    ],
    "timing": {
        "end_time": "2023-03-29T20:02:07.308836",