{
    "I_fc": [
        0.9,
        0.89290323118303,
        0.871724845015768,
        0.8367988372994263,
        0.7886760120394772,
        0.7281152949374528,
        0.6560717646792704,
        0.5736815907738206,
        0.4822441154810969,
        0.3832013624085654,
        0.27811529493745274,
        0.16864318312715207,
        0.05651146757638197,
        -0.05651146757638206,
        -0.16864318312715235,
        -0.2781152949374528,
        -0.38320136240856545,
        -0.4822441154810972,
        -0.5736815907738207,
        -0.6560717646792705,
        -0.7281152949374526,
        -0.7886760120394772,
        -0.8367988372994263,
        -0.871724845015768,
        -0.89290323118303,
        -0.9,
        -0.89290323118303,
        -0.871724845015768,
        -0.8367988372994262,
        -0.7886760120394771,
        -0.7281152949374525,
        -0.6560717646792704,
        -0.5736815907738206,
        -0.4822441154810967,
        -0.38320136240856495,
        -0.2781152949374528,
        -0.16864318312715218,
        -0.05651146757638189,
        0.05651146757638235,
        0.16864318312715262,
        0.2781152949374525,
        0.38320136240856534,
        0.4822441154810971,
        0.573681590773821,
        0.6560717646792708,
        0.728115294937453,
        0.7886760120394772,
        0.8367988372994263,
        0.8717248450157681,
        0.89290323118303,
        0.9,
        0.89290323118303,
        0.871724845015768,
        0.8367988372994263,
        0.788676012039477,
        0.7281152949374523,
        0.6560717646792699,
        0.5736815907738206,
        0.4822441154810968,
        0.38320136240856506,
        0.2781152949374522,
        0.16864318312715149,
        0.05651146757638199,
        -0.056511467576382236,
        -0.1686431831271525,
        -0.2781152949374524,
        -0.383201362408566,
        -0.482244115481097,
        -0.5736815907738215,
        -0.6560717646792706,
        -0.7281152949374525,
        -0.7886760120394776,
        -0.8367988372994263,
        -0.8717248450157683,
        -0.89290323118303,
        -0.9
    ],
    "args": {
        "I_fc": [
            0.9
        ],
        "current_units": "mA",
        "cycles": 1.5,
        "d": 0.2,
        "directory": "/scratch/users/lbvh/py-tdgl/results/17289540/49",
        "dt_init": 1e-06,
        "fc_center": [
            0,
            0,
            1
        ],
        "fc_radius": 2.4,
        "field_units": "mT",
        "film_points": 4000,
        "film_radius": 15.0,
        "film_shape": "box",
        "film_smooth": 100,
        "gamma": 1.0,
        "index": 49,
        "lam": 1.35,
        "max_edge_length": 0.5,
        "pl_center": null,
        "pl_radius": 0.8,
        "points_per_cycle": 51.0,
        "save_every": 500,
        "screening": false,
        "seed_solutions": true,
        "slot_radius": 0.1,
        "slot_size": [
            2.0,
            50.0
        ],
        "slot_top_center_x": [
            -10.0,
            10.0,
            101.0
        ],
        "slot_top_center_y": [
            -1.0,
            -1.0,
            101.0
        ],
        "solve_time": [
            10000.0,
            2000.0
        ],
        "squid_angle": 180.0,
        "squid_iterations": 5,
        "squid_points": 4000,
        "squid_position": [
            0.0,
            0.0,
            0.5
        ],
        "squid_smooth": 100,
        "squid_type": "hypres-small",
        "xi": 0.9
    },
    "film_fluxoid": [
        -0.0006442508741664323,
        -0.0006391475662769854,
        -0.0006239238988476755,
        -0.0005988346892970624,
        -0.0005642936314161005,
        -0.0005208617254454678,
        -0.00046923577453319027,
        -0.00041023679912837385,
        -0.0003447975984974634,
        -0.0002739489469037934,
        -0.00019880426216094623,
        -0.00012054285278196383,
        -4.039197715794607e-05,
        4.0391977171220466e-05,
        0.0001205428527419275,
        0.00019880426215588165,
        0.00027394894694147856,
        0.0003447975985714245,
        0.0004102367991142292,
        0.00046923577465680287,
        0.0005208617253304333,
        0.0005642936312803969,
        0.0005988346893315008,
        0.0006239238989434102,
        0.0006391475663977759,
        0.0006442508741575268,
        0.0006391475663349776,
        0.0006239238987751589,
        0.0005988346894413889,
        0.0005642936314052513,
        0.0005208617252392264,
        0.00046923577469133455,
        0.0004102367990768665,
        0.00034479759861487,
        0.00027394894693911966,
        0.00019880426213019205,
        0.00012054285277056685,
        4.0391977155799194e-05,
        -4.039197715546347e-05,
        -0.00012054285273907935,
        -0.0001988042621318795,
        -0.00027394894698793673,
        -0.00034479759857948636,
        -0.00041023679917053386,
        -0.00046923577459549384,
        -0.0005208617253389191,
        -0.0005642936314733328,
        -0.0005988346892373651,
        -0.0006239238989350328,
        -0.0006391475664043137,
        -0.0006442508740012909,
        -0.000639147566408307,
        -0.0006239238989721413,
        -0.0005988346893601788,
        -0.0005642936314801357,
        -0.0005208617252808564,
        -0.00046923577462655726,
        -0.0004102367990153935,
        -0.00034479759861797104,
        -0.0002739489469218519,
        -0.00019880426211602974,
        -0.00012054285276040673,
        -4.0391977155737354e-05,
        4.039197716866277e-05,
        0.00012054285274259564,
        0.0001988042621698674,
        0.00027394894695209366,
        0.0003447975985626427,
        0.00041023679898393356,
        0.00046923577474537086,
        0.0005208617252673567,
        0.0005642936313553519,
        0.0005988346894997874,
        0.0006239238988211709,
        0.0006391475662034793,
        0.0006442508740596364
    ],