{
    "I_fc": [
        0.9,
        0.89290323118303,
        0.871724845015768,
        0.8367988372994263,
        0.7886760120394772,
        0.7281152949374528,
        0.6560717646792704,
        0.5736815907738206,
        0.4822441154810969,
        0.3832013624085654,
        0.27811529493745274,
        0.16864318312715207,
        0.05651146757638197,
        -0.05651146757638206,
        -0.16864318312715235,
        -0.2781152949374528,
        -0.38320136240856545,
        -0.4822441154810972,
        -0.5736815907738207,
        -0.6560717646792705,
        -0.7281152949374526,
        -0.7886760120394772,
        -0.8367988372994263,
        -0.871724845015768,
        -0.89290323118303,
        -0.9,
        -0.89290323118303,
        -0.871724845015768,
        -0.8367988372994262,
        -0.7886760120394771,
        -0.7281152949374525,
        -0.6560717646792704,
        -0.5736815907738206,
        -0.4822441154810967,
        -0.38320136240856495,
        -0.2781152949374528,
        -0.16864318312715218,
        -0.05651146757638189,
        0.05651146757638235,
        0.16864318312715262,
        0.2781152949374525,
        0.38320136240856534,
        0.4822441154810971,
        0.573681590773821,
        0.6560717646792708,
        0.728115294937453,
        0.7886760120394772,
        0.8367988372994263,
        0.8717248450157681,
        0.89290323118303,
        0.9,
        0.89290323118303,
        0.871724845015768,
        0.8367988372994263,
        0.788676012039477,
        0.7281152949374523,
        0.6560717646792699,
        0.5736815907738206,
        0.4822441154810968,
        0.38320136240856506,
        0.2781152949374522,
        0.16864318312715149,
        0.05651146757638199,
        -0.056511467576382236,
        -0.1686431831271525,
        -0.2781152949374524,
        -0.383201362408566,
        -0.482244115481097,
        -0.5736815907738215,
        -0.6560717646792706,
        -0.7281152949374525,
        -0.7886760120394776,
        -0.8367988372994263,
        -0.8717248450157683,
        -0.89290323118303,
        -0.9
    ],
    "args": {
        "I_fc": [
            0.9
        ],
        "current_units": "mA",
        "cycles": 1.5,
        "d": 0.2,
        "directory": "/scratch/users/lbvh/py-tdgl/results/17289543/34",
        "dt_init": 1e-06,
        "fc_center": [
            0,
            0,
            1
        ],
        "fc_radius": 2.4,
        "field_units": "mT",
        "film_points": 4000,
        "film_radius": 15.0,
        "film_shape": "box",
        "film_smooth": 100,
        "gamma": 1.0,
        "index": 34,
        "lam": 1.35,
        "max_edge_length": 0.5,
        "pl_center": null,
        "pl_radius": 0.8,
        "points_per_cycle": 51.0,
        "save_every": 500,
        "screening": false,
        "seed_solutions": true,
        "slot_radius": 0.1,
        "slot_size": [
            2.0,
            50.0
        ],
        "slot_top_center_x": [
            -10.0,
            10.0,
            101.0
        ],
        "slot_top_center_y": [
            5.0,
            5.0,
            101.0
        ],
        "solve_time": [
            10000.0,
            2000.0
        ],
        "squid_angle": 180.0,
        "squid_iterations": 5,
        "squid_points": 4000,
        "squid_position": [
            0.0,
            0.0,
            0.5
        ],
        "squid_smooth": 100,
        "squid_type": "hypres-small",
        "xi": 0.9
    },
    "film_fluxoid": [
        -1.4565522817169201e-05,
        -1.445075488702829e-05,
        -1.4108251055847997e-05,
        -1.3543383047633374e-05,
        -1.2765011187580873e-05,
        -1.1785349082605278e-05,
        -1.0619778776548528e-05,
        -9.286618199524416e-06,
        -7.806842539631112e-06,
        -6.2037618097145575e-06,
        -4.5026580730010986e-06,
        -2.730387170908318e-06,
        -9.149511562156045e-07,
        9.149511561714301e-07,
        2.7303871708950656e-06,
        4.5026580730717775e-06,
        6.2037618097322274e-06,
        7.806842539631112e-06,
        9.286618199542085e-06,
        1.0619778776499937e-05,
        1.1785349082711296e-05,
        1.2765011187580873e-05,
        1.3543383047668714e-05,
        1.4108251056007024e-05,
        1.445075488701062e-05,
        1.4565522817133861e-05,
        1.4450754887293336e-05,
        1.4108251056007024e-05,
        1.3543383047810072e-05,
        1.2765011187545533e-05,
        1.1785349082675956e-05,
        1.061977877651319e-05,
        9.286618199524416e-06,
        7.806842539666452e-06,
        6.203761809696888e-06,
        4.5026580730364385e-06,
        2.7303871709657446e-06,
        9.149511560654117e-07,
        -9.149511562067696e-07,
        -2.7303871708950656e-06,
        -4.5026580730364385e-06,
        -6.203761809679218e-06,
        -7.806842539666452e-06,
        -9.286618199524416e-06,
        -1.061977877651319e-05,
        -1.1785349082675956e-05,
        -1.2765011187545533e-05,
        -1.3543383047633374e-05,
        -1.4108251055954015e-05,
        -1.4450754887054795e-05,
        -1.4565522817173618e-05,
        -1.4450754887068046e-05,
        -1.4108251055984937e-05,
        -1.354338304782774e-05,
        -1.2765011187580873e-05,
        -1.1785349082675956e-05,
        -1.061977877647785e-05,
        -9.286618199471407e-06,
        -7.806842539648783e-06,
        -6.203761809688053e-06,
        -4.5026580730364385e-06,
        -2.7303871708950656e-06,
        -9.149511562244394e-07,
        9.149511561360906e-07,
        2.7303871708243867e-06,
        4.5026580730010986e-06,
        6.2037618095908695e-06,
        7.806842539666452e-06,
        9.28661819953325e-06,
        1.0619778776495519e-05,
        1.1785349082675956e-05,
        1.2765011187545533e-05,
        1.3543383047668714e-05,
        1.4108251055936346e-05,
        1.445075488693994e-05,
        1.4565522817204541e-05
    ],