{
    "I_fc": [
        1.75,
        1.7362007273003364,
        1.6950205319751044,
        1.62710885030444,
        1.5335366900767613,
        1.415779740156158,
        1.2756950979874702,
        1.115491982060207,
        0.937696891213244,
        0.7451137602388771,
        0.540779740156158,
        0.3279173005250179,
        0.10988340917629828,
        -0.10988340917629845,
        -0.32791730052501844,
        -0.5407797401561583,
        -0.7451137602388772,
        -0.9376968912132445,
        -1.115491982060207,
        -1.2756950979874704,
        -1.4157797401561578,
        -1.5335366900767613,
        -1.62710885030444,
        -1.6950205319751044,
        -1.7362007273003364,
        -1.75,
        -1.7362007273003364,
        -1.6950205319751044,
        -1.6271088503044397,
        -1.533536690076761,
        -1.4157797401561576,
        -1.2756950979874702,
        -1.1154919820602067,
        -0.9376968912132435,
        -0.7451137602388763,
        -0.5407797401561583,
        -0.3279173005250181,
        -0.10988340917629812,
        0.10988340917629902,
        0.327917300525019,
        0.5407797401561576,
        0.7451137602388771,
        0.9376968912132444,
        1.1154919820602074,
        1.2756950979874708,
        1.4157797401561587,
        1.5335366900767613,
        1.62710885030444,
        1.6950205319751046,
        1.7362007273003364,
        1.75,
        1.7362007273003364,
        1.6950205319751044,
        1.62710885030444,
        1.5335366900767609,
        1.4157797401561574,
        1.2756950979874693,
        1.115491982060207,
        0.9376968912132437,
        0.7451137602388764,
        0.5407797401561569,
        0.3279173005250168,
        0.10988340917629831,
        -0.1098834091762988,
        -0.3279173005250188,
        -0.5407797401561575,
        -0.7451137602388783,
        -0.9376968912132442,
        -1.1154919820602085,
        -1.2756950979874706,
        -1.4157797401561576,
        -1.5335366900767617,
        -1.62710885030444,
        -1.695020531975105,
        -1.7362007273003364,
        -1.75
    ],
    "args": {
        "I_fc": [
            1.75
        ],
        "current_units": "mA",
        "cycles": 1.5,
        "d": 0.2,
        "directory": "/scratch/users/lbvh/py-tdgl/results/17223199/24",
        "dt_init": 1e-06,
        "fc_center": [
            0,
            0,
            1
        ],
        "fc_radius": 2.4,
        "field_units": "mT",
        "film_points": 4000,
        "film_radius": 15.0,
        "film_shape": "box",
        "film_smooth": 100,
        "gamma": 1.0,
        "index": 24,
        "lam": 1.35,
        "max_edge_length": 0.5,
        "pl_center": null,
        "pl_radius": 0.8,
        "points_per_cycle": 51.0,
        "save_every": 500,
        "screening": false,
        "seed_solutions": true,
        "slot_radius": 0.1,
        "slot_size": [
            2.0,
            50.0
        ],
        "slot_top_center_x": [
            -10.0,
            10.0,
            101.0
        ],
        "slot_top_center_y": [
            -1.0,
            -1.0,
            101.0
        ],
        "solve_time": [
            10000.0,
            2000.0
        ],
        "squid_angle": 180.0,
        "squid_iterations": 5,
        "squid_points": 4000,
        "squid_position": [
            0.0,
            0.0,
            0.5
        ],
        "squid_smooth": 100,
        "squid_type": "hypres-small",
        "xi": 0.9
    },
    "film_fluxoid": [
        0.9987995528847967,
        0.998809015058738,
        0.9988372511121362,
        0.9988838129239728,
        0.9989479633708229,
        0.9990286888129,
        0.9991247152159566,
        0.9992345281047095,
        0.999356396270639,
        0.9994883989752193,
        0.9996284582103263,
        -0.00022477773573665967,
        -7.532113942462784e-05,
        7.532113947544604e-05,
        0.00022477773593141564,
        0.0003706964657688918,
        0.0005107830024230748,
        0.0006428431827242492,
        -0.9992345281046545,
        -0.9991247152161888,
        -0.9990286888126455,
        -0.998947963370855,
        -0.9988838129238269,
        -0.998837251111783,
        -0.9988090150590008,
        -0.998799552885366,
        -0.9988090150588342,
        -0.9988372511119872,
        -0.9988838129237934,
        -0.9989479633708254,
        -0.9990286888130285,
        -0.99912471521581,
        -0.9992345281046559,
        -0.9993563962704595,
        -0.9994883989751472,
        -0.9996284582102204,
        0.00022477773588133957,
        7.53211394473158e-05,
        -7.53211394190442e-05,
        -0.00022477773587822086,
        -0.0003706964657086998,
        -0.0005107830025238631,
        -0.000642843182719231,
        0.9992345281048394,
        0.9991247152158318,
        0.9990286888129464,
        0.9989479633707607,
        0.9988838129237468,
        0.9988372511120905,
        0.9988090150587486,
        0.9987995528851178,
        0.9988090150592895,
        0.9988372511119792,
        0.9988838129238616,
        0.9989479633706847,
        0.9990286888128557,
        0.999124715215906,
        0.9992345281049649,
        0.9993563962701895,
        0.999488398975222,
        0.9996284582104936,
        -0.0002247777358278709,
        -7.532113943386028e-05,
        7.532113950060777e-05,
        0.000224777735862857,
        0.00037069646566360214,
        0.000510783002465332,
        0.0006428431828686817,
        -0.9992345281046658,
        -0.9991247152160033,
        -0.999028688812774,
        -0.9989479633708129,
        -0.9988838129236749,
        -0.9988372511118753,
        -0.9988090150588554,
        -0.9987995528849972
    ],