{
    "I_fc": [
        1.0,
        0.9921147013144779,
        0.9685831611286311,
        0.9297764858882513,
        0.8763066800438636,
        0.8090169943749475,
        0.7289686274214116,
        0.6374239897486896,
        0.5358267949789965,
        0.42577929156507266,
        0.30901699437494745,
        0.18738131458572452,
        0.0627905195293133,
        -0.0627905195293134,
        -0.18738131458572482,
        -0.30901699437494756,
        -0.4257792915650727,
        -0.5358267949789969,
        -0.6374239897486897,
        -0.7289686274214117,
        -0.8090169943749473,
        -0.8763066800438636,
        -0.9297764858882515,
        -0.9685831611286311,
        -0.9921147013144779,
        -1.0,
        -0.9921147013144779,
        -0.9685831611286311,
        -0.9297764858882512,
        -0.8763066800438635,
        -0.8090169943749472,
        -0.7289686274214116,
        -0.6374239897486895,
        -0.5358267949789963,
        -0.42577929156507216,
        -0.30901699437494756,
        -0.18738131458572463,
        -0.06279051952931321,
        0.06279051952931372,
        0.18738131458572513,
        0.30901699437494723,
        0.4257792915650726,
        0.5358267949789968,
        0.63742398974869,
        0.7289686274214119,
        0.8090169943749478,
        0.8763066800438636,
        0.9297764858882515,
        0.9685831611286312,
        0.9921147013144779,
        1.0,
        0.9921147013144779,
        0.9685831611286311,
        0.9297764858882513,
        0.8763066800438634,
        0.809016994374947,
        0.728968627421411,
        0.6374239897486896,
        0.5358267949789964,
        0.42577929156507227,
        0.30901699437494684,
        0.18738131458572388,
        0.06279051952931332,
        -0.0627905195293136,
        -0.18738131458572502,
        -0.3090169943749471,
        -0.4257792915650733,
        -0.5358267949789967,
        -0.6374239897486905,
        -0.7289686274214118,
        -0.8090169943749472,
        -0.8763066800438639,
        -0.9297764858882515,
        -0.9685831611286314,
        -0.9921147013144779,
        -1.0
    ],
    "args": {
        "I_fc": [
            1.0
        ],
        "current_units": "mA",
        "cycles": 1.5,
        "d": 0.2,
        "directory": "/scratch/users/lbvh/py-tdgl/results/17223170/56",
        "dt_init": 1e-06,
        "fc_center": [
            0,
            0,
            1
        ],
        "fc_radius": 2.4,
        "field_units": "mT",
        "film_points": 4000,
        "film_radius": 15.0,
        "film_shape": "box",
        "film_smooth": 100,
        "gamma": 1.0,
        "index": 56,
        "lam": 1.35,
        "max_edge_length": 0.5,
        "pl_center": null,
        "pl_radius": 0.8,
        "points_per_cycle": 51.0,
        "save_every": 500,
        "screening": false,
        "seed_solutions": true,
        "slot_radius": 0.1,
        "slot_size": [
            2.0,
            50.0
        ],
        "slot_top_center_x": [
            -10.0,
            10.0,
            101.0
        ],
        "slot_top_center_y": [
            -1.0,
            -1.0,
            101.0
        ],
        "solve_time": [
            10000.0,
            2000.0
        ],
        "squid_angle": 180.0,
        "squid_iterations": 5,
        "squid_points": 4000,
        "squid_position": [
            0.0,
            0.0,
            0.5
        ],
        "squid_smooth": 100,
        "squid_type": "hypres-small",
        "xi": 0.9
    },
    "film_fluxoid": [
        -0.0005937429295334508,
        -0.0005887754266314705,
        -0.0005742568742044547,
        -0.0005506994746091816,
        -0.0005185575239143803,
        -0.0004783575076614605,
        -0.00043073334491290714,
        -0.0003764276933979126,
        -0.0003162840762728022,
        -0.00025123537964239634,
        -0.00018229019548229565,
        -0.00011051758973064931,
        -3.703067330923893e-05,
        3.7030673181053744e-05,
        0.00011051758977853433,
        0.00018229019552019725,
        0.0002512353795618311,
        0.00031628407591396496,
        0.00037642769422513954,
        0.00043073334556288883,
        0.00047835750872711415,
        0.0005185575235012263,
        0.0005506994744220237,
        0.000574256873241206,
        0.0005887754265895756,
        0.0005937429281654059,
        0.0005887754260294975,
        0.0005742568739720621,
        0.000550699475249816,
        0.0005185575241263289,
        0.0004783575077252925,
        0.0004307333453927645,
        0.00037642769373780785,
        0.0003162840757005144,
        0.0002512353793071747,
        0.00018229019545944425,
        0.0001105175897655294,
        3.7030673224318127e-05,
        -3.703067332376347e-05,
        -0.00011051758986619395,
        -0.0001822901956849323,
        -0.00025123537965141674,
        -0.000316284076424444,
        -0.00037642769337644386,
        -0.0004307333455291396,
        -0.0004783575081117652,
        -0.0005185575245585841,
        -0.0005506994752384322,
        -0.000574256873833814,
        -0.0005887754258820612,
        -0.0005937429283084426,
        -0.0005887754257445199,
        -0.0005742568738254562,
        -0.0005506994750290855,
        -0.0005185575247712218,
        -0.0004783575084467571,
        -0.0004307333454611111,
        -0.00037642769326284506,
        -0.0003162840762328156,
        -0.00025123537942828316,
        -0.00018229019544391696,
        -0.000110517589868385,
        -3.703067360338861e-05,
        3.703067326904026e-05,
        0.00011051758992625342,
        0.00018229019572760474,
        0.00025123537922059296,
        0.00031628407616211894,
        0.00037642769344413667,
        0.00043073334559430565,
        0.0004783575078176169,
        0.0005185575243960224,
        0.0005506994745724285,
        0.0005742568728193231,
        0.0005887754261872443,
        0.0005937429289708461
    ],