{
    "I_fc": [
        1.75,
        1.7362007273003364,
        1.6950205319751044,
        1.62710885030444,
        1.5335366900767613,
        1.415779740156158,
        1.2756950979874702,
        1.115491982060207,
        0.937696891213244,
        0.7451137602388771,
        0.540779740156158,
        0.3279173005250179,
        0.10988340917629828,
        -0.10988340917629845,
        -0.32791730052501844,
        -0.5407797401561583,
        -0.7451137602388772,
        -0.9376968912132445,
        -1.115491982060207,
        -1.2756950979874704,
        -1.4157797401561578,
        -1.5335366900767613,
        -1.62710885030444,
        -1.6950205319751044,
        -1.7362007273003364,
        -1.75,
        -1.7362007273003364,
        -1.6950205319751044,
        -1.6271088503044397,
        -1.533536690076761,
        -1.4157797401561576,
        -1.2756950979874702,
        -1.1154919820602067,
        -0.9376968912132435,
        -0.7451137602388763,
        -0.5407797401561583,
        -0.3279173005250181,
        -0.10988340917629812,
        0.10988340917629902,
        0.327917300525019,
        0.5407797401561576,
        0.7451137602388771,
        0.9376968912132444,
        1.1154919820602074,
        1.2756950979874708,
        1.4157797401561587,
        1.5335366900767613,
        1.62710885030444,
        1.6950205319751046,
        1.7362007273003364,
        1.75,
        1.7362007273003364,
        1.6950205319751044,
        1.62710885030444,
        1.5335366900767609,
        1.4157797401561574,
        1.2756950979874693,
        1.115491982060207,
        0.9376968912132437,
        0.7451137602388764,
        0.5407797401561569,
        0.3279173005250168,
        0.10988340917629831,
        -0.1098834091762988,
        -0.3279173005250188,
        -0.5407797401561575,
        -0.7451137602388783,
        -0.9376968912132442,
        -1.1154919820602085,
        -1.2756950979874706,
        -1.4157797401561576,
        -1.5335366900767617,
        -1.62710885030444,
        -1.695020531975105,
        -1.7362007273003364,
        -1.75
    ],
    "args": {
        "I_fc": [
            1.75
        ],
        "current_units": "mA",
        "cycles": 1.5,
        "d": 0.2,
        "directory": "/scratch/users/lbvh/py-tdgl/results/17224036/27",
        "dt_init": 1e-06,
        "fc_center": [
            0,
            0,
            1
        ],
        "fc_radius": 2.4,
        "field_units": "mT",
        "film_points": 4000,
        "film_radius": 15.0,
        "film_shape": "box",
        "film_smooth": 100,
        "gamma": 1.0,
        "index": 27,
        "lam": 1.35,
        "max_edge_length": 0.5,
        "pl_center": null,
        "pl_radius": 0.8,
        "points_per_cycle": 51.0,
        "save_every": 500,
        "screening": false,
        "seed_solutions": true,
        "slot_radius": 0.1,
        "slot_size": [
            2.0,
            50.0
        ],
        "slot_top_center_x": [
            -10.0,
            10.0,
            101.0
        ],
        "slot_top_center_y": [
            5.0,
            5.0,
            101.0
        ],
        "solve_time": [
            10000.0,
            2000.0
        ],
        "squid_angle": 180.0,
        "squid_iterations": 5,
        "squid_points": 4000,
        "squid_position": [
            0.0,
            0.0,
            0.5
        ],
        "squid_smooth": 100,
        "squid_type": "hypres-small",
        "xi": 0.9
    },
    "film_fluxoid": [
        0.9997783771047374,
        0.9997801243561636,
        0.9997853385553672,
        0.9997939374895279,
        0.9998057856141048,
        0.9998206961992381,
        0.9998384342649538,
        0.9998587202843496,
        0.9998812346418653,
        0.9999056231636312,
        -6.848206401252746e-05,
        -4.152609588217004e-05,
        -1.3915189625835325e-05,
        1.3915189651513886e-05,
        4.1526095888531146e-05,
        6.84820639787429e-05,
        9.435802577925805e-05,
        0.00011874612467440917,
        -0.9998587202843119,
        -0.9998384342649755,
        -0.9998206961991527,
        -0.9998057856141395,
        -0.999793937489472,
        -0.9997853385553818,
        -0.9997801243561475,
        -0.9997783771047698,
        -0.9997801243562388,
        -0.9997853385553825,
        -0.9997939374894622,
        -0.9998057856140368,
        -0.9998206961990512,
        -0.9998384342650127,
        -0.9998587202844023,
        -0.9998812346418143,
        -0.9999056231636465,
        6.848206405603038e-05,
        4.1526095866019884e-05,
        1.391518964771489e-05,
        -1.3915189641954551e-05,
        -4.152609588747096e-05,
        -6.84820640396174e-05,
        -9.435802576943366e-05,
        -0.0001187461245812852,
        0.9998587202842799,
        0.9998384342649702,
        0.9998206961991716,
        0.9998057856141408,
        0.9997939374895009,
        0.9997853385552544,
        0.9997801243561728,
        0.9997783771046779,
        0.9997801243561439,
        0.9997853385553633,
        0.9997939374894546,
        0.9998057856140631,
        0.9998206961992157,
        0.999838434264981,
        0.9998587202843127,
        0.9998812346418002,
        0.9999056231636563,
        -6.848206404822035e-05,
        -4.152609589750738e-05,
        -1.3915189652565235e-05,
        1.3915189654570751e-05,
        4.15260958970833e-05,
        6.848206396580864e-05,
        9.435802575084508e-05,
        0.00011874612469023686,
        -0.9998587202842261,
        -0.9998384342650054,
        -0.9998206961991646,
        -0.9998057856140806,
        -0.9997939374894218,
        -0.9997853385553718,
        -0.9997801243561616,
        -0.9997783771046185
    ],