{
    "I_fc": [
        3.16,
        3.1350824561537496,
        3.060722789166475,
        2.938093695406874,
        2.7691291089386088,
        2.5564937022248344,
        2.303540862651661,
        2.0142598076058595,
        1.6932126721336291,
        1.3454625613456297,
        0.9764937022248341,
        0.5921249540908895,
        0.19841804171263,
        -0.19841804171263036,
        -0.5921249540908906,
        -0.9764937022248346,
        -1.34546256134563,
        -1.6932126721336298,
        -2.0142598076058595,
        -2.303540862651661,
        -2.556493702224834,
        -2.769129108938609,
        -2.9380936954068746,
        -3.060722789166475,
        -3.1350824561537496,
        -3.16,
        -3.1350824561537496,
        -3.0607227891664746,
        -2.938093695406874,
        -2.7691291089386088,
        -2.5564937022248335,
        -2.303540862651661,
        -2.014259807605859,
        -1.693212672133628,
        -1.3454625613456281,
        -0.9764937022248346,
        -0.5921249540908899,
        -0.1984180417126297,
        0.19841804171263136,
        0.5921249540908915,
        0.9764937022248334,
        1.3454625613456297,
        1.6932126721336296,
        2.01425980760586,
        2.3035408626516616,
        2.5564937022248353,
        2.7691291089386088,
        2.9380936954068746,
        3.060722789166475,
        3.1350824561537496,
        3.16,
        3.1350824561537496,
        3.0607227891664746,
        2.938093695406874,
        2.769129108938608,
        2.556493702224833,
        2.3035408626516594,
        2.0142598076058595,
        1.6932126721336285,
        1.3454625613456284,
        0.9764937022248324,
        0.5921249540908876,
        0.19841804171263008,
        -0.19841804171263097,
        -0.5921249540908912,
        -0.9764937022248329,
        -1.3454625613456317,
        -1.6932126721336291,
        -2.014259807605862,
        -2.3035408626516616,
        -2.5564937022248335,
        -2.76912910893861,
        -2.9380936954068746,
        -3.060722789166476,
        -3.1350824561537496,
        -3.16
    ],
    "args": {
        "I_fc": [
            0.5,
            10.0,
            201.0
        ],
        "current_units": "mA",
        "cycles": 1.5,
        "d": 0.2,
        "directory": "/scratch/users/lbvh/py-tdgl/results/14122470/56",
        "dt_init": 1e-06,
        "fc_center": [
            0,
            0,
            1
        ],
        "fc_radius": 2.4,
        "field_units": "mT",
        "film_points": 4000,
        "film_radius": 15.0,
        "film_shape": "box",
        "film_smooth": 100,
        "gamma": 1.0,
        "index": 56,
        "lam": 1.35,
        "max_edge_length": 0.5,
        "pl_center": null,
        "pl_radius": 0.8,
        "points_per_cycle": 51.0,
        "save_every": 500,
        "screening": false,
        "seed_solutions": true,
        "slot_radius": 0,
        "slot_size": null,
        "slot_top_center_x": null,
        "slot_top_center_y": null,
        "solve_time": [
            20000.0,
            2000.0
        ],
        "squid_angle": 0,
        "squid_iterations": 5,
        "squid_points": 4000,
        "squid_position": [
            0.0,
            0.0,
            0.5
        ],
        "squid_smooth": 100,
        "squid_type": "hypres-small",
        "xi": 0.9
    },
    "film_fluxoid": [
        1.9986280962067422,
        1.998638307429586,
        1.9986687616624546,
        1.9987189301556492,
        1.9987879583323573,
        1.9988746923597929,
        1.9989776995221131,
        1.9990952748669626,
        1.9992254149691275,
        1.9993656641833284,
        1.9995120486505062,
        0.9997173431244964,
        0.9998770525645148,
        8.07972139719375e-05,
        0.0002411540760470831,
        0.0003978245091967734,
        0.0005484410941095413,
        0.0006907828096799424,
        0.0008228655480789597,
        0.0009431735453848479,
        -0.9989159333357238,
        -0.9988284075193545,
        -0.9987585156777894,
        -0.9987074919472145,
        -0.9986763600668429,
        -0.9986658784296545,
        -0.9986763600675111,
        -0.9987074919470996,
        -0.9987585156777351,
        -0.998828407520346,
        -0.9989159333361725,
        -0.9990196607933353,
        -0.9991379560057585,
        -0.9992689831547679,
        -0.9994107153933748,
        -0.9995609547378006,
        -0.9997173431262488,
        -0.9998770525646178,
        -8.079721382026039e-05,
        -0.00024115407660747914,
        -0.00039782450873184703,
        -0.0005484410947220455,
        -0.0006907828094036051,
        -0.0008228655461284933,
        -0.0009431735476807136,
        0.998915933336138,
        0.9988284075203174,
        0.9987585156787594,
        0.9987074919466243,
        0.9986763600676474,
        0.9986658784294447,
        0.9986763600671945,
        0.9987074919471495,
        0.998758515677546,
        0.998828407520323,
        0.9989159333361544,
        0.9990196607931668,
        0.9991379560057987,
        0.9992689831556459,
        0.9994107153946159,
        0.9995609547370549,
        0.9997173431259807,
        0.9998770525611066,
        8.079721411110444e-05,
        0.00024115407611473722,
        0.00039782450952740976,
        0.0005484410924807793,
        0.0006907828113705131,
        0.0008228655465343233,
        0.000943173543849064,
        -0.9989159333355148,
        -0.9988284075203194,
        -0.9987585156779208,
        -0.9987074919468478,
        -0.9986763600669089,
        -0.9986658784291882
    ],
    "flux": [
        -0.010990139451771708,
        -0.010753353597154397,
        -0.010025932385826358,
        -0.008764294404589663,
        -0.006919788111535667,
        -0.00447046357049918,
        -0.0014586594470376686,
        0.0019702852336547904,
        0.005532769955716166,
        0.00877927921455382,
        0.011078506373544957,
        0.009295787113829071,
        0.01412960973231118,
        0.003246894905058196,
        0.009476004717595372,
        0.014947536415158677,
        0.019271398191794395,
        0.0222067818044104,
        0.023673193772300812,
        0.023679036001791894,
        0.016384917111942666,
        0.017936809494527025,
        0.018827589373293492,
        0.019254016927708187,
        0.019406111779360285,
        0.019435182925599998,
        0.019406111772449237,
        0.019254016927637143,
        0.01882758936084002,
        0.017936809494460276,
        0.016384917111626943,
        0.014005594773888895,
        0.01070494011398082,
        0.006500466323688454,
        0.0015468495815279032,
        -0.00385943961797965,
        -0.009295787140444257,
        -0.014129609731205235,
        -0.0032468949050208132,
        -0.009476004720706272,
        -0.014947536410587306,
        -0.019271398190440676,
        -0.022206781803737956,
        -0.023673193752985728,
        -0.023679035995934627,
        -0.016384917112020506,
        -0.017936809495802356,
        -0.01882758937711707,
        -0.01925401690629794,
        -0.019406111780852577,
        -0.019435182925776538,
        -0.019406111765374594,
        -0.019254016927001672,
        -0.018827589374179488,
        -0.017936809496720243,
        -0.016384917108310547,
        -0.014005594773696782,
        -0.010704940120524904,
        -0.006500466325360515,
        -0.0015468495892144193,
        0.0038594396507806417,
        0.00929578714427361,
        0.01412960974062045,
        0.0032468949048163522,
        0.009476004718978314,
        0.014947536414824625,
        0.019271398195565108,
        0.022206781793073782,
        0.023673193770258553,
        0.023679036002449028,
        0.01638491710698691,
        0.017936809493070884,
        0.018827589375528943,
        0.01925401692729322,
        0.01940611177955398,
        0.019435182925377874
    ],
    "timing": {
        "end_time": "2023-03-29T19:34:56.853908",