{
    "I_fc": [
        1.5,
        1.4881720519717168,
        1.4528747416929466,
        1.394664728832377,
        1.3144600200657954,
        1.2135254915624212,
        1.0934529411321172,
        0.9561359846230344,
        0.8037401924684948,
        0.638668937347609,
        0.4635254915624212,
        0.2810719718785868,
        0.09418577929396996,
        -0.0941857792939701,
        -0.28107197187858723,
        -0.46352549156242134,
        -0.6386689373476091,
        -0.8037401924684953,
        -0.9561359846230346,
        -1.0934529411321174,
        -1.213525491562421,
        -1.3144600200657954,
        -1.3946647288323772,
        -1.4528747416929466,
        -1.4881720519717168,
        -1.5,
        -1.4881720519717168,
        -1.4528747416929466,
        -1.3946647288323768,
        -1.3144600200657952,
        -1.2135254915624207,
        -1.0934529411321172,
        -0.9561359846230343,
        -0.8037401924684945,
        -0.6386689373476082,
        -0.46352549156242134,
        -0.28107197187858696,
        -0.09418577929396982,
        0.09418577929397058,
        0.2810719718785877,
        0.46352549156242084,
        0.6386689373476089,
        0.8037401924684952,
        0.956135984623035,
        1.0934529411321179,
        1.2135254915624216,
        1.3144600200657954,
        1.3946647288323772,
        1.4528747416929468,
        1.4881720519717168,
        1.5,
        1.4881720519717168,
        1.4528747416929466,
        1.394664728832377,
        1.314460020065795,
        1.2135254915624205,
        1.0934529411321166,
        0.9561359846230344,
        0.8037401924684946,
        0.6386689373476084,
        0.4635254915624203,
        0.2810719718785858,
        0.09418577929396998,
        -0.0941857792939704,
        -0.2810719718785875,
        -0.4635254915624207,
        -0.63866893734761,
        -0.803740192468495,
        -0.9561359846230357,
        -1.0934529411321177,
        -1.2135254915624207,
        -1.3144600200657959,
        -1.3946647288323772,
        -1.452874741692947,
        -1.4881720519717168,
        -1.5
    ],
    "args": {
        "I_fc": [
            1.5
        ],
        "current_units": "mA",
        "cycles": 1.5,
        "d": 0.2,
        "directory": "/scratch/users/lbvh/py-tdgl/results/17223933/10",
        "dt_init": 1e-06,
        "fc_center": [
            0,
            0,
            1
        ],
        "fc_radius": 2.4,
        "field_units": "mT",
        "film_points": 4000,
        "film_radius": 15.0,
        "film_shape": "box",
        "film_smooth": 100,
        "gamma": 1.0,
        "index": 10,
        "lam": 1.35,
        "max_edge_length": 0.5,
        "pl_center": null,
        "pl_radius": 0.8,
        "points_per_cycle": 51.0,
        "save_every": 500,
        "screening": false,
        "seed_solutions": true,
        "slot_radius": 0.1,
        "slot_size": [
            2.0,
            50.0
        ],
        "slot_top_center_x": [
            -10.0,
            10.0,
            101.0
        ],
        "slot_top_center_y": [
            5.0,
            5.0,
            101.0
        ],
        "solve_time": [
            10000.0,
            2000.0
        ],
        "squid_angle": 180.0,
        "squid_iterations": 5,
        "squid_points": 4000,
        "squid_position": [
            0.0,
            0.0,
            0.5
        ],
        "squid_smooth": 100,
        "squid_type": "hypres-small",
        "xi": 0.9
    },
    "film_fluxoid": [
        0.0002788761974673266,
        0.00027646312302243606,
        0.00027011302953800105,
        0.0002592917946975336,
        0.0002441783731290447,
        0.00022558909641040917,
        0.00020330799649364724,
        0.00017776182353182443,
        0.0001494487505447286,
        0.00011873929117778725,
        8.617216863441646e-05,
        5.226340827592864e-05,
        1.7584547564985825e-05,
        -1.751117427859696e-05,
        -5.227706132723757e-05,
        -8.623002292403696e-05,
        -0.00011873932882979433,
        -0.0001494304516232352,
        -0.00017776103210171616,
        -0.00020329147070433638,
        -0.00022562161513734678,
        -0.0002443802161144908,
        -0.00025929310096328603,
        -0.0002701151676730242,
        -0.0002766758978371952,
        -0.0002788749940185172,
        -0.0002766764387254165,
        -0.0002701130778506973,
        -0.0002591353631605906,
        -0.0002443589252696282,
        -0.00022540876095622766,
        -0.00020329040745572025,
        -0.0001777621171634598,
        -0.0001494284025217266,
        -0.00011852421225415145,
        -8.630743874319612e-05,
        -5.223318342517512e-05,
        -1.7519103937093937e-05,
        1.751534222492327e-05,
        5.224932894515955e-05,
        8.617708738339971e-05,
        0.00011873969883923446,
        0.00014942887340864286,
        0.00017796600858156154,
        0.00020329222595114703,
        0.00022561486423605903,
        0.00024438847670079684,
        0.00025929743039800025,
        0.00027011380733960917,
        0.00027667627167510435,
        0.0002788750134889542,
        0.0002767195263558524,
        0.0002700890323453775,
        0.00025927118445886045,
        0.000244536607854496,
        0.00022582017610172026,
        0.00020329120913078387,
        0.00017754257647731948,
        0.00014942887424885707,
        0.00011872225177987254,
        8.617769575403282e-05,
        5.225727209959819e-05,
        1.7507738938726875e-05,
        -1.7510835268468367e-05,
        -5.2257633630775064e-05,
        -8.617833705224176e-05,
        -0.00011873912564242625,
        -0.000149347479652922,
        -0.00017776410173889987,
        -0.00020329147318257158,
        -0.0002255665988809468,
        -0.00024423010325180886,
        -0.00025929196379797836,
        -0.00027010959002361757,
        -0.00027669044087969057,
        -0.0002788751395449027
    ],