{
    "I_fc": [
        5.9625,
        5.915483906587575,
        5.775177098229463,
        5.543792297108699,
        5.224978579761537,
        4.823763828960624,
        4.346475441000167,
        3.800640538876562,
        3.194867265062267,
        2.538709025956746,
        1.8425138289606242,
        1.1172610882173826,
        0.3743884726935306,
        -0.3743884726935312,
        -1.1172610882173843,
        -1.8425138289606249,
        -2.5387090259567464,
        -3.194867265062269,
        -3.800640538876563,
        -4.346475441000167,
        -4.823763828960624,
        -5.224978579761537,
        -5.543792297108699,
        -5.775177098229463,
        -5.915483906587575,
        -5.9625,
        -5.915483906587575,
        -5.775177098229463,
        -5.543792297108698,
        -5.224978579761537,
        -4.823763828960623,
        -4.346475441000167,
        -3.8006405388765616,
        -3.194867265062266,
        -2.538709025956743,
        -1.8425138289606249,
        -1.1172610882173832,
        -0.37438847269353004,
        0.3743884726935331,
        1.1172610882173861,
        1.8425138289606229,
        2.5387090259567455,
        3.1948672650622685,
        3.8006405388765643,
        4.346475441000169,
        4.823763828960627,
        5.224978579761537,
        5.543792297108699,
        5.775177098229464,
        5.915483906587575,
        5.9625,
        5.915483906587575,
        5.775177098229463,
        5.543792297108699,
        5.224978579761536,
        4.8237638289606215,
        4.346475441000163,
        3.800640538876562,
        3.1948672650622663,
        2.5387090259567437,
        1.8425138289606207,
        1.1172610882173788,
        0.3743884726935307,
        -0.3743884726935323,
        -1.1172610882173855,
        -1.8425138289606222,
        -2.53870902595675,
        -3.1948672650622676,
        -3.8006405388765674,
        -4.346475441000168,
        -4.823763828960623,
        -5.224978579761539,
        -5.543792297108699,
        -5.775177098229465,
        -5.915483906587575,
        -5.9625
    ],
    "args": {
        "I_fc": [
            0.5,
            10.0,
            201.0
        ],
        "current_units": "mA",
        "cycles": 1.5,
        "d": 0.2,
        "directory": "/scratch/users/lbvh/py-tdgl/results/14122470/115",
        "dt_init": 1e-06,
        "fc_center": [
            0,
            0,
            1
        ],
        "fc_radius": 2.4,
        "field_units": "mT",
        "film_points": 4000,
        "film_radius": 15.0,
        "film_shape": "box",
        "film_smooth": 100,
        "gamma": 1.0,
        "index": 115,
        "lam": 1.35,
        "max_edge_length": 0.5,
        "pl_center": null,
        "pl_radius": 0.8,
        "points_per_cycle": 51.0,
        "save_every": 500,
        "screening": false,
        "seed_solutions": true,
        "slot_radius": 0,
        "slot_size": null,
        "slot_top_center_x": null,
        "slot_top_center_y": null,
        "solve_time": [
            20000.0,
            2000.0
        ],
        "squid_angle": 0,
        "squid_iterations": 5,
        "squid_points": 4000,
        "squid_position": [
            0.0,
            0.0,
            0.5
        ],
        "squid_smooth": 100,
        "squid_type": "hypres-small",
        "xi": 0.9
    },
    "film_fluxoid": [
        2.9973955734323274,
        2.9974153138662336,
        2.9974742427937286,
        2.9975715360167206,
        2.9977060530601554,
        2.997877771471326,
        2.9980857276968815,
        2.998324780365684,
        2.9985720094235817,
        2.998838214607503,
        2.999116177596306,
        1.9994567748666485,
        0.999805830300697,
        0.00015246094933227855,
        0.000455252925320406,
        0.0007520946411918084,
        -0.9989232380807085,
        -0.9986511433535564,
        -1.9983639013259222,
        -2.9981004098356134,
        -2.9979013835169903,
        -2.9977099536039993,
        -2.997576732039115,
        -2.997479978811926,
        -2.9974212588231004,
        -2.9974015757814643,
        -2.997421262882841,
        -2.997479980628348,
        -2.9975767320048083,
        -2.9977099554954347,
        -2.9978777703924475,
        -2.9980857276994666,
        -2.998324780367812,
        -2.9985720094274697,
        -2.9988382146100605,
        -2.9991161775943294,
        -1.9994567748663847,
        -0.9998058302984718,
        -0.00015246094898863728,
        -0.00045525292465072254,
        -0.0007520946401991043,
        0.9989232380806281,
        0.9986511433539658,
        1.9983639013247034,
        2.998100409834696,
        2.997901383516582,
        2.997709953602453,
        2.997576732040131,
        2.997479978814631,
        2.9974212588236626,
        2.997401575783901,
        2.9974212628815713,
        2.99747998062738,
        2.997576732006948,
        2.9977099554935185,
        2.997877770391493,
        2.9980857276997854,
        2.998324780368697,
        2.9985720094259993,
        2.998838214610736,
        2.999116177592773,
        1.999456774868193,
        0.9998058302982485,
        0.00015246094935715754,
        0.0004552529238439218,
        0.0007520946382673281,
        -0.9989232380805635,
        -0.9986511433541713,
        -1.9983639013257863,
        -2.998100409834515,
        -2.99790138351894,
        -2.9977099536008738,
        -2.997576732041308,
        -2.997479978812587,
        -2.997421258826949,
        -2.9974015757787393
    ],
    "flux": [
        -0.005590045715327509,
        -0.005256982911708862,
        -0.004263114716276187,
        -0.0026673824030145495,
        -0.0007428751699151244,
        -0.0026660711715291623,
        -0.005194444262953249,
        -0.006489666407359787,
        6.226787622448279e-05,
        0.007376690651169863,
        0.013133279544398524,
        0.010372187108268366,
        0.012125618814591035,
        0.00608271203215487,
        0.016723379102475976,
        0.023053884931526547,
        0.01623546912439804,
        0.01945102347600468,
        0.015502349967879457,
        0.011096464886181668,
        0.013197004664509867,
        0.005753946361225389,
        0.008135241653480209,
        0.009680365313000393,
        0.01050180418525411,
        0.01075160465361628,
        0.010501140486940971,
        0.009679994722903021,
        0.008135212212158275,
        0.00575360034041985,
        0.0026663404679694897,
        0.005194444479669565,
        0.006489666405006996,
        -6.226786527845021e-05,
        -0.00737669064516622,
        -0.013133279547010032,
        -0.010372187107932524,
        -0.012125618818082705,
        -0.006082712033654102,
        -0.016723379070299686,
        -0.02305388493205463,
        -0.016235469124099376,
        -0.019451023477190146,
        -0.015502349966661224,
        -0.01109646488634096,
        -0.013197004664319468,
        -0.005753946414805329,
        -0.00813524165752117,
        -0.009680365287876507,
        -0.010501804205779713,
        -0.010751604736026455,
        -0.010501140510101594,
        -0.00967999470449706,
        -0.008135212212096078,
        -0.005753600382217761,
        -0.0026663404677684326,
        -0.005194444471304034,
        -0.006489666404265286,
        6.226787030533728e-05,
        0.007376690643777719,
        0.013133279553868097,
        0.010372187102880022,
        0.012125618807209686,
        0.00608271203082477,
        0.016723379105818136,
        0.023053884889448754,
        0.016235469124073275,
        0.01945102346145143,
        0.015502349968718252,
        0.01109646488398606,
        0.013197004668816058,
        0.005753946311244183,
        0.008135241655973338,
        0.009680365277531203,
        0.010501804232002313,
        0.010751604678384138
    ],
    "timing": {
        "end_time": "2023-03-29T15:15:47.694608",
        "start_time": "2023-03-29T09:48:25.942605",