{
    "I_fc": [
        1.0,
        0.9921147013144779,
        0.9685831611286311,
        0.9297764858882513,
        0.8763066800438636,
        0.8090169943749475,
        0.7289686274214116,
        0.6374239897486896,
        0.5358267949789965,
        0.42577929156507266,
        0.30901699437494745,
        0.18738131458572452,
        0.0627905195293133,
        -0.0627905195293134,
        -0.18738131458572482,
        -0.30901699437494756,
        -0.4257792915650727,
        -0.5358267949789969,
        -0.6374239897486897,
        -0.7289686274214117,
        -0.8090169943749473,
        -0.8763066800438636,
        -0.9297764858882515,
        -0.9685831611286311,
        -0.9921147013144779,
        -1.0,
        -0.9921147013144779,
        -0.9685831611286311,
        -0.9297764858882512,
        -0.8763066800438635,
        -0.8090169943749472,
        -0.7289686274214116,
        -0.6374239897486895,
        -0.5358267949789963,
        -0.42577929156507216,
        -0.30901699437494756,
        -0.18738131458572463,
        -0.06279051952931321,
        0.06279051952931372,
        0.18738131458572513,
        0.30901699437494723,
        0.4257792915650726,
        0.5358267949789968,
        0.63742398974869,
        0.7289686274214119,
        0.8090169943749478,
        0.8763066800438636,
        0.9297764858882515,
        0.9685831611286312,
        0.9921147013144779,
        1.0,
        0.9921147013144779,
        0.9685831611286311,
        0.9297764858882513,
        0.8763066800438634,
        0.809016994374947,
        0.728968627421411,
        0.6374239897486896,
        0.5358267949789964,
        0.42577929156507227,
        0.30901699437494684,
        0.18738131458572388,
        0.06279051952931332,
        -0.0627905195293136,
        -0.18738131458572502,
        -0.3090169943749471,
        -0.4257792915650733,
        -0.5358267949789967,
        -0.6374239897486905,
        -0.7289686274214118,
        -0.8090169943749472,
        -0.8763066800438639,
        -0.9297764858882515,
        -0.9685831611286314,
        -0.9921147013144779,
        -1.0
    ],
    "args": {
        "I_fc": [
            1.0
        ],
        "current_units": "mA",
        "cycles": 1.5,
        "d": 0.2,
        "directory": "/scratch/users/lbvh/py-tdgl/results/17223170/59",
        "dt_init": 1e-06,
        "fc_center": [
            0,
            0,
            1
        ],
        "fc_radius": 2.4,
        "field_units": "mT",
        "film_points": 4000,
        "film_radius": 15.0,
        "film_shape": "box",
        "film_smooth": 100,
        "gamma": 1.0,
        "index": 59,
        "lam": 1.35,
        "max_edge_length": 0.5,
        "pl_center": null,
        "pl_radius": 0.8,
        "points_per_cycle": 51.0,
        "save_every": 500,
        "screening": false,
        "seed_solutions": true,
        "slot_radius": 0.1,
        "slot_size": [
            2.0,
            50.0
        ],
        "slot_top_center_x": [
            -10.0,
            10.0,
            101.0
        ],
        "slot_top_center_y": [
            -1.0,
            -1.0,
            101.0
        ],
        "solve_time": [
            10000.0,
            2000.0
        ],
        "squid_angle": 180.0,
        "squid_iterations": 5,
        "squid_points": 4000,
        "squid_position": [
            0.0,
            0.0,
            0.5
        ],
        "squid_smooth": 100,
        "squid_type": "hypres-small",
        "xi": 0.9
    },
    "film_fluxoid": [
        0.9989112720412254,
        0.9989197379989808,
        0.9989450205515928,
        0.998986792810401,
        0.9990446242168256,
        -0.0008637931110100657,
        -0.0007778134422856506,
        -0.0006797779073184402,
        -0.0005711929418855291,
        -0.0004537372350284836,
        -0.00032923154169121237,
        -0.0001996087358501424,
        -6.688286123806513e-05,
        6.688286123983211e-05,
        0.00019960873584650243,
        0.0003292315416894454,
        0.0004537372350322473,
        0.0005711929418887384,
        0.0006797779073166203,
        0.0007778134422817146,
        0.0008637931110161618,
        0.00093641938432365,
        0.000994686621986406,
        -0.9989450205515923,
        -0.9989197379989808,
        -0.9989112720412338,
        -0.9989197379989834,
        -0.9989450205515745,
        -0.9989867928103778,
        -0.9990446242168236,
        0.000863793111012301,
        0.0007778134422830575,
        0.000679777907327982,
        0.0005711929418849924,
        0.00045373723502668134,
        0.0003292315416884559,
        0.00019960873584706787,
        6.68828612376764e-05,
        -6.688286124124569e-05,
        -0.0001996087358454069,
        -0.00032923154168877395,
        -0.00045373723503993365,
        -0.0005711929418837202,
        -0.0006797779073128566,
        -0.0007778134422924756,
        -0.0008637931110184765,
        -0.0009364193843240608,
        -0.0009946866219897102,
        0.9989450205515852,
        0.9989197379989893,
        0.998911272041243,
        0.998919737998979,
        0.9989450205515782,
        0.9989867928103876,
        0.9990446242168146,
        -0.0008637931110227879,
        -0.0007778134422925109,
        -0.0006797779073328588,
        -0.0005711929418938825,
        -0.0004537372350253031,
        -0.0003292315416860528,
        -0.00019960873584480614,
        -6.688286123947871e-05,
        6.688286123605079e-05,
        0.00019960873585137928,
        0.00032923154168803187,
        0.00045373723503107225,
        0.0005711929418853104,
        0.0006797779073296517,
        0.0007778134422909029,
        0.000863793111008122,
        0.0009364193843318179,
        0.0009946866219972198,
        -0.9989450205515824,
        -0.9989197379989839,
        -0.9989112720412368
    ],