{
    "I_fc": [
        1.5,
        1.4881720519717168,
        1.4528747416929466,
        1.394664728832377,
        1.3144600200657954,
        1.2135254915624212,
        1.0934529411321172,
        0.9561359846230344,
        0.8037401924684948,
        0.638668937347609,
        0.4635254915624212,
        0.2810719718785868,
        0.09418577929396996,
        -0.0941857792939701,
        -0.28107197187858723,
        -0.46352549156242134,
        -0.6386689373476091,
        -0.8037401924684953,
        -0.9561359846230346,
        -1.0934529411321174,
        -1.213525491562421,
        -1.3144600200657954,
        -1.3946647288323772,
        -1.4528747416929466,
        -1.4881720519717168,
        -1.5,
        -1.4881720519717168,
        -1.4528747416929466,
        -1.3946647288323768,
        -1.3144600200657952,
        -1.2135254915624207,
        -1.0934529411321172,
        -0.9561359846230343,
        -0.8037401924684945,
        -0.6386689373476082,
        -0.46352549156242134,
        -0.28107197187858696,
        -0.09418577929396982,
        0.09418577929397058,
        0.2810719718785877,
        0.46352549156242084,
        0.6386689373476089,
        0.8037401924684952,
        0.956135984623035,
        1.0934529411321179,
        1.2135254915624216,
        1.3144600200657954,
        1.3946647288323772,
        1.4528747416929468,
        1.4881720519717168,
        1.5,
        1.4881720519717168,
        1.4528747416929466,
        1.394664728832377,
        1.314460020065795,
        1.2135254915624205,
        1.0934529411321166,
        0.9561359846230344,
        0.8037401924684946,
        0.6386689373476084,
        0.4635254915624203,
        0.2810719718785858,
        0.09418577929396998,
        -0.0941857792939704,
        -0.2810719718785875,
        -0.4635254915624207,
        -0.63866893734761,
        -0.803740192468495,
        -0.9561359846230357,
        -1.0934529411321177,
        -1.2135254915624207,
        -1.3144600200657959,
        -1.3946647288323772,
        -1.452874741692947,
        -1.4881720519717168,
        -1.5
    ],
    "args": {
        "I_fc": [
            1.5
        ],
        "current_units": "mA",
        "cycles": 1.5,
        "d": 0.2,
        "directory": "/scratch/users/lbvh/py-tdgl/results/17223933/75",
        "dt_init": 1e-06,
        "fc_center": [
            0,
            0,
            1
        ],
        "fc_radius": 2.4,
        "field_units": "mT",
        "film_points": 4000,
        "film_radius": 15.0,
        "film_shape": "box",
        "film_smooth": 100,
        "gamma": 1.0,
        "index": 75,
        "lam": 1.35,
        "max_edge_length": 0.5,
        "pl_center": null,
        "pl_radius": 0.8,
        "points_per_cycle": 51.0,
        "save_every": 500,
        "screening": false,
        "seed_solutions": true,
        "slot_radius": 0.1,
        "slot_size": [
            2.0,
            50.0
        ],
        "slot_top_center_x": [
            -10.0,
            10.0,
            101.0
        ],
        "slot_top_center_y": [
            5.0,
            5.0,
            101.0
        ],
        "solve_time": [
            10000.0,
            2000.0
        ],
        "squid_angle": 180.0,
        "squid_iterations": 5,
        "squid_points": 4000,
        "squid_position": [
            0.0,
            0.0,
            0.5
        ],
        "squid_smooth": 100,
        "squid_type": "hypres-small",
        "xi": 0.9
    },
    "film_fluxoid": [
        0.999076139103726,
        0.9990830361167652,
        0.999103611295147,
        0.9991375232445988,
        0.9991842211293933,
        0.9992429660195543,
        0.9993128558043302,
        0.999392859298013,
        0.9994818838233614,
        0.9995789954371237,
        0.9996851179709819,
        -0.00016316485914606558,
        -5.4662277317103295e-05,
        5.466227731678524e-05,
        0.00016316485914624228,
        0.00026921765651430986,
        0.0003712423372013942,
        0.0004677481860256536,
        0.0005573878303658048,
        0.0006391024122227242,
        -0.9992429660195552,
        -0.9991842211293924,
        -0.9991375232445979,
        -0.999103611295147,
        -0.999083036116766,
        -0.999076139103726,
        -0.999083036116765,
        -0.9991036112951471,
        -0.9991375232445988,
        -0.9991842211293938,
        -0.9992429660195545,
        -0.9993128558043287,
        -0.9993928592980127,
        -0.9994818838233619,
        -0.9995789954371238,
        -0.9996851179709826,
        0.0001631648591456415,
        5.466227731653786e-05,
        -5.466227731682058e-05,
        -0.00016316485914592865,
        -0.00026921765651333364,
        -0.0003712423372012352,
        -0.00046774818602499097,
        -0.0005573878303658401,
        -0.000639102412222733,
        0.9992429660195541,
        0.9991842211293926,
        0.9991375232445981,
        0.999103611295147,
        0.9990830361167655,
        0.9990761391037281,
        0.9990830361167651,
        0.9991036112951482,
        0.9991375232445993,
        0.9991842211293928,
        0.9992429660195553,
        0.9993128558043304,
        0.9993928592980127,
        0.9994818838233612,
        0.9995789954371244,
        0.9996851179709815,
        -0.0001631648591459419,
        -5.466227731671456e-05,
        5.466227731682058e-05,
        0.00016316485914606558,
        0.00026921765651380185,
        0.00037124233720105845,
        0.0004677481860253708,
        0.0005573878303650273,
        0.0006391024122230952,
        -0.9992429660195546,
        -0.9991842211293938,
        -0.9991375232445991,
        -0.9991036112951461,
        -0.9990830361167666,
        -0.9990761391037265
    ],