{
    "I_fc": [
        1.1,
        1.0913261714459257,
        1.0654414772414942,
        1.0227541344770765,
        0.96393734804825,
        0.8899186938124423,
        0.8018654901635528,
        0.7011663887235586,
        0.5894094744768963,
        0.46835722072158,
        0.3399186938124422,
        0.206119446044297,
        0.06906957148224464,
        -0.06906957148224475,
        -0.20611944604429733,
        -0.33991869381244233,
        -0.46835722072158004,
        -0.5894094744768966,
        -0.7011663887235587,
        -0.8018654901635529,
        -0.8899186938124422,
        -0.96393734804825,
        -1.0227541344770767,
        -1.0654414772414942,
        -1.0913261714459257,
        -1.1,
        -1.0913261714459257,
        -1.0654414772414942,
        -1.0227541344770765,
        -0.9639373480482499,
        -0.889918693812442,
        -0.8018654901635528,
        -0.7011663887235585,
        -0.589409474476896,
        -0.4683572207215794,
        -0.33991869381244233,
        -0.2061194460442971,
        -0.06906957148224453,
        0.0690695714822451,
        0.20611944604429766,
        0.339918693812442,
        0.4683572207215799,
        0.5894094744768965,
        0.7011663887235591,
        0.8018654901635531,
        0.8899186938124426,
        0.96393734804825,
        1.0227541344770767,
        1.0654414772414944,
        1.0913261714459257,
        1.1,
        1.0913261714459257,
        1.0654414772414942,
        1.0227541344770765,
        0.9639373480482498,
        0.8899186938124418,
        0.8018654901635521,
        0.7011663887235586,
        0.5894094744768962,
        0.46835722072157954,
        0.33991869381244155,
        0.20611944604429627,
        0.06906957148224466,
        -0.06906957148224496,
        -0.20611944604429752,
        -0.33991869381244183,
        -0.4683572207215807,
        -0.5894094744768964,
        -0.7011663887235596,
        -0.801865490163553,
        -0.889918693812442,
        -0.9639373480482504,
        -1.0227541344770767,
        -1.0654414772414946,
        -1.0913261714459257,
        -1.1
    ],
    "args": {
        "I_fc": [
            1.1
        ],
        "current_units": "mA",
        "cycles": 1.5,
        "d": 0.2,
        "directory": "/scratch/users/lbvh/py-tdgl/results/17223196/36",
        "dt_init": 1e-06,
        "fc_center": [
            0,
            0,
            1
        ],
        "fc_radius": 2.4,
        "field_units": "mT",
        "film_points": 4000,
        "film_radius": 15.0,
        "film_shape": "box",
        "film_smooth": 100,
        "gamma": 1.0,
        "index": 36,
        "lam": 1.35,
        "max_edge_length": 0.5,
        "pl_center": null,
        "pl_radius": 0.8,
        "points_per_cycle": 51.0,
        "save_every": 500,
        "screening": false,
        "seed_solutions": true,
        "slot_radius": 0.1,
        "slot_size": [
            2.0,
            50.0
        ],
        "slot_top_center_x": [
            -10.0,
            10.0,
            101.0
        ],
        "slot_top_center_y": [
            -1.0,
            -1.0,
            101.0
        ],
        "solve_time": [
            10000.0,
            2000.0
        ],
        "squid_angle": 180.0,
        "squid_iterations": 5,
        "squid_points": 4000,
        "squid_position": [
            0.0,
            0.0,
            0.5
        ],
        "squid_smooth": 100,
        "squid_type": "hypres-small",
        "xi": 0.9
    },
    "film_fluxoid": [
        0.9991168145819443,
        0.9991237611759064,
        0.9991444918767683,
        0.9991786817914505,
        0.9992257980228524,
        0.9992851192746661,
        -0.0006423247027122956,
        -0.0005615477614453845,
        -0.0004719770475760972,
        -0.0003750041399235312,
        -0.0002721461620338971,
        -0.00016501591240743925,
        -5.5294723136084585e-05,
        5.529472313620827e-05,
        0.00016501591240788982,
        0.0002721461620336365,
        0.0003750041399226477,
        0.00047197704757549644,
        0.0005615477614453138,
        0.0006423247027137422,
        0.0007131027281911991,
        -0.9992257980228516,
        -0.9991786817914408,
        -0.999144491876774,
        -0.9991237611759098,
        -0.9991168145819387,
        -0.9991237611759033,
        -0.9991444918767699,
        -0.9991786817914468,
        -0.9992257980228519,
        -0.9992851192746663,
        0.000642324702711993,
        0.0005615477614447484,
        0.0004719770475759205,
        0.0003750041399228951,
        0.0002721461620345376,
        0.00016501591240863196,
        5.529472313604925e-05,
        -5.5294723136225945e-05,
        -0.00016501591240750992,
        -0.00027214616203409585,
        -0.00037500413992346053,
        -0.00047197704757549644,
        -0.0005615477614457026,
        -0.0006423247027133182,
        -0.0007131027281907839,
        0.999225798022855,
        0.999178681791453,
        0.9991444918767667,
        0.9991237611759018,
        0.9991168145819407,
        0.9991237611759044,
        0.9991444918767721,
        0.9991786817914411,
        0.9992257980228549,
        0.9992851192746577,
        -0.0006423247027122204,
        -0.0005615477614448191,
        -0.00047197704757694536,
        -0.000375004139924238,
        -0.0002721461620342901,
        -0.00016501591240805768,
        -5.5294723136137596e-05,
        5.529472313606692e-05,
        0.00016501591240749227,
        0.00027214616203462597,
        0.00037500413992296575,
        0.0004719770475774048,
        0.0005615477614455612,
        0.0006423247027128941,
        0.0007131027281907928,
        -0.9992257980228519,
        -0.9991786817914522,
        -0.9991444918767645,
        -0.9991237611758949,
        -0.9991168145819428
    ],