{
    "I_fc": [
        1.5,
        1.4881720519717165,
        1.452874741692947,
        1.3946647288323768,
        1.3144600200657952,
        1.2135254915624214,
        1.0934529411321174,
        0.9561359846230344,
        0.8037401924684948,
        0.638668937347609,
        0.4635254915624213,
        0.2810719718785868,
        0.09418577929396993,
        -0.0941857792939701,
        -0.2810719718785873,
        -0.4635254915624214,
        -0.6386689373476091,
        -0.8037401924684952,
        -0.9561359846230344,
        -1.0934529411321174,
        -1.2135254915624212,
        -1.3144600200657954,
        -1.3946647288323772,
        -1.452874741692947,
        -1.4881720519717165,
        -1.5,
        -1.4881720519717165,
        -1.4528747416929468,
        -1.3946647288323768,
        -1.3144600200657952,
        -1.213525491562421,
        -1.0934529411321174,
        -0.9561359846230343,
        -0.8037401924684944,
        -0.6386689373476082,
        -0.4635254915624214,
        -0.281071971878587,
        -0.09418577929396979,
        0.09418577929397058,
        0.28107197187858773,
        0.46352549156242095,
        0.638668937347609,
        0.803740192468495,
        0.9561359846230348,
        1.0934529411321179,
        1.2135254915624218,
        1.3144600200657952,
        1.394664728832377,
        1.452874741692947,
        1.4881720519717165,
        1.5,
        1.4881720519717165,
        1.4528747416929468,
        1.3946647288323768,
        1.3144600200657948,
        1.2135254915624207,
        1.0934529411321168,
        0.9561359846230344,
        0.8037401924684945,
        0.6386689373476084,
        0.4635254915624204,
        0.28107197187858585,
        0.09418577929396998,
        -0.0941857792939704,
        -0.28107197187858757,
        -0.4635254915624207,
        -0.6386689373476099,
        -0.8037401924684948,
        -0.9561359846230357,
        -1.0934529411321179,
        -1.213525491562421,
        -1.3144600200657959,
        -1.394664728832377,
        -1.4528747416929473,
        -1.4881720519717165,
        -1.5
    ],
    "args": {
        "I_fc": [
            1.5
        ],
        "current_units": "mA",
        "cycles": 1.5,
        "d": 0.2,
        "directory": "/scratch/users/lbvh/py-tdgl/results/17223933/23",
        "dt_init": 1e-06,
        "fc_center": [
            0,
            0,
            1
        ],
        "fc_radius": 2.4,
        "field_units": "mT",
        "film_points": 4000,
        "film_radius": 15.0,
        "film_shape": "box",
        "film_smooth": 100,
        "gamma": 1.0,
        "index": 23,
        "lam": 1.35,
        "max_edge_length": 0.5,
        "pl_center": null,
        "pl_radius": 0.8,
        "points_per_cycle": 51.0,
        "save_every": 500,
        "screening": false,
        "seed_solutions": true,
        "slot_radius": 0.1,
        "slot_size": [
            2.0,
            50.0
        ],
        "slot_top_center_x": [
            -10.0,
            10.0,
            101.0
        ],
        "slot_top_center_y": [
            5.0,
            5.0,
            101.0
        ],
        "solve_time": [
            10000.0,
            2000.0
        ],
        "squid_angle": 180.0,
        "squid_iterations": 5,
        "squid_points": 4000,
        "squid_position": [
            0.0,
            0.0,
            0.5
        ],
        "squid_smooth": 100,
        "squid_type": "hypres-small",
        "xi": 0.9
    },
    "film_fluxoid": [
        1.0004295547225863,
        1.0004261673428914,
        1.0004160586276585,
        1.0003993880090583,
        1.0003764184175317,
        1.0003475121395793,
        1.0003131251066568,
        1.0002737997133133,
        1.000230156301609,
        1.00018288365641,
        0.00013274481008257534,
        8.04936335757126e-05,
        2.6973006095997673e-05,
        -2.69730060988668e-05,
        -8.049363357815102e-05,
        -0.00013274481007048925,
        -0.0001829024726039909,
        -0.00023017554165361605,
        -0.00027381835768342335,
        -0.00031314215827959053,
        -1.0003475121395562,
        -1.0003764184175672,
        -1.0003993880090656,
        -1.000416058627613,
        -1.0004261673428605,
        -1.0004295547226265,
        -1.0004261673428605,
        -1.0004160586276352,
        -1.000399388009033,
        -1.0003764184175628,
        -1.000347512139546,
        -1.0003131251066937,
        -1.000273799713363,
        -1.0002301563016254,
        -1.000182883656415,
        -0.00013274481008596794,
        -8.049363357140117e-05,
        -2.697300610341897e-05,
        2.6973006096209713e-05,
        8.049363356617092e-05,
        0.00013274481008599887,
        0.00018290247261448675,
        0.00023017554165289436,
        0.00027381835769527975,
        0.0003131421582058166,
        1.0003475121395424,
        1.0003764184175923,
        1.0003993880090636,
        1.0004160586276447,
        1.0004261673428474,
        1.0004295547226405,
        1.000426167342879,
        1.0004160586276905,
        1.0003993880090383,
        1.0003764184175392,
        1.0003475121395697,
        1.0003131251066375,
        1.0002737997133062,
        1.0002301563016054,
        1.000182883656426,
        0.0001327448100854732,
        8.049363358196768e-05,
        2.6973006096209713e-05,
        -2.697300609629806e-05,
        -8.049363358050993e-05,
        -0.0001327448100856499,
        -0.00018290247262300356,
        -0.00023017554164749625,
        -0.0002738183576887949,
        -0.00031314215824778665,
        -1.0003475121395624,
        -1.000376418417546,
        -1.0003993880090913,
        -1.0004160586276156,
        -1.000426167342838,
        -1.0004295547225903
    ],