{
    "I_fc": [
        7.055,
        6.9993692177736415,
        6.833354201762492,
        6.559573107941613,
        6.182343627709457,
        5.707614895315254,
        5.142873666458058,
        4.497026247677005,
        3.7802580385768203,
        3.0038729019915875,
        2.180114895315254,
        1.3219751744022865,
        0.44298711527930534,
        -0.442987115279306,
        -1.3219751744022885,
        -2.180114895315255,
        -3.003872901991588,
        -3.780258038576823,
        -4.497026247677006,
        -5.142873666458059,
        -5.7076148953152535,
        -6.182343627709457,
        -6.559573107941614,
        -6.833354201762492,
        -6.9993692177736415,
        -7.055,
        -6.9993692177736415,
        -6.833354201762492,
        -6.559573107941612,
        -6.182343627709456,
        -5.707614895315253,
        -5.142873666458058,
        -4.497026247677004,
        -3.780258038576819,
        -3.003872901991584,
        -2.180114895315255,
        -1.3219751744022872,
        -0.4429871152793047,
        0.4429871152793083,
        1.3219751744022907,
        2.1801148953152527,
        3.003872901991587,
        3.780258038576822,
        4.497026247677008,
        5.142873666458061,
        5.707614895315256,
        6.182343627709457,
        6.559573107941614,
        6.833354201762493,
        6.9993692177736415,
        7.055,
        6.9993692177736415,
        6.833354201762492,
        6.559573107941613,
        6.1823436277094554,
        5.707614895315251,
        5.142873666458055,
        4.497026247677005,
        3.78025803857682,
        3.003872901991585,
        2.18011489531525,
        1.3219751744022818,
        0.44298711527930545,
        -0.4429871152793074,
        -1.3219751744022898,
        -2.180114895315252,
        -3.0038729019915924,
        -3.780258038576821,
        -4.497026247677011,
        -5.14287366645806,
        -5.707614895315253,
        -6.18234362770946,
        -6.559573107941614,
        -6.833354201762495,
        -6.9993692177736415,
        -7.055
    ],
    "args": {
        "I_fc": [
            0.5,
            10.0,
            201.0
        ],
        "current_units": "mA",
        "cycles": 1.5,
        "d": 0.2,
        "directory": "/scratch/users/lbvh/py-tdgl/results/14122470/138",
        "dt_init": 1e-06,
        "fc_center": [
            0,
            0,
            1
        ],
        "fc_radius": 2.4,
        "field_units": "mT",
        "film_points": 4000,
        "film_radius": 15.0,
        "film_shape": "box",
        "film_smooth": 100,
        "gamma": 1.0,
        "index": 138,
        "lam": 1.35,
        "max_edge_length": 0.5,
        "pl_center": null,
        "pl_radius": 0.8,
        "points_per_cycle": 51.0,
        "save_every": 500,
        "screening": false,
        "seed_solutions": true,
        "slot_radius": 0,
        "slot_size": null,
        "slot_top_center_x": null,
        "slot_top_center_y": null,
        "solve_time": [
            20000.0,
            2000.0
        ],
        "squid_angle": 0,
        "squid_iterations": 5,
        "squid_points": 4000,
        "squid_position": [
            0.0,
            0.0,
            0.5
        ],
        "squid_smooth": 100,
        "squid_type": "hypres-small",
        "xi": 0.9
    },
    "film_fluxoid": [
        2.996939301261023,
        2.9969628182629067,
        2.9970329726460383,
        2.9971486222726678,
        2.99730782785649,
        2.9975074595670437,
        2.9977408550746905,
        2.998015343920283,
        2.9983331234665433,
        2.9986496790922113,
        2.998982570522463,
        1.999375090345446,
        0.9997779690745751,
        0.00018040105401644755,
        0.0005388435607188899,
        0.0008915904698483893,
        -1.9986920273766635,
        -1.998372382173841,
        -2.9980380624647385,
        -2.9977442633138627,
        -2.9975082402982007,
        -2.9973095574185087,
        -2.9971448289649705,
        -2.997029670608765,
        -2.9969597056931137,
        -2.9969362503852928,
        -2.996959737426609,
        -2.997029693299221,
        -2.9971448474896456,
        -2.997303284820153,
        -2.99750263397475,
        -2.9977408550290976,
        -2.998015343919671,
        -2.998333123464147,
        -2.9986496790915984,
        -2.998982570523297,
        -1.9993750903440681,
        -0.99977796907541,
        -0.00018040105418966408,
        -0.0005388435586788114,
        -0.0008915904712050725,
        1.9986920273749311,
        1.9983723821729726,
        2.998038062464747,
        2.9977442633130633,
        2.9975082403005864,
        2.9973095574150768,
        2.997144828965101,
        2.9970296706116994,
        2.996959705692499,
        2.9969362503869412,
        2.996959737423494,
        2.9970296932978258,
        2.9971448474882343,
        2.9973032848175487,
        2.9975026339747526,
        2.9977408550266826,
        2.9980153439203314,
        2.998333123464177,
        2.998649679091804,
        2.99898257051971,
        1.9993750903464216,
        0.9997779690758171,
        0.00018040105409407073,
        0.0005388435600848287,
        0.0008915904733705002,
        -1.9986920273770055,
        -1.9983723821742738,
        -2.9980380624629546,
        -2.997744263313083,
        -2.997508240298972,
        -2.997309557405234,
        -2.9971448289661433,
        -2.9970296706089665,
        -2.9969597056935164,
        -2.996936250387014
    ],
    "flux": [
        -0.0074484900498683615,
        -0.0071102567566897175,
        -0.006071129637357173,
        -0.004314803189340703,
        -0.002001490447278625,
        0.00011818074715589555,
        -0.0003479187437951384,
        -0.0006040058478750128,
        -0.006286996910204938,
        0.0022385763345048235,
        0.010840462050934809,
        0.008965991156088454,
        0.011262831595771235,
        0.007168461037984275,
        0.0190298895587918,
        0.02386134413915333,
        0.00945009613211916,
        0.0154165387192858,
        0.01200520403606739,
        0.00511644470464911,
        0.00925080305198635,
        0.011589367263847225,
        0.009524432982259875,
        0.0109405769661286,
        0.011592793945990137,
        0.011760885078924786,
        0.011590328425031748,
        0.010938744656556794,
        0.009522086974405064,
        0.00712219178926631,
        0.003788629107815042,
        0.0003478345585881775,
        0.0006040057860719221,
        0.006286996962717308,
        -0.0022385763368292805,
        -0.010840462098212378,
        -0.008965991160095896,
        -0.011262831610245183,
        -0.007168461037458925,
        -0.019029889560625648,
        -0.023861344136124993,
        -0.009450096134060969,
        -0.015416538718077919,
        -0.012005204100911519,
        -0.005116444702320915,
        -0.009250803055292828,
        -0.011589368617145213,
        -0.00952443299443606,
        -0.010940576926724803,
        -0.011592793829886738,
        -0.011760884950349297,
        -0.011590328473006527,
        -0.010938744629608957,
        -0.00952208695847465,
        -0.007122191840901398,
        -0.0037886291218539223,
        -0.00034783455369329785,
        -0.0006040057562715351,
        -0.006286996894835255,
        0.002238576335628221,
        0.010840462106447103,
        0.00896599115627117,
        0.011262831609799254,
        0.007168461037909741,
        0.019029889560031977,
        0.023861344133485934,
        0.00945009613585832,
        0.015416538719928909,
        0.012005204033965223,
        0.005116444511691932,
        0.009250803044413641,
        0.011589372674325629,
        0.00952443281925322,
        0.010940576947392562,
        0.011592793933243974,
        0.011760884979777734
    ],
    "timing": {
        "end_time": "2023-03-29T17:12:20.630589",
        "start_time": "2023-03-29T09:48:35.089508",