{
    "I_fc": [
        1.5,
        1.4881720519717168,
        1.4528747416929466,
        1.394664728832377,
        1.3144600200657954,
        1.2135254915624212,
        1.0934529411321172,
        0.9561359846230344,
        0.8037401924684948,
        0.638668937347609,
        0.4635254915624212,
        0.2810719718785868,
        0.09418577929396996,
        -0.0941857792939701,
        -0.28107197187858723,
        -0.46352549156242134,
        -0.6386689373476091,
        -0.8037401924684953,
        -0.9561359846230346,
        -1.0934529411321174,
        -1.213525491562421,
        -1.3144600200657954,
        -1.3946647288323772,
        -1.4528747416929466,
        -1.4881720519717168,
        -1.5,
        -1.4881720519717168,
        -1.4528747416929466,
        -1.3946647288323768,
        -1.3144600200657952,
        -1.2135254915624207,
        -1.0934529411321172,
        -0.9561359846230343,
        -0.8037401924684945,
        -0.6386689373476082,
        -0.46352549156242134,
        -0.28107197187858696,
        -0.09418577929396982,
        0.09418577929397058,
        0.2810719718785877,
        0.46352549156242084,
        0.6386689373476089,
        0.8037401924684952,
        0.956135984623035,
        1.0934529411321179,
        1.2135254915624216,
        1.3144600200657954,
        1.3946647288323772,
        1.4528747416929468,
        1.4881720519717168,
        1.5,
        1.4881720519717168,
        1.4528747416929466,
        1.394664728832377,
        1.314460020065795,
        1.2135254915624205,
        1.0934529411321166,
        0.9561359846230344,
        0.8037401924684946,
        0.6386689373476084,
        0.4635254915624203,
        0.2810719718785858,
        0.09418577929396998,
        -0.0941857792939704,
        -0.2810719718785875,
        -0.4635254915624207,
        -0.63866893734761,
        -0.803740192468495,
        -0.9561359846230357,
        -1.0934529411321177,
        -1.2135254915624207,
        -1.3144600200657959,
        -1.3946647288323772,
        -1.452874741692947,
        -1.4881720519717168,
        -1.5
    ],
    "args": {
        "I_fc": [
            1.5
        ],
        "current_units": "mA",
        "cycles": 1.5,
        "d": 0.2,
        "directory": "/scratch/users/lbvh/py-tdgl/results/17223933/85",
        "dt_init": 1e-06,
        "fc_center": [
            0,
            0,
            1
        ],
        "fc_radius": 2.4,
        "field_units": "mT",
        "film_points": 4000,
        "film_radius": 15.0,
        "film_shape": "box",
        "film_smooth": 100,
        "gamma": 1.0,
        "index": 85,
        "lam": 1.35,
        "max_edge_length": 0.5,
        "pl_center": null,
        "pl_radius": 0.8,
        "points_per_cycle": 51.0,
        "save_every": 500,
        "screening": false,
        "seed_solutions": true,
        "slot_radius": 0.1,
        "slot_size": [
            2.0,
            50.0
        ],
        "slot_top_center_x": [
            -10.0,
            10.0,
            101.0
        ],
        "slot_top_center_y": [
            5.0,
            5.0,
            101.0
        ],
        "solve_time": [
            10000.0,
            2000.0
        ],
        "squid_angle": 180.0,
        "squid_iterations": 5,
        "squid_points": 4000,
        "squid_position": [
            0.0,
            0.0,
            0.5
        ],
        "squid_smooth": 100,
        "squid_type": "hypres-small",
        "xi": 0.9
    },
    "film_fluxoid": [
        -0.0011396719297867455,
        -0.0011305041721741457,
        -0.001103262427278663,
        -0.0010585757642878899,
        -0.0009972719426050664,
        -0.0009203606048892128,
        -0.0008290545660583582,
        -0.0007247768889448667,
        -0.0006091514616751065,
        -0.00048398244612492285,
        -0.0003512270131644299,
        -0.00021296414972387168,
        -7.136116364393792e-05,
        7.136116372170248e-05,
        0.0002129641497665971,
        0.00035122701326470353,
        0.0004839824461992065,
        0.0006091514617256862,
        0.0007247768889841995,
        0.0008290545660294373,
        0.0009203606049273485,
        0.0009972719424220784,
        0.001058575764367934,
        0.0011032624271445498,
        0.0011305041722971976,
        0.0011396719296245372,
        0.0011305041723018625,
        0.0011032624272918094,
        0.001058575764392919,
        0.0009972719424818021,
        0.0009203606050135372,
        0.0008290545662305189,
        0.0007247768889699578,
        0.0006091514616412733,
        0.00048398244609552043,
        0.000351227013063518,
        0.00021296414972312954,
        7.136116367212117e-05,
        -7.136116374188132e-05,
        -0.00021296414976790468,
        -0.0003512270132163083,
        -0.00048398244634580796,
        -0.0006091514615876987,
        -0.0007247768892013961,
        -0.000829054566123935,
        -0.0009203606051589945,
        -0.0009972719424567818,
        -0.0010585757645702526,
        -0.001103262427504659,
        -0.0011305041722207937,
        -0.0011396719296117442,
        -0.0011305041718811105,
        -0.00110326242687392,
        -0.0010585757645182328,
        -0.0009972719423918986,
        -0.0009203606049863257,
        -0.0008290545664054849,
        -0.0007247768891964839,
        -0.0006091514614988198,
        -0.00048398244608498925,
        -0.00035122701320915205,
        -0.00021296414972270545,
        -7.136116369643474e-05,
        7.136116367028351e-05,
        0.00021296414982125626,
        0.0003512270132324938,
        0.0004839824461699454,
        0.0006091514616137086,
        0.0007247768888469763,
        0.0008290545660634338,
        0.0009203606051420669,
        0.0009972719422913223,
        0.0010585757643494557,
        0.0011032624273203285,
        0.001130504172194077,
        0.0011396719298394896
    ],