{
    "I_fc": [
        6.865,
        6.810867424523891,
        6.649323401148052,
        6.382915575622846,
        6.015845358501124,
        5.553901666384014,
        5.00436962724799,
        4.375915689624755,
        3.6784509475308114,
        2.922974836594224,
        2.1214016663840143,
        1.2863727246309988,
        0.43105691656873585,
        -0.4310569165687365,
        -1.286372724631001,
        -2.121401666384015,
        -2.922974836594224,
        -3.6784509475308136,
        -4.3759156896247555,
        -5.004369627247991,
        -5.5539016663840135,
        -6.015845358501124,
        -6.382915575622847,
        -6.649323401148052,
        -6.810867424523891,
        -6.865,
        -6.810867424523891,
        -6.649323401148052,
        -6.382915575622845,
        -6.015845358501123,
        -5.553901666384013,
        -5.00436962724799,
        -4.375915689624754,
        -3.67845094753081,
        -2.9229748365942205,
        -2.121401666384015,
        -1.2863727246309997,
        -0.4310569165687352,
        0.4310569165687387,
        1.286372724631003,
        2.121401666384013,
        2.9229748365942236,
        3.678450947530813,
        4.375915689624756,
        5.004369627247993,
        5.553901666384017,
        6.015845358501124,
        6.382915575622847,
        6.649323401148053,
        6.810867424523891,
        6.865,
        6.810867424523891,
        6.649323401148052,
        6.382915575622846,
        6.015845358501122,
        5.553901666384012,
        5.0043696272479865,
        4.375915689624755,
        3.6784509475308105,
        2.9229748365942214,
        2.1214016663840103,
        1.2863727246309944,
        0.43105691656873596,
        -0.43105691656873785,
        -1.2863727246310024,
        -2.121401666384012,
        -2.9229748365942285,
        -3.6784509475308123,
        -4.375915689624761,
        -5.004369627247992,
        -5.553901666384013,
        -6.015845358501126,
        -6.382915575622847,
        -6.649323401148055,
        -6.810867424523891,
        -6.865
    ],
    "args": {
        "I_fc": [
            0.5,
            10.0,
            201.0
        ],
        "current_units": "mA",
        "cycles": 1.5,
        "d": 0.2,
        "directory": "/scratch/users/lbvh/py-tdgl/results/14122470/134",
        "dt_init": 1e-06,
        "fc_center": [
            0,
            0,
            1
        ],
        "fc_radius": 2.4,
        "field_units": "mT",
        "film_points": 4000,
        "film_radius": 15.0,
        "film_shape": "box",
        "film_smooth": 100,
        "gamma": 1.0,
        "index": 134,
        "lam": 1.35,
        "max_edge_length": 0.5,
        "pl_center": null,
        "pl_radius": 0.8,
        "points_per_cycle": 51.0,
        "save_every": 500,
        "screening": false,
        "seed_solutions": true,
        "slot_radius": 0,
        "slot_size": null,
        "slot_top_center_x": null,
        "slot_top_center_y": null,
        "solve_time": [
            20000.0,
            2000.0
        ],
        "squid_angle": 0,
        "squid_iterations": 5,
        "squid_points": 4000,
        "squid_position": [
            0.0,
            0.0,
            0.5
        ],
        "squid_smooth": 100,
        "squid_type": "hypres-small",
        "xi": 0.9
    },
    "film_fluxoid": [
        2.997019571369291,
        2.9970424472811397,
        2.9971106987397764,
        2.997223202075342,
        2.997377978922394,
        2.997567279303441,
        2.997800009403278,
        2.9980735267403027,
        2.9983747670205076,
        2.9986825365337153,
        2.9990060544903927,
        1.9993893619055367,
        0.9997828160791733,
        0.00017554173448961678,
        0.0005242985221045181,
        0.0008672054910114416,
        -1.9987251110831326,
        -1.998414637677243,
        -2.998088239044506,
        -2.9978121244165825,
        -2.99757251503105,
        -2.997379234349728,
        -2.9972190529256806,
        -2.997107109353842,
        -2.9970391440840967,
        -2.997016352069331,
        -2.9970391514580887,
        -2.9971071171246813,
        -2.9972190657087765,
        -2.9973731789860536,
        -2.997567281092809,
        -2.997800009406971,
        -2.9980735267385317,
        -2.9983747670213936,
        -2.9986825365328764,
        -2.9990060544930635,
        -1.9993893619046705,
        -0.9997828160787229,
        -0.0001755417347941726,
        -0.0005242985217236291,
        -0.0008672054940362904,
        1.998725111082745,
        1.99841463767641,
        2.9980882390445958,
        2.9978121244165825,
        2.997572515031162,
        2.9973792343493786,
        2.9972190529257423,
        2.997107109355936,
        2.997039144084666,
        2.9970163520687905,
        2.997039151457945,
        2.9971071171257866,
        2.9972190657085234,
        2.9973731789857445,
        2.997567281090479,
        2.9978000094062205,
        2.9980735267353342,
        2.9983747670200183,
        2.998682536532956,
        2.9990060544922055,
        1.999389361907784,
        0.9997828160775202,
        0.00017554173403819007,
        0.0005242985211231757,
        0.0008672054942104435,
        -1.9987251110836102,
        -1.99841463767792,
        -2.9980882390426533,
        -2.9978121244165834,
        -2.9975725150308588,
        -2.9973792343494714,
        -2.9972190529262646,
        -2.9971071093536077,
        -2.997039144085872,
        -2.9970163520682567
    ],
    "flux": [
        -0.0062724377228298035,
        -0.005928341666662247,
        -0.004891347753621091,
        -0.0031996786500741946,
        -0.0011039230756898397,
        -0.0027353841229849074,
        8.145683511018948e-05,
        -0.005435523774802477,
        -0.005250206809315127,
        0.003157323311254543,
        0.011332588685321734,
        0.009239684489404197,
        0.011415068616906322,
        0.006980612083154054,
        0.018654336029889834,
        0.023845070601542995,
        0.008603898141173799,
        0.014920750316890545,
        0.011288985133344665,
        0.010083280702166107,
        0.00820341661515093,
        0.011017286611032302,
        0.008449612403205797,
        0.01002570238576962,
        0.010837930799877602,
        0.011078565406025793,
        0.010837320342067596,
        0.010024882180745317,
        0.008447498519759554,
        0.005966379899732363,
        0.0027348767541636922,
        -8.145661512728419e-05,
        0.005435523440834299,
        0.005250206752194651,
        -0.003157323313816282,
        -0.011332588716019528,
        -0.009239684489864411,
        -0.011415068647471677,
        -0.006980612082133198,
        -0.018654336032246092,
        -0.023845070654737347,
        -0.008603898146189625,
        -0.014920750338061794,
        -0.011288985132727428,
        -0.010083280702161818,
        -0.008203416310396035,
        -0.01101728647852485,
        -0.008449612641279162,
        -0.01002570246488465,
        -0.01083793084772016,
        -0.011078565393805199,
        -0.010837320344592881,
        -0.010024882111532981,
        -0.00844749851589112,
        -0.005966379894041335,
        -0.0027348767546197497,
        8.145661710654214e-05,
        -0.005435523196896949,
        -0.005250206750882974,
        0.0031573232860470867,
        0.01133258871756687,
        0.009239684483457692,
        0.011415068648908028,
        0.0069806120837264275,
        0.018654336032877725,
        0.023845070654810806,
        0.008603898154783116,
        0.014920750318825322,
        0.011288985128722749,
        0.010083280702176714,
        0.008203416294195073,
        0.011017286505308402,
        0.008449612442967467,
        0.010025702439695694,
        0.01083793081905792,
        0.011078565399497307
    ],
    "timing": {
        "end_time": "2023-03-29T17:29:15.017270",
        "start_time": "2023-03-29T09:48:35.628026",