{
    "I_fc": [
        1.0,
        0.9921147013144779,
        0.9685831611286311,
        0.9297764858882513,
        0.8763066800438636,
        0.8090169943749475,
        0.7289686274214116,
        0.6374239897486896,
        0.5358267949789965,
        0.42577929156507266,
        0.30901699437494745,
        0.18738131458572452,
        0.0627905195293133,
        -0.0627905195293134,
        -0.18738131458572482,
        -0.30901699437494756,
        -0.4257792915650727,
        -0.5358267949789969,
        -0.6374239897486897,
        -0.7289686274214117,
        -0.8090169943749473,
        -0.8763066800438636,
        -0.9297764858882515,
        -0.9685831611286311,
        -0.9921147013144779,
        -1.0,
        -0.9921147013144779,
        -0.9685831611286311,
        -0.9297764858882512,
        -0.8763066800438635,
        -0.8090169943749472,
        -0.7289686274214116,
        -0.6374239897486895,
        -0.5358267949789963,
        -0.42577929156507216,
        -0.30901699437494756,
        -0.18738131458572463,
        -0.06279051952931321,
        0.06279051952931372,
        0.18738131458572513,
        0.30901699437494723,
        0.4257792915650726,
        0.5358267949789968,
        0.63742398974869,
        0.7289686274214119,
        0.8090169943749478,
        0.8763066800438636,
        0.9297764858882515,
        0.9685831611286312,
        0.9921147013144779,
        1.0,
        0.9921147013144779,
        0.9685831611286311,
        0.9297764858882513,
        0.8763066800438634,
        0.809016994374947,
        0.728968627421411,
        0.6374239897486896,
        0.5358267949789964,
        0.42577929156507227,
        0.30901699437494684,
        0.18738131458572388,
        0.06279051952931332,
        -0.0627905195293136,
        -0.18738131458572502,
        -0.3090169943749471,
        -0.4257792915650733,
        -0.5358267949789967,
        -0.6374239897486905,
        -0.7289686274214118,
        -0.8090169943749472,
        -0.8763066800438639,
        -0.9297764858882515,
        -0.9685831611286314,
        -0.9921147013144779,
        -1.0
    ],
    "args": {
        "I_fc": [
            1.0
        ],
        "current_units": "mA",
        "cycles": 1.5,
        "d": 0.2,
        "directory": "/scratch/users/lbvh/py-tdgl/results/17223170/86",
        "dt_init": 1e-06,
        "fc_center": [
            0,
            0,
            1
        ],
        "fc_radius": 2.4,
        "field_units": "mT",
        "film_points": 4000,
        "film_radius": 15.0,
        "film_shape": "box",
        "film_smooth": 100,
        "gamma": 1.0,
        "index": 86,
        "lam": 1.35,
        "max_edge_length": 0.5,
        "pl_center": null,
        "pl_radius": 0.8,
        "points_per_cycle": 51.0,
        "save_every": 500,
        "screening": false,
        "seed_solutions": true,
        "slot_radius": 0.1,
        "slot_size": [
            2.0,
            50.0
        ],
        "slot_top_center_x": [
            -10.0,
            10.0,
            101.0
        ],
        "slot_top_center_y": [
            -1.0,
            -1.0,
            101.0
        ],
        "solve_time": [
            10000.0,
            2000.0
        ],
        "squid_angle": 180.0,
        "squid_iterations": 5,
        "squid_points": 4000,
        "squid_position": [
            0.0,
            0.0,
            0.5
        ],
        "squid_smooth": 100,
        "squid_type": "hypres-small",
        "xi": 0.9
    },
    "film_fluxoid": [
        -0.0006382802854035104,
        -0.0006332477783052308,
        -0.0006182296335079293,
        -0.0005934626674833548,
        -0.0005593372781261017,
        -0.0005163912197100891,
        -0.00046530117544786565,
        -0.00040687223216765426,
        -0.0003420253445757774,
        -0.0002717829214353101,
        -0.00019725273814956383,
        -0.00011961044150302658,
        -4.008094809673285e-05,
        4.008094809627344e-05,
        0.00011961044150138329,
        0.00019725273814758483,
        0.00027178292143513336,
        0.0003420253445746465,
        0.00040687223216779564,
        0.00046530117544587343,
        0.0005163912197100008,
        0.0005593372781264551,
        0.0005934626674852809,
        0.0006182296335079999,
        0.0006332477783039939,
        0.0006382802854046058,
        0.0006332477783034639,
        0.0006182296335107564,
        0.0005934626674873217,
        0.0005593372781259603,
        0.0005163912197124392,
        0.0004653011754490672,
        0.00040687223216659407,
        0.00034202534457344495,
        0.0002717829214341527,
        0.0001972527381494755,
        0.00011961044150203708,
        4.0080948096662176e-05,
        -4.0080948096520816e-05,
        -0.0001196104415017897,
        -0.0001972527381483667,
        -0.00027178292143576946,
        -0.0003420253445759894,
        -0.00040687223216542785,
        -0.000465301175449721,
        -0.0005163912197124745,
        -0.0005593372781265257,
        -0.000593462667484097,
        -0.0006182296335111806,
        -0.0006332477783086941,
        -0.0006382802854071326,
        -0.0006332477783039586,
        -0.0006182296335080353,
        -0.0005934626674837083,
        -0.0005593372781286461,
        -0.0005163912197110698,
        -0.0004653011754474416,
        -0.0004068722321688028,
        -0.0003420253445759187,
        -0.00027178292143743046,
        -0.0001972527381498289,
        -0.00011961044150189571,
        -4.0080948096662176e-05,
        4.0080948096379457e-05,
        0.00011961044150323862,
        0.00019725273814784987,
        0.00027178292143513336,
        0.0003420253445760336,
        0.00040687223216772495,
        0.0004653011754478469,
        0.0005163912197138881,
        0.000559337278125925,
        0.0005934626674827187,
        0.0006182296335104031,
        0.0006332477783067504,
        0.0006382802854022691
    ],