{
    "I_fc": [
        1.2,
        1.1905376415773734,
        1.1622997933543573,
        1.1157317830659015,
        1.0515680160526362,
        0.9708203932499369,
        0.8747623529056938,
        0.7649087876984275,
        0.6429921539747958,
        0.5109351498780872,
        0.37082039324993693,
        0.22485757750286942,
        0.07534862343517597,
        -0.07534862343517608,
        -0.22485757750286978,
        -0.37082039324993704,
        -0.5109351498780872,
        -0.6429921539747963,
        -0.7649087876984276,
        -0.8747623529056939,
        -0.9708203932499367,
        -1.0515680160526362,
        -1.1157317830659017,
        -1.1622997933543573,
        -1.1905376415773734,
        -1.2,
        -1.1905376415773734,
        -1.1622997933543573,
        -1.1157317830659015,
        -1.0515680160526362,
        -0.9708203932499366,
        -0.8747623529056938,
        -0.7649087876984274,
        -0.6429921539747956,
        -0.5109351498780865,
        -0.37082039324993704,
        -0.22485757750286955,
        -0.07534862343517584,
        0.07534862343517647,
        0.22485757750287014,
        0.37082039324993665,
        0.5109351498780871,
        0.6429921539747961,
        0.764908787698428,
        0.8747623529056943,
        0.9708203932499373,
        1.0515680160526362,
        1.1157317830659017,
        1.1622997933543573,
        1.1905376415773734,
        1.2,
        1.1905376415773734,
        1.1622997933543573,
        1.1157317830659015,
        1.051568016052636,
        0.9708203932499364,
        0.8747623529056932,
        0.7649087876984275,
        0.6429921539747957,
        0.5109351498780867,
        0.3708203932499362,
        0.22485757750286864,
        0.07534862343517598,
        -0.07534862343517632,
        -0.22485757750287003,
        -0.37082039324993654,
        -0.510935149878088,
        -0.6429921539747959,
        -0.7649087876984286,
        -0.8747623529056942,
        -0.9708203932499366,
        -1.0515680160526366,
        -1.1157317830659017,
        -1.1622997933543577,
        -1.1905376415773734,
        -1.2
    ],
    "args": {
        "I_fc": [
            1.2
        ],
        "current_units": "mA",
        "cycles": 1.5,
        "d": 0.2,
        "directory": "/scratch/users/lbvh/py-tdgl/results/17298299/2",
        "dt_init": 1e-06,
        "fc_center": [
            0,
            0,
            1
        ],
        "fc_radius": 2.4,
        "field_units": "mT",
        "film_points": 4000,
        "film_radius": 15.0,
        "film_shape": "box",
        "film_smooth": 100,
        "gamma": 1.0,
        "index": 2,
        "lam": 1.35,
        "max_edge_length": 0.5,
        "pl_center": null,
        "pl_radius": 0.8,
        "points_per_cycle": 51.0,
        "save_every": 500,
        "screening": false,
        "seed_solutions": true,
        "slot_radius": 0.1,
        "slot_size": [
            2.0,
            50.0
        ],
        "slot_top_center_x": [
            -10.0,
            10.0,
            101.0
        ],
        "slot_top_center_y": [
            -1.0,
            -1.0,
            101.0
        ],
        "solve_time": [
            10000.0,
            2000.0
        ],
        "squid_angle": 180.0,
        "squid_iterations": 5,
        "squid_points": 4000,
        "squid_position": [
            0.0,
            0.0,
            0.5
        ],
        "squid_smooth": 100,
        "squid_type": "hypres-small",
        "xi": 0.9
    },
    "film_fluxoid": [
        -0.00017996883399132917,
        -0.0001785497238521313,
        -0.00017431477403207334,
        -0.00016733077327512488,
        -0.000157707864926866,
        -0.00014559780959663831,
        -0.00013119159151505556,
        -0.00011471640639926961,
        -9.643207834460939e-05,
        -7.662696223675361e-05,
        -5.56133962749473e-05,
        -3.372277629774959e-05,
        -1.130032956830974e-05,
        1.1300329568468766e-05,
        3.372277629782026e-05,
        5.561339627498264e-05,
        7.662696223664759e-05,
        9.643207834460939e-05,
        0.00011471640639923427,
        0.00013119159151484352,
        0.00014559780959658974,
        0.00015770786492682185,
        0.00016733077327501887,
        0.000174314774032038,
        0.0001785497238521313,
        0.00017996883399132917,
        0.00017854972385209595,
        0.00017431477403207334,
        0.00016733077327505034,
        0.0001577078649268395,
        0.00014559780959654114,
        0.00013119159151505556,
        0.00011471640639917243,
        9.643207834462707e-05,
        7.662696223662992e-05,
        5.56133962749473e-05,
        3.372277629785561e-05,
        1.1300329568097702e-05,
        -1.130032956823906e-05,
        -3.372277629774959e-05,
        -5.5613396274923e-05,
        -7.662696223668293e-05,
        -9.643207834466241e-05,
        -0.00011471640639922764,
        -0.00013119159151512623,
        -0.00014559780959659413,
        -0.00015770786492687485,
        -0.00016733077327501887,
        -0.0001743147740322147,
        -0.00017854972385211363,
        -0.0001799688339913115,
        -0.0001785497238521313,
        -0.00017431477403205125,
        -0.0001673307732750542,
        -0.00015770786492685717,
        -0.0001455978095965765,
        -0.00013119159151505556,
        -0.00011471640639928727,
        -9.643207834464474e-05,
        -7.662696223654157e-05,
        -5.561339627491196e-05,
        -3.3722776297807016e-05,
        -1.130032956830974e-05,
        1.1300329568283234e-05,
        3.3722776297784925e-05,
        5.561339627491196e-05,
        7.66269622365239e-05,
        9.643207834457406e-05,
        0.00011471640639923427,
        0.00013119159151502022,
        0.00014559780959652347,
        0.0001577078649268395,
        0.00016733077327504535,
        0.00017431477403207334,
        0.0001785497238520606,
        0.000179968833991285
    ],