{
    "I_fc": [
        1.2,
        1.1905376415773734,
        1.1622997933543573,
        1.1157317830659015,
        1.0515680160526362,
        0.9708203932499369,
        0.8747623529056938,
        0.7649087876984275,
        0.6429921539747958,
        0.5109351498780872,
        0.37082039324993693,
        0.22485757750286942,
        0.07534862343517597,
        -0.07534862343517608,
        -0.22485757750286978,
        -0.37082039324993704,
        -0.5109351498780872,
        -0.6429921539747963,
        -0.7649087876984276,
        -0.8747623529056939,
        -0.9708203932499367,
        -1.0515680160526362,
        -1.1157317830659017,
        -1.1622997933543573,
        -1.1905376415773734,
        -1.2,
        -1.1905376415773734,
        -1.1622997933543573,
        -1.1157317830659015,
        -1.0515680160526362,
        -0.9708203932499366,
        -0.8747623529056938,
        -0.7649087876984274,
        -0.6429921539747956,
        -0.5109351498780865,
        -0.37082039324993704,
        -0.22485757750286955,
        -0.07534862343517584,
        0.07534862343517647,
        0.22485757750287014,
        0.37082039324993665,
        0.5109351498780871,
        0.6429921539747961,
        0.764908787698428,
        0.8747623529056943,
        0.9708203932499373,
        1.0515680160526362,
        1.1157317830659017,
        1.1622997933543573,
        1.1905376415773734,
        1.2,
        1.1905376415773734,
        1.1622997933543573,
        1.1157317830659015,
        1.051568016052636,
        0.9708203932499364,
        0.8747623529056932,
        0.7649087876984275,
        0.6429921539747957,
        0.5109351498780867,
        0.3708203932499362,
        0.22485757750286864,
        0.07534862343517598,
        -0.07534862343517632,
        -0.22485757750287003,
        -0.37082039324993654,
        -0.510935149878088,
        -0.6429921539747959,
        -0.7649087876984286,
        -0.8747623529056942,
        -0.9708203932499366,
        -1.0515680160526366,
        -1.1157317830659017,
        -1.1622997933543577,
        -1.1905376415773734,
        -1.2
    ],
    "args": {
        "I_fc": [
            1.2
        ],
        "current_units": "mA",
        "cycles": 1.5,
        "d": 0.2,
        "directory": "/scratch/users/lbvh/py-tdgl/results/17298299/9",
        "dt_init": 1e-06,
        "fc_center": [
            0,
            0,
            1
        ],
        "fc_radius": 2.4,
        "field_units": "mT",
        "film_points": 4000,
        "film_radius": 15.0,
        "film_shape": "box",
        "film_smooth": 100,
        "gamma": 1.0,
        "index": 9,
        "lam": 1.35,
        "max_edge_length": 0.5,
        "pl_center": null,
        "pl_radius": 0.8,
        "points_per_cycle": 51.0,
        "save_every": 500,
        "screening": false,
        "seed_solutions": true,
        "slot_radius": 0.1,
        "slot_size": [
            2.0,
            50.0
        ],
        "slot_top_center_x": [
            -10.0,
            10.0,
            101.0
        ],
        "slot_top_center_y": [
            -1.0,
            -1.0,
            101.0
        ],
        "solve_time": [
            10000.0,
            2000.0
        ],
        "squid_angle": 180.0,
        "squid_iterations": 5,
        "squid_points": 4000,
        "squid_position": [
            0.0,
            0.0,
            0.5
        ],
        "squid_smooth": 100,
        "squid_type": "hypres-small",
        "xi": 0.9
    },
    "film_fluxoid": [
        -1.8807941434658344e-05,
        -1.8659584212822103e-05,
        -1.821686222279541e-05,
        -1.7486784443564835e-05,
        -1.6480901226117186e-05,
        -1.5215113680703557e-05,
        -1.3709416175218492e-05,
        -1.1987577069583776e-05,
        -1.0076762503572896e-05,
        -8.007108406221301e-06,
        -5.811246704705886e-06,
        -3.5237926343648753e-06,
        -1.1808008980338293e-06,
        1.1808008981045083e-06,
        3.523792634351623e-06,
        5.811246704736809e-06,
        8.007108406097612e-06,
        1.0076762503537557e-05,
        1.1987577069725134e-05,
        1.370941617528917e-05,
        1.5215113680571034e-05,
        1.6480901225889687e-05,
        1.7486784443882893e-05,
        1.821686222254803e-05,
        1.8659584212892783e-05,
        1.8807941434658344e-05,
        1.86595842129988e-05,
        1.8216862222936765e-05,
        1.7486784443458817e-05,
        1.6480901226081845e-05,
        1.5215113680571034e-05,
        1.370941617535985e-05,
        1.1987577069725134e-05,
        1.0076762503431538e-05,
        8.007108406088778e-06,
        5.8112467047103036e-06,
        3.5237926343692926e-06,
        1.1808008980338293e-06,
        -1.180800898051499e-06,
        -3.5237926342897787e-06,
        -5.811246704807488e-06,
        -8.00710840623897e-06,
        -1.0076762503148822e-05,
        -1.1987577069654454e-05,
        -1.370941617548354e-05,
        -1.5215113680518025e-05,
        -1.6480901226011168e-05,
        -1.7486784443741533e-05,
        -1.821686222272473e-05,
        -1.8659584212751423e-05,
        -1.8807941434799703e-05,
        -1.865958421296346e-05,
        -1.821686222258337e-05,
        -1.748678444400658e-05,
        -1.6480901226117186e-05,
        -1.5215113680482687e-05,
        -1.3709416175465868e-05,
        -1.1987577069619114e-05,
        -1.0076762503431538e-05,
        -8.007108406132952e-06,
        -5.811246704825157e-06,
        -3.5237926342986136e-06,
        -1.1808008981045083e-06,
        1.1808008981045083e-06,
        3.523792634280944e-06,
        5.811246704736809e-06,
        8.007108406168292e-06,
        1.00767625033962e-05,
        1.1987577069831152e-05,
        1.370941617528917e-05,
        1.5215113680712392e-05,
        1.648090122594049e-05,
        1.7486784444130267e-05,
        1.8216862222495024e-05,
        1.865958421296346e-05,
        1.8807941434790867e-05
    ],