{
    "I_fc": [
        1.2,
        1.1905376415773734,
        1.1622997933543573,
        1.1157317830659015,
        1.0515680160526362,
        0.9708203932499369,
        0.8747623529056938,
        0.7649087876984275,
        0.6429921539747958,
        0.5109351498780872,
        0.37082039324993693,
        0.22485757750286942,
        0.07534862343517597,
        -0.07534862343517608,
        -0.22485757750286978,
        -0.37082039324993704,
        -0.5109351498780872,
        -0.6429921539747963,
        -0.7649087876984276,
        -0.8747623529056939,
        -0.9708203932499367,
        -1.0515680160526362,
        -1.1157317830659017,
        -1.1622997933543573,
        -1.1905376415773734,
        -1.2,
        -1.1905376415773734,
        -1.1622997933543573,
        -1.1157317830659015,
        -1.0515680160526362,
        -0.9708203932499366,
        -0.8747623529056938,
        -0.7649087876984274,
        -0.6429921539747956,
        -0.5109351498780865,
        -0.37082039324993704,
        -0.22485757750286955,
        -0.07534862343517584,
        0.07534862343517647,
        0.22485757750287014,
        0.37082039324993665,
        0.5109351498780871,
        0.6429921539747961,
        0.764908787698428,
        0.8747623529056943,
        0.9708203932499373,
        1.0515680160526362,
        1.1157317830659017,
        1.1622997933543573,
        1.1905376415773734,
        1.2,
        1.1905376415773734,
        1.1622997933543573,
        1.1157317830659015,
        1.051568016052636,
        0.9708203932499364,
        0.8747623529056932,
        0.7649087876984275,
        0.6429921539747957,
        0.5109351498780867,
        0.3708203932499362,
        0.22485757750286864,
        0.07534862343517598,
        -0.07534862343517632,
        -0.22485757750287003,
        -0.37082039324993654,
        -0.510935149878088,
        -0.6429921539747959,
        -0.7649087876984286,
        -0.8747623529056942,
        -0.9708203932499366,
        -1.0515680160526366,
        -1.1157317830659017,
        -1.1622997933543577,
        -1.1905376415773734,
        -1.2
    ],
    "args": {
        "I_fc": [
            1.2
        ],
        "current_units": "mA",
        "cycles": 1.5,
        "d": 0.2,
        "directory": "/scratch/users/lbvh/py-tdgl/results/17298304/54",
        "dt_init": 1e-06,
        "fc_center": [
            0,
            0,
            1
        ],
        "fc_radius": 2.4,
        "field_units": "mT",
        "film_points": 4000,
        "film_radius": 15.0,
        "film_shape": "box",
        "film_smooth": 100,
        "gamma": 1.0,
        "index": 54,
        "lam": 1.35,
        "max_edge_length": 0.5,
        "pl_center": null,
        "pl_radius": 0.8,
        "points_per_cycle": 51.0,
        "save_every": 500,
        "screening": false,
        "seed_solutions": true,
        "slot_radius": 0.1,
        "slot_size": [
            2.0,
            50.0
        ],
        "slot_top_center_x": [
            -10.0,
            10.0,
            101.0
        ],
        "slot_top_center_y": [
            5.0,
            5.0,
            101.0
        ],
        "solve_time": [
            10000.0,
            2000.0
        ],
        "squid_angle": 180.0,
        "squid_iterations": 5,
        "squid_points": 4000,
        "squid_position": [
            0.0,
            0.0,
            0.5
        ],
        "squid_smooth": 100,
        "squid_type": "hypres-small",
        "xi": 0.9
    },
    "film_fluxoid": [
        -0.001110568147036623,
        -0.0011017933598926723,
        -0.0010756107808010393,
        -0.0010324425341437296,
        -0.0009729819718682927,
        -0.0008981798888427373,
        -0.0008092271940059593,
        -0.00070753472325627,
        -0.0005947104587266545,
        -0.00047253426767802546,
        -0.0003429303073071917,
        -0.0002079373458846095,
        -6.967733297480195e-05,
        6.967733293882633e-05,
        0.00020793734573434594,
        0.00034293030692294536,
        0.000472534267215723,
        0.0005947104589035993,
        0.0007075347230214037,
        0.0008092271936783269,
        0.0008981798894633077,
        0.0009729819720555567,
        0.0010324425344090608,
        0.0010756107810220834,
        0.0011017933602426393,
        0.0011105681467745807,
        0.0011017933606689574,
        0.0010756107815597608,
        0.0010324425337431941,
        0.000972981973095174,
        0.000898179889382018,
        0.0008092271939751256,
        0.0007075347229014527,
        0.0005947104588438049,
        0.00047253426719656016,
        0.0003429303073265931,
        0.00020793734587662275,
        6.967733298609291e-05,
        -6.967733295887985e-05,
        -0.00020793734564106733,
        -0.0003429303068408164,
        -0.0004725342675004092,
        -0.0005947104585168084,
        -0.0007075347228234937,
        -0.0008092271942666941,
        -0.0008981798890635384,
        -0.0009729819731293032,
        -0.0010324425344968087,
        -0.0010756107812234877,
        -0.001101793360587906,
        -0.0011105681474356413,
        -0.0011017933606938893,
        -0.0010756107815294924,
        -0.0010324425337890858,
        -0.0009729819720659112,
        -0.0008981798898937339,
        -0.0008092271932981092,
        -0.0007075347238036788,
        -0.000594710459209604,
        -0.00047253426672993744,
        -0.0003429303071861186,
        -0.00020793734577219454,
        -6.967733295278544e-05,
        6.967733295889917e-05,
        0.00020793734579689687,
        0.0003429303072723116,
        0.0004725342674036673,
        0.0005947104590281356,
        0.0007075347233657517,
        0.0008092271935802951,
        0.000898179889135419,
        0.00097298197275853,
        0.0010324425342771032,
        0.001075610781244572,
        0.0011017933604654548,
        0.0011105681466954203
    ],