{
    "I_fc": [
        0.9,
        0.89290323118303,
        0.871724845015768,
        0.8367988372994263,
        0.7886760120394772,
        0.7281152949374528,
        0.6560717646792704,
        0.5736815907738206,
        0.4822441154810969,
        0.3832013624085654,
        0.27811529493745274,
        0.16864318312715207,
        0.05651146757638197,
        -0.05651146757638206,
        -0.16864318312715235,
        -0.2781152949374528,
        -0.38320136240856545,
        -0.4822441154810972,
        -0.5736815907738207,
        -0.6560717646792705,
        -0.7281152949374526,
        -0.7886760120394772,
        -0.8367988372994263,
        -0.871724845015768,
        -0.89290323118303,
        -0.9,
        -0.89290323118303,
        -0.871724845015768,
        -0.8367988372994262,
        -0.7886760120394771,
        -0.7281152949374525,
        -0.6560717646792704,
        -0.5736815907738206,
        -0.4822441154810967,
        -0.38320136240856495,
        -0.2781152949374528,
        -0.16864318312715218,
        -0.05651146757638189,
        0.05651146757638235,
        0.16864318312715262,
        0.2781152949374525,
        0.38320136240856534,
        0.4822441154810971,
        0.573681590773821,
        0.6560717646792708,
        0.728115294937453,
        0.7886760120394772,
        0.8367988372994263,
        0.8717248450157681,
        0.89290323118303,
        0.9,
        0.89290323118303,
        0.871724845015768,
        0.8367988372994263,
        0.788676012039477,
        0.7281152949374523,
        0.6560717646792699,
        0.5736815907738206,
        0.4822441154810968,
        0.38320136240856506,
        0.2781152949374522,
        0.16864318312715149,
        0.05651146757638199,
        -0.056511467576382236,
        -0.1686431831271525,
        -0.2781152949374524,
        -0.383201362408566,
        -0.482244115481097,
        -0.5736815907738215,
        -0.6560717646792706,
        -0.7281152949374525,
        -0.7886760120394776,
        -0.8367988372994263,
        -0.8717248450157683,
        -0.89290323118303,
        -0.9
    ],
    "args": {
        "I_fc": [
            0.9
        ],
        "current_units": "mA",
        "cycles": 1.5,
        "d": 0.2,
        "directory": "/scratch/users/lbvh/py-tdgl/results/17289543/20",
        "dt_init": 1e-06,
        "fc_center": [
            0,
            0,
            1
        ],
        "fc_radius": 2.4,
        "field_units": "mT",
        "film_points": 4000,
        "film_radius": 15.0,
        "film_shape": "box",
        "film_smooth": 100,
        "gamma": 1.0,
        "index": 20,
        "lam": 1.35,
        "max_edge_length": 0.5,
        "pl_center": null,
        "pl_radius": 0.8,
        "points_per_cycle": 51.0,
        "save_every": 500,
        "screening": false,
        "seed_solutions": true,
        "slot_radius": 0.1,
        "slot_size": [
            2.0,
            50.0
        ],
        "slot_top_center_x": [
            -10.0,
            10.0,
            101.0
        ],
        "slot_top_center_y": [
            5.0,
            5.0,
            101.0
        ],
        "solve_time": [
            10000.0,
            2000.0
        ],
        "squid_angle": 180.0,
        "squid_iterations": 5,
        "squid_points": 4000,
        "squid_position": [
            0.0,
            0.0,
            0.5
        ],
        "squid_smooth": 100,
        "squid_type": "hypres-small",
        "xi": 0.9
    },
    "film_fluxoid": [
        -0.00022359671399739463,
        -0.00022183357981430917,
        -0.00021657198480695984,
        -0.00020789491228596292,
        -0.00019593921084487854,
        -0.00018089343440218255,
        -0.0001629948675258864,
        -0.0001425257830448793,
        -0.00011980899071839572,
        -9.520274686041432e-05,
        -6.909510496524445e-05,
        -4.1897796288937676e-05,
        -1.4039736836667843e-05,
        1.4039736836667843e-05,
        4.1897796288796323e-05,
        6.909510496517378e-05,
        9.520274686041432e-05,
        0.0001198089907184134,
        0.00014252578304489694,
        0.00016299486752585106,
        0.00018089343440220022,
        0.0001959392108449492,
        0.00020789491228610427,
        0.00021657198480694217,
        0.00022183357981445052,
        0.0002235967139974123,
        0.00022183357981448587,
        0.00021657198480701283,
        0.00020789491228596292,
        0.00019593921084495446,
        0.00018089343440220022,
        0.0001629948675258864,
        0.00014252578304491462,
        0.00011980899071839572,
        9.520274686037898e-05,
        6.909510496524445e-05,
        4.189779628884933e-05,
        1.4039736836632503e-05,
        -1.4039736836659008e-05,
        -4.1897796288796323e-05,
        -6.909510496527978e-05,
        -9.520274686044965e-05,
        -0.00011980899071839572,
        -0.00014252578304491462,
        -0.0001629948675258864,
        -0.00018089343440225324,
        -0.00019593921084491386,
        -0.00020789491228594524,
        -0.00021657198480694217,
        -0.00022183357981448587,
        -0.0002235967139974123,
        -0.00022183357981437983,
        -0.00021657198480690682,
        -0.00020789491228596292,
        -0.0001959392108449492,
        -0.00018089343440225324,
        -0.0001629948675258864,
        -0.0001425257830448793,
        -0.00011980899071839572,
        -9.520274686037898e-05,
        -6.909510496531513e-05,
        -4.1897796288796323e-05,
        -1.4039736836667843e-05,
        1.4039736836597163e-05,
        4.1897796288796323e-05,
        6.909510496524445e-05,
        9.520274686042316e-05,
        0.00011980899071836038,
        0.00014252578304491462,
        0.00016299486752599241,
        0.00018089343440226208,
        0.0001959392108449492,
        0.00020789491228603358,
        0.00021657198480696204,
        0.00022183357981445052,
        0.00022359671399727095
    ],