{
    "I_fc": [
        5.915,
        5.868358458275137,
        5.729169398075853,
        5.4996279140290065,
        5.1833540124594535,
        4.785335521727815,
        4.31184943119765,
        3.770362899363499,
        3.1694154923007645,
        2.5184845096074047,
        1.8278355217278142,
        1.1083604757745604,
        0.3714059230158882,
        -0.37140592301588876,
        -1.1083604757745624,
        -1.8278355217278148,
        -2.518484509607405,
        -3.1694154923007667,
        -3.7703628993634997,
        -4.31184943119765,
        -4.785335521727814,
        -5.1833540124594535,
        -5.499627914029007,
        -5.729169398075853,
        -5.868358458275137,
        -5.915,
        -5.868358458275137,
        -5.729169398075853,
        -5.4996279140290065,
        -5.183354012459453,
        -4.785335521727813,
        -4.31184943119765,
        -3.7703628993634983,
        -3.169415492300763,
        -2.518484509607402,
        -1.8278355217278148,
        -1.108360475774561,
        -0.37140592301588765,
        0.37140592301589065,
        1.1083604757745642,
        1.8278355217278128,
        2.5184845096074047,
        3.169415492300766,
        3.770362899363501,
        4.311849431197651,
        4.785335521727816,
        5.1833540124594535,
        5.499627914029007,
        5.729169398075854,
        5.868358458275137,
        5.915,
        5.868358458275137,
        5.729169398075853,
        5.4996279140290065,
        5.183354012459452,
        4.785335521727812,
        4.311849431197646,
        3.770362899363499,
        3.169415492300764,
        2.5184845096074024,
        1.8278355217278106,
        1.1083604757745567,
        0.37140592301588826,
        -0.3714059230158899,
        -1.1083604757745635,
        -1.8278355217278122,
        -2.5184845096074087,
        -3.1694154923007654,
        -3.7703628993635045,
        -4.3118494311976505,
        -4.785335521727813,
        -5.183354012459455,
        -5.499627914029007,
        -5.729169398075855,
        -5.868358458275137,
        -5.915
    ],
    "args": {
        "I_fc": [
            0.5,
            10.0,
            201.0
        ],
        "current_units": "mA",
        "cycles": 1.5,
        "d": 0.2,
        "directory": "/scratch/users/lbvh/py-tdgl/results/14122470/114",
        "dt_init": 1e-06,
        "fc_center": [
            0,
            0,
            1
        ],
        "fc_radius": 2.4,
        "field_units": "mT",
        "film_points": 4000,
        "film_radius": 15.0,
        "film_shape": "box",
        "film_smooth": 100,
        "gamma": 1.0,
        "index": 114,
        "lam": 1.35,
        "max_edge_length": 0.5,
        "pl_center": null,
        "pl_radius": 0.8,
        "points_per_cycle": 51.0,
        "save_every": 500,
        "screening": false,
        "seed_solutions": true,
        "slot_radius": 0,
        "slot_size": null,
        "slot_top_center_x": null,
        "slot_top_center_y": null,
        "solve_time": [
            20000.0,
            2000.0
        ],
        "squid_angle": 0,
        "squid_iterations": 5,
        "squid_points": 4000,
        "squid_position": [
            0.0,
            0.0,
            0.5
        ],
        "squid_smooth": 100,
        "squid_type": "hypres-small",
        "xi": 0.9
    },
    "film_fluxoid": [
        2.9974155169780703,
        2.9974351028376978,
        2.9974935748117018,
        2.9975901303840815,
        2.997723684124591,
        2.997893881206272,
        2.9981001221712957,
        2.998337173094207,
        2.9985823671514917,
        2.998846385998363,
        2.9991218437184384,
        1.9994602994784425,
        0.9998070410733464,
        0.00015124621315366538,
        0.0004516206929453162,
        0.0007460594842266275,
        -0.9989315424635336,
        -0.9986619087238761,
        -1.998376496644984,
        -2.9981147127363568,
        -2.99791760674932,
        -2.997727348060236,
        -2.9975951903986036,
        -2.9974992245818384,
        -2.9974409858834923,
        -2.9974214627071896,
        -2.9974409882291044,
        -2.9974992254653934,
        -2.9975951902595463,
        -2.9977273495141823,
        -2.997893880326041,
        -2.9981001221795287,
        -2.9983371730911426,
        -2.9985823671462675,
        -2.998846385998215,
        -2.9991218437162495,
        -1.9994602994801114,
        -0.9998070410727431,
        -0.00015124621315327664,
        -0.0004516206924942782,
        -0.0007460594835012667,
        0.9989315424636095,
        0.9986619087246771,
        1.9983764966455113,
        2.9981147127366854,
        2.997917606748861,
        2.997727348064487,
        2.997595190398292,
        2.9974992245813508,
        2.997440985885468,
        2.9974214627093967,
        2.997440988228201,
        2.9974992254662025,
        2.9975951902595637,
        2.9977273495139833,
        2.9978938803278847,
        2.998100122179564,
        2.9983371730929527,
        2.998582367149302,
        2.9988463859983723,
        2.9991218437163525,
        1.9994602994781911,
        0.9998070410724182,
        0.00015124621290847994,
        0.00045162069341172687,
        0.0007460594827741742,
        -0.998931542463617,
        -0.998661908724212,
        -1.9983764966441164,
        -2.9981147127374066,
        -2.997917606750472,
        -2.99772734806076,
        -2.9975951903996743,
        -2.997499224582444,
        -2.9974409858813806,
        -2.9974214627062743
    ],
    "flux": [
        -0.005253563359751832,
        -0.004922708136719595,
        -0.0039395218437798035,
        -0.0023758140502616494,
        -0.0005350272699919735,
        -0.0023856641098155525,
        -0.004915100956430347,
        -0.006187989137583653,
        0.0003518357661995432,
        0.007587840708953573,
        0.013190014569227002,
        0.010423536422064296,
        0.012162392965559883,
        0.0060352117237268575,
        0.016615395360984924,
        0.022982788560918007,
        0.016062057144959056,
        0.019442691510452553,
        0.015373200832172109,
        0.010861378848387473,
        0.013126044219662162,
        0.005430972100723454,
        0.007819255002561844,
        0.00939001701662101,
        0.010237593713203492,
        0.010498932674337769,
        0.01023718073734274,
        0.009389810173383013,
        0.00781925675334601,
        0.005430710412227299,
        0.002385889089913212,
        0.004915101712592672,
        0.006187989110954821,
        -0.00035183577125813754,
        -0.007587840665243433,
        -0.01319001457715834,
        -0.01042353640797283,
        -0.012162392967017578,
        -0.006035211723630817,
        -0.016615395357922242,
        -0.022982788561751472,
        -0.016062057144649478,
        -0.019442691512006297,
        -0.01537320085384389,
        -0.010861378849920266,
        -0.013126044215721123,
        -0.005430972160867605,
        -0.007819255005793512,
        -0.009390017024035899,
        -0.01023759378323313,
        -0.010498932639931043,
        -0.010237180741016096,
        -0.009389810161051879,
        -0.007819256755372463,
        -0.005430710418127834,
        -0.002385889097961613,
        -0.00491510163637547,
        -0.0061879891148658266,
        0.0003518357711066761,
        0.007587840710572259,
        0.013190014576420354,
        0.01042353642261273,
        0.012162392945617061,
        0.006035211723884369,
        0.016615395359414465,
        0.022982788517487994,
        0.01606205714480257,
        0.019442691511181488,
        0.015373200839932682,
        0.010861378849642774,
        0.013126044218797284,
        0.0054309720495171005,
        0.007819255004919272,
        0.009390017025553811,
        0.010237593709710837,
        0.010498932677855231
    ],
    "timing": {
        "end_time": "2023-03-29T15:09:34.202715",