{
    "I_fc": [
        1.2,
        1.1905376415773734,
        1.1622997933543573,
        1.1157317830659015,
        1.0515680160526362,
        0.9708203932499369,
        0.8747623529056938,
        0.7649087876984275,
        0.6429921539747958,
        0.5109351498780872,
        0.37082039324993693,
        0.22485757750286942,
        0.07534862343517597,
        -0.07534862343517608,
        -0.22485757750286978,
        -0.37082039324993704,
        -0.5109351498780872,
        -0.6429921539747963,
        -0.7649087876984276,
        -0.8747623529056939,
        -0.9708203932499367,
        -1.0515680160526362,
        -1.1157317830659017,
        -1.1622997933543573,
        -1.1905376415773734,
        -1.2,
        -1.1905376415773734,
        -1.1622997933543573,
        -1.1157317830659015,
        -1.0515680160526362,
        -0.9708203932499366,
        -0.8747623529056938,
        -0.7649087876984274,
        -0.6429921539747956,
        -0.5109351498780865,
        -0.37082039324993704,
        -0.22485757750286955,
        -0.07534862343517584,
        0.07534862343517647,
        0.22485757750287014,
        0.37082039324993665,
        0.5109351498780871,
        0.6429921539747961,
        0.764908787698428,
        0.8747623529056943,
        0.9708203932499373,
        1.0515680160526362,
        1.1157317830659017,
        1.1622997933543573,
        1.1905376415773734,
        1.2,
        1.1905376415773734,
        1.1622997933543573,
        1.1157317830659015,
        1.051568016052636,
        0.9708203932499364,
        0.8747623529056932,
        0.7649087876984275,
        0.6429921539747957,
        0.5109351498780867,
        0.3708203932499362,
        0.22485757750286864,
        0.07534862343517598,
        -0.07534862343517632,
        -0.22485757750287003,
        -0.37082039324993654,
        -0.510935149878088,
        -0.6429921539747959,
        -0.7649087876984286,
        -0.8747623529056942,
        -0.9708203932499366,
        -1.0515680160526366,
        -1.1157317830659017,
        -1.1622997933543577,
        -1.1905376415773734,
        -1.2
    ],
    "args": {
        "I_fc": [
            1.2
        ],
        "current_units": "mA",
        "cycles": 1.5,
        "d": 0.2,
        "directory": "/scratch/users/lbvh/py-tdgl/results/17298299/76",
        "dt_init": 1e-06,
        "fc_center": [
            0,
            0,
            1
        ],
        "fc_radius": 2.4,
        "field_units": "mT",
        "film_points": 4000,
        "film_radius": 15.0,
        "film_shape": "box",
        "film_smooth": 100,
        "gamma": 1.0,
        "index": 76,
        "lam": 1.35,
        "max_edge_length": 0.5,
        "pl_center": null,
        "pl_radius": 0.8,
        "points_per_cycle": 51.0,
        "save_every": 500,
        "screening": false,
        "seed_solutions": true,
        "slot_radius": 0.1,
        "slot_size": [
            2.0,
            50.0
        ],
        "slot_top_center_x": [
            -10.0,
            10.0,
            101.0
        ],
        "slot_top_center_y": [
            -1.0,
            -1.0,
            101.0
        ],
        "solve_time": [
            10000.0,
            2000.0
        ],
        "squid_angle": 180.0,
        "squid_iterations": 5,
        "squid_points": 4000,
        "squid_position": [
            0.0,
            0.0,
            0.5
        ],
        "squid_smooth": 100,
        "squid_type": "hypres-small",
        "xi": 0.9
    },
    "film_fluxoid": [
        -0.0005399678707234157,
        -0.0005355255562076944,
        -0.000522359877091341,
        -0.0005008576878330871,
        -0.00047149944754020905,
        -0.00043482222328688195,
        -0.0003914299759858591,
        -0.0003420053014749955,
        -0.000287312482271564,
        -0.0002281930449581475,
        -0.00016555626429563795,
        -0.00010036647588327274,
        -3.362843920311934e-05,
        3.362843920665329e-05,
        0.00010036647588249527,
        0.00016555626429450707,
        0.00022819304496044456,
        0.00028731248227082187,
        0.00034200530147710266,
        0.0003914299760034007,
        0.0004348222232872442,
        0.0004714994475365868,
        0.0005008576878312759,
        0.0005223598770889644,
        0.0005355255562068241,
        0.0005399678707242821,
        0.000535525556204854,
        0.00052235987709132,
        0.0005008576878339662,
        0.0004714994475316304,
        0.0004348222232896561,
        0.0003914299759844455,
        0.0003420053014731888,
        0.00028731248227216477,
        0.00022819304495821815,
        0.00016555626429468818,
        0.0001003664758859232,
        3.3628439204391555e-05,
        -3.36284392055931e-05,
        -0.00010036647588343178,
        -0.0001655562642969499,
        -0.00022819304496055057,
        -0.0002873124822727656,
        -0.0003420053014741076,
        -0.0003914299759832793,
        -0.00043482222328751805,
        -0.0004714994475342014,
        -0.0005008576878318149,
        -0.0005223598770898567,
        -0.0005355255562078358,
        -0.0005399678707270204,
        -0.0005355255562068462,
        -0.0005223598770885138,
        -0.0005008576878345714,
        -0.00047149944753561496,
        -0.0004348222232862458,
        -0.00039142997598370336,
        -0.00034200530147315345,
        -0.0002873124822731896,
        -0.0002281930449597731,
        -0.00016555626429768763,
        -0.00010036647588306071,
        -3.362843920608786e-05,
        3.362843920375545e-05,
        0.0001003664758834141,
        0.00016555626429691015,
        0.00022819304495881894,
        0.0002873124822725535,
        0.0003420053014732595,
        0.00039142997598186574,
        0.00043482222328739434,
        0.00047149944753487283,
        0.0005008576878320975,
        0.0005223598770890616,
        0.000535525556205362,
        0.0005399678707215427
    ],