{
    "I_fc": [
        1.1,
        1.0913261714459255,
        1.0654414772414944,
        1.0227541344770765,
        0.9639373480482499,
        0.8899186938124424,
        0.8018654901635529,
        0.7011663887235586,
        0.5894094744768963,
        0.46835722072158,
        0.3399186938124423,
        0.206119446044297,
        0.06906957148224463,
        -0.06906957148224475,
        -0.20611944604429736,
        -0.3399186938124424,
        -0.4683572207215801,
        -0.5894094744768965,
        -0.7011663887235586,
        -0.8018654901635529,
        -0.8899186938124423,
        -0.96393734804825,
        -1.0227541344770767,
        -1.0654414772414944,
        -1.0913261714459255,
        -1.1,
        -1.0913261714459255,
        -1.0654414772414944,
        -1.0227541344770765,
        -0.9639373480482499,
        -0.8899186938124422,
        -0.8018654901635529,
        -0.7011663887235585,
        -0.5894094744768958,
        -0.4683572207215794,
        -0.3399186938124424,
        -0.20611944604429713,
        -0.06906957148224452,
        0.0690695714822451,
        0.2061194460442977,
        0.33991869381244205,
        0.46835722072158,
        0.5894094744768964,
        0.7011663887235589,
        0.8018654901635531,
        0.8899186938124427,
        0.9639373480482499,
        1.0227541344770765,
        1.0654414772414944,
        1.0913261714459255,
        1.1,
        1.0913261714459255,
        1.0654414772414944,
        1.0227541344770765,
        0.9639373480482497,
        0.8899186938124419,
        0.8018654901635522,
        0.7011663887235586,
        0.589409474476896,
        0.46835722072157954,
        0.33991869381244166,
        0.2061194460442963,
        0.06906957148224466,
        -0.06906957148224496,
        -0.20611944604429758,
        -0.33991869381244183,
        -0.46835722072158065,
        -0.5894094744768963,
        -0.7011663887235596,
        -0.8018654901635531,
        -0.8899186938124422,
        -0.9639373480482504,
        -1.0227541344770765,
        -1.0654414772414948,
        -1.0913261714459255,
        -1.1
    ],
    "args": {
        "I_fc": [
            1.1
        ],
        "current_units": "mA",
        "cycles": 1.5,
        "d": 0.2,
        "directory": "/scratch/users/lbvh/py-tdgl/results/17223196/89",
        "dt_init": 1e-06,
        "fc_center": [
            0,
            0,
            1
        ],
        "fc_radius": 2.4,
        "field_units": "mT",
        "film_points": 4000,
        "film_radius": 15.0,
        "film_shape": "box",
        "film_smooth": 100,
        "gamma": 1.0,
        "index": 89,
        "lam": 1.35,
        "max_edge_length": 0.5,
        "pl_center": null,
        "pl_radius": 0.8,
        "points_per_cycle": 51.0,
        "save_every": 500,
        "screening": false,
        "seed_solutions": true,
        "slot_radius": 0.1,
        "slot_size": [
            2.0,
            50.0
        ],
        "slot_top_center_x": [
            -10.0,
            10.0,
            101.0
        ],
        "slot_top_center_y": [
            -1.0,
            -1.0,
            101.0
        ],
        "solve_time": [
            10000.0,
            2000.0
        ],
        "squid_angle": 180.0,
        "squid_iterations": 5,
        "squid_points": 4000,
        "squid_position": [
            0.0,
            0.0,
            0.5
        ],
        "squid_smooth": 100,
        "squid_type": "hypres-small",
        "xi": 0.9
    },
    "film_fluxoid": [
        -0.0009200930042644908,
        -0.0009128434838663151,
        -0.0008912083168936099,
        -0.0008555260651374584,
        -0.0008063556060282227,
        -0.0007444680460764064,
        -0.0006708353524695294,
        -0.000586615673442073,
        -0.0004931354417091374,
        -0.0003918685266524465,
        -0.0002844128392402539,
        -0.00017246486322337914,
        -5.7792599933260824e-05,
        5.779259993358771e-05,
        0.00017246486322320244,
        0.0002844128392402186,
        0.0003918685266521638,
        0.0004931354417091374,
        0.0005866156734417483,
        0.0006708353524675858,
        0.0007444680460784826,
        0.0008063556060282051,
        0.0008555260651367162,
        0.0008912083168914188,
        0.0009128434838683647,
        0.0009200930042612572,
        0.0009128434838671632,
        0.0008912083168928324,
        0.0008555260651405328,
        0.0008063556060297954,
        0.000744468046075196,
        0.0006708353524699888,
        0.0005866156734447588,
        0.0004931354417079359,
        0.0003918685266526692,
        0.0002844128392398122,
        0.00017246486322419194,
        5.779259993322548e-05,
        -5.779259993379091e-05,
        -0.00017246486322327313,
        -0.00028441283923982987,
        -0.00039186852665179273,
        -0.0004931354417088194,
        -0.0005866156734417196,
        -0.0006708353524678684,
        -0.0007444680460793661,
        -0.0008063556060269505,
        -0.0008555260651397554,
        -0.0008912083168918428,
        -0.000912843483865997,
        -0.0009200930042629888,
        -0.0009128434838674105,
        -0.0008912083168891571,
        -0.0008555260651397907,
        -0.0008063556060289119,
        -0.0007444680460771043,
        -0.0006708353524696708,
        -0.0005866156734415076,
        -0.0004931354417095262,
        -0.0003918685266529766,
        -0.00028441283923929975,
        -0.00017246486322284904,
        -5.779259993322548e-05,
        5.779259993329616e-05,
        0.00017246486322341448,
        0.00028441283924005955,
        0.00039186852665255254,
        0.0004931354417082892,
        0.000586615673441967,
        0.0006708353524681512,
        0.0007444680460764682,
        0.0008063556060283465,
        0.0008555260651388366,
        0.000891208316893115,
        0.0009128434838669158,
        0.0009200930042622113
    ],