{
    "I_fc": [
        1.2,
        1.1905376415773734,
        1.1622997933543573,
        1.1157317830659015,
        1.0515680160526362,
        0.9708203932499369,
        0.8747623529056938,
        0.7649087876984275,
        0.6429921539747958,
        0.5109351498780872,
        0.37082039324993693,
        0.22485757750286942,
        0.07534862343517597,
        -0.07534862343517608,
        -0.22485757750286978,
        -0.37082039324993704,
        -0.5109351498780872,
        -0.6429921539747963,
        -0.7649087876984276,
        -0.8747623529056939,
        -0.9708203932499367,
        -1.0515680160526362,
        -1.1157317830659017,
        -1.1622997933543573,
        -1.1905376415773734,
        -1.2,
        -1.1905376415773734,
        -1.1622997933543573,
        -1.1157317830659015,
        -1.0515680160526362,
        -0.9708203932499366,
        -0.8747623529056938,
        -0.7649087876984274,
        -0.6429921539747956,
        -0.5109351498780865,
        -0.37082039324993704,
        -0.22485757750286955,
        -0.07534862343517584,
        0.07534862343517647,
        0.22485757750287014,
        0.37082039324993665,
        0.5109351498780871,
        0.6429921539747961,
        0.764908787698428,
        0.8747623529056943,
        0.9708203932499373,
        1.0515680160526362,
        1.1157317830659017,
        1.1622997933543573,
        1.1905376415773734,
        1.2,
        1.1905376415773734,
        1.1622997933543573,
        1.1157317830659015,
        1.051568016052636,
        0.9708203932499364,
        0.8747623529056932,
        0.7649087876984275,
        0.6429921539747957,
        0.5109351498780867,
        0.3708203932499362,
        0.22485757750286864,
        0.07534862343517598,
        -0.07534862343517632,
        -0.22485757750287003,
        -0.37082039324993654,
        -0.510935149878088,
        -0.6429921539747959,
        -0.7649087876984286,
        -0.8747623529056942,
        -0.9708203932499366,
        -1.0515680160526366,
        -1.1157317830659017,
        -1.1622997933543577,
        -1.1905376415773734,
        -1.2
    ],
    "args": {
        "I_fc": [
            1.2
        ],
        "current_units": "mA",
        "cycles": 1.5,
        "d": 0.2,
        "directory": "/scratch/users/lbvh/py-tdgl/results/17298299/84",
        "dt_init": 1e-06,
        "fc_center": [
            0,
            0,
            1
        ],
        "fc_radius": 2.4,
        "field_units": "mT",
        "film_points": 4000,
        "film_radius": 15.0,
        "film_shape": "box",
        "film_smooth": 100,
        "gamma": 1.0,
        "index": 84,
        "lam": 1.35,
        "max_edge_length": 0.5,
        "pl_center": null,
        "pl_radius": 0.8,
        "points_per_cycle": 51.0,
        "save_every": 500,
        "screening": false,
        "seed_solutions": true,
        "slot_radius": 0.1,
        "slot_size": [
            2.0,
            50.0
        ],
        "slot_top_center_x": [
            -10.0,
            10.0,
            101.0
        ],
        "slot_top_center_y": [
            -1.0,
            -1.0,
            101.0
        ],
        "solve_time": [
            10000.0,
            2000.0
        ],
        "squid_angle": 180.0,
        "squid_iterations": 5,
        "squid_points": 4000,
        "squid_position": [
            0.0,
            0.0,
            0.5
        ],
        "squid_smooth": 100,
        "squid_type": "hypres-small",
        "xi": 0.9
    },
    "film_fluxoid": [
        -0.0009647981924596703,
        -0.000957181515786194,
        -0.000934454598918716,
        -0.000896983137478808,
        -0.000845366022906316,
        -0.0007804230400988508,
        -0.0007031810806030147,
        -0.0006148585699279115,
        -0.0005168473207784268,
        -0.0004106914389711627,
        -0.0002980634409257586,
        -0.0001807380443660356,
        -6.056418629853785e-05,
        6.0564186300375495e-05,
        0.000180738044364622,
        0.00029806344094100755,
        0.00041069143894166364,
        0.0005168473207234386,
        0.0006148585698854688,
        0.0007031810805358696,
        0.0007804230401202531,
        0.0008453660228847589,
        0.0008969831374725883,
        0.0009344545988701772,
        0.0009571815158667592,
        0.0009647981925167435,
        0.0009571815157862647,
        0.0009344545989131147,
        0.0008969831374881818,
        0.0008453660229991175,
        0.0007804230401010637,
        0.0007031810805900982,
        0.0006148585698796731,
        0.0005168473207548554,
        0.00041069143893198063,
        0.0002980634409427215,
        0.00018073804436398588,
        6.0564186300658214e-05,
        -6.056418629200004e-05,
        -0.0001807380443656115,
        -0.0002980634409235675,
        -0.00041069143896663987,
        -0.0005168473207748221,
        -0.0006148585698726936,
        -0.0007031810806035094,
        -0.000780423040120094,
        -0.0008453660228078956,
        -0.0008969831374350578,
        -0.0009344545988602821,
        -0.000957181515803157,
        -0.0009647981924584688,
        -0.0009571815158603363,
        -0.000934454598860196,
        -0.0008969831374665099,
        -0.0008453660228648982,
        -0.0007804230400853994,
        -0.0007031810805679579,
        -0.0006148585699041987,
        -0.0005168473208102323,
        -0.00041069143892866753,
        -0.0002980634409336039,
        -0.0001807380443704177,
        -6.056418629260081e-05,
        6.056418629486254e-05,
        0.0001807380443494967,
        0.00029806344096063866,
        0.00041069143896276135,
        0.0005168473207950363,
        0.0006148585699110899,
        0.0007031810805858397,
        0.0007804230401407146,
        0.0008453660228555685,
        0.0008969831374585938,
        0.000934454598899721,
        0.0009571815158627129,
        0.000964798192490769
    ],