{
    "I_fc": [
        1.2,
        1.1905376415773734,
        1.1622997933543573,
        1.1157317830659015,
        1.0515680160526362,
        0.9708203932499369,
        0.8747623529056938,
        0.7649087876984275,
        0.6429921539747958,
        0.5109351498780872,
        0.37082039324993693,
        0.22485757750286942,
        0.07534862343517597,
        -0.07534862343517608,
        -0.22485757750286978,
        -0.37082039324993704,
        -0.5109351498780872,
        -0.6429921539747963,
        -0.7649087876984276,
        -0.8747623529056939,
        -0.9708203932499367,
        -1.0515680160526362,
        -1.1157317830659017,
        -1.1622997933543573,
        -1.1905376415773734,
        -1.2,
        -1.1905376415773734,
        -1.1622997933543573,
        -1.1157317830659015,
        -1.0515680160526362,
        -0.9708203932499366,
        -0.8747623529056938,
        -0.7649087876984274,
        -0.6429921539747956,
        -0.5109351498780865,
        -0.37082039324993704,
        -0.22485757750286955,
        -0.07534862343517584,
        0.07534862343517647,
        0.22485757750287014,
        0.37082039324993665,
        0.5109351498780871,
        0.6429921539747961,
        0.764908787698428,
        0.8747623529056943,
        0.9708203932499373,
        1.0515680160526362,
        1.1157317830659017,
        1.1622997933543573,
        1.1905376415773734,
        1.2,
        1.1905376415773734,
        1.1622997933543573,
        1.1157317830659015,
        1.051568016052636,
        0.9708203932499364,
        0.8747623529056932,
        0.7649087876984275,
        0.6429921539747957,
        0.5109351498780867,
        0.3708203932499362,
        0.22485757750286864,
        0.07534862343517598,
        -0.07534862343517632,
        -0.22485757750287003,
        -0.37082039324993654,
        -0.510935149878088,
        -0.6429921539747959,
        -0.7649087876984286,
        -0.8747623529056942,
        -0.9708203932499366,
        -1.0515680160526366,
        -1.1157317830659017,
        -1.1622997933543577,
        -1.1905376415773734,
        -1.2
    ],
    "args": {
        "I_fc": [
            1.2
        ],
        "current_units": "mA",
        "cycles": 1.5,
        "d": 0.2,
        "directory": "/scratch/users/lbvh/py-tdgl/results/17298299/67",
        "dt_init": 1e-06,
        "fc_center": [
            0,
            0,
            1
        ],
        "fc_radius": 2.4,
        "field_units": "mT",
        "film_points": 4000,
        "film_radius": 15.0,
        "film_shape": "box",
        "film_smooth": 100,
        "gamma": 1.0,
        "index": 67,
        "lam": 1.35,
        "max_edge_length": 0.5,
        "pl_center": null,
        "pl_radius": 0.8,
        "points_per_cycle": 51.0,
        "save_every": 500,
        "screening": false,
        "seed_solutions": true,
        "slot_radius": 0.1,
        "slot_size": [
            2.0,
            50.0
        ],
        "slot_top_center_x": [
            -10.0,
            10.0,
            101.0
        ],
        "slot_top_center_y": [
            -1.0,
            -1.0,
            101.0
        ],
        "solve_time": [
            10000.0,
            2000.0
        ],
        "squid_angle": 180.0,
        "squid_iterations": 5,
        "squid_points": 4000,
        "squid_position": [
            0.0,
            0.0,
            0.5
        ],
        "squid_smooth": 100,
        "squid_type": "hypres-small",
        "xi": 0.9
    },
    "film_fluxoid": [
        0.9990503670767616,
        0.9990576243763528,
        0.9990792809901458,
        0.9991149946645804,
        0.9991642067855455,
        0.9992261604497753,
        0.999299931177073,
        0.9993844978913163,
        0.999479074991546,
        -0.00039128574586665544,
        -0.00028386427041375567,
        -0.0001720841222696661,
        -5.7657197425552435e-05,
        5.7657197430429285e-05,
        0.00017208412228768925,
        0.00028386427040949725,
        0.00039128574588299995,
        0.000492718288538532,
        0.0005866569938662298,
        0.0006718127847253162,
        0.0007478243251594698,
        -0.9991642067854827,
        -0.9991149946645579,
        -0.9990792809901338,
        -0.9990576243763578,
        -0.9990503670767287,
        -0.999057624376363,
        -0.9990792809901551,
        -0.9991149946645869,
        -0.9991642067855492,
        -0.9992261604496866,
        -0.9992999311771046,
        -0.9993844978913365,
        -0.9994790749915792,
        0.0003912857458894141,
        0.0002838642704030898,
        0.00017208412227777653,
        5.765719743834533e-05,
        -5.765719742845027e-05,
        -0.00017208412228150486,
        -0.0002838642704293757,
        -0.00039128574591634275,
        -0.000492718288503917,
        -0.0005866569938136093,
        -0.0006718127847501334,
        -0.0007478243251703809,
        0.9991642067855143,
        0.9991149946645914,
        0.9990792809901308,
        0.9990576243763657,
        0.9990503670767606,
        0.9990576243763888,
        0.9990792809901564,
        0.9991149946646115,
        0.9991642067854939,
        0.9992261604497592,
        0.999299931177105,
        0.9993844978912779,
        0.9994790749915686,
        -0.00039128574584958647,
        -0.0002838642704195513,
        -0.00017208412227892505,
        -5.765719742864464e-05,
        5.765719742627468e-05,
        0.00017208412226534585,
        0.00028386427041490416,
        0.00039128574584322535,
        0.0004927182885217281,
        0.0005866569938143824,
        0.0006718127846963025,
        0.0007478243251610865,
        -0.9991642067854963,
        -0.9991149946645935,
        -0.9990792809901349,
        -0.9990576243763575,
        -0.999050367076767
    ],