{
    "I_fc": [
        0.9,
        0.89290323118303,
        0.871724845015768,
        0.8367988372994263,
        0.7886760120394772,
        0.7281152949374528,
        0.6560717646792704,
        0.5736815907738206,
        0.4822441154810969,
        0.3832013624085654,
        0.27811529493745274,
        0.16864318312715207,
        0.05651146757638197,
        -0.05651146757638206,
        -0.16864318312715235,
        -0.2781152949374528,
        -0.38320136240856545,
        -0.4822441154810972,
        -0.5736815907738207,
        -0.6560717646792705,
        -0.7281152949374526,
        -0.7886760120394772,
        -0.8367988372994263,
        -0.871724845015768,
        -0.89290323118303,
        -0.9,
        -0.89290323118303,
        -0.871724845015768,
        -0.8367988372994262,
        -0.7886760120394771,
        -0.7281152949374525,
        -0.6560717646792704,
        -0.5736815907738206,
        -0.4822441154810967,
        -0.38320136240856495,
        -0.2781152949374528,
        -0.16864318312715218,
        -0.05651146757638189,
        0.05651146757638235,
        0.16864318312715262,
        0.2781152949374525,
        0.38320136240856534,
        0.4822441154810971,
        0.573681590773821,
        0.6560717646792708,
        0.728115294937453,
        0.7886760120394772,
        0.8367988372994263,
        0.8717248450157681,
        0.89290323118303,
        0.9,
        0.89290323118303,
        0.871724845015768,
        0.8367988372994263,
        0.788676012039477,
        0.7281152949374523,
        0.6560717646792699,
        0.5736815907738206,
        0.4822441154810968,
        0.38320136240856506,
        0.2781152949374522,
        0.16864318312715149,
        0.05651146757638199,
        -0.056511467576382236,
        -0.1686431831271525,
        -0.2781152949374524,
        -0.383201362408566,
        -0.482244115481097,
        -0.5736815907738215,
        -0.6560717646792706,
        -0.7281152949374525,
        -0.7886760120394776,
        -0.8367988372994263,
        -0.8717248450157683,
        -0.89290323118303,
        -0.9
    ],
    "args": {
        "I_fc": [
            0.9
        ],
        "current_units": "mA",
        "cycles": 1.5,
        "d": 0.2,
        "directory": "/scratch/users/lbvh/py-tdgl/results/17289540/84",
        "dt_init": 1e-06,
        "fc_center": [
            0,
            0,
            1
        ],
        "fc_radius": 2.4,
        "field_units": "mT",
        "film_points": 4000,
        "film_radius": 15.0,
        "film_shape": "box",
        "film_smooth": 100,
        "gamma": 1.0,
        "index": 84,
        "lam": 1.35,
        "max_edge_length": 0.5,
        "pl_center": null,
        "pl_radius": 0.8,
        "points_per_cycle": 51.0,
        "save_every": 500,
        "screening": false,
        "seed_solutions": true,
        "slot_radius": 0.1,
        "slot_size": [
            2.0,
            50.0
        ],
        "slot_top_center_x": [
            -10.0,
            10.0,
            101.0
        ],
        "slot_top_center_y": [
            -1.0,
            -1.0,
            101.0
        ],
        "solve_time": [
            10000.0,
            2000.0
        ],
        "squid_angle": 180.0,
        "squid_iterations": 5,
        "squid_points": 4000,
        "squid_position": [
            0.0,
            0.0,
            0.5
        ],
        "squid_smooth": 100,
        "squid_type": "hypres-small",
        "xi": 0.9
    },
    "film_fluxoid": [
        -0.0007234739085468751,
        -0.0007177675346257697,
        -0.0007007387621845592,
        -0.000672657088417767,
        -0.000633966601154702,
        -0.000585278638205091,
        -0.0005273619120624024,
        -0.0004611303001799911,
        -0.0003876284604811266,
        -0.0003080154397205493,
        -0.00022354648201766323,
        -0.0001355533023390454,
        -4.542313127712762e-05,
        4.542313129154613e-05,
        0.00013555330232229449,
        0.00022354648202494316,
        0.0003080154397168033,
        0.00038762846052431144,
        0.0004611303001843732,
        0.0005273619121295475,
        0.0005852786381974224,
        0.0006339666012254164,
        0.0006726570884863964,
        0.0007007387621771467,
        0.0007177675346376261,
        0.0007234739085410265,
        0.0007177675346647138,
        0.0007007387621375665,
        0.0006726570884500674,
        0.0006339666011828323,
        0.000585278638227673,
        0.0005273619121499738,
        0.00046113030015497073,
        0.0003876284605131088,
        0.0003080154397251434,
        0.00022354648202805303,
        0.00013555330232883228,
        4.542313128327669e-05,
        -4.542313128582113e-05,
        -0.00013555330232559873,
        -0.00022354648201979686,
        -0.00030801543971199714,
        -0.00038762846052364,
        -0.00046113030023687884,
        -0.0005273619120716968,
        -0.0005852786381618577,
        -0.0006339666011750222,
        -0.0006726570884895769,
        -0.0007007387621969722,
        -0.0007177675346569391,
        -0.0007234739085395775,
        -0.0007177675346612505,
        -0.0007007387621499442,
        -0.0006726570884300651,
        -0.0006339666011624767,
        -0.0005852786381994014,
        -0.0005273619121121428,
        -0.00046113030017822415,
        -0.0003876284605052193,
        -0.0003080154397239065,
        -0.00022354648201829933,
        -0.00013555330231897257,
        -4.542313128313533e-05,
        4.542313128624521e-05,
        0.0001355533023505661,
        0.00022354648202402435,
        0.00030801543972588556,
        0.00038762846050614694,
        0.00046113030019221855,
        0.0005273619121495673,
        0.0005852786381757946,
        0.0006339666011589427,
        0.0006726570884385113,
        0.0007007387621904697,
        0.0007177675345833799,
        0.0007234739085738922
    ],