{
    "I_fc": [
        1.2,
        1.1905376415773734,
        1.1622997933543573,
        1.1157317830659015,
        1.0515680160526362,
        0.9708203932499369,
        0.8747623529056938,
        0.7649087876984275,
        0.6429921539747958,
        0.5109351498780872,
        0.37082039324993693,
        0.22485757750286942,
        0.07534862343517597,
        -0.07534862343517608,
        -0.22485757750286978,
        -0.37082039324993704,
        -0.5109351498780872,
        -0.6429921539747963,
        -0.7649087876984276,
        -0.8747623529056939,
        -0.9708203932499367,
        -1.0515680160526362,
        -1.1157317830659017,
        -1.1622997933543573,
        -1.1905376415773734,
        -1.2,
        -1.1905376415773734,
        -1.1622997933543573,
        -1.1157317830659015,
        -1.0515680160526362,
        -0.9708203932499366,
        -0.8747623529056938,
        -0.7649087876984274,
        -0.6429921539747956,
        -0.5109351498780865,
        -0.37082039324993704,
        -0.22485757750286955,
        -0.07534862343517584,
        0.07534862343517647,
        0.22485757750287014,
        0.37082039324993665,
        0.5109351498780871,
        0.6429921539747961,
        0.764908787698428,
        0.8747623529056943,
        0.9708203932499373,
        1.0515680160526362,
        1.1157317830659017,
        1.1622997933543573,
        1.1905376415773734,
        1.2,
        1.1905376415773734,
        1.1622997933543573,
        1.1157317830659015,
        1.051568016052636,
        0.9708203932499364,
        0.8747623529056932,
        0.7649087876984275,
        0.6429921539747957,
        0.5109351498780867,
        0.3708203932499362,
        0.22485757750286864,
        0.07534862343517598,
        -0.07534862343517632,
        -0.22485757750287003,
        -0.37082039324993654,
        -0.510935149878088,
        -0.6429921539747959,
        -0.7649087876984286,
        -0.8747623529056942,
        -0.9708203932499366,
        -1.0515680160526366,
        -1.1157317830659017,
        -1.1622997933543577,
        -1.1905376415773734,
        -1.2
    ],
    "args": {
        "I_fc": [
            1.2
        ],
        "current_units": "mA",
        "cycles": 1.5,
        "d": 0.2,
        "directory": "/scratch/users/lbvh/py-tdgl/results/17298304/33",
        "dt_init": 1e-06,
        "fc_center": [
            0,
            0,
            1
        ],
        "fc_radius": 2.4,
        "field_units": "mT",
        "film_points": 4000,
        "film_radius": 15.0,
        "film_shape": "box",
        "film_smooth": 100,
        "gamma": 1.0,
        "index": 33,
        "lam": 1.35,
        "max_edge_length": 0.5,
        "pl_center": null,
        "pl_radius": 0.8,
        "points_per_cycle": 51.0,
        "save_every": 500,
        "screening": false,
        "seed_solutions": true,
        "slot_radius": 0.1,
        "slot_size": [
            2.0,
            50.0
        ],
        "slot_top_center_x": [
            -10.0,
            10.0,
            101.0
        ],
        "slot_top_center_y": [
            5.0,
            5.0,
            101.0
        ],
        "solve_time": [
            10000.0,
            2000.0
        ],
        "squid_angle": 180.0,
        "squid_iterations": 5,
        "squid_points": 4000,
        "squid_position": [
            0.0,
            0.0,
            0.5
        ],
        "squid_smooth": 100,
        "squid_type": "hypres-small",
        "xi": 0.9
    },
    "film_fluxoid": [
        -0.00022941282886338528,
        -0.00022760357207713932,
        -0.00022220490625596756,
        -0.00021330228499074217,
        -0.0002010360704641939,
        -0.00018559958562663128,
        -0.00016723612715918002,
        -0.00014623515779376664,
        -0.00012292776317567196,
        -9.768144654267473e-05,
        -7.089434172680938e-05,
        -4.298893466962697e-05,
        -1.4405392594845929e-05,
        1.4405392595022626e-05,
        4.29889346710781e-05,
        7.089434172836432e-05,
        9.768144654425616e-05,
        0.00012292776317987736,
        0.0001462351578062415,
        0.000167236127160947,
        0.00018559958562606584,
        0.0002010360704691061,
        0.00021330228498891334,
        0.00022220490626319008,
        0.00022760357207987812,
        0.00022941282887610753,
        0.00022760357207606146,
        0.0002222049062610697,
        0.00021330228499774823,
        0.00020103607045659588,
        0.00018559958563394655,
        0.0001672361271699939,
        0.00014623515779963302,
        0.00012292776317726224,
        9.768144654218881e-05,
        7.089434172624394e-05,
        4.298893467084839e-05,
        1.4405392594598553e-05,
        -1.4405392595234663e-05,
        -4.298893466992956e-05,
        -7.08943417309441e-05,
        -9.768144654268357e-05,
        -0.00012292776317796903,
        -0.00014623515780585276,
        -0.00016723612715787247,
        -0.00018559958562171908,
        -0.00020103607046712707,
        -0.00021330228497997244,
        -0.00022220490626121106,
        -0.00022760357208546176,
        -0.00022941282887543605,
        -0.00022760357206894055,
        -0.00022220490627504648,
        -0.00021330228499370185,
        -0.00020103607046157877,
        -0.0001855995856220018,
        -0.00016723612716476366,
        -0.0001462351577996021,
        -0.000122927763181609,
        -9.76814465424892e-05,
        -7.089434172794025e-05,
        -4.298893467325148e-05,
        -1.440539259473991e-05,
        1.4405392594660396e-05,
        4.298893467007092e-05,
        7.089434172804625e-05,
        9.76814465464693e-05,
        0.00012292776317984202,
        0.00014623515779801623,
        0.00016723612717342183,
        0.00018559958561701893,
        0.00020103607046571348,
        0.00021330228498318835,
        0.00022220490625958546,
        0.0002276035720866633,
        0.00022941282886907496
    ],