{
    "I_fc": [
        1.75,
        1.7362007273003364,
        1.6950205319751044,
        1.62710885030444,
        1.5335366900767613,
        1.415779740156158,
        1.2756950979874702,
        1.115491982060207,
        0.937696891213244,
        0.7451137602388771,
        0.540779740156158,
        0.3279173005250179,
        0.10988340917629828,
        -0.10988340917629845,
        -0.32791730052501844,
        -0.5407797401561583,
        -0.7451137602388772,
        -0.9376968912132445,
        -1.115491982060207,
        -1.2756950979874704,
        -1.4157797401561578,
        -1.5335366900767613,
        -1.62710885030444,
        -1.6950205319751044,
        -1.7362007273003364,
        -1.75,
        -1.7362007273003364,
        -1.6950205319751044,
        -1.6271088503044397,
        -1.533536690076761,
        -1.4157797401561576,
        -1.2756950979874702,
        -1.1154919820602067,
        -0.9376968912132435,
        -0.7451137602388763,
        -0.5407797401561583,
        -0.3279173005250181,
        -0.10988340917629812,
        0.10988340917629902,
        0.327917300525019,
        0.5407797401561576,
        0.7451137602388771,
        0.9376968912132444,
        1.1154919820602074,
        1.2756950979874708,
        1.4157797401561587,
        1.5335366900767613,
        1.62710885030444,
        1.6950205319751046,
        1.7362007273003364,
        1.75,
        1.7362007273003364,
        1.6950205319751044,
        1.62710885030444,
        1.5335366900767609,
        1.4157797401561574,
        1.2756950979874693,
        1.115491982060207,
        0.9376968912132437,
        0.7451137602388764,
        0.5407797401561569,
        0.3279173005250168,
        0.10988340917629831,
        -0.1098834091762988,
        -0.3279173005250188,
        -0.5407797401561575,
        -0.7451137602388783,
        -0.9376968912132442,
        -1.1154919820602085,
        -1.2756950979874706,
        -1.4157797401561576,
        -1.5335366900767617,
        -1.62710885030444,
        -1.695020531975105,
        -1.7362007273003364,
        -1.75
    ],
    "args": {
        "I_fc": [
            1.75
        ],
        "current_units": "mA",
        "cycles": 1.5,
        "d": 0.2,
        "directory": "/scratch/users/lbvh/py-tdgl/results/17224036/35",
        "dt_init": 1e-06,
        "fc_center": [
            0,
            0,
            1
        ],
        "fc_radius": 2.4,
        "field_units": "mT",
        "film_points": 4000,
        "film_radius": 15.0,
        "film_shape": "box",
        "film_smooth": 100,
        "gamma": 1.0,
        "index": 35,
        "lam": 1.35,
        "max_edge_length": 0.5,
        "pl_center": null,
        "pl_radius": 0.8,
        "points_per_cycle": 51.0,
        "save_every": 500,
        "screening": false,
        "seed_solutions": true,
        "slot_radius": 0.1,
        "slot_size": [
            2.0,
            50.0
        ],
        "slot_top_center_x": [
            -10.0,
            10.0,
            101.0
        ],
        "slot_top_center_y": [
            5.0,
            5.0,
            101.0
        ],
        "solve_time": [
            10000.0,
            2000.0
        ],
        "squid_angle": 180.0,
        "squid_iterations": 5,
        "squid_points": 4000,
        "squid_position": [
            0.0,
            0.0,
            0.5
        ],
        "squid_smooth": 100,
        "squid_type": "hypres-small",
        "xi": 0.9
    },
    "film_fluxoid": [
        0.9982951862859354,
        0.99830862807274,
        0.9983487415912132,
        0.9984148946433273,
        0.9985060446104908,
        0.9986207548638923,
        0.9987572175027296,
        -0.0010866975837951869,
        -0.0009134948554154164,
        -0.00072588455485541,
        -0.0005268251739388978,
        -0.00031945614954590016,
        -0.00010704822580429023,
        0.00010704822580374247,
        0.00031945614954756116,
        0.0005268251739328194,
        0.000725884554853325,
        0.0009134948554245163,
        0.0010866975837813338,
        0.0012427626204065774,
        -0.9986207548638918,
        -0.9985060446104604,
        -0.9984148946433495,
        -0.9983487415912355,
        -0.9983086280727324,
        -0.9982951862858974,
        -0.9983086280727018,
        -0.9983487415912494,
        -0.9984148946433339,
        -0.9985060446104729,
        -0.9986207548638742,
        -0.9987572175027178,
        0.0010866975837811128,
        0.000913494855410787,
        0.0007258845548536076,
        0.000526825173932148,
        0.0003194561495457942,
        0.00010704822580413121,
        -0.00010704822580287665,
        -0.0003194561495490807,
        -0.0005268251739332434,
        -0.0007258845548508865,
        -0.0009134948554128013,
        -0.001086697583775803,
        -0.001242762620411525,
        0.9986207548638876,
        0.9985060446104828,
        0.9984148946433441,
        0.9983487415912194,
        0.9983086280727231,
        0.9982951862859184,
        0.9983086280727339,
        0.9983487415912375,
        0.9984148946433489,
        0.9985060446104743,
        0.9986207548638766,
        0.9987572175027171,
        -0.00108669758377886,
        -0.0009134948554110343,
        -0.0007258845548630963,
        -0.000526825173928826,
        -0.0003194561495488687,
        -0.00010704822580342442,
        0.00010704822580512072,
        0.0003194561495485153,
        0.0005268251739357878,
        0.00072588455485958,
        0.0009134948554134727,
        0.0010866975837901687,
        0.0012427626203944913,
        -0.998620754863888,
        -0.9985060446104952,
        -0.9984148946433288,
        -0.9983487415912013,
        -0.9983086280727402,
        -0.9982951862859105
    ],