{
    "I_fc": [
        1.5,
        1.4881720519717165,
        1.452874741692947,
        1.3946647288323768,
        1.3144600200657952,
        1.2135254915624214,
        1.0934529411321174,
        0.9561359846230344,
        0.8037401924684948,
        0.638668937347609,
        0.4635254915624213,
        0.2810719718785868,
        0.09418577929396993,
        -0.0941857792939701,
        -0.2810719718785873,
        -0.4635254915624214,
        -0.6386689373476091,
        -0.8037401924684952,
        -0.9561359846230344,
        -1.0934529411321174,
        -1.2135254915624212,
        -1.3144600200657954,
        -1.3946647288323772,
        -1.452874741692947,
        -1.4881720519717165,
        -1.5,
        -1.4881720519717165,
        -1.4528747416929468,
        -1.3946647288323768,
        -1.3144600200657952,
        -1.213525491562421,
        -1.0934529411321174,
        -0.9561359846230343,
        -0.8037401924684944,
        -0.6386689373476082,
        -0.4635254915624214,
        -0.281071971878587,
        -0.09418577929396979,
        0.09418577929397058,
        0.28107197187858773,
        0.46352549156242095,
        0.638668937347609,
        0.803740192468495,
        0.9561359846230348,
        1.0934529411321179,
        1.2135254915624218,
        1.3144600200657952,
        1.394664728832377,
        1.452874741692947,
        1.4881720519717165,
        1.5,
        1.4881720519717165,
        1.4528747416929468,
        1.3946647288323768,
        1.3144600200657948,
        1.2135254915624207,
        1.0934529411321168,
        0.9561359846230344,
        0.8037401924684945,
        0.6386689373476084,
        0.4635254915624204,
        0.28107197187858585,
        0.09418577929396998,
        -0.0941857792939704,
        -0.28107197187858757,
        -0.4635254915624207,
        -0.6386689373476099,
        -0.8037401924684948,
        -0.9561359846230357,
        -1.0934529411321179,
        -1.213525491562421,
        -1.3144600200657959,
        -1.394664728832377,
        -1.4528747416929473,
        -1.4881720519717165,
        -1.5
    ],
    "args": {
        "I_fc": [
            1.5
        ],
        "current_units": "mA",
        "cycles": 1.5,
        "d": 0.2,
        "directory": "/scratch/users/lbvh/py-tdgl/results/17223198/28",
        "dt_init": 1e-06,
        "fc_center": [
            0,
            0,
            1
        ],
        "fc_radius": 2.4,
        "field_units": "mT",
        "film_points": 4000,
        "film_radius": 15.0,
        "film_shape": "box",
        "film_smooth": 100,
        "gamma": 1.0,
        "index": 28,
        "lam": 1.35,
        "max_edge_length": 0.5,
        "pl_center": null,
        "pl_radius": 0.8,
        "points_per_cycle": 51.0,
        "save_every": 500,
        "screening": false,
        "seed_solutions": true,
        "slot_radius": 0.1,
        "slot_size": [
            2.0,
            50.0
        ],
        "slot_top_center_x": [
            -10.0,
            10.0,
            101.0
        ],
        "slot_top_center_y": [
            -1.0,
            -1.0,
            101.0
        ],
        "solve_time": [
            10000.0,
            2000.0
        ],
        "squid_angle": 180.0,
        "squid_iterations": 5,
        "squid_points": 4000,
        "squid_position": [
            0.0,
            0.0,
            0.5
        ],
        "squid_smooth": 100,
        "squid_type": "hypres-small",
        "xi": 0.9
    },
    "film_fluxoid": [
        1.0000542887348356,
        1.0000538521358224,
        1.0000525482820972,
        1.0000503954062705,
        1.000047424812496,
        1.0000436813222153,
        1.0000392231104087,
        1.0000341211532984,
        1.0000284591214417,
        1.0000223411699862,
        1.71953455762153e-05,
        1.0434074106194e-05,
        3.4975345347851027e-06,
        -3.4975345347144237e-06,
        -1.0434074102942766e-05,
        -1.7195345576718887e-05,
        -2.3664915509624642e-05,
        -2.9722543796249937e-05,
        -3.5187012007671814e-05,
        -1.0000392231104105,
        -1.0000436813222155,
        -1.000047424812496,
        -1.0000503954062698,
        -1.0000525482820968,
        -1.000053852135822,
        -1.0000542887348394,
        -1.000053852135822,
        -1.0000525482820968,
        -1.000050395406271,
        -1.0000474248124949,
        -1.0000436813222147,
        -1.0000392231104112,
        -1.0000341211532973,
        -1.0000284591214412,
        -1.000022341169986,
        -1.7195345576153455e-05,
        -1.0434074101917921e-05,
        -3.497534534802772e-06,
        3.4975345347851027e-06,
        1.0434074103013446e-05,
        1.7195345576188793e-05,
        2.366491550987202e-05,
        2.9722543794306264e-05,
        3.518701200714173e-05,
        1.0000392231104112,
        1.0000436813222147,
        1.0000474248124962,
        1.0000503954062703,
        1.0000525482820972,
        1.0000538521358224,
        1.0000542887348394,
        1.0000538521358227,
        1.0000525482820966,
        1.0000503954062703,
        1.0000474248124938,
        1.000043681322215,
        1.0000392231104107,
        1.0000341211532977,
        1.0000284591214401,
        1.0000223411699845,
        1.7195345575747052e-05,
        1.0434074101175791e-05,
        3.4975345347851027e-06,
        -3.4975345347851027e-06,
        -1.043407410281908e-05,
        -1.7195345575729383e-05,
        -2.3664915509659984e-05,
        -2.9722543796179257e-05,
        -3.5187012007071044e-05,
        -1.0000392231104112,
        -1.0000436813222153,
        -1.000047424812496,
        -1.0000503954062707,
        -1.0000525482820968,
        -1.0000538521358202,
        -1.000054288734839
    ],